query	no	token	pos
전주 여행	1	갈려고	VV+EC
전주 여행	1	는데요	EF
전주 여행	1	갈려고	VV+EC
전주 여행	1	는데요	EC
전주 여행	1	사람	NNG
전주 여행	1	갈려고	VV+EC
전주 여행	1	는데	EC
전주 여행	1	호텔	NNG
전주 여행	1	가격	NNG
전주 여행	1	정했	VV+EP
전주 여행	1	인데	VCP+EC
전주 여행	1	얼마	NNG
전주 여행	1	정도	NNG
전주 여행	1	을까요	EF
전주 여행	1	그리고	MAJ
전주 여행	1	맛집	NNG
전주 여행	1	카페	NNG
전주 여행	1	추천	NNG
전주 여행	1	세요	EP+EF
전주 여행	1	안녕	IC
전주 여행	1	세요	EP+EF
전주 여행	1	계획	NNG
전주 여행	1	네요	EF
전주 여행	1	한옥	NNG
전주 여행	1	마을	NNG
전주 여행	1	근처	NNG
전주 여행	2	관련	NNG
전주 여행	2	질문	NNG
전주 여행	2	계획	NNG
전주 여행	2	계시	VX
전주 여행	2	다니	EC
전주 여행	2	정말	MAG
전주 여행	2	선택	NNG
전주 여행	2	네요	EF
전주 여행	2	한옥마을	NNP
전주 여행	2	함께	MAG
전주 여행	2	멋진	VA+ETM
전주 여행	2	자연	NNG
전주 여행	2	경관	NNG
전주 여행	2	맛있	VA
전주 여행	2	음식	NNG
전주 여행	2	가득	MAG
전주 여행	2	동네	NNG
전주 여행	2	정말	MAG
전주 여행	2	즐거운	VA+ETM
전주 여행	2	시간	NNG
전주 여행	2	보낼	VV+ETM
전주 여행	2	예요	VCP+EF
전주 여행	2	우선	MAG
전주 여행	2	한옥	NNG
전주 여행	2	마을	NNG
전주 여행	2	근처	NNG
전주 여행	2	에서	JKB
전주 여행	2	장소	NNG
전주 여행	3	여학생	NNG
전주 여행	3	친구	NNG
전주 여행	3	안녕	NNG
전주 여행	3	세요	EP+EF
전주 여행	3	15	SN
전주 여행	3	여학생	NNG
전주 여행	3	입니다	VCP+EF
전주 여행	3	친한	VA+ETM
전주 여행	3	친구	NNG
전주 여행	3	는데	EC
전주 여행	3	어디	NP
전주 여행	3	할지	VX+EC
전주 여행	3	몰라서	VV+EC
전주 여행	3	너무	MAG
전주 여행	3	막막	XR
전주 여행	3	합니다	XSA+EF
전주 여행	3	저희	NP
전주 여행	3	일본	NNP
전주 여행	3	애니	NNP
전주 여행	3	너무	MAG
전주 여행	3	는데	EC
전주 여행	3	오타쿠	NNP
전주 여행	3	갈만	NNG
전주 여행	3	을까요	EC
전주 여행	3	제발	MAG
전주 여행	3	알려	VV+EC
전주 여행	3	세요	EP+EF
전주 여행	4	부모	NNG
전주 여행	4	모시	VV
전주 여행	4	부모	NNG
전주 여행	4	모시	VV
전주 여행	4	려는데	EC
전주 여행	4	명소	NNG
전주 여행	4	식당	NNG
전주 여행	4	추천	NNG
전주 여행	4	부탁	NNG
전주 여행	4	드립니다	VV+EC
전주 여행	4	한옥마을	NNP
전주 여행	4	유명	XR
전주 여행	4	완산구	NNP
전주 여행	4	으며	EC
전주 여행	4	덕진구	NNP
전주 여행	4	또한	MAJ
전주 여행	4	멋진	VA+ETM
전주 여행	4	추억	NNG
전주 여행	4	가진	VV+ETM
전주 여행	4	장소	NNG
전주 여행	4	많이	MAG
전주 여행	5	이번	NNG
전주 여행	5	여자	NNG
전주 여행	5	친구	NNG
전주 여행	5	는데	EC
전주 여행	5	경로	NNG
전주 여행	5	알려	VV+EC
전주 여행	5	세요	EP+EF
전주 여행	5	토요일	NNG
전주 여행	5	온다고	VV+EC
전주 여행	5	는데	EC
전주 여행	5	실내	NNG
전주 여행	5	데이트	NNG
전주 여행	5	가능	NNG
전주 여행	5	알려	VV+EC
전주 여행	5	감사	NNG
전주 여행	5	습니다	EF
전주 여행	5	숙소	NNG
전주 여행	5	한옥	NNG
전주 여행	5	마을	NNG
전주 여행	5	근처	NNG
전주 여행	5	습니다	EF
전주 여행	5	한옥마을	NNP
전주 여행	5	구경	NNG
전주 여행	6	저녁	NNG
전주 여행	6	주천	NNG
전주 여행	6	산책	NNG
전주 여행	6	따라	VV+EC
전주 여행	6	거나	EC
전주 여행	6	한옥	NNG
전주 여행	6	마을	NNG
전주 여행	6	근처	NNG
전주 여행	6	에서	JKB
전주 여행	6	야경	NNG
전주 여행	6	즐기	VV
전주 여행	6	너무	MAG
전주 여행	6	답니다	EF
전주 여행	6	혹시	MAG
전주 여행	6	일정	NNG
전주 여행	6	이나	JC
전주 여행	6	관심	NNG
전주 여행	6	테마	NNG
전주 여행	6	사진	NNG
전주 여행	6	카페	NNG
전주 여행	6	체험	NNG
전주 여행	6	알려	VV+EC
전주 여행	6	맞춤	VV+EC
전주 여행	6	추천	NNG
전주 여행	6	드릴	VX+ETM
전주 여행	6	어요	EF
전주 여행	6	즐거운	VA+ETM
전주 여행	6	바랄	VV+ETM
전주 여행	6	게요	NNB+VCP+EC
전주 여행	7	코스	NNG
전주 여행	7	추천	NNG
전주 여행	7	~!	SY
전주 여행	7	영화제	NNG
전주 여행	7	기간	NNG
전주 여행	7	일정	NNG
전주 여행	7	으로	JKB
전주 여행	7	볼까	EC+VX+EC
전주 여행	7	해서	VV+EC
전주 여행	7	코스	NNG
전주 여행	7	추천	NNG
전주 여행	7	세요	EP+EF
전주 여행	7	어차피	MAG
전주 여행	7	주목적	NNG
전주 여행	7	전주국	NNG
전주 여행	7	영화제	NNG
전주 여행	7	니까	VCP+EC
전주 여행	7	둘러보	VV
전주 여행	7	에요	VCP+EF
전주 여행	7	그냥	MAG
전주 여행	7	알짜배기	NNG
전주 여행	7	추천	NNG
전주 여행	8	주로	MAG
전주 여행	8	커플	NNG
전주 여행	8	려고	EC
전주 여행	8	는데	EC
전주 여행	8	추천	NNG
전주 여행	8	세요	EP+EF
전주 여행	8	숙소	NNG
전주 여행	8	거리	NNG
전주 여행	8	맛집	NNG
전주 여행	8	등등	NNB
전주 여행	8	추천	NNG
전주 여행	8	감사	NNG
전주 여행	8	습니다	EF
전주 여행	8	한옥마을	NNP
전주 여행	8	겁니다	NNB+VCP+EF
전주 여행	8	답변	NNG
전주 여행	8	도움	NNG
전주 여행	8	으면	EC
전주 여행	8	습니다	EF
전주 여행	8	한옥마을	NNP
전주 여행	8	한옥마을	NNP
전주 여행	8	맛집	NNG
전주 여행	8	거리	EC
전주 여행	8	추천	NNG
전주 여행	9	추석	NNG
전주 여행	9	16	SN
전주 여행	9	18	SN
전주 여행	9	려고	EC
전주 여행	9	는데	EC
전주 여행	9	그때	NNG
전주 여행	9	한옥마을	NNP
전주 여행	9	관광지	NNG
전주 여행	9	을까요	EC
전주 여행	9	추석	NNG
전주 여행	9	당일	NNG
전주 여행	9	습니다	EF
전주 여행	9	에도	NNP
전주 여행	9	이벤트	NNG
전주 여행	9	진행	NNG
전주 여행	9	입니다	VCP+EC
전주 여행	9	27	SN
전주 여행	9	10	SN
전주 여행	9	13	SN
전주 여행	9	한국	NNP
전주 여행	9	관광공사	NNP
전주 여행	9	에서	JKB
전주 여행	9	숙박	NNG
전주 여행	9	세일	NNG
전주 여행	9	페스타	NNP
전주 여행	9	이벤트	NNG
전주 여행	9	진행	NNG
전주 여행	9	입니다	VCP+EC
전주 여행	10	연령	NNG
전주 여행	10	렌트카	NNG
전주 여행	10	추천	NNG
전주 여행	10	이번	NNG
전주 여행	10	21	SN
전주 여행	10	으로	JKB
전주 여행	10	19	SN
전주 여행	10	입니다	VCP+EF
전주 여행	10	연령	NNG
전주 여행	10	자동차	NNG
전주 여행	10	추천	NNG
전주 여행	10	부탁	NNG
전주 여행	10	드리	VV
전주 여행	10	습니다	EF
전주 여행	10	그리고	MAJ
전주 여행	10	가격	NNG
전주 여행	10	렌트	NNG
전주 여행	10	어느	MM
전주 여행	10	정도	NNG
전주 여행	10	나올까요	VV+EF
전주 여행	10	에서	JKB
전주 여행	10	21	SN
전주 여행	10	이상	NNG
전주 여행	10	렌트	NNG
전주 여행	10	가능	NNG
전주 여행	10	자동차	NNG
전주 여행	10	찾아보	VV
전주 여행	10	세요	EP+EF
전주 여행	10	가격	NNG
전주 여행	11	포항	NNP
전주 여행	11	에서	JKB
전주 여행	11	포항	NNP
전주 여행	11	까지	JX
전주 여행	11	기차	NNG
전주 여행	11	을까요	EC
전주 여행	11	버스	NNG
전주 여행	11	을까요	EC
전주 여행	11	안녕	NNG
전주 여행	11	세요	EP+EF
전주 여행	11	에서	JKB
전주 여행	11	포항	NNP
전주 여행	11	까지	JX
전주 여행	11	기차	NNG
전주 여행	11	버스	NNG
전주 여행	11	각각	MAG
전주 여행	11	장단점	NNG
전주 여행	11	으므로	EC
전주 여행	11	어떤	MM
전주 여행	11	방법	NNG
전주 여행	11	은지	EC
전주 여행	11	결정	NNG
전주 여행	11	가지	NNBC
전주 여행	11	요소	NNG
전주 여행	11	고려	NNG
전주 여행	11	필요	NNG
전주 여행	11	습니다	EF
전주 여행	12	펜션	NNG
전주 여행	12	한옥	NNG
전주 여행	12	으로	JKB
전주 여행	12	이번	NNG
전주 여행	12	남자	NNG
전주 여행	12	친구	NNG
전주 여행	12	같이	MAG
전주 여행	12	해서	VV+EC
전주 여행	12	얼른	MAG
전주 여행	12	펜션	NNG
전주 여행	12	봐야	VX+EC
전주 여행	12	는데	EC
전주 여행	12	한옥	NNG
전주 여행	12	마을	NNG
전주 여행	12	근처	NNG
전주 여행	12	한옥	NNG
전주 여행	12	느낌	MAG
전주 여행	12	펜션	NNG
전주 여행	12	으로	JKB
전주 여행	12	을까요	EC
전주 여행	12	내부	NNG
전주 여행	12	정감	NNG
전주 여행	12	분위기	NNG
전주 여행	12	아요	EF
전주 여행	12	빠른	VA+ETM
전주 여행	12	답변	NNG
전주 여행	12	부탁	NNG
전주 여행	13	세요	EP+EF
전주 여행	13	한옥마을	NNP
전주 여행	13	유명	XR
전주 여행	13	완산구	NNP
전주 여행	13	으며	EC
전주 여행	13	덕진구	NNP
전주 여행	13	또한	MAJ
전주 여행	13	멋진	VA+ETM
전주 여행	13	추억	NNG
전주 여행	13	가진	VV+ETM
전주 여행	13	장소	NNG
전주 여행	13	많이	MAG
전주 여행	13	습니다	EF
전주 여행	13	완산구	NNP
전주 여행	13	덕진구	NNP
전주 여행	13	대해서	VV+EC
전주 여행	14	뚜벅	MAG
전주 여행	14	엄마	NNG
전주 여행	14	뚜벅	MAG
전주 여행	14	계획	NNG
전주 여행	14	인데	VCP+EC
전주 여행	14	답변	NNG
전주 여행	14	부탁	NNG
전주 여행	14	드려요	VV+EC
전주 여행	14	기차	NNG
전주 여행	14	고속버스	NNG
전주 여행	14	어떤	MM
전주 여행	14	을까요	EC
전주 여행	14	도착	NNG
전주 여행	14	해서	XSV+EC
전주 여행	14	관광	NNG
전주 여행	14	이용	NNG
전주 여행	14	교통수단	NNG
전주 여행	14	어떤	MM
전주 여행	14	을까요	EC
전주 여행	14	숙소	NNG
전주 여행	14	추천	NNG
전주 여행	14	부탁드려요	VV+EF
전주 여행	14	서울	NNP
전주 여행	15	당일치기	NNG
전주 여행	15	어렵	VA
전주 여행	15	네요	EF
전주 여행	15	당일치기	NNG
전주 여행	15	계획	NNG
전주 여행	15	군요	EF
전주 여행	15	에서	JKB
전주 여행	15	한옥마을	NNP
전주 여행	15	까지	JX
전주 여행	15	방법	NNG
전주 여행	15	당일치기	NNG
전주 여행	15	코스	NNG
전주 여행	15	알려	VV+EC
전주 여행	15	드릴게요	VX+EC
전주 여행	15	에서	JKB
전주 여행	15	한옥마을	NNP
전주 여행	15	까지	JX
전주 여행	15	방법	NNG
전주 여행	15	으로	JKB
전주 여행	15	택시	NNG
전주 여행	15	버스	NNG
전주 여행	15	어요	EF
전주 여행	15	에서	JKB
전주 여행	15	한옥마을	NNP
전주 여행	15	까지	JX
전주 여행	15	택시	NNG
전주 여행	16	경비	NNG
전주 여행	16	보통	NNG
전주 여행	16	경비	NNG
전주 여행	16	얼마	NNG
전주 여행	16	정도	NNG
전주 여행	16	드나	VV
전주 여행	16	숙소	NNG
전주 여행	16	13	SN
전주 여행	16	인데	VCP+EC
전주 여행	16	려고	EC
전주 여행	16	비싼	VA+ETM
전주 여행	16	건가요	NNB+VCP+EC
전주 여행	16	질문	NNG
전주 여행	16	도움	NNG
전주 여행	16	답변	NNG
전주 여행	16	바래	VV
전주 여행	16	예산	NNG
전주 여행	16	30	SN
전주 여행	16	내외	NNG
전주 여행	16	숙소	NNG
전주 여행	16	13	SN
전주 여행	16	적당	XR
전주 여행	16	합니다	XSA+EC
전주 여행	17	커플	NNG
전주 여행	17	대해	VV+EC
전주 여행	17	도움	NNG
전주 여행	17	드릴게요	VV+EC
전주 여행	17	남자	NNG
전주 여행	17	친구	NNG
전주 여행	17	이용	NNG
전주 여행	17	할지	XSV+EC
전주 여행	17	KTX	SL
전주 여행	17	이용	NNG
전주 여행	17	할지	XSV+EC
전주 여행	17	대해서	VV+EC
전주 여행	17	여러	MM
전주 여행	17	가지	NNBC
전주 여행	17	요소	NNG
전주 여행	17	고려	NNG
전주 여행	17	셔야	EP+EC
전주 여행	17	합니다	VX+EF
전주 여행	17	만약	MAG
전주 여행	17	교통	NNG
전주 여행	17	체증	NNG
전주 여행	17	예상	NNG
전주 여행	17	날짜	NNG
전주 여행	17	라면	VCP+EC
전주 여행	17	KTX	SL
전주 여행	17	이용	NNG
전주 여행	17	편할	VA+ETM
전주 여행	17	습니다	EF
전주 여행	17	또한	MAJ
전주 여행	17	남자	NNG
전주 여행	17	친구	NNG
전주 여행	18	려는데	EC
전주 여행	18	여행지	NNG
전주 여행	18	맛집	NNG
전주 여행	18	추천	NNG
전주 여행	18	세요	EP+EF
전주 여행	18	보리암	NNP
전주 여행	18	다랭이	NNG
전주 여행	18	독일	NNP
전주 여행	18	마을	NNG
전주 여행	18	한옥마을	NNP
전주 여행	18	두세	MM
전주 여행	18	맛집	NNG
전주 여행	18	빨리	MAG
전주 여행	18	추천	NNG
전주 여행	18	세요	EP+EF
전주 여행	18	라서	EC
전주 여행	18	추천	NNG
전주 여행	18	셔도	EP+EC
전주 여행	18	됩니다	VV+EF
전주 여행	18	맛집	NNG
전주 여행	19	추천	NNG
전주 여행	19	맛집	NNG
전주 여행	19	국내	NNG
전주 여행	19	주달	NNG
전주 여행	19	티비	NNG
전주 여행	19	코스	NNG
전주 여행	19	여수	NNG
전주 여행	19	여수	NNG
전주 여행	19	제주	NNP
전주 여행	19	제주도	NNP
전주 여행	19	전문	NNG
전주 여행	19	언서	NNG
전주 여행	19	주달	NNG
전주 여행	19	봉이	NNG
전주 여행	19	입니다	VCP+EF
전주 여행	19	코스	NNG
전주 여행	19	한옥	NNG
전주 여행	19	마을	NNG
전주 여행	19	에서부터	JKB
전주 여행	20	코스	NNG
전주 여행	20	질문	NNG
전주 여행	20	코스	NNG
전주 여행	20	전라도	NNP
전주 여행	20	어서	EC
전주 여행	20	맛집	NNG
전주 여행	20	국내	NNG
전주 여행	20	주달	NNG
전주 여행	20	티비	NNG
전주 여행	20	코스	NNG
전주 여행	20	여수	NNG
전주 여행	20	여수	NNG
전주 여행	20	제주	NNP
전주 여행	20	제주도	NNP
전주 여행	20	전문	NNG
전주 여행	20	언서	NNG
전주 여행	21	간다면	VV+EC
전주 여행	21	비용	NNG
전주 여행	21	얼마	NNG
전주 여행	21	나올까요	VV+EF
전주 여행	21	비용	NNG
전주 여행	21	여러	MM
전주 여행	21	요소	NNG
전주 여행	21	따라	VV+EC
전주 여행	21	달라지	VV
전주 여행	21	지만	EC
전주 여행	21	일반	NNG
전주 여행	21	으로	JKB
전주 여행	21	다음	NNG
전주 여행	21	항목	NNG
전주 여행	21	포함	NNG
전주 여행	21	됩니다	XSV+EC
전주 여행	21	교통비	NNG
전주 여행	21	까지	JX
전주 여행	21	이동	NNG
전주 여행	21	위한	VV+ETM
전주 여행	21	교통	NNG
전주 여행	21	비용	NNG
전주 여행	21	입니다	VCP+EF
전주 여행	22	코스	NNG
전주 여행	22	맛집	NNG
전주 여행	22	국내	NNG
전주 여행	22	주달	NNG
전주 여행	22	티비	NNG
전주 여행	22	코스	NNG
전주 여행	22	여수	NNG
전주 여행	22	여수	NNG
전주 여행	22	제주	NNP
전주 여행	22	제주도	NNP
전주 여행	22	전문	NNG
전주 여행	22	언서	NNG
전주 여행	22	주달	NNG
전주 여행	22	봉이	NNG
전주 여행	22	입니다	VCP+EF
전주 여행	22	코스	NNG
전주 여행	22	한옥	NNG
전주 여행	22	마을	NNG
전주 여행	22	에서부터	JKB
전주 여행	22	시작	NNG
전주 여행	23	당일치기	NNG
전주 여행	23	혼자	NNG
전주 여행	23	코스	NNG
전주 여행	23	추천	NNG
전주 여행	23	박물관	NNG
전주 여행	23	미술관	NNG
전주 여행	23	지역	NNG
전주 여행	23	공간	NNG
전주 여행	23	스토리	NNG
전주 여행	23	안내	NNG
전주 여행	23	해설	NNG
전주 여행	23	문화	NNG
전주 여행	23	코스	NNG
전주 여행	23	방지	NNG
전주 여행	23	위해	VV+EC
전주 여행	23	예약금	NNG
전주 여행	23	결제	NNG
전주 여행	23	현장	NNG
전주 여행	23	에서	JKB
전주 여행	23	상당	NNG
전주 여행	23	음료	NNG
전주 여행	23	기프	NNP
전주 여행	23	으로	JKB
전주 여행	23	환급	NNG
전주 여행	23	선착순	NNG
전주 여행	23	마감	NNG
전주 여행	23	계획	NNG
전주 여행	23	으신	EP+ETM
전주 여행	24	필요	NNG
전주 여행	24	가요	NNG
전주 여행	24	안녕	NNG
전주 여행	24	세요	EP+EF
전주 여행	24	계획	NNG
전주 여행	24	입니다	VCP+EF
전주 여행	24	서울	NNP
전주 여행	24	에서	JKB
전주 여행	24	까지	JX
전주 여행	24	기차	NNG
전주 여행	24	건데	NNB+VCP+EC
전주 여행	24	에서	JKB
전주 여행	24	렌트	NNG
전주 여행	24	해야	VV+EC
전주 여행	24	할지	VX+EC
전주 여행	24	궁금	XR
전주 여행	24	합니다	XSA+EF
전주 여행	24	참고	NNG
전주 여행	24	한옥마을	NNP
전주 여행	24	포함	NNG
전주 여행	24	해서	XSV+EC
전주 여행	24	유명	NNG
전주 여행	24	관광지	NNG
전주 여행	24	돌아볼	VV+ETM
전주 여행	24	계획	NNG
전주 여행	24	입니다	VCP+EF
전주 여행	24	맛집	NNG
전주 여행	24	국내	NNG
전주 여행	25	맛집	NNG
전주 여행	25	국내	NNG
전주 여행	25	주달	NNG
전주 여행	25	티비	NNG
전주 여행	25	코스	NNG
전주 여행	25	여수	NNG
전주 여행	25	여수	NNG
전주 여행	25	제주	NNP
전주 여행	25	제주도	NNP
전주 여행	25	전문	NNG
전주 여행	25	언서	NNG
전주 여행	25	주달	NNG
전주 여행	25	봉이	NNG
전주 여행	25	입니다	VCP+EF
전주 여행	25	대중교통	NNG
전주 여행	25	이나	JC
전주 여행	25	택시	NNG
전주 여행	25	이용	NNG
전주 여행	26	완주	NNG
전주 여행	26	맛집	NNG
전주 여행	26	국내	NNG
전주 여행	26	주달	NNG
전주 여행	26	티비	NNG
전주 여행	26	코스	NNG
전주 여행	26	여수	NNG
전주 여행	26	여수	NNG
전주 여행	26	제주	NNP
전주 여행	26	제주도	NNP
전주 여행	26	전문	NNG
전주 여행	26	언서	NNG
전주 여행	26	주달	NNG
전주 여행	26	봉이	NNG
전주 여행	26	입니다	VCP+EF
전주 여행	26	완주	NNP
전주 여행	26	어느	MM
전주 여행	26	느냐	EC
전주 여행	26	따라	VV+EC
전주 여행	27	부탁	NNG
전주 여행	27	드립니다	VV+EC
전주 여행	27	맛집	NNG
전주 여행	27	국내	NNG
전주 여행	27	주달	NNG
전주 여행	27	티비	NNG
전주 여행	27	코스	NNG
전주 여행	27	여수	NNG
전주 여행	27	여수	NNG
전주 여행	27	제주	NNP
전주 여행	27	제주도	NNP
전주 여행	27	전문	NNG
전주 여행	27	언서	NNG
전주 여행	27	주달	NNG
전주 여행	27	봉이	NNG
전주 여행	27	입니다	VCP+EF
전주 여행	27	코스	NNG
전주 여행	28	코스	NNG
전주 여행	28	세요	EP+EF
전주 여행	28	ㅜㅜ	UNKNOWN
전주 여행	28	코스	NNG
전주 여행	28	드릴	VX+ETM
전주 여행	28	습니다	EF
전주 여행	28	역사	NNG
전주 여행	28	유적지	NNG
전주 여행	28	전통문화	NNG
전주 여행	28	빛나	VV
전주 여행	28	으로	JKB
전주 여행	28	유명	XR
전주 여행	28	한데요	XSA+EF
전주 여행	28	먼저	MAG
전주 여행	28	한옥마을	NNP
전주 여행	28	방문	NNG
전주 여행	28	아름다움	VA+ETN
전주 여행	28	느낄	VV+ETM
전주 여행	28	습니다	EF
전주 여행	28	시작	NNG
전주 여행	28	라고	EC
전주 여행	28	한옥	NNG
전주 여행	28	마을	NNG
전주 여행	28	에서	JKB
전주 여행	29	대중교통	NNG
전주 여행	29	이랑	JC
전주 여행	29	렌트카	NNG
전주 여행	29	어떤	MM
전주 여행	29	을까요	EF
전주 여행	29	움직이	VV
전주 여행	29	편할지	VA+EC
전주 여행	29	대중교통	NNG
전주 여행	29	편할지	VA+EC
전주 여행	29	알려	VV+EC
전주 여행	29	세요	EP+EF
전주 여행	29	교통	NNG
전주 여행	29	상황	NNG
전주 여행	29	어떤지	VA+EC
전주 여행	29	궁금	XR
전주 여행	29	합니다	XSA+EF
전주 여행	29	맛집	NNG
전주 여행	29	국내	NNG
전주 여행	29	주달	NNG
전주 여행	29	티비	NNG
전주 여행	29	코스	NNG
전주 여행	29	여수	NNG
전주 여행	29	여수	NNG
전주 여행	29	제주	NNP
전주 여행	30	가시	VV
전주 여행	30	는군요	EC
전주 여행	30	그렇	VA
전주 여행	30	다면	EC
전주 여행	30	에서	JKB
전주 여행	30	연인	NNG
전주 여행	30	제일	MAG
전주 여행	30	많이	MAG
전주 여행	30	추천	NNG
전주 여행	30	드리	VX
전주 여행	30	습니다	EF
전주 여행	30	한옥마을	NNP
전주 여행	30	동물원	NNP
전주 여행	30	한국도로공사	NNP
전주 여행	30	수목원	NNG
전주 여행	30	향교	NNP
전주 여행	30	덕진	NNP
전주 여행	30	공원	NNG
전주 여행	31	관련	NNG
전주 여행	31	맛집	NNG
전주 여행	31	국내	NNG
전주 여행	31	주달	NNG
전주 여행	31	티비	NNG
전주 여행	31	코스	NNG
전주 여행	31	여수	NNG
전주 여행	31	여수	NNG
전주 여행	31	제주	NNP
전주 여행	31	제주도	NNP
전주 여행	31	전문	NNG
전주 여행	31	언서	NNG
전주 여행	31	주달	NNG
전주 여행	31	봉이	NNG
전주 여행	31	입니다	VCP+EF
전주 여행	31	주말	NNG
전주 여행	31	인지	VCP+EC
전주 여행	31	평일	NNG
전주 여행	31	인지	VCP+EC
전주 여행	31	따라	VV+EC
전주 여행	31	다릅니다	VA+EC
전주 여행	32	려고	EC
전주 여행	32	vs	SL
전주 여행	32	어떤	MM
전주 여행	32	적당	XR
전주 여행	32	할지	XSA+EC
전주 여행	32	추천	NNG
전주 여행	32	세요	EP+EF
전주 여행	32	맛집	NNG
전주 여행	32	국내	NNG
전주 여행	32	주달	NNG
전주 여행	32	티비	NNG
전주 여행	32	코스	NNG
전주 여행	32	여수	NNG
전주 여행	32	여수	NNG
전주 여행	32	제주	NNP
전주 여행	32	제주도	NNP
전주 여행	32	전문	NNG
전주 여행	32	언서	NNG
전주 여행	32	주달	NNG
전주 여행	32	봉이	NNG
전주 여행	32	입니다	VCP+EC
전주 여행	33	이번	NNG
전주 여행	33	처음	MAG
전주 여행	33	는데	EC
전주 여행	33	추천	NNG
전주 여행	33	세요	EP+EF
전주 여행	33	은데	EC
전주 여행	33	위주	NNG
전주 여행	33	해요	VX+EF
전주 여행	33	트레	NNP
전주 여행	33	해요	VX+EF
전주 여행	33	계획	NNG
전주 여행	33	군요	EF
전주 여행	33	다양	XR
전주 여행	33	볼거리	NNG
전주 여행	34	경비	NNG
전주 여행	34	식비	NNG
전주 여행	34	교통비	NNG
전주 여행	34	잡혀서	VV+EC
전주 여행	34	마실	VV+ETM
전주 여행	34	건데	NNB+VCP+EC
전주 여행	34	많이	MAG
전주 여행	34	마셔서	VV+EC
전주 여행	34	술값	NNG
전주 여행	34	으로	JKB
전주 여행	34	마실	VV+ETM
전주 여행	34	아요	EF
전주 여행	34	맛집	NNG
전주 여행	34	국내	NNG
전주 여행	34	주달	NNG
전주 여행	34	티비	NNG
전주 여행	34	코스	NNG
전주 여행	34	여수	NNG
전주 여행	34	여수	NNG
전주 여행	35	비용	NNG
전주 여행	35	맛집	NNG
전주 여행	35	국내	NNG
전주 여행	35	주달	NNG
전주 여행	35	티비	NNG
전주 여행	35	코스	NNG
전주 여행	35	여수	NNG
전주 여행	35	여수	NNG
전주 여행	35	제주	NNP
전주 여행	35	제주도	NNP
전주 여행	35	전문	NNG
전주 여행	35	언서	NNG
전주 여행	35	주달	NNG
전주 여행	35	봉이	NNG
전주 여행	35	입니다	VCP+EF
전주 여행	35	한옥마을	NNP
전주 여행	35	입장료	NNG
전주 여행	35	따로	MAG
전주 여행	35	습니다	EF
전주 여행	35	기본	NNG
전주 여행	36	친구	NNG
전주 여행	36	친구	NNG
전주 여행	36	려고	EC
전주 여행	36	합니다	VX+EC
전주 여행	36	호텔	NNG
전주 여행	36	맛집	NNG
전주 여행	36	추천	NNG
전주 여행	36	세요	EP+EF
전주 여행	36	호텔	NNG
전주 여행	36	시설	NNG
전주 여행	36	괜찮	VA
전주 여행	36	깨끗	XR
전주 여행	36	했으면	XSA+EP+EC
전주 여행	36	어요	EF
전주 여행	36	한옥	NNP
전주 여행	36	어도	EC
전주 여행	36	괜찮	VA
전주 여행	36	아요	EF
전주 여행	36	침대	NNG
전주 여행	36	어요	EF
전주 여행	36	맛집	NNG
전주 여행	36	양식	NNG
전주 여행	36	중식	NNG
전주 여행	36	일식	NNG
전주 여행	36	상관없	VA
전주 여행	36	습니다	EF
전주 여행	36	비용	NNG
전주 여행	36	인당	NNG
전주 여행	37	크리스마스	NNG
전주 여행	37	맛집	NNG
전주 여행	37	국내	NNG
전주 여행	37	주달	NNG
전주 여행	37	티비	NNG
전주 여행	37	코스	NNG
전주 여행	37	여수	NNG
전주 여행	37	여수	NNG
전주 여행	37	제주	NNP
전주 여행	37	제주도	NNP
전주 여행	37	전문	NNG
전주 여행	37	언서	NNG
전주 여행	37	주달	NNG
전주 여행	37	봉이	NNG
전주 여행	37	입니다	VCP+EF
전주 여행	37	코스	NNG
전주 여행	37	한옥	NNG
전주 여행	37	마을	NNG
전주 여행	37	에서부터	JKB
전주 여행	37	시작	NNG
전주 여행	38	~.~	SY
전주 여행	38	질문	NNG
전주 여행	38	일정	NNG
전주 여행	38	관련	NNG
전주 여행	38	답변	NNG
전주 여행	38	드리	VV
전주 여행	38	도록	EC
전주 여행	38	습니다	EF
전주 여행	38	가실	NNG
전주 여행	38	계획	NNG
전주 여행	38	너무	MAG
전주 여행	38	귀찮	VA
전주 여행	38	에서	JKB
전주 여행	38	즐길	VV+ETM
전주 여행	38	준비	NNG
전주 여행	38	어요	EF
전주 여행	38	아래	NNG
전주 여행	38	일정	NNG
전주 여행	38	참고	NNG
전주 여행	38	즐거운	VA+ETM
전주 여행	38	바라	VV
전주 여행	39	초등	NNG
전주 여행	39	학년	NNG
전주 여행	39	210	SN
전주 여행	39	수학	NNG
전주 여행	39	코스	NNG
전주 여행	39	관광	NNG
전주 여행	39	달인	NNG
전주 여행	39	주달	NNG
전주 여행	39	봉이	NNG
전주 여행	39	께서	JKS
전주 여행	39	코스	NNG
전주 여행	39	추천	NNG
전주 여행	39	대단히	MAG
전주 여행	39	감사	NNG
전주 여행	39	드리	VV
전주 여행	39	습니다	EF
전주 여행	39	맛집	NNG
전주 여행	39	국내	NNG
전주 여행	39	주달	NNG
전주 여행	39	티비	NNG
전주 여행	39	코스	NNG
전주 여행	39	여수	NNG
전주 여행	39	여수	NNG
전주 여행	39	제주	NNP
전주 여행	40	혼자	NNG
전주 여행	40	코스	NNG
전주 여행	40	질문	NNG
전주 여행	40	정보	NNG
전주 여행	40	정리	NNG
전주 여행	40	습니다	EF
전주 여행	40	참고	NNG
전주 여행	40	세요	EP+EF
전주 여행	40	에서	JKB
전주 여행	40	덕진	NNP
전주 여행	40	공원	NNG
전주 여행	40	추천	NNP
전주 여행	40	덕진	NNP
전주 여행	40	공원	NNG
전주 여행	40	터미널	NNG
전주 여행	40	에서	JKB
전주 여행	40	가장	MAG
전주 여행	40	가까운	VA+ETM
전주 여행	40	에요	EF
전주 여행	40	산책	NNG
전주 여행	40	호수	NNG
전주 여행	40	공원	NNG
전주 여행	40	에요	EF
전주 여행	40	덕진	NNP
전주 여행	40	공원	NNG
전주 여행	40	생략	NNG
전주 여행	40	곧바로	MAG
전주 여행	40	남부	NNG
전주 여행	40	시장	NNG
전주 여행	41	전시회	NNG
전주 여행	41	추천	NNG
전주 여행	41	이번	NNG
전주 여행	41	남자	NNG
전주 여행	41	친구	NNG
전주 여행	41	는데요	EC
전주 여행	41	한옥마을	NNP
전주 여행	41	그래서	MAJ
전주 여행	41	갈만	NNG
전주 여행	41	공방	NNG
전주 여행	41	전시회	NNG
전주 여행	41	추천	NNG
전주 여행	41	부탁	NNG
전주 여행	41	드려요	VV+EC
전주 여행	41	안녕	NNG
전주 여행	41	세요	EP+EF
전주 여행	41	질문	NNG
전주 여행	41	관련	NNG
전주 여행	41	답변	NNG
전주 여행	41	드리	VV
전주 여행	41	도록	EC
전주 여행	41	습니다	EF
전주 여행	41	주로	MAG
전주 여행	41	봅니다	VX+EC
전주 여행	42	코스	NNG
전주 여행	42	추천	NNG
전주 여행	42	안녕	NNG
전주 여행	42	세요	EP+EF
전주 여행	42	여자	NNG
전주 여행	42	친구	NNG
전주 여행	42	예정	NNG
전주 여행	42	인데	VCP+EC
전주 여행	42	숙소	NNG
전주 여행	42	더클래식	NNP
전주 여행	42	호텔	NNG
전주 여행	42	일정	NNG
전주 여행	42	으로	JKB
전주 여행	42	습니다	EF
전주 여행	42	근데	MAJ
전주 여행	42	금요일	NNG
전주 여행	42	오후	NNG
전주 여행	42	도착	NNG
전주 여행	42	예정	NNG
전주 여행	42	이동	NNG
전주 여행	42	수단	NNG
전주 여행	42	대중교통	NNG
전주 여행	42	택시	NNG
전주 여행	42	예정	NNG
전주 여행	42	입니다	VCP+EC
전주 여행	43	각각	MAG
전주 여행	43	거리	NNG
전주 여행	43	가까운지	VA+EC
전주 여행	43	어요	EF
전주 여행	43	추석	NNG
전주 여행	43	예정	NNG
전주 여행	43	입니다	VCP+EF
전주 여행	43	갈만	NNG
전주 여행	43	추천	NNG
전주 여행	43	세요	EP+EF
전주 여행	43	맛집	NNG
전주 여행	43	국내	NNG
전주 여행	43	주달	NNG
전주 여행	43	티비	NNG
전주 여행	43	코스	NNG
전주 여행	43	여수	NNG
전주 여행	43	여수	NNG
전주 여행	43	제주	NNP
전주 여행	44	갈만	NNG
전주 여행	44	을까요	EF
전주 여행	44	맛집	NNG
전주 여행	44	국내	NNG
전주 여행	44	주달	NNG
전주 여행	44	티비	NNG
전주 여행	44	코스	NNG
전주 여행	44	여수	NNG
전주 여행	44	여수	NNG
전주 여행	44	제주	NNP
전주 여행	44	제주도	NNP
전주 여행	44	전문	NNG
전주 여행	44	언서	NNG
전주 여행	44	주달	NNG
전주 여행	44	봉이	NNG
전주 여행	44	입니다	VCP+EF
전주 여행	44	코스	NNG
전주 여행	44	한옥	NNG
전주 여행	44	마을	NNG
전주 여행	44	에서부터	JKB
전주 여행	45	코스	NNG
전주 여행	45	일정	NNG
전주 여행	45	문자	NNG
전주 여행	45	께서	JKS
전주 여행	45	봐둔	VV+EC+VX+ETM
전주 여행	45	모두	MAG
전주 여행	45	반양	NNG
전주 여행	45	시간	NNG
전주 여행	45	무리	NNG
전주 여행	45	일정	NNG
전주 여행	45	만들	VV
전주 여행	45	습니다	EF
전주 여행	45	가운데	NNG
전주 여행	45	점심	NNG
전주 여행	45	한지	XSA+EC
전주 여행	45	박물관	NNG
전주 여행	45	관광	NNG
전주 여행	45	수목원	NNG
전주 여행	45	관광	NNG
전주 여행	45	오목	MAG
전주 여행	45	관광	NNG
전주 여행	45	교동	NNP
전주 여행	45	다윈	NNP
전주 여행	46	추천	NNG
전주 여행	46	부탁	NNG
전주 여행	46	드립니다	VV+EC
전주 여행	46	12	SN
전주 여행	46	13	SN
전주 여행	46	할려구	VV+EC
전주 여행	46	합니다	VX+EC
전주 여행	46	이랑	JC
전주 여행	46	맛집	NNG
전주 여행	46	추천	NNG
전주 여행	46	부탁	NNG
전주 여행	46	드립니다	VV+EC
전주 여행	46	감사	NNG
전주 여행	46	합니다	XSV+EF
전주 여행	46	맛집	NNG
전주 여행	46	주달	NNG
전주 여행	46	티비	NNG
전주 여행	46	코스	NNG
전주 여행	46	언서	NNG
전주 여행	46	주달	NNG
전주 여행	46	봉이	NNG
전주 여행	46	입니다	VCP+EF
전주 여행	47	강아지	NNG
전주 여행	47	함께	MAG
전주 여행	47	가능	NNG
전주 여행	47	데요	EF
전주 여행	47	강아지	NNG
전주 여행	47	같이	MAG
전주 여행	47	동반	NNG
전주 여행	47	라서요	EF
전주 여행	47	혹시	MAG
전주 여행	47	강아지	NNG
전주 여행	47	같이	JKB
전주 여행	47	알려	VV+EC
전주 여행	47	세요	EP+EF
전주 여행	47	맛집	NNG
전주 여행	47	이랑	JKB
전주 여행	47	관광	NNG
전주 여행	47	반려	NNG
전주 여행	47	동물	NNG
전주 여행	47	반려	NNG
전주 여행	47	생활	NNG
전주 여행	47	입니다	VCP+EF
전주 여행	47	하늘	NNG
전주 여행	47	가을	NNG
전주 여행	47	떠나	VV
전주 여행	47	는군요	EC
전주 여행	47	강아지	NNG
전주 여행	47	함께	MAG
전주 여행	47	추억	NNG
전주 여행	48	광주	NNP
전주 여행	48	에서	JKB
전주 여행	48	감사	NNG
전주 여행	48	습니다	EF
전주 여행	48	맛집	NNG
전주 여행	48	국내	NNG
전주 여행	48	주달	NNG
전주 여행	48	티비	NNG
전주 여행	48	코스	NNG
전주 여행	48	여수	NNG
전주 여행	48	여수	NNG
전주 여행	48	제주	NNP
전주 여행	48	제주도	NNP
전주 여행	48	전문	NNG
전주 여행	48	언서	NNG
전주 여행	48	주달	NNG
전주 여행	48	봉이	NNG
전주 여행	48	입니다	VCP+EF
전주 여행	48	버스	NNG
전주 여행	48	터미널	NNG
전주 여행	48	에서	JKB
전주 여행	48	내리	VV
전주 여행	48	셔서	EP+EC
전주 여행	49	코스	NNG
전주 여행	49	세요	EP+EF
전주 여행	49	질문	NNG
전주 여행	49	일정	NNG
전주 여행	49	관련	NNG
전주 여행	49	답변	NNG
전주 여행	49	드리	VV
전주 여행	49	도록	EC
전주 여행	49	습니다	EF
전주 여행	49	친정	NNG
전주 여행	49	어머니	NNG
전주 여행	49	함께	MAG
전주 여행	49	해도	VV+EC
전주 여행	49	설레	VV
전주 여행	49	네요	EC
전주 여행	49	아래	NNG
전주 여행	49	께서	JKS
전주 여행	49	모두	MAG
전주 여행	49	즐길	VV+ETM
전주 여행	49	일정	NNG
전주 여행	49	준비	NNG
전주 여행	49	어요	EF
전주 여행	49	참고	NNG
전주 여행	49	도움	NNG
전주 여행	49	으면	EC
전주 여행	50	추천	NNG
전주 여행	50	세요	EP+EF+VCP
전주 여행	50	당일치기	NNG
전주 여행	50	추천	NNG
전주 여행	50	세요	EP+EF
전주 여행	50	당일치기	NNG
전주 여행	50	맛집	NNG
전주 여행	50	국내	NNG
전주 여행	50	주달	NNG
전주 여행	50	티비	NNG
전주 여행	50	코스	NNG
전주 여행	50	여수	NNG
전주 여행	50	여수	NNG
전주 여행	50	제주	NNP
전주 여행	50	제주도	NNP
전주 여행	50	전문	NNG
전주 여행	50	언서	NNG
전주 여행	50	주달	NNG
전주 여행	50	봉이	NNG
전주 여행	50	입니다	VCP+EC
전주 여행	51	팀조	NNP
전주 여행	51	는데	EC
전주 여행	51	이랑	JC
전주 여행	51	맛집	NNG
전주 여행	51	알려	VV+EC
전주 여행	51	세요	EP+EF
전주 여행	51	안녕	IC
전주 여행	51	세요	EP+EF
전주 여행	51	서울	NNP
전주 여행	51	지방	NNG
전주 여행	51	변호	NNG
전주 여행	51	사회	NNG
전주 여행	51	소속	NNG
전주 여행	51	으로	JKB
전주 여행	51	지식	NNG
전주 여행	51	iN	SL
전주 여행	51	법률	NNG
전주 여행	51	상담	NNG
전주 여행	51	진행	NNG
전주 여행	51	김선용	NNP
전주 여행	51	변호사	NNG
전주 여행	51	입니다	VCP+EF
전주 여행	51	알아보	VV
전주 여행	51	어려우	VA
전주 여행	51	다면	EC
전주 여행	51	스타	NNG
전주 여행	51	그램	NNG
전주 여행	51	라고	VCP+EC
전주 여행	51	검색	NNG
전주 여행	51	셔서	EP+EC
전주 여행	52	한옥마을	NNP
전주 여행	52	준비	NNG
전주 여행	52	입니다	VCP+EF
전주 여행	52	대여	NNG
전주 여행	52	천차만별	NNG
전주 여행	52	입니다	VCP+EF
전주 여행	52	기본	NNG
전주 여행	52	금액	NNG
전주 여행	52	10000	SN
전주 여행	52	부터	JX
전주 여행	52	시작	NNG
전주 여행	52	합니다	XSV+EF
전주 여행	52	시간	NNG
전주 여행	52	한복	NNG
전주 여행	52	따라서	VV+EC
전주 여행	52	가격	NNG
전주 여행	52	다릅니다	VA+EC
전주 여행	52	맛집	NNG
전주 여행	52	국내	NNG
전주 여행	52	주달	NNG
전주 여행	52	티비	NNG
전주 여행	52	코스	NNG
전주 여행	52	여수	NNG
전주 여행	52	여수	NNG
전주 여행	52	제주	NNP
전주 여행	53	고등학교	NNG
전주 여행	53	친구	NNG
전주 여행	53	당일치기	NNG
전주 여행	53	지금	MAG
전주 여행	53	고등학교	NNG
전주 여행	53	학년	NNG
전주 여행	53	친구	NNG
전주 여행	53	함께	MAG
전주 여행	53	당일	NNG
전주 여행	53	예정	NNG
전주 여행	53	인데	VCP+EC
전주 여행	53	부모	NNG
전주 여행	53	라고	VCP+EC
전주 여행	53	말씀	NNG
전주 여행	53	드리	VV
전주 여행	53	허락	NNG
전주 여행	53	을까요	EC
전주 여행	53	고등학교	NNG
전주 여행	53	시절	NNG
전주 여행	53	친구	NNG
전주 여행	53	소중	XR
전주 여행	53	추억	NNG
전주 여행	53	만들	VV
전주 여행	53	위해	VV+EC
전주 여행	53	다녀오	VV
전주 여행	53	습니다	EF
전주 여행	54	휴가	NNG
전주 여행	54	건데	NNB+VCP+EC
전주 여행	54	코스	NNG
전주 여행	54	추천	NNG
전주 여행	54	세요	EP+EF
전주 여행	54	일정	NNG
전주 여행	54	참고	NNG
전주 여행	54	으로	JKB
전주 여행	54	제시	NNG
전주 여행	54	일정	NNG
전주 여행	54	따라	VV+EC
전주 여행	54	조정	NNG
전주 여행	54	습니다	EF
전주 여행	54	또한	MAJ
전주 여행	54	음식점	NNG
전주 여행	54	웨이팅	NNG
전주 여행	54	시간	NNG
전주 여행	54	방문	NNG
전주 여행	54	시간	NNG
전주 여행	54	요일	NNG
전주 여행	54	따라	VV+EC
전주 여행	54	달라질	VV+ETM
전주 여행	54	으니	EC
전주 여행	54	참고	NNG
전주 여행	54	세요	EP+EF
전주 여행	54	즐거운	VA+ETM
전주 여행	54	바랍니다	VV+EC
전주 여행	55	여자	NNG
전주 여행	55	질문	NNG
전주 여행	55	신다면	EP+EC
전주 여행	55	다음	NNG
전주 여행	55	일정	NNG
전주 여행	55	추천	NNG
전주 여행	55	드립니다	VX+EC
전주 여행	55	Day	SL
전주 여행	55	한옥마을	NNP
전주 여행	55	전통	NNG
전주 여행	55	한옥	NNG
전주 여행	55	건물	NNG
전주 여행	55	전통	NNG
전주 여행	55	문화	NNG
전주 여행	55	경험	NNG
전주 여행	55	입니다	VCP+EF
전주 여행	55	향교	NNP
전주 여행	55	조선	NNP
전주 여행	55	시대	NNG
전주 여행	55	교육	NNG
전주 여행	55	기관	NNG
전주 여행	55	향교	NNG
전주 여행	55	습니다	EF
전주 여행	55	남부	NNG
전주 여행	55	시장	NNG
전주 여행	56	코스	NNG
전주 여행	56	세요	EP+EF
전주 여행	56	많이	MAG
전주 여행	56	급합니다	VA+EF
전주 여행	56	.!	SY
전주 여행	56	안녕	NNG
전주 여행	56	세요	EP+EF
전주 여행	56	가족	NNG
전주 여행	56	으로	JKB
전주 여행	56	려는데	EC
전주 여행	56	당장	NNG
전주 여행	56	이번	NNG
전주 여행	56	금요일	NNG
전주 여행	56	는데	EC
전주 여행	56	어딜	NP+JKO
전주 여행	56	갈지	VV+EC
전주 여행	56	몰라서	VV+EC
전주 여행	56	숙소	NNG
전주 여행	56	호텔	NNG
전주 여행	56	한옥마을	NNP
전주 여행	56	은데	EC
전주 여행	56	별로	MAG
전주 여행	56	으면서	EC
전주 여행	56	카페	NNG
전주 여행	56	투어	NNG
전주 여행	56	아닌	VCN+ETM
전주 여행	56	코스	NNG
전주 여행	56	나요	EF
전주 여행	56	스로	NNG
전주 여행	57	대둔산	NNP
전주 여행	57	케이블카	NNG
전주 여행	57	주말	NNG
전주 여행	57	사람	NNG
전주 여행	57	괜찮	VA
전주 여행	57	코스	NNG
전주 여행	57	추천	NNG
전주 여행	57	세요	EP+EF
전주 여행	57	맛집	NNG
전주 여행	57	국내	NNG
전주 여행	57	주달	NNG
전주 여행	57	티비	NNG
전주 여행	57	코스	NNG
전주 여행	57	여수	NNG
전주 여행	57	여수	NNG
전주 여행	57	제주	NNP
전주 여행	57	제주도	NNP
전주 여행	57	전문	NNG
전주 여행	58	코스	NNG
전주 여행	58	!!	SY
전주 여행	58	이미	MAG
전주 여행	58	마치	VV
전주 여행	58	복귀	NNG
전주 여행	58	네요	EF
전주 여행	58	저희	NP
전주 여행	58	지난주	NNG
전주 여행	58	당일	NNG
전주 여행	58	코스	NNG
전주 여행	58	다녀왔	VV+EP
전주 여행	58	는데요	EF
전주 여행	58	주말	NNG
전주 여행	58	라서	EC
전주 여행	58	그런지	VA+EC
전주 여행	58	관광지	NNG
전주 여행	58	사람	NNG
전주 여행	58	아서	EC
전주 여행	58	생각	NNG
전주 여행	58	처럼	JKB
전주 여행	58	많이	MAG
전주 여행	58	둘러보	VV
전주 여행	58	못해서	VX+EC
전주 여행	58	아쉽	VA
전주 여행	58	더라고요	EC
전주 여행	58	최소한	NNG
전주 여행	59	한옥마을	NNP
전주 여행	59	당일치기	NNG
전주 여행	59	질문	NNG
전주 여행	59	여수	NNP
전주 여행	59	제주도	NNP
전주 여행	59	맛집	NNG
전주 여행	59	주달	NNG
전주 여행	59	티비	NNG
전주 여행	59	코스	NNG
전주 여행	59	여수	NNG
전주 여행	59	여수	NNG
전주 여행	59	제주	NNP
전주 여행	59	제주도	NNP
전주 여행	59	전문	NNG
전주 여행	59	언서	NNG
전주 여행	59	주달	NNG
전주 여행	59	봉이	NNG
전주 여행	59	입니다	VCP+EC
전주 여행	59	7000	SN
전주 여행	59	8000	SN
전주 여행	59	흐노	NNP
전주 여행	59	마시	VV
전주 여행	59	랑게	EC
전주 여행	59	전망	NNG
전주 여행	60	혼자	NNG
전주 여행	60	아무래도	MAG
전주 여행	60	사람	NNG
전주 여행	60	으면	EC
전주 여행	60	맛집	NNG
전주 여행	60	에서	JKB
전주 여행	60	혼자	MAG
전주 여행	60	아서	EC
전주 여행	60	중순	NNG
전주 여행	60	즐기	VV
전주 여행	60	계절	NNG
전주 여행	60	입니다	VCP+EF
전주 여행	60	하지만	MAJ
전주 여행	60	현재	NNG
전주 여행	60	코로나	NNP
전주 여행	60	19	SN
전주 여행	60	인해	VV+EC
전주 여행	60	여행객	NNG
전주 여행	60	줄어들	VV
전주 여행	60	으므로	EC
전주 여행	60	사람	NNG
전주 여행	60	으로	JKB
전주 여행	60	예상	NNG
전주 여행	60	됩니다	XSV+EF
전주 여행	60	맛집	NNG
전주 여행	61	이번	NNG
전주 여행	61	16	SN
전주 여행	61	친구	NNG
전주 여행	61	하고	JC
전주 여행	61	는데	EC
전주 여행	61	궁금	XR
전주 여행	61	아서	EC
전주 여행	61	하나하나	MAG
전주 여행	61	답장	NNG
전주 여행	61	감사	NNG
전주 여행	61	습니다	EF
전주 여행	61	여수	NNP
전주 여행	61	에서	JKB
전주 여행	61	KTX	SL
전주 여행	61	왕복	NNG
전주 여행	61	기차표	NNG
전주 여행	61	얼마	NNG
전주 여행	61	인가요	VCP+EC
전주 여행	61	을까요	EC
전주 여행	62	월요일	NNG
전주 여행	62	휴무	NNG
전주 여행	62	나요	EF
전주 여행	62	맛집	NNG
전주 여행	62	국내	NNG
전주 여행	62	주달	NNG
전주 여행	62	티비	NNG
전주 여행	62	코스	NNG
전주 여행	62	여수	NNG
전주 여행	62	여수	NNG
전주 여행	62	제주	NNP
전주 여행	62	제주도	NNP
전주 여행	62	전문	NNG
전주 여행	62	언서	NNG
전주 여행	62	주달	NNG
전주 여행	62	봉이	NNG
전주 여행	62	입니다	VCP+EF
전주 여행	62	걱정	NNG
전주 여행	62	셔도	EP+EC
전주 여행	62	셔요	EC
전주 여행	62	대부분	NNG
전주 여행	62	오픈	NNG
전주 여행	62	합니다	XSV+EC
전주 여행	63	내일	MAG
전주 여행	63	당일치기	NNG
전주 여행	63	부모	NNG
전주 여행	63	맛집	NNG
전주 여행	63	국내	NNG
전주 여행	63	주달	NNG
전주 여행	63	티비	NNG
전주 여행	63	코스	NNG
전주 여행	63	여수	NNG
전주 여행	63	여수	NNG
전주 여행	63	제주	NNP
전주 여행	63	제주도	NNP
전주 여행	63	전문	NNG
전주 여행	63	언서	NNG
전주 여행	63	주달	NNG
전주 여행	63	봉이	NNG
전주 여행	63	입니다	VCP+EF
전주 여행	63	바다	NNP
전주 여행	63	군산	NNP
전주 여행	63	새만금	NNP
전주 여행	63	돌아보	VV
전주 여행	64	갈만	NNG
전주 여행	64	숙소	NNG
전주 여행	64	한옥마을	NNP
전주 여행	64	게스트	NNP
전주 여행	64	하우스	NNP
전주 여행	64	안녕	NNG
전주 여행	64	세요	EP+EF
전주 여행	64	가족	NNG
전주 여행	64	함께	MAG
전주 여행	64	려고	EC
전주 여행	64	합니다	VX+EF
전주 여행	64	한옥마을	NNP
전주 여행	64	유명	XR
전주 여행	64	한번	MAG
전주 여행	64	했었	VX+EP
전주 여행	64	는데	EC
전주 여행	64	이번	NNG
전주 여행	64	기회	NNG
전주 여행	64	다녀와	VV+EC
전주 여행	64	려구요	EC
전주 여행	64	전라도	NNP
전주 여행	64	음식	NNG
전주 여행	64	맛있	VA
전주 여행	64	다고	EC
전주 여행	64	전라도	NNP
전주 여행	64	대표	NNG
전주 여행	64	음식	NNG
전주 여행	64	아니	VCN
전주 여행	64	맛집	NNG
전주 여행	65	코스	NNG
전주 여행	65	추천	NNG
전주 여행	65	코스	NNG
전주 여행	65	추천	NNG
전주 여행	65	여수	NNP
전주 여행	65	맛집	NNG
전주 여행	65	여수	NNG
전주 여행	65	주달	NNG
전주 여행	65	티비	NNG
전주 여행	65	코스	NNG
전주 여행	65	여수	NNG
전주 여행	65	여수	NNG
전주 여행	65	언서	NNG
전주 여행	65	주달	NNG
전주 여행	65	봉이	NNG
전주 여행	65	입니다	VCP+EF
전주 여행	65	코스	NNG
전주 여행	65	대부분	NNG
전주 여행	65	한옥	NNG
전주 여행	65	마을	NNG
전주 여행	65	에서	JKB
전주 여행	65	시작	NNG
전주 여행	65	합니다	VV+EC
전주 여행	66	볼거리	NNG
전주 여행	66	이번	NNG
전주 여행	66	거리	NNG
전주 여행	66	맛집	NNG
전주 여행	66	알려	VV+EC
전주 여행	66	세요	EP+EF
전주 여행	66	에서	JKB
전주 여행	66	추천	NNG
전주 여행	66	드리	VX
전주 여행	66	습니다	EF
전주 여행	66	한옥마을	NNP
전주 여행	66	동물원	NNP
전주 여행	66	한국도로공사	NNP
전주 여행	66	수목원	NNG
전주 여행	66	덕진	NNP
전주 여행	66	공원	NNG
전주 여행	66	난장	NNG
전주 여행	67	카페	NNP
전주 여행	67	추천	NNG
전주 여행	67	세요	EP+EF
전주 여행	67	맛집	NNG
전주 여행	67	국내	NNG
전주 여행	67	주달	NNG
전주 여행	67	티비	NNG
전주 여행	67	코스	NNG
전주 여행	67	여수	NNG
전주 여행	67	여수	NNG
전주 여행	67	제주	NNP
전주 여행	67	제주도	NNP
전주 여행	67	전문	NNG
전주 여행	67	언서	NNG
전주 여행	67	주달	NNG
전주 여행	67	봉이	NNG
전주 여행	67	입니다	VCP+EF
전주 여행	67	아쉽	VA
전주 여행	67	주이	NNG
전주 여행	67	바다	NNG
전주 여행	67	어서	EC
전주 여행	68	가족	NNG
전주 여행	68	코스	NNG
전주 여행	68	드려요	VV+EF
전주 여행	68	맛집	NNG
전주 여행	68	국내	NNG
전주 여행	68	주달	NNG
전주 여행	68	티비	NNG
전주 여행	68	코스	NNG
전주 여행	68	여수	NNG
전주 여행	68	여수	NNG
전주 여행	68	제주	NNP
전주 여행	68	제주도	NNP
전주 여행	68	전문	NNG
전주 여행	68	언서	NNG
전주 여행	68	주달	NNG
전주 여행	68	봉이	NNG
전주 여행	68	입니다	VCP+EF
전주 여행	68	코스	NNG
전주 여행	68	한옥	NNG
전주 여행	68	마을	NNG
전주 여행	68	에서부터	JKB
전주 여행	69	코스	NNG
전주 여행	69	일정	NNG
전주 여행	69	추천	NNG
전주 여행	69	부탁	NNG
전주 여행	69	드려요	VV+EC
전주 여행	69	토요일	NNG
전주 여행	69	하루	NNG
전주 여행	69	일정	NNG
전주 여행	69	괜찮	VA
전주 여행	69	은지	EC
전주 여행	69	수정	NNG
전주 여행	69	필요	NNG
전주 여행	69	부분	NNG
전주 여행	69	는지	EC
전주 여행	69	인근	NNG
전주 여행	69	맛집	NNG
전주 여행	69	는지	EC
전주 여행	69	등등	NNB
전주 여행	69	의견	NNG
전주 여행	69	부탁	NNG
전주 여행	69	드립니다	VV+EC
전주 여행	69	맛집	NNG
전주 여행	69	국내	NNG
전주 여행	69	주달	NNG
전주 여행	69	티비	NNG
전주 여행	69	코스	NNG
전주 여행	69	여수	NNG
전주 여행	69	여수	NNG
전주 여행	69	제주	NNP
전주 여행	70	려는데	EC
전주 여행	70	한옥	NNG
전주 여행	70	마을	NNG
전주 여행	70	근처	NNG
전주 여행	70	에서	JKB
전주 여행	70	숙박	NNG
전주 여행	70	한다면	XSV+EC
전주 여행	70	어디	NP
전주 여행	70	어디	NP
전주 여행	70	어떤	MM
전주 여행	70	맛집	NNG
전주 여행	70	은지	EC
전주 여행	70	버스	NNG
전주 여행	70	택시	NNG
전주 여행	70	조금	MAG
전주 여행	70	나가	VV+EC
전주 여행	70	어딘지	NP+VCP+EC
전주 여행	70	등등	NNB
전주 여행	70	추천	NNG
전주 여행	70	세요	EP+EF
전주 여행	70	다른	MM
전주 여행	70	어디	NP
전주 여행	71	코스	NNG
전주 여행	71	아침	NNG
전주 여행	71	으로	JKB
전주 여행	71	현대	NNG
전주 여행	71	본점	NNG
전주 여행	71	점심	NNG
전주 여행	71	으로	JKB
전주 여행	71	비빔	NNG
전주 여행	71	소리	NNG
전주 여행	71	려고	EC
전주 여행	71	는데	EC
전주 여행	71	대옥	NNG
전주 여행	71	비빔	NNG
전주 여행	71	소리	NNG
전주 여행	71	중간	NNG
전주 여행	71	어디	NP
전주 여행	71	구경	NNG
전주 여행	71	이나	JC
전주 여행	71	갈만	NNG
전주 여행	71	을까요	EC
전주 여행	71	맛집	NNG
전주 여행	71	국내	NNG
전주 여행	71	주달	NNG
전주 여행	71	티비	NNG
전주 여행	71	코스	NNG
전주 여행	72	전라도	NNP
전주 여행	72	려고	EC
전주 여행	72	는데	EC
전주 여행	72	봐서	VX+EC
전주 여행	72	이나	JX
전주 여행	72	예정	NNG
전주 여행	72	인데	VCP+EC
전주 여행	72	추천	NNG
전주 여행	72	아용	EC
전주 여행	72	체험	NNG
전주 여행	72	구용	NNG
전주 여행	72	에서	JKB
전주 여행	72	추천	NNG
전주 여행	72	드리	VX
전주 여행	72	습니다	EF
전주 여행	72	한옥마을	NNP
전주 여행	73	참고	NNG
전주 여행	73	저희	NP
전주 여행	73	뚜벅	MAG
전주 여행	73	계획	NNG
전주 여행	73	군요	EF
전주 여행	73	그럼	MAJ
전주 여행	73	에서	JKB
전주 여행	73	추천	NNG
전주 여행	73	드리	VX
전주 여행	73	습니다	EF
전주 여행	73	한국	NNP
전주 여행	73	도로공사	NNP
전주 여행	73	수목원	NNG
전주 여행	73	동물원	NNP
전주 여행	73	자만	NNP
전주 여행	73	마을	NNG
전주 여행	73	벽화	NNG
전주 여행	73	갤러리	NNG
전주 여행	73	국립	NNG
전주 여행	73	주박	NNG
전주 여행	73	물관	NNG
전주 여행	74	코스	NNG
전주 여행	74	추천	NNG
전주 여행	74	코스	NNG
전주 여행	74	추천	NNG
전주 여행	74	안녕	NNG
전주 여행	74	세요	EP+EF
전주 여행	74	맛집	NNG
전주 여행	74	블로그	NNG
전주 여행	74	주달	NNG
전주 여행	74	봉이	NNG
전주 여행	74	입니다	VCP+EF
전주 여행	74	대부분	NNG
전주 여행	74	코스	NNG
전주 여행	74	놀러오	VV
전주 여행	74	십니다	EP+EF
전주 여행	74	한옥마을	NNP
전주 여행	74	경기전	NNG
전주 여행	74	남부	NNG
전주 여행	74	시장	NNG
전주 여행	74	시장	NNG
전주 여행	74	벽화	NNG
전주 여행	74	마을	NNG
전주 여행	74	전동성당	NNP
전주 여행	74	향교	NNG
전주 여행	74	목대	NNG
전주 여행	74	이렇게	MAG
전주 여행	74	많이	MAG
전주 여행	74	둘러보	VV
전주 여행	74	추가	NNG
전주 여행	75	코스	NNG
전주 여행	75	동선	NNG
전주 여행	75	세요	EP+EF
전주 여행	75	숙소	NNG
전주 여행	75	완산구	NNP
전주 여행	75	서신동	NNP
전주 여행	75	입니다	VCP+EF
전주 여행	75	맛집	NNG
전주 여행	75	국내	NNG
전주 여행	75	주달	NNG
전주 여행	75	티비	NNG
전주 여행	75	코스	NNG
전주 여행	75	여수	NNG
전주 여행	75	여수	NNG
전주 여행	75	제주	NNP
전주 여행	75	제주도	NNP
전주 여행	75	전문	NNG
전주 여행	75	언서	NNG
전주 여행	75	주달	NNG
전주 여행	75	봉이	NNG
전주 여행	75	입니다	VCP+EC
전주 여행	75	한옥마을	NNP
전주 여행	76	크리스마스	NNG
전주 여행	76	당일치기	NNG
전주 여행	76	습니다	EF
전주 여행	76	고등학생	NNG
전주 여행	76	인데요	VCP+EF
전주 여행	76	어느	MM
전주 여행	76	정도	NNG
전주 여행	76	을까요	EC
전주 여행	76	제대로	MAG
전주 여행	76	답변	NNG
전주 여행	76	세요	EP+EF
전주 여행	76	대학	NNG
전주 여행	76	투어	NNG
전주 여행	76	공연	NNG
전주 여행	76	연극	NNG
전주 여행	76	추천	NNG
전주 여행	76	드릴께요	VX+EF
전주 여행	77	는데	EC
전주 여행	77	그런진	VA+EC+JX
전주 여행	77	모르	VV
전주 여행	77	지만	EC
전주 여행	77	그냥	MAG
전주 여행	77	전라도	NNP
전주 여행	77	사투리	NNG
전주 여행	77	더라구요	EF
전주 여행	77	억양	NNG
전주 여행	77	그런	MM
전주 여행	77	거북	NNG
전주 여행	77	는데	EC
전주 여행	77	갔었	VV+EP
전주 여행	77	는데	EC
전주 여행	77	무슨	MM
전주 여행	77	인진	VCP+EC+JX
전주 여행	77	모르	VV
전주 여행	77	지만	EC
전주 여행	77	사람	NNG
전주 여행	77	전라도	NNP
전주 여행	77	사투리	NNG
전주 여행	77	던데요	EC
전주 여행	77	의외	NNG
전주 여행	77	어요	EF
전주 여행	77	전라북도	NNP
전주 여행	77	전주시	NNP
전주 여행	77	아닌가요	VCN+EC
전주 여행	78	코스	NNG
전주 여행	78	추천	NNG
전주 여행	78	조언	NNG
전주 여행	78	세요	EP+EF
전주 여행	78	한옥마을	NNP
전주 여행	78	경기전	NNG
전주 여행	78	난장	NNG
전주 여행	78	국립	NNG
전주 여행	78	박물관	NNG
전주 여행	78	동물원	NNG
전주 여행	78	이동	NNG
전주 여행	78	수단	NNG
전주 여행	78	자동차	NNG
전주 여행	78	맛집	NNG
전주 여행	78	국내	NNG
전주 여행	78	주달	NNG
전주 여행	78	티비	NNG
전주 여행	78	코스	NNG
전주 여행	78	여수	NNG
전주 여행	78	여수	NNG
전주 여행	78	제주	NNP
전주 여행	79	뚜벅	MAG
전주 여행	79	으로	JKB
전주 여행	79	려는데	EC
전주 여행	79	한옥	NNG
전주 여행	79	마을	NNG
전주 여행	79	근처	NNG
전주 여행	79	..	SY
전주 여행	79	이용	NNG
전주 여행	79	장소	NNG
전주 여행	79	에서	JKB
전주 여행	79	장소	NNG
전주 여행	79	운송	NNG
전주 여행	79	가능	NNG
전주 여행	79	합니다	XSA+EF
전주 여행	79	가격	NNG
전주 여행	79	저렴	XR
전주 여행	79	통해	VV+EC
전주 여행	79	실시간	NNG
전주 여행	79	으로	JKB
전주 여행	79	주문	NNG
전주 여행	79	현황	NNG
전주 여행	79	확인	NNG
전주 여행	79	까지	JX
전주 여행	79	가능	NNG
전주 여행	79	편리	NNG
전주 여행	79	이용	NNG
전주 여행	79	가능	NNG
전주 여행	79	뚜벅	MAG
전주 여행	79	참고	NNG
전주 여행	79	세요	EP+EF
전주 여행	79	즐거운	VA+ETM
전주 여행	79	바랄	VV+ETM
전주 여행	79	게요	NNB+VCP+EC
전주 여행	80	일정	NNG
전주 여행	80	이번	NNG
전주 여행	80	는데	EC
전주 여행	80	소요	NNG
전주 여행	80	시간	NNG
전주 여행	80	어요	EF
전주 여행	80	한옥마을	NNP
전주 여행	80	초코파이	NNP
전주 여행	80	체험	NNG
전주 여행	80	수목원	NNG
전주 여행	80	드림	VV+ETM
전주 여행	80	랜드	NNG
전주 여행	80	으로	JKB
전주 여행	80	는데	EC
전주 여행	80	이동	NNG
전주 여행	80	시간	NNG
전주 여행	80	얼마나	MAG
전주 여행	80	걸릴까요	VV+EF
전주 여행	80	자세	XR
전주 여행	80	부탁	NNG
전주 여행	80	드릴게요	VV+EC
전주 여행	80	우선	MAG
전주 여행	80	한옥마을	NNP
전주 여행	80	초코파이	NNP
전주 여행	80	체험	NNG
전주 여행	80	장이	XSN
전주 여행	80	으니까요	EC
전주 여행	80	이걸	NP+JKO
전주 여행	81	이번	NNG
전주 여행	81	태교	NNG
전주 여행	81	으로	JKB
전주 여행	81	려고	EC
전주 여행	81	는데	EC
전주 여행	81	강아지	NNG
전주 여행	81	..	SY
전주 여행	81	맛집	NNG
전주 여행	81	국내	NNG
전주 여행	81	주달	NNG
전주 여행	81	티비	NNG
전주 여행	81	코스	NNG
전주 여행	81	여수	NNG
전주 여행	81	여수	NNG
전주 여행	81	제주	NNP
전주 여행	81	제주도	NNP
전주 여행	81	전문	NNG
전주 여행	81	언서	NNG
전주 여행	81	주달	NNG
전주 여행	81	봉이	NNG
전주 여행	81	입니다	VCP+EF
전주 여행	81	숙소	NNG
전주 여행	81	힘드	VA
전주 여행	81	다면	EC
전주 여행	81	바닷가	NNG
전주 여행	82	추천	NNG
전주 여행	82	세요	EP+EF
전주 여행	82	추천	NNG
전주 여행	82	세요	EP+EF
전주 여행	82	주식	NNG
전주 여행	82	문화	NNG
전주 여행	82	전일	NNG
전주 여행	82	슈퍼	NNG
전주 여행	82	주만	NNP
전주 여행	82	문화	NNG
전주 여행	82	피큐어	NNP
전주 여행	82	평점	NNG
전주 여행	82	AA	SL
전주 여행	82	전주식	NNP
전주 여행	82	한정식	NNP
전주 여행	82	최고봉	NNP
전주 여행	82	수구	NNP
전주 여행	82	전라	NNP
전주 여행	82	회관	NNG
전주 여행	82	전주비빔밥	NNG
전주 여행	82	최고봉	NNG
전주 여행	82	고궁	NNG
전주 여행	82	성미	NNG
전주 여행	82	토종	NNG
전주 여행	82	명품	NNG
전주 여행	82	사용	NNG
전주 여행	82	리의	NNG
전주 여행	83	혼자	NNG
전주 여행	83	코스	NNG
전주 여행	83	질문	NNG
전주 여행	83	정보	NNG
전주 여행	83	정리	NNG
전주 여행	83	습니다	EF
전주 여행	83	참고	NNG
전주 여행	83	세요	EP+EF
전주 여행	83	에서	JKB
전주 여행	83	덕진	NNP
전주 여행	83	공원	NNG
전주 여행	83	추천	NNP
전주 여행	83	덕진	NNP
전주 여행	83	공원	NNG
전주 여행	83	터미널	NNG
전주 여행	83	에서	JKB
전주 여행	83	가장	MAG
전주 여행	83	가까운	VA+ETM
전주 여행	83	에요	EF
전주 여행	83	산책	NNG
전주 여행	83	호수	NNG
전주 여행	83	공원	NNG
전주 여행	83	에요	EF
전주 여행	83	덕진	NNP
전주 여행	83	공원	NNG
전주 여행	83	생략	NNG
전주 여행	83	곧바로	MAG
전주 여행	83	남부	NNG
전주 여행	83	시장	NNG
전주 여행	84	갈려고	VV+EC
전주 여행	84	는데	EC
전주 여행	84	맛집	NNG
전주 여행	84	국내	NNG
전주 여행	84	주달	NNG
전주 여행	84	티비	NNG
전주 여행	84	코스	NNG
전주 여행	84	여수	NNG
전주 여행	84	여수	NNG
전주 여행	84	제주	NNP
전주 여행	84	제주도	NNP
전주 여행	84	전문	NNG
전주 여행	84	언서	NNG
전주 여행	84	주달	NNG
전주 여행	84	봉이	NNG
전주 여행	84	입니다	VCP+EF
전주 여행	84	코스	NNG
전주 여행	84	한옥	NNG
전주 여행	84	마을	NNG
전주 여행	84	에서부터	JKB
전주 여행	84	시작	NNG
전주 여행	85	부모	NNG
전주 여행	85	려고	EC
전주 여행	85	는데	EC
전주 여행	85	정보	NNG
전주 여행	85	하나	NR
전주 여행	85	어서요	EC
전주 여행	85	숙소	NNG
전주 여행	85	어디	NP
전주 여행	85	은지	EC
전주 여행	85	관광지	NNG
전주 여행	85	어디	NP
전주 여행	85	는지	EC
전주 여행	85	추천	NNG
전주 여행	85	부탁	NNG
전주 여행	85	드려요	VV+EC
전주 여행	85	맛집	NNG
전주 여행	85	국내	NNG
전주 여행	85	주달	NNG
전주 여행	85	티비	NNG
전주 여행	85	코스	NNG
전주 여행	85	여수	NNG
전주 여행	86	코스	NNG
전주 여행	86	!!	SY
전주 여행	86	이미	MAG
전주 여행	86	마치	VV
전주 여행	86	복귀	NNG
전주 여행	86	네요	EF
전주 여행	86	저희	NP
전주 여행	86	지난주	NNG
전주 여행	86	당일	NNG
전주 여행	86	코스	NNG
전주 여행	86	다녀왔	VV+EP
전주 여행	86	는데요	EF
전주 여행	86	주말	NNG
전주 여행	86	라서	EC
전주 여행	86	그런지	VA+EC
전주 여행	86	관광지	NNG
전주 여행	86	사람	NNG
전주 여행	86	아서	EC
전주 여행	86	생각	NNG
전주 여행	86	처럼	JKB
전주 여행	86	많이	MAG
전주 여행	86	둘러보	VV
전주 여행	86	못해서	VX+EC
전주 여행	86	아쉽	VA
전주 여행	86	더라고요	EC
전주 여행	86	최소한	NNG
전주 여행	87	당일치기	NNG
전주 여행	87	려고	EC
전주 여행	87	는데	EC
전주 여행	87	질문	NNG
전주 여행	87	습니다	EF
전주 여행	87	맛집	NNG
전주 여행	87	국내	NNG
전주 여행	87	주달	NNG
전주 여행	87	티비	NNG
전주 여행	87	코스	NNG
전주 여행	87	여수	NNG
전주 여행	87	여수	NNG
전주 여행	87	제주	NNP
전주 여행	87	제주도	NNP
전주 여행	87	전문	NNG
전주 여행	87	언서	NNG
전주 여행	87	주달	NNG
전주 여행	87	봉이	NNG
전주 여행	87	입니다	VCP+EF
전주 여행	87	기지	NNG
전주 여행	87	산책	NNG
전주 여행	87	저녁	NNG
전주 여행	87	많이	MAG
전주 여행	87	셔서	EP+EC
전주 여행	88	는데	EC
전주 여행	88	코스	NNG
전주 여행	88	추천	NNG
전주 여행	88	부탁	NNG
전주 여행	88	드려요	VV+EC
전주 여행	88	~^^	SY
전주 여행	88	남자	NNG
전주 여행	88	친구	NNG
전주 여행	88	생일	NNG
전주 여행	88	으로	JKB
전주 여행	88	는데	EC
전주 여행	88	처음	NNG
전주 여행	88	코스	NNG
전주 여행	88	으면	EC
전주 여행	88	추천	NNG
전주 여행	88	부탁드립니다	VV+EC
전주 여행	88	숙소	NNG
전주 여행	88	한옥마을	NNP
전주 여행	88	도보	NNP
전주 여행	88	10	SN
전주 여행	88	거리	NNG
전주 여행	88	자차	NNG
전주 여행	88	어서	EC
전주 여행	88	이동은	NNP
전주 여행	88	문제	NNG
전주 여행	88	습니다	EF
전주 여행	88	맛집	NNG
전주 여행	88	추천	NNG
전주 여행	88	부탁	NNG
전주 여행	88	드려요	VV+EC
전주 여행	88	안녕	NNG
전주 여행	88	세요	EP+EF
전주 여행	88	AI	SL
전주 여행	89	한옥	NNG
전주 여행	89	마을	NNG
전주 여행	89	남자	NNG
전주 여행	89	혼자	NNG
전주 여행	89	예정	NNG
전주 여행	89	입니다	VCP+EF
전주 여행	89	욕조	NNG
전주 여행	89	굉장히	MAG
전주 여행	89	무리	NNG
전주 여행	89	질문	NNG
전주 여행	89	지만	EC
전주 여행	89	혹시나	MAG
전주 여행	89	해서	VV+EC
전주 여행	89	맛집	NNG
전주 여행	89	국내	NNG
전주 여행	89	주달	NNG
전주 여행	89	티비	NNG
전주 여행	89	코스	NNG
전주 여행	89	여수	NNG
전주 여행	89	여수	NNG
전주 여행	89	제주	NNP
전주 여행	89	제주도	NNP
전주 여행	89	전문	NNG
전주 여행	89	언서	NNG
전주 여행	90	는데	EC
전주 여행	90	렌트	NNG
전주 여행	90	을까	EC
전주 여행	90	는데	EC
전주 여행	90	렌트	NNG
전주 여행	90	을까요	EC
전주 여행	90	안녕	NNG
전주 여행	90	세요	EP+EF
전주 여행	90	천만	NR
전주 여행	90	려인	NNG
전주 여행	90	함께	MAG
전주 여행	90	애견	NNG
전주 여행	90	동반	NNG
전주 여행	90	플랫	NNG
전주 여행	90	하트	NNG
전주 여행	90	입니다	VCP+EF
전주 여행	90	도시	NNG
전주 여행	90	라서	VCP+EC
전주 여행	90	택시	NNG
전주 여행	90	이동	NNG
전주 여행	90	해도	VV+EC
전주 여행	90	불편	NNG
전주 여행	90	습니다	EF
전주 여행	90	답변	NNG
전주 여행	90	도움	NNG
전주 여행	90	다면	EC
전주 여행	90	채택	NNG
전주 여행	90	부탁드립니다	VV+EC
전주 여행	91	코스	NNG
전주 여행	91	질문	NNG
전주 여행	91	드려요	VV+EC
전주 여행	91	이상	NNG
전주 여행	91	문의	NNG
전주 여행	91	통상	NNG
전주 여행	91	안내	NNG
전주 여행	91	드리	VX
전주 여행	91	정보	NNG
전주 여행	91	입니다	VCP+EF
전주 여행	91	질문	NNG
전주 여행	91	간단히	MAG
전주 여행	91	요약	NNG
전주 여행	91	드리	VX
전주 여행	91	먼저	MAG
전주 여행	91	사이트	NNG
전주 여행	91	들어가	VV
전주 여행	91	셔서	EP+EC
전주 여행	91	예약	NNG
전주 여행	91	오전	NNG
전주 여행	92	코스	NNG
전주 여행	92	질문	NNG
전주 여행	92	내공	NNG
전주 여행	92	어요	EF
전주 여행	92	100	SN
전주 여행	92	부산	NNP
전주 여행	92	에서	JKB
전주 여행	92	려고	EC
전주 여행	92	합니다	VX+EF
전주 여행	92	자차	NNG
전주 여행	92	아닌	VCN+ETM
전주 여행	92	버스	NNG
전주 여행	92	위주	NNG
전주 여행	92	려고	EC
전주 여행	92	합니다	VX+EF
전주 여행	92	그리고	MAJ
전주 여행	92	아니	VCN
전주 여행	92	다가	EC
전주 여행	92	에서	JKB
전주 여행	92	가깝	VA
전주 여행	92	거나	EC
전주 여행	92	버스	NNG
전주 여행	92	시간	NNBC
전주 여행	92	정도	NNG
전주 여행	92	다른	MM
전주 여행	92	지역	NNG
전주 여행	92	은데	EC
전주 여행	92	많이	MAG
전주 여행	92	다니	VV
전주 여행	93	코스	NNG
전주 여행	93	추천	NNG
전주 여행	93	코스	NNG
전주 여행	93	추천	NNG
전주 여행	93	세염	NNG
전주 여행	93	동물원	NNP
전주 여행	93	걍기전	UNKNOWN
전주 여행	93	한옥마을	NNP
전주 여행	93	덕진	NNP
전주 여행	93	연못	NNG
전주 여행	93	으로	JKB
전주 여행	93	가보세요	NNG
전주 여행	94	코스	NNG
전주 여행	94	알려	VV+EC
전주 여행	94	세요	EP+EF
전주 여행	94	안녕	IC
전주 여행	94	세요	EP+EF
전주 여행	94	당일치기	NNG
전주 여행	94	코스	NNG
전주 여행	94	세요	EP+EF
전주 여행	94	동물원	NNG
전주 여행	94	한옥마을	NNP
전주 여행	94	수목원	NNG
전주 여행	94	팔복	NNG
전주 여행	94	예술	NNG
전주 여행	94	공장	NNG
전주 여행	94	드림	VV+ETM
전주 여행	94	랜드	NNG
전주 여행	94	당일치기	NNG
전주 여행	94	코스	NNG
전주 여행	94	알려	VV+EC
전주 여행	94	세요	EP+EF
전주 여행	94	자가용	NNG
전주 여행	94	으로	JKB
전주 여행	94	이동	NNG
전주 여행	94	신다면	EP+EC
전주 여행	94	아래	NNG
전주 여행	94	코스	NNG
전주 여행	94	시간	NNG
전주 여행	94	아낄	VV+ETM
전주 여행	95	코스	NNG
전주 여행	95	질문	NNG
전주 여행	95	코스	NNG
전주 여행	95	관련	NNG
전주 여행	95	답변	NNG
전주 여행	95	드리	VV
전주 여행	95	습니다	EF
전주 여행	95	가족	NNG
전주 여행	95	함께	MAG
전주 여행	95	계획	NNG
전주 여행	95	군요	EF
전주 여행	95	추천	NNG
전주 여행	95	명소	NNG
전주 여행	95	맛집	NNG
전주 여행	95	포함	NNG
전주 여행	95	해서	XSV+EC
전주 여행	95	여다	VV+EC
전주 여행	95	에서	JKB
전주 여행	95	맞춤	NNG
전주 여행	95	코스	NNG
전주 여행	95	준비	NNG
전주 여행	95	어요	EF
전주 여행	95	아래	NNG
전주 여행	95	첨부	NNG
전주 여행	95	일정	NNG
전주 여행	96	당일치기	NNG
전주 여행	96	코스	NNG
전주 여행	96	처음	NNG
전주 여행	96	으로	JKB
전주 여행	96	라서	VCP+EC
전주 여행	96	많이	MAG
전주 여행	96	어요	EF
전주 여행	96	일단	MAG
전주 여행	96	한옥	NNG
전주 여행	96	마을	NNG
전주 여행	96	에서	JKB
전주 여행	96	한복	NNG
전주 여행	96	빌려서	VV+EC
전주 여행	96	한옥마을	NNP
전주 여행	96	전동성당	NNP
전주 여행	96	이랑	JC
전주 여행	96	경기전	NNG
전주 여행	96	그리고	MAJ
전주 여행	96	자만	NNG
전주 여행	96	벽화	NNG
전주 여행	96	마을	NNG
전주 여행	96	까지	JX
전주 여행	96	정했	VV+EP
전주 여행	96	는데	EC
전주 여행	96	다른	MM
전주 여행	96	못했	VX+EP
전주 여행	96	어요	EF
전주 여행	96	한옥마을	NNP
전주 여행	97	초등	NNG
전주 여행	97	아이	NNG
전주 여행	97	코스	NNG
전주 여행	97	맛집	NNG
전주 여행	97	추천	NNG
전주 여행	97	부탁	NNG
전주 여행	97	합니다	XSV+EF
전주 여행	97	아이	NNG
전주 여행	97	계획	NNG
전주 여행	97	계시	VX
전주 여행	97	군요	EF
전주 여행	97	에서	JKB
전주 여행	97	아이	NNG
전주 여행	97	함께	MAG
전주 여행	97	군데	NNBC
전주 여행	97	추천	NNG
전주 여행	97	드려	VV+EC
전주 여행	97	도록	EC
전주 여행	97	습니다	EF
전주 여행	97	한옥마을	NNP
전주 여행	97	이미	MAG
전주 여행	97	계획	NNG
전주 여행	97	장소	NNG
전주 여행	97	한옥마을	NNP
전주 여행	97	예요	EC
전주 여행	97	한복	NNG
전주 여행	97	한옥마을	NNP
전주 여행	97	거닐	VV
전주 여행	97	사진	NNG
전주 여행	98	합니다	XSV+EF
전주 여행	98	ㅠㅠ	UNKNOWN
전주 여행	98	코스	NNG
전주 여행	98	코스	NNG
전주 여행	98	추천	NNG
전주 여행	98	드립니다	VV+EF
전주 여행	98	안녕	IC
전주 여행	98	세요	EP+EF
전주 여행	98	전문	NNG
전주 여행	98	블로거	NNP
전주 여행	98	쭈니	NNP
전주 여행	98	아빠	NNG
전주 여행	98	입니다	VCP+EF
전주 여행	98	방학	NNG
전주 여행	98	아서	EC
전주 여행	98	친구	NNG
전주 여행	98	준비	NNG
전주 여행	98	계시	VX
전주 여행	98	네요	EF
전주 여행	98	한옥마을	NNP
전주 여행	98	중심	NNG
전주 여행	98	으로	JKB
전주 여행	98	터미널	NNG
전주 여행	98	에서	JKB
전주 여행	98	버스	NNG
전주 여행	98	한옥	NNG
전주 여행	98	마을	NNG
전주 여행	99	순서	NNG
전주 여행	99	알려	VV+EC
전주 여행	99	세요	EP+EF
전주 여행	99	려고	EC
전주 여행	99	는데요	EC
전주 여행	99	덕진	NNP
전주 여행	99	공원	NNG
전주 여행	99	동물원	NNG
전주 여행	99	한옥	NNG
전주 여행	99	마을	NNG
전주 여행	99	남부	NNG
전주 여행	99	시장	NNG
전주 여행	99	려고	EC
전주 여행	99	합니다	VX+EF
전주 여행	99	시외버스	NNG
전주 여행	99	공용	NNG
전주 여행	99	터미널	NNG
전주 여행	99	에서	JKB
전주 여행	99	가까운	VA+ETM
전주 여행	99	순서	NNG
전주 여행	99	어떻게	MAG
전주 여행	99	될까요	VV+EF
전주 여행	99	그리고	MAJ
전주 여행	99	근처	NNG
전주 여행	99	가까운	VA+ETM
전주 여행	99	바닷가	NNG
전주 여행	99	어디	NP
전주 여행	99	인가요	VCP+EC
전주 여행	99	구경	NNG
전주 여행	100	비용	NNG
전주 여행	100	안녕	NNG
전주 여행	100	세요	EP+EF
전주 여행	100	려는	ETM
전주 여행	100	학생	NNG
전주 여행	100	입니다	VCP+EF
전주 여행	100	수원	NNP
전주 여행	100	고요	EC
전주 여행	100	으로	JKB
전주 여행	100	가려	VV+EC
전주 여행	100	는데	EC
전주 여행	100	비용	NNG
전주 여행	100	어느	MM
전주 여행	100	정도	NNG
전주 여행	100	나올까요	VV+EF
전주 여행	100	수원	NNP
전주 여행	100	에서	JKB
전주 여행	100	까지	VV
전주 여행	100	자가용	NNG
전주 여행	100	으로	JKB
전주 여행	100	시간	NNBC
전주 여행	100	정도	NNG
전주 여행	100	걸리	VV
전주 여행	100	코스	NNG
전주 여행	100	인데요	VCP+EF
전주 여행	100	대중교통	NNG
전주 여행	100	으로	JKB
전주 여행	100	간다	VV+EC
전주 여행	100	라면	NNG
전주 여행	100	조금	MAG
전주 여행	101	관련	NNG
전주 여행	101	질문	NNG
전주 여행	101	계획	NNG
전주 여행	101	계시	VX
전주 여행	101	다니	EC
전주 여행	101	정말	MAG
전주 여행	101	선택	NNG
전주 여행	101	네요	EF
전주 여행	101	한옥마을	NNP
전주 여행	101	함께	MAG
전주 여행	101	멋진	VA+ETM
전주 여행	101	자연	NNG
전주 여행	101	경관	NNG
전주 여행	101	맛있	VA
전주 여행	101	음식	NNG
전주 여행	101	가득	MAG
전주 여행	101	동네	NNG
전주 여행	101	정말	MAG
전주 여행	101	즐거운	VA+ETM
전주 여행	101	시간	NNG
전주 여행	101	보낼	VV+ETM
전주 여행	101	예요	VCP+EF
전주 여행	101	우선	MAG
전주 여행	101	한옥	NNG
전주 여행	101	마을	NNG
전주 여행	101	근처	NNG
전주 여행	101	에서	JKB
전주 여행	101	장소	NNG
전주 여행	102	여학생	NNG
전주 여행	102	친구	NNG
전주 여행	102	안녕	NNG
전주 여행	102	세요	EP+EF
전주 여행	102	15	SN
전주 여행	102	여학생	NNG
전주 여행	102	입니다	VCP+EF
전주 여행	102	친한	VA+ETM
전주 여행	102	친구	NNG
전주 여행	102	는데	EC
전주 여행	102	어디	NP
전주 여행	102	할지	VX+EC
전주 여행	102	몰라서	VV+EC
전주 여행	102	너무	MAG
전주 여행	102	막막	XR
전주 여행	102	합니다	XSA+EF
전주 여행	102	저희	NP
전주 여행	102	일본	NNP
전주 여행	102	애니	NNP
전주 여행	102	너무	MAG
전주 여행	102	는데	EC
전주 여행	102	오타쿠	NNP
전주 여행	102	갈만	NNG
전주 여행	102	을까요	EC
전주 여행	102	제발	MAG
전주 여행	102	알려	VV+EC
전주 여행	102	세요	EP+EF
전주 여행	103	부모	NNG
전주 여행	103	모시	VV
전주 여행	103	부모	NNG
전주 여행	103	모시	VV
전주 여행	103	려는데	EC
전주 여행	103	명소	NNG
전주 여행	103	식당	NNG
전주 여행	103	추천	NNG
전주 여행	103	부탁	NNG
전주 여행	103	드립니다	VV+EC
전주 여행	103	한옥마을	NNP
전주 여행	103	유명	XR
전주 여행	103	완산구	NNP
전주 여행	103	으며	EC
전주 여행	103	덕진구	NNP
전주 여행	103	또한	MAJ
전주 여행	103	멋진	VA+ETM
전주 여행	103	추억	NNG
전주 여행	103	가진	VV+ETM
전주 여행	103	장소	NNG
전주 여행	103	많이	MAG
전주 여행	104	이번	NNG
전주 여행	104	여자	NNG
전주 여행	104	친구	NNG
전주 여행	104	는데	EC
전주 여행	104	경로	NNG
전주 여행	104	알려	VV+EC
전주 여행	104	세요	EP+EF
전주 여행	104	토요일	NNG
전주 여행	104	온다고	VV+EC
전주 여행	104	는데	EC
전주 여행	104	실내	NNG
전주 여행	104	데이트	NNG
전주 여행	104	가능	NNG
전주 여행	104	알려	VV+EC
전주 여행	104	감사	NNG
전주 여행	104	습니다	EF
전주 여행	104	숙소	NNG
전주 여행	104	한옥	NNG
전주 여행	104	마을	NNG
전주 여행	104	근처	NNG
전주 여행	104	습니다	EF
전주 여행	104	한옥마을	NNP
전주 여행	104	구경	NNG
전주 여행	105	저녁	NNG
전주 여행	105	주천	NNG
전주 여행	105	산책	NNG
전주 여행	105	따라	VV+EC
전주 여행	105	거나	EC
전주 여행	105	한옥	NNG
전주 여행	105	마을	NNG
전주 여행	105	근처	NNG
전주 여행	105	에서	JKB
전주 여행	105	야경	NNG
전주 여행	105	즐기	VV
전주 여행	105	너무	MAG
전주 여행	105	답니다	EF
전주 여행	105	혹시	MAG
전주 여행	105	일정	NNG
전주 여행	105	이나	JC
전주 여행	105	관심	NNG
전주 여행	105	테마	NNG
전주 여행	105	사진	NNG
전주 여행	105	카페	NNG
전주 여행	105	체험	NNG
전주 여행	105	알려	VV+EC
전주 여행	105	맞춤	VV+EC
전주 여행	105	추천	NNG
전주 여행	105	드릴	VX+ETM
전주 여행	105	어요	EF
전주 여행	105	즐거운	VA+ETM
전주 여행	105	바랄	VV+ETM
전주 여행	105	게요	NNB+VCP+EC
전주 여행	106	코스	NNG
전주 여행	106	추천	NNG
전주 여행	106	~!	SY
전주 여행	106	영화제	NNG
전주 여행	106	기간	NNG
전주 여행	106	일정	NNG
전주 여행	106	으로	JKB
전주 여행	106	볼까	EC+VX+EC
전주 여행	106	해서	VV+EC
전주 여행	106	코스	NNG
전주 여행	106	추천	NNG
전주 여행	106	세요	EP+EF
전주 여행	106	어차피	MAG
전주 여행	106	주목적	NNG
전주 여행	106	전주국	NNG
전주 여행	106	영화제	NNG
전주 여행	106	니까	VCP+EC
전주 여행	106	둘러보	VV
전주 여행	106	에요	VCP+EF
전주 여행	106	그냥	MAG
전주 여행	106	알짜배기	NNG
전주 여행	106	추천	NNG
전주 여행	107	주로	MAG
전주 여행	107	커플	NNG
전주 여행	107	려고	EC
전주 여행	107	는데	EC
전주 여행	107	추천	NNG
전주 여행	107	세요	EP+EF
전주 여행	107	숙소	NNG
전주 여행	107	거리	NNG
전주 여행	107	맛집	NNG
전주 여행	107	등등	NNB
전주 여행	107	추천	NNG
전주 여행	107	감사	NNG
전주 여행	107	습니다	EF
전주 여행	107	한옥마을	NNP
전주 여행	107	겁니다	NNB+VCP+EF
전주 여행	107	답변	NNG
전주 여행	107	도움	NNG
전주 여행	107	으면	EC
전주 여행	107	습니다	EF
전주 여행	107	한옥마을	NNP
전주 여행	107	한옥마을	NNP
전주 여행	107	맛집	NNG
전주 여행	107	거리	EC
전주 여행	107	추천	NNG
전주 여행	108	추석	NNG
전주 여행	108	16	SN
전주 여행	108	18	SN
전주 여행	108	려고	EC
전주 여행	108	는데	EC
전주 여행	108	그때	NNG
전주 여행	108	한옥마을	NNP
전주 여행	108	관광지	NNG
전주 여행	108	을까요	EC
전주 여행	108	추석	NNG
전주 여행	108	당일	NNG
전주 여행	108	습니다	EF
전주 여행	108	에도	NNP
전주 여행	108	이벤트	NNG
전주 여행	108	진행	NNG
전주 여행	108	입니다	VCP+EC
전주 여행	108	27	SN
전주 여행	108	10	SN
전주 여행	108	13	SN
전주 여행	108	한국	NNP
전주 여행	108	관광공사	NNP
전주 여행	108	에서	JKB
전주 여행	108	숙박	NNG
전주 여행	108	세일	NNG
전주 여행	108	페스타	NNP
전주 여행	108	이벤트	NNG
전주 여행	108	진행	NNG
전주 여행	108	입니다	VCP+EC
전주 여행	109	연령	NNG
전주 여행	109	렌트카	NNG
전주 여행	109	추천	NNG
전주 여행	109	이번	NNG
전주 여행	109	21	SN
전주 여행	109	으로	JKB
전주 여행	109	19	SN
전주 여행	109	입니다	VCP+EF
전주 여행	109	연령	NNG
전주 여행	109	자동차	NNG
전주 여행	109	추천	NNG
전주 여행	109	부탁	NNG
전주 여행	109	드리	VV
전주 여행	109	습니다	EF
전주 여행	109	그리고	MAJ
전주 여행	109	가격	NNG
전주 여행	109	렌트	NNG
전주 여행	109	어느	MM
전주 여행	109	정도	NNG
전주 여행	109	나올까요	VV+EF
전주 여행	109	에서	JKB
전주 여행	109	21	SN
전주 여행	109	이상	NNG
전주 여행	109	렌트	NNG
전주 여행	109	가능	NNG
전주 여행	109	자동차	NNG
전주 여행	109	찾아보	VV
전주 여행	109	세요	EP+EF
전주 여행	109	가격	NNG
전주 여행	110	포항	NNP
전주 여행	110	에서	JKB
전주 여행	110	포항	NNP
전주 여행	110	까지	JX
전주 여행	110	기차	NNG
전주 여행	110	을까요	EC
전주 여행	110	버스	NNG
전주 여행	110	을까요	EC
전주 여행	110	안녕	NNG
전주 여행	110	세요	EP+EF
전주 여행	110	에서	JKB
전주 여행	110	포항	NNP
전주 여행	110	까지	JX
전주 여행	110	기차	NNG
전주 여행	110	버스	NNG
전주 여행	110	각각	MAG
전주 여행	110	장단점	NNG
전주 여행	110	으므로	EC
전주 여행	110	어떤	MM
전주 여행	110	방법	NNG
전주 여행	110	은지	EC
전주 여행	110	결정	NNG
전주 여행	110	가지	NNBC
전주 여행	110	요소	NNG
전주 여행	110	고려	NNG
전주 여행	110	필요	NNG
전주 여행	110	습니다	EF
전주 여행	111	펜션	NNG
전주 여행	111	한옥	NNG
전주 여행	111	으로	JKB
전주 여행	111	이번	NNG
전주 여행	111	남자	NNG
전주 여행	111	친구	NNG
전주 여행	111	같이	MAG
전주 여행	111	해서	VV+EC
전주 여행	111	얼른	MAG
전주 여행	111	펜션	NNG
전주 여행	111	봐야	VX+EC
전주 여행	111	는데	EC
전주 여행	111	한옥	NNG
전주 여행	111	마을	NNG
전주 여행	111	근처	NNG
전주 여행	111	한옥	NNG
전주 여행	111	느낌	MAG
전주 여행	111	펜션	NNG
전주 여행	111	으로	JKB
전주 여행	111	을까요	EC
전주 여행	111	내부	NNG
전주 여행	111	정감	NNG
전주 여행	111	분위기	NNG
전주 여행	111	아요	EF
전주 여행	111	빠른	VA+ETM
전주 여행	111	답변	NNG
전주 여행	111	부탁	NNG
전주 여행	112	세요	EP+EF
전주 여행	112	한옥마을	NNP
전주 여행	112	유명	XR
전주 여행	112	완산구	NNP
전주 여행	112	으며	EC
전주 여행	112	덕진구	NNP
전주 여행	112	또한	MAJ
전주 여행	112	멋진	VA+ETM
전주 여행	112	추억	NNG
전주 여행	112	가진	VV+ETM
전주 여행	112	장소	NNG
전주 여행	112	많이	MAG
전주 여행	112	습니다	EF
전주 여행	112	완산구	NNP
전주 여행	112	덕진구	NNP
전주 여행	112	대해서	VV+EC
전주 여행	113	뚜벅	MAG
전주 여행	113	엄마	NNG
전주 여행	113	뚜벅	MAG
전주 여행	113	계획	NNG
전주 여행	113	인데	VCP+EC
전주 여행	113	답변	NNG
전주 여행	113	부탁	NNG
전주 여행	113	드려요	VV+EC
전주 여행	113	기차	NNG
전주 여행	113	고속버스	NNG
전주 여행	113	어떤	MM
전주 여행	113	을까요	EC
전주 여행	113	도착	NNG
전주 여행	113	해서	XSV+EC
전주 여행	113	관광	NNG
전주 여행	113	이용	NNG
전주 여행	113	교통수단	NNG
전주 여행	113	어떤	MM
전주 여행	113	을까요	EC
전주 여행	113	숙소	NNG
전주 여행	113	추천	NNG
전주 여행	113	부탁드려요	VV+EF
전주 여행	113	서울	NNP
전주 여행	114	당일치기	NNG
전주 여행	114	어렵	VA
전주 여행	114	네요	EF
전주 여행	114	당일치기	NNG
전주 여행	114	계획	NNG
전주 여행	114	군요	EF
전주 여행	114	에서	JKB
전주 여행	114	한옥마을	NNP
전주 여행	114	까지	JX
전주 여행	114	방법	NNG
전주 여행	114	당일치기	NNG
전주 여행	114	코스	NNG
전주 여행	114	알려	VV+EC
전주 여행	114	드릴게요	VX+EC
전주 여행	114	에서	JKB
전주 여행	114	한옥마을	NNP
전주 여행	114	까지	JX
전주 여행	114	방법	NNG
전주 여행	114	으로	JKB
전주 여행	114	택시	NNG
전주 여행	114	버스	NNG
전주 여행	114	어요	EF
전주 여행	114	에서	JKB
전주 여행	114	한옥마을	NNP
전주 여행	114	까지	JX
전주 여행	114	택시	NNG
전주 여행	115	경비	NNG
전주 여행	115	보통	NNG
전주 여행	115	경비	NNG
전주 여행	115	얼마	NNG
전주 여행	115	정도	NNG
전주 여행	115	드나	VV
전주 여행	115	숙소	NNG
전주 여행	115	13	SN
전주 여행	115	인데	VCP+EC
전주 여행	115	려고	EC
전주 여행	115	비싼	VA+ETM
전주 여행	115	건가요	NNB+VCP+EC
전주 여행	115	질문	NNG
전주 여행	115	도움	NNG
전주 여행	115	답변	NNG
전주 여행	115	바래	VV
전주 여행	115	예산	NNG
전주 여행	115	30	SN
전주 여행	115	내외	NNG
전주 여행	115	숙소	NNG
전주 여행	115	13	SN
전주 여행	115	적당	XR
전주 여행	115	합니다	XSA+EC
전주 여행	116	커플	NNG
전주 여행	116	대해	VV+EC
전주 여행	116	도움	NNG
전주 여행	116	드릴게요	VV+EC
전주 여행	116	남자	NNG
전주 여행	116	친구	NNG
전주 여행	116	이용	NNG
전주 여행	116	할지	XSV+EC
전주 여행	116	KTX	SL
전주 여행	116	이용	NNG
전주 여행	116	할지	XSV+EC
전주 여행	116	대해서	VV+EC
전주 여행	116	여러	MM
전주 여행	116	가지	NNBC
전주 여행	116	요소	NNG
전주 여행	116	고려	NNG
전주 여행	116	셔야	EP+EC
전주 여행	116	합니다	VX+EF
전주 여행	116	만약	MAG
전주 여행	116	교통	NNG
전주 여행	116	체증	NNG
전주 여행	116	예상	NNG
전주 여행	116	날짜	NNG
전주 여행	116	라면	VCP+EC
전주 여행	116	KTX	SL
전주 여행	116	이용	NNG
전주 여행	116	편할	VA+ETM
전주 여행	116	습니다	EF
전주 여행	116	또한	MAJ
전주 여행	116	남자	NNG
전주 여행	116	친구	NNG
전주 여행	117	려는데	EC
전주 여행	117	여행지	NNG
전주 여행	117	맛집	NNG
전주 여행	117	추천	NNG
전주 여행	117	세요	EP+EF
전주 여행	117	보리암	NNP
전주 여행	117	다랭이	NNG
전주 여행	117	독일	NNP
전주 여행	117	마을	NNG
전주 여행	117	한옥마을	NNP
전주 여행	117	두세	MM
전주 여행	117	맛집	NNG
전주 여행	117	빨리	MAG
전주 여행	117	추천	NNG
전주 여행	117	세요	EP+EF
전주 여행	117	라서	EC
전주 여행	117	추천	NNG
전주 여행	117	셔도	EP+EC
전주 여행	117	됩니다	VV+EF
전주 여행	117	맛집	NNG
전주 여행	118	추천	NNG
전주 여행	118	맛집	NNG
전주 여행	118	국내	NNG
전주 여행	118	주달	NNG
전주 여행	118	티비	NNG
전주 여행	118	코스	NNG
전주 여행	118	여수	NNG
전주 여행	118	여수	NNG
전주 여행	118	제주	NNP
전주 여행	118	제주도	NNP
전주 여행	118	전문	NNG
전주 여행	118	언서	NNG
전주 여행	118	주달	NNG
전주 여행	118	봉이	NNG
전주 여행	118	입니다	VCP+EF
전주 여행	118	코스	NNG
전주 여행	118	한옥	NNG
전주 여행	118	마을	NNG
전주 여행	118	에서부터	JKB
전주 여행	119	코스	NNG
전주 여행	119	질문	NNG
전주 여행	119	코스	NNG
전주 여행	119	전라도	NNP
전주 여행	119	어서	EC
전주 여행	119	맛집	NNG
전주 여행	119	국내	NNG
전주 여행	119	주달	NNG
전주 여행	119	티비	NNG
전주 여행	119	코스	NNG
전주 여행	119	여수	NNG
전주 여행	119	여수	NNG
전주 여행	119	제주	NNP
전주 여행	119	제주도	NNP
전주 여행	119	전문	NNG
전주 여행	119	언서	NNG
전주 여행	120	간다면	VV+EC
전주 여행	120	비용	NNG
전주 여행	120	얼마	NNG
전주 여행	120	나올까요	VV+EF
전주 여행	120	비용	NNG
전주 여행	120	여러	MM
전주 여행	120	요소	NNG
전주 여행	120	따라	VV+EC
전주 여행	120	달라지	VV
전주 여행	120	지만	EC
전주 여행	120	일반	NNG
전주 여행	120	으로	JKB
전주 여행	120	다음	NNG
전주 여행	120	항목	NNG
전주 여행	120	포함	NNG
전주 여행	120	됩니다	XSV+EC
전주 여행	120	교통비	NNG
전주 여행	120	까지	JX
전주 여행	120	이동	NNG
전주 여행	120	위한	VV+ETM
전주 여행	120	교통	NNG
전주 여행	120	비용	NNG
전주 여행	120	입니다	VCP+EF
전주 여행	121	코스	NNG
전주 여행	121	맛집	NNG
전주 여행	121	국내	NNG
전주 여행	121	주달	NNG
전주 여행	121	티비	NNG
전주 여행	121	코스	NNG
전주 여행	121	여수	NNG
전주 여행	121	여수	NNG
전주 여행	121	제주	NNP
전주 여행	121	제주도	NNP
전주 여행	121	전문	NNG
전주 여행	121	언서	NNG
전주 여행	121	주달	NNG
전주 여행	121	봉이	NNG
전주 여행	121	입니다	VCP+EF
전주 여행	121	코스	NNG
전주 여행	121	한옥	NNG
전주 여행	121	마을	NNG
전주 여행	121	에서부터	JKB
전주 여행	121	시작	NNG
전주 여행	122	당일치기	NNG
전주 여행	122	혼자	NNG
전주 여행	122	코스	NNG
전주 여행	122	추천	NNG
전주 여행	122	박물관	NNG
전주 여행	122	미술관	NNG
전주 여행	122	지역	NNG
전주 여행	122	공간	NNG
전주 여행	122	스토리	NNG
전주 여행	122	안내	NNG
전주 여행	122	해설	NNG
전주 여행	122	문화	NNG
전주 여행	122	코스	NNG
전주 여행	122	방지	NNG
전주 여행	122	위해	VV+EC
전주 여행	122	예약금	NNG
전주 여행	122	결제	NNG
전주 여행	122	현장	NNG
전주 여행	122	에서	JKB
전주 여행	122	상당	NNG
전주 여행	122	음료	NNG
전주 여행	122	기프	NNP
전주 여행	122	으로	JKB
전주 여행	122	환급	NNG
전주 여행	122	선착순	NNG
전주 여행	122	마감	NNG
전주 여행	122	계획	NNG
전주 여행	122	으신	EP+ETM
전주 여행	123	필요	NNG
전주 여행	123	가요	NNG
전주 여행	123	안녕	NNG
전주 여행	123	세요	EP+EF
전주 여행	123	계획	NNG
전주 여행	123	입니다	VCP+EF
전주 여행	123	서울	NNP
전주 여행	123	에서	JKB
전주 여행	123	까지	JX
전주 여행	123	기차	NNG
전주 여행	123	건데	NNB+VCP+EC
전주 여행	123	에서	JKB
전주 여행	123	렌트	NNG
전주 여행	123	해야	VV+EC
전주 여행	123	할지	VX+EC
전주 여행	123	궁금	XR
전주 여행	123	합니다	XSA+EF
전주 여행	123	참고	NNG
전주 여행	123	한옥마을	NNP
전주 여행	123	포함	NNG
전주 여행	123	해서	XSV+EC
전주 여행	123	유명	NNG
전주 여행	123	관광지	NNG
전주 여행	123	돌아볼	VV+ETM
전주 여행	123	계획	NNG
전주 여행	123	입니다	VCP+EF
전주 여행	123	맛집	NNG
전주 여행	123	국내	NNG
전주 여행	124	맛집	NNG
전주 여행	124	국내	NNG
전주 여행	124	주달	NNG
전주 여행	124	티비	NNG
전주 여행	124	코스	NNG
전주 여행	124	여수	NNG
전주 여행	124	여수	NNG
전주 여행	124	제주	NNP
전주 여행	124	제주도	NNP
전주 여행	124	전문	NNG
전주 여행	124	언서	NNG
전주 여행	124	주달	NNG
전주 여행	124	봉이	NNG
전주 여행	124	입니다	VCP+EF
전주 여행	124	대중교통	NNG
전주 여행	124	이나	JC
전주 여행	124	택시	NNG
전주 여행	124	이용	NNG
전주 여행	125	완주	NNG
전주 여행	125	맛집	NNG
전주 여행	125	국내	NNG
전주 여행	125	주달	NNG
전주 여행	125	티비	NNG
전주 여행	125	코스	NNG
전주 여행	125	여수	NNG
전주 여행	125	여수	NNG
전주 여행	125	제주	NNP
전주 여행	125	제주도	NNP
전주 여행	125	전문	NNG
전주 여행	125	언서	NNG
전주 여행	125	주달	NNG
전주 여행	125	봉이	NNG
전주 여행	125	입니다	VCP+EF
전주 여행	125	완주	NNP
전주 여행	125	어느	MM
전주 여행	125	느냐	EC
전주 여행	125	따라	VV+EC
전주 여행	126	부탁	NNG
전주 여행	126	드립니다	VV+EC
전주 여행	126	맛집	NNG
전주 여행	126	국내	NNG
전주 여행	126	주달	NNG
전주 여행	126	티비	NNG
전주 여행	126	코스	NNG
전주 여행	126	여수	NNG
전주 여행	126	여수	NNG
전주 여행	126	제주	NNP
전주 여행	126	제주도	NNP
전주 여행	126	전문	NNG
전주 여행	126	언서	NNG
전주 여행	126	주달	NNG
전주 여행	126	봉이	NNG
전주 여행	126	입니다	VCP+EF
전주 여행	126	코스	NNG
전주 여행	127	코스	NNG
전주 여행	127	세요	EP+EF
전주 여행	127	ㅜㅜ	UNKNOWN
전주 여행	127	코스	NNG
전주 여행	127	드릴	VX+ETM
전주 여행	127	습니다	EF
전주 여행	127	역사	NNG
전주 여행	127	유적지	NNG
전주 여행	127	전통문화	NNG
전주 여행	127	빛나	VV
전주 여행	127	으로	JKB
전주 여행	127	유명	XR
전주 여행	127	한데요	XSA+EF
전주 여행	127	먼저	MAG
전주 여행	127	한옥마을	NNP
전주 여행	127	방문	NNG
전주 여행	127	아름다움	VA+ETN
전주 여행	127	느낄	VV+ETM
전주 여행	127	습니다	EF
전주 여행	127	시작	NNG
전주 여행	127	라고	EC
전주 여행	127	한옥	NNG
전주 여행	127	마을	NNG
전주 여행	127	에서	JKB
전주 여행	128	대중교통	NNG
전주 여행	128	이랑	JC
전주 여행	128	렌트카	NNG
전주 여행	128	어떤	MM
전주 여행	128	을까요	EF
전주 여행	128	움직이	VV
전주 여행	128	편할지	VA+EC
전주 여행	128	대중교통	NNG
전주 여행	128	편할지	VA+EC
전주 여행	128	알려	VV+EC
전주 여행	128	세요	EP+EF
전주 여행	128	교통	NNG
전주 여행	128	상황	NNG
전주 여행	128	어떤지	VA+EC
전주 여행	128	궁금	XR
전주 여행	128	합니다	XSA+EF
전주 여행	128	맛집	NNG
전주 여행	128	국내	NNG
전주 여행	128	주달	NNG
전주 여행	128	티비	NNG
전주 여행	128	코스	NNG
전주 여행	128	여수	NNG
전주 여행	128	여수	NNG
전주 여행	128	제주	NNP
전주 여행	129	가시	VV
전주 여행	129	는군요	EC
전주 여행	129	그렇	VA
전주 여행	129	다면	EC
전주 여행	129	에서	JKB
전주 여행	129	연인	NNG
전주 여행	129	제일	MAG
전주 여행	129	많이	MAG
전주 여행	129	추천	NNG
전주 여행	129	드리	VX
전주 여행	129	습니다	EF
전주 여행	129	한옥마을	NNP
전주 여행	129	동물원	NNP
전주 여행	129	한국도로공사	NNP
전주 여행	129	수목원	NNG
전주 여행	129	향교	NNP
전주 여행	129	덕진	NNP
전주 여행	129	공원	NNG
전주 여행	130	관련	NNG
전주 여행	130	맛집	NNG
전주 여행	130	국내	NNG
전주 여행	130	주달	NNG
전주 여행	130	티비	NNG
전주 여행	130	코스	NNG
전주 여행	130	여수	NNG
전주 여행	130	여수	NNG
전주 여행	130	제주	NNP
전주 여행	130	제주도	NNP
전주 여행	130	전문	NNG
전주 여행	130	언서	NNG
전주 여행	130	주달	NNG
전주 여행	130	봉이	NNG
전주 여행	130	입니다	VCP+EF
전주 여행	130	주말	NNG
전주 여행	130	인지	VCP+EC
전주 여행	130	평일	NNG
전주 여행	130	인지	VCP+EC
전주 여행	130	따라	VV+EC
전주 여행	130	다릅니다	VA+EC
전주 여행	131	려고	EC
전주 여행	131	vs	SL
전주 여행	131	어떤	MM
전주 여행	131	적당	XR
전주 여행	131	할지	XSA+EC
전주 여행	131	추천	NNG
전주 여행	131	세요	EP+EF
전주 여행	131	맛집	NNG
전주 여행	131	국내	NNG
전주 여행	131	주달	NNG
전주 여행	131	티비	NNG
전주 여행	131	코스	NNG
전주 여행	131	여수	NNG
전주 여행	131	여수	NNG
전주 여행	131	제주	NNP
전주 여행	131	제주도	NNP
전주 여행	131	전문	NNG
전주 여행	131	언서	NNG
전주 여행	131	주달	NNG
전주 여행	131	봉이	NNG
전주 여행	131	입니다	VCP+EC
전주 여행	132	이번	NNG
전주 여행	132	처음	MAG
전주 여행	132	는데	EC
전주 여행	132	추천	NNG
전주 여행	132	세요	EP+EF
전주 여행	132	은데	EC
전주 여행	132	위주	NNG
전주 여행	132	해요	VX+EF
전주 여행	132	트레	NNP
전주 여행	132	해요	VX+EF
전주 여행	132	계획	NNG
전주 여행	132	군요	EF
전주 여행	132	다양	XR
전주 여행	132	볼거리	NNG
전주 여행	133	경비	NNG
전주 여행	133	식비	NNG
전주 여행	133	교통비	NNG
전주 여행	133	잡혀서	VV+EC
전주 여행	133	마실	VV+ETM
전주 여행	133	건데	NNB+VCP+EC
전주 여행	133	많이	MAG
전주 여행	133	마셔서	VV+EC
전주 여행	133	술값	NNG
전주 여행	133	으로	JKB
전주 여행	133	마실	VV+ETM
전주 여행	133	아요	EF
전주 여행	133	맛집	NNG
전주 여행	133	국내	NNG
전주 여행	133	주달	NNG
전주 여행	133	티비	NNG
전주 여행	133	코스	NNG
전주 여행	133	여수	NNG
전주 여행	133	여수	NNG
전주 여행	134	비용	NNG
전주 여행	134	맛집	NNG
전주 여행	134	국내	NNG
전주 여행	134	주달	NNG
전주 여행	134	티비	NNG
전주 여행	134	코스	NNG
전주 여행	134	여수	NNG
전주 여행	134	여수	NNG
전주 여행	134	제주	NNP
전주 여행	134	제주도	NNP
전주 여행	134	전문	NNG
전주 여행	134	언서	NNG
전주 여행	134	주달	NNG
전주 여행	134	봉이	NNG
전주 여행	134	입니다	VCP+EF
전주 여행	134	한옥마을	NNP
전주 여행	134	입장료	NNG
전주 여행	134	따로	MAG
전주 여행	134	습니다	EF
전주 여행	134	기본	NNG
전주 여행	135	친구	NNG
전주 여행	135	친구	NNG
전주 여행	135	려고	EC
전주 여행	135	합니다	VX+EC
전주 여행	135	호텔	NNG
전주 여행	135	맛집	NNG
전주 여행	135	추천	NNG
전주 여행	135	세요	EP+EF
전주 여행	135	호텔	NNG
전주 여행	135	시설	NNG
전주 여행	135	괜찮	VA
전주 여행	135	깨끗	XR
전주 여행	135	했으면	XSA+EP+EC
전주 여행	135	어요	EF
전주 여행	135	한옥	NNP
전주 여행	135	어도	EC
전주 여행	135	괜찮	VA
전주 여행	135	아요	EF
전주 여행	135	침대	NNG
전주 여행	135	어요	EF
전주 여행	135	맛집	NNG
전주 여행	135	양식	NNG
전주 여행	135	중식	NNG
전주 여행	135	일식	NNG
전주 여행	135	상관없	VA
전주 여행	135	습니다	EF
전주 여행	135	비용	NNG
전주 여행	135	인당	NNG
전주 여행	136	크리스마스	NNG
전주 여행	136	맛집	NNG
전주 여행	136	국내	NNG
전주 여행	136	주달	NNG
전주 여행	136	티비	NNG
전주 여행	136	코스	NNG
전주 여행	136	여수	NNG
전주 여행	136	여수	NNG
전주 여행	136	제주	NNP
전주 여행	136	제주도	NNP
전주 여행	136	전문	NNG
전주 여행	136	언서	NNG
전주 여행	136	주달	NNG
전주 여행	136	봉이	NNG
전주 여행	136	입니다	VCP+EF
전주 여행	136	코스	NNG
전주 여행	136	한옥	NNG
전주 여행	136	마을	NNG
전주 여행	136	에서부터	JKB
전주 여행	136	시작	NNG
전주 여행	137	~.~	SY
전주 여행	137	질문	NNG
전주 여행	137	일정	NNG
전주 여행	137	관련	NNG
전주 여행	137	답변	NNG
전주 여행	137	드리	VV
전주 여행	137	도록	EC
전주 여행	137	습니다	EF
전주 여행	137	가실	NNG
전주 여행	137	계획	NNG
전주 여행	137	너무	MAG
전주 여행	137	귀찮	VA
전주 여행	137	에서	JKB
전주 여행	137	즐길	VV+ETM
전주 여행	137	준비	NNG
전주 여행	137	어요	EF
전주 여행	137	아래	NNG
전주 여행	137	일정	NNG
전주 여행	137	참고	NNG
전주 여행	137	즐거운	VA+ETM
전주 여행	137	바라	VV
전주 여행	138	초등	NNG
전주 여행	138	학년	NNG
전주 여행	138	210	SN
전주 여행	138	수학	NNG
전주 여행	138	코스	NNG
전주 여행	138	관광	NNG
전주 여행	138	달인	NNG
전주 여행	138	주달	NNG
전주 여행	138	봉이	NNG
전주 여행	138	께서	JKS
전주 여행	138	코스	NNG
전주 여행	138	추천	NNG
전주 여행	138	대단히	MAG
전주 여행	138	감사	NNG
전주 여행	138	드리	VV
전주 여행	138	습니다	EF
전주 여행	138	맛집	NNG
전주 여행	138	국내	NNG
전주 여행	138	주달	NNG
전주 여행	138	티비	NNG
전주 여행	138	코스	NNG
전주 여행	138	여수	NNG
전주 여행	138	여수	NNG
전주 여행	138	제주	NNP
전주 여행	139	혼자	NNG
전주 여행	139	코스	NNG
전주 여행	139	질문	NNG
전주 여행	139	정보	NNG
전주 여행	139	정리	NNG
전주 여행	139	습니다	EF
전주 여행	139	참고	NNG
전주 여행	139	세요	EP+EF
전주 여행	139	에서	JKB
전주 여행	139	덕진	NNP
전주 여행	139	공원	NNG
전주 여행	139	추천	NNP
전주 여행	139	덕진	NNP
전주 여행	139	공원	NNG
전주 여행	139	터미널	NNG
전주 여행	139	에서	JKB
전주 여행	139	가장	MAG
전주 여행	139	가까운	VA+ETM
전주 여행	139	에요	EF
전주 여행	139	산책	NNG
전주 여행	139	호수	NNG
전주 여행	139	공원	NNG
전주 여행	139	에요	EF
전주 여행	139	덕진	NNP
전주 여행	139	공원	NNG
전주 여행	139	생략	NNG
전주 여행	139	곧바로	MAG
전주 여행	139	남부	NNG
전주 여행	139	시장	NNG
전주 여행	140	전시회	NNG
전주 여행	140	추천	NNG
전주 여행	140	이번	NNG
전주 여행	140	남자	NNG
전주 여행	140	친구	NNG
전주 여행	140	는데요	EC
전주 여행	140	한옥마을	NNP
전주 여행	140	그래서	MAJ
전주 여행	140	갈만	NNG
전주 여행	140	공방	NNG
전주 여행	140	전시회	NNG
전주 여행	140	추천	NNG
전주 여행	140	부탁	NNG
전주 여행	140	드려요	VV+EC
전주 여행	140	안녕	NNG
전주 여행	140	세요	EP+EF
전주 여행	140	질문	NNG
전주 여행	140	관련	NNG
전주 여행	140	답변	NNG
전주 여행	140	드리	VV
전주 여행	140	도록	EC
전주 여행	140	습니다	EF
전주 여행	140	주로	MAG
전주 여행	140	봅니다	VX+EC
전주 여행	141	코스	NNG
전주 여행	141	추천	NNG
전주 여행	141	안녕	NNG
전주 여행	141	세요	EP+EF
전주 여행	141	여자	NNG
전주 여행	141	친구	NNG
전주 여행	141	예정	NNG
전주 여행	141	인데	VCP+EC
전주 여행	141	숙소	NNG
전주 여행	141	더클래식	NNP
전주 여행	141	호텔	NNG
전주 여행	141	일정	NNG
전주 여행	141	으로	JKB
전주 여행	141	습니다	EF
전주 여행	141	근데	MAJ
전주 여행	141	금요일	NNG
전주 여행	141	오후	NNG
전주 여행	141	도착	NNG
전주 여행	141	예정	NNG
전주 여행	141	이동	NNG
전주 여행	141	수단	NNG
전주 여행	141	대중교통	NNG
전주 여행	141	택시	NNG
전주 여행	141	예정	NNG
전주 여행	141	입니다	VCP+EC
전주 여행	142	각각	MAG
전주 여행	142	거리	NNG
전주 여행	142	가까운지	VA+EC
전주 여행	142	어요	EF
전주 여행	142	추석	NNG
전주 여행	142	예정	NNG
전주 여행	142	입니다	VCP+EF
전주 여행	142	갈만	NNG
전주 여행	142	추천	NNG
전주 여행	142	세요	EP+EF
전주 여행	142	맛집	NNG
전주 여행	142	국내	NNG
전주 여행	142	주달	NNG
전주 여행	142	티비	NNG
전주 여행	142	코스	NNG
전주 여행	142	여수	NNG
전주 여행	142	여수	NNG
전주 여행	142	제주	NNP
전주 여행	143	갈만	NNG
전주 여행	143	을까요	EF
전주 여행	143	맛집	NNG
전주 여행	143	국내	NNG
전주 여행	143	주달	NNG
전주 여행	143	티비	NNG
전주 여행	143	코스	NNG
전주 여행	143	여수	NNG
전주 여행	143	여수	NNG
전주 여행	143	제주	NNP
전주 여행	143	제주도	NNP
전주 여행	143	전문	NNG
전주 여행	143	언서	NNG
전주 여행	143	주달	NNG
전주 여행	143	봉이	NNG
전주 여행	143	입니다	VCP+EF
전주 여행	143	코스	NNG
전주 여행	143	한옥	NNG
전주 여행	143	마을	NNG
전주 여행	143	에서부터	JKB
전주 여행	144	코스	NNG
전주 여행	144	일정	NNG
전주 여행	144	문자	NNG
전주 여행	144	께서	JKS
전주 여행	144	봐둔	VV+EC+VX+ETM
전주 여행	144	모두	MAG
전주 여행	144	반양	NNG
전주 여행	144	시간	NNG
전주 여행	144	무리	NNG
전주 여행	144	일정	NNG
전주 여행	144	만들	VV
전주 여행	144	습니다	EF
전주 여행	144	가운데	NNG
전주 여행	144	점심	NNG
전주 여행	144	한지	XSA+EC
전주 여행	144	박물관	NNG
전주 여행	144	관광	NNG
전주 여행	144	수목원	NNG
전주 여행	144	관광	NNG
전주 여행	144	오목	MAG
전주 여행	144	관광	NNG
전주 여행	144	교동	NNP
전주 여행	144	다윈	NNP
전주 여행	145	추천	NNG
전주 여행	145	부탁	NNG
전주 여행	145	드립니다	VV+EC
전주 여행	145	12	SN
전주 여행	145	13	SN
전주 여행	145	할려구	VV+EC
전주 여행	145	합니다	VX+EC
전주 여행	145	이랑	JC
전주 여행	145	맛집	NNG
전주 여행	145	추천	NNG
전주 여행	145	부탁	NNG
전주 여행	145	드립니다	VV+EC
전주 여행	145	감사	NNG
전주 여행	145	합니다	XSV+EF
전주 여행	145	맛집	NNG
전주 여행	145	주달	NNG
전주 여행	145	티비	NNG
전주 여행	145	코스	NNG
전주 여행	145	언서	NNG
전주 여행	145	주달	NNG
전주 여행	145	봉이	NNG
전주 여행	145	입니다	VCP+EF
전주 여행	146	강아지	NNG
전주 여행	146	함께	MAG
전주 여행	146	가능	NNG
전주 여행	146	데요	EF
전주 여행	146	강아지	NNG
전주 여행	146	같이	MAG
전주 여행	146	동반	NNG
전주 여행	146	라서요	EF
전주 여행	146	혹시	MAG
전주 여행	146	강아지	NNG
전주 여행	146	같이	JKB
전주 여행	146	알려	VV+EC
전주 여행	146	세요	EP+EF
전주 여행	146	맛집	NNG
전주 여행	146	이랑	JKB
전주 여행	146	관광	NNG
전주 여행	146	반려	NNG
전주 여행	146	동물	NNG
전주 여행	146	반려	NNG
전주 여행	146	생활	NNG
전주 여행	146	입니다	VCP+EF
전주 여행	146	하늘	NNG
전주 여행	146	가을	NNG
전주 여행	146	떠나	VV
전주 여행	146	는군요	EC
전주 여행	146	강아지	NNG
전주 여행	146	함께	MAG
전주 여행	146	추억	NNG
전주 여행	147	광주	NNP
전주 여행	147	에서	JKB
전주 여행	147	감사	NNG
전주 여행	147	습니다	EF
전주 여행	147	맛집	NNG
전주 여행	147	국내	NNG
전주 여행	147	주달	NNG
전주 여행	147	티비	NNG
전주 여행	147	코스	NNG
전주 여행	147	여수	NNG
전주 여행	147	여수	NNG
전주 여행	147	제주	NNP
전주 여행	147	제주도	NNP
전주 여행	147	전문	NNG
전주 여행	147	언서	NNG
전주 여행	147	주달	NNG
전주 여행	147	봉이	NNG
전주 여행	147	입니다	VCP+EF
전주 여행	147	버스	NNG
전주 여행	147	터미널	NNG
전주 여행	147	에서	JKB
전주 여행	147	내리	VV
전주 여행	147	셔서	EP+EC
전주 여행	148	코스	NNG
전주 여행	148	세요	EP+EF
전주 여행	148	질문	NNG
전주 여행	148	일정	NNG
전주 여행	148	관련	NNG
전주 여행	148	답변	NNG
전주 여행	148	드리	VV
전주 여행	148	도록	EC
전주 여행	148	습니다	EF
전주 여행	148	친정	NNG
전주 여행	148	어머니	NNG
전주 여행	148	함께	MAG
전주 여행	148	해도	VV+EC
전주 여행	148	설레	VV
전주 여행	148	네요	EC
전주 여행	148	아래	NNG
전주 여행	148	께서	JKS
전주 여행	148	모두	MAG
전주 여행	148	즐길	VV+ETM
전주 여행	148	일정	NNG
전주 여행	148	준비	NNG
전주 여행	148	어요	EF
전주 여행	148	참고	NNG
전주 여행	148	도움	NNG
전주 여행	148	으면	EC
전주 여행	149	추천	NNG
전주 여행	149	세요	EP+EF+VCP
전주 여행	149	당일치기	NNG
전주 여행	149	추천	NNG
전주 여행	149	세요	EP+EF
전주 여행	149	당일치기	NNG
전주 여행	149	맛집	NNG
전주 여행	149	국내	NNG
전주 여행	149	주달	NNG
전주 여행	149	티비	NNG
전주 여행	149	코스	NNG
전주 여행	149	여수	NNG
전주 여행	149	여수	NNG
전주 여행	149	제주	NNP
전주 여행	149	제주도	NNP
전주 여행	149	전문	NNG
전주 여행	149	언서	NNG
전주 여행	149	주달	NNG
전주 여행	149	봉이	NNG
전주 여행	149	입니다	VCP+EC
전주 여행	150	팀조	NNP
전주 여행	150	는데	EC
전주 여행	150	이랑	JC
전주 여행	150	맛집	NNG
전주 여행	150	알려	VV+EC
전주 여행	150	세요	EP+EF
전주 여행	150	안녕	IC
전주 여행	150	세요	EP+EF
전주 여행	150	서울	NNP
전주 여행	150	지방	NNG
전주 여행	150	변호	NNG
전주 여행	150	사회	NNG
전주 여행	150	소속	NNG
전주 여행	150	으로	JKB
전주 여행	150	지식	NNG
전주 여행	150	iN	SL
전주 여행	150	법률	NNG
전주 여행	150	상담	NNG
전주 여행	150	진행	NNG
전주 여행	150	김선용	NNP
전주 여행	150	변호사	NNG
전주 여행	150	입니다	VCP+EF
전주 여행	150	알아보	VV
전주 여행	150	어려우	VA
전주 여행	150	다면	EC
전주 여행	150	스타	NNG
전주 여행	150	그램	NNG
전주 여행	150	라고	VCP+EC
전주 여행	150	검색	NNG
전주 여행	150	셔서	EP+EC
전주 여행	151	한옥마을	NNP
전주 여행	151	준비	NNG
전주 여행	151	입니다	VCP+EF
전주 여행	151	대여	NNG
전주 여행	151	천차만별	NNG
전주 여행	151	입니다	VCP+EF
전주 여행	151	기본	NNG
전주 여행	151	금액	NNG
전주 여행	151	10000	SN
전주 여행	151	부터	JX
전주 여행	151	시작	NNG
전주 여행	151	합니다	XSV+EF
전주 여행	151	시간	NNG
전주 여행	151	한복	NNG
전주 여행	151	따라서	VV+EC
전주 여행	151	가격	NNG
전주 여행	151	다릅니다	VA+EC
전주 여행	151	맛집	NNG
전주 여행	151	국내	NNG
전주 여행	151	주달	NNG
전주 여행	151	티비	NNG
전주 여행	151	코스	NNG
전주 여행	151	여수	NNG
전주 여행	151	여수	NNG
전주 여행	151	제주	NNP
전주 여행	152	고등학교	NNG
전주 여행	152	친구	NNG
전주 여행	152	당일치기	NNG
전주 여행	152	지금	MAG
전주 여행	152	고등학교	NNG
전주 여행	152	학년	NNG
전주 여행	152	친구	NNG
전주 여행	152	함께	MAG
전주 여행	152	당일	NNG
전주 여행	152	예정	NNG
전주 여행	152	인데	VCP+EC
전주 여행	152	부모	NNG
전주 여행	152	라고	VCP+EC
전주 여행	152	말씀	NNG
전주 여행	152	드리	VV
전주 여행	152	허락	NNG
전주 여행	152	을까요	EC
전주 여행	152	고등학교	NNG
전주 여행	152	시절	NNG
전주 여행	152	친구	NNG
전주 여행	152	소중	XR
전주 여행	152	추억	NNG
전주 여행	152	만들	VV
전주 여행	152	위해	VV+EC
전주 여행	152	다녀오	VV
전주 여행	152	습니다	EF
전주 여행	153	휴가	NNG
전주 여행	153	건데	NNB+VCP+EC
전주 여행	153	코스	NNG
전주 여행	153	추천	NNG
전주 여행	153	세요	EP+EF
전주 여행	153	일정	NNG
전주 여행	153	참고	NNG
전주 여행	153	으로	JKB
전주 여행	153	제시	NNG
전주 여행	153	일정	NNG
전주 여행	153	따라	VV+EC
전주 여행	153	조정	NNG
전주 여행	153	습니다	EF
전주 여행	153	또한	MAJ
전주 여행	153	음식점	NNG
전주 여행	153	웨이팅	NNG
전주 여행	153	시간	NNG
전주 여행	153	방문	NNG
전주 여행	153	시간	NNG
전주 여행	153	요일	NNG
전주 여행	153	따라	VV+EC
전주 여행	153	달라질	VV+ETM
전주 여행	153	으니	EC
전주 여행	153	참고	NNG
전주 여행	153	세요	EP+EF
전주 여행	153	즐거운	VA+ETM
전주 여행	153	바랍니다	VV+EC
전주 여행	154	여자	NNG
전주 여행	154	질문	NNG
전주 여행	154	신다면	EP+EC
전주 여행	154	다음	NNG
전주 여행	154	일정	NNG
전주 여행	154	추천	NNG
전주 여행	154	드립니다	VX+EC
전주 여행	154	Day	SL
전주 여행	154	한옥마을	NNP
전주 여행	154	전통	NNG
전주 여행	154	한옥	NNG
전주 여행	154	건물	NNG
전주 여행	154	전통	NNG
전주 여행	154	문화	NNG
전주 여행	154	경험	NNG
전주 여행	154	입니다	VCP+EF
전주 여행	154	향교	NNP
전주 여행	154	조선	NNP
전주 여행	154	시대	NNG
전주 여행	154	교육	NNG
전주 여행	154	기관	NNG
전주 여행	154	향교	NNG
전주 여행	154	습니다	EF
전주 여행	154	남부	NNG
전주 여행	154	시장	NNG
전주 여행	155	코스	NNG
전주 여행	155	세요	EP+EF
전주 여행	155	많이	MAG
전주 여행	155	급합니다	VA+EF
전주 여행	155	.!	SY
전주 여행	155	안녕	NNG
전주 여행	155	세요	EP+EF
전주 여행	155	가족	NNG
전주 여행	155	으로	JKB
전주 여행	155	려는데	EC
전주 여행	155	당장	NNG
전주 여행	155	이번	NNG
전주 여행	155	금요일	NNG
전주 여행	155	는데	EC
전주 여행	155	어딜	NP+JKO
전주 여행	155	갈지	VV+EC
전주 여행	155	몰라서	VV+EC
전주 여행	155	숙소	NNG
전주 여행	155	호텔	NNG
전주 여행	155	한옥마을	NNP
전주 여행	155	은데	EC
전주 여행	155	별로	MAG
전주 여행	155	으면서	EC
전주 여행	155	카페	NNG
전주 여행	155	투어	NNG
전주 여행	155	아닌	VCN+ETM
전주 여행	155	코스	NNG
전주 여행	155	나요	EF
전주 여행	155	스로	NNG
전주 여행	156	대둔산	NNP
전주 여행	156	케이블카	NNG
전주 여행	156	주말	NNG
전주 여행	156	사람	NNG
전주 여행	156	괜찮	VA
전주 여행	156	코스	NNG
전주 여행	156	추천	NNG
전주 여행	156	세요	EP+EF
전주 여행	156	맛집	NNG
전주 여행	156	국내	NNG
전주 여행	156	주달	NNG
전주 여행	156	티비	NNG
전주 여행	156	코스	NNG
전주 여행	156	여수	NNG
전주 여행	156	여수	NNG
전주 여행	156	제주	NNP
전주 여행	156	제주도	NNP
전주 여행	156	전문	NNG
전주 여행	157	코스	NNG
전주 여행	157	!!	SY
전주 여행	157	이미	MAG
전주 여행	157	마치	VV
전주 여행	157	복귀	NNG
전주 여행	157	네요	EF
전주 여행	157	저희	NP
전주 여행	157	지난주	NNG
전주 여행	157	당일	NNG
전주 여행	157	코스	NNG
전주 여행	157	다녀왔	VV+EP
전주 여행	157	는데요	EF
전주 여행	157	주말	NNG
전주 여행	157	라서	EC
전주 여행	157	그런지	VA+EC
전주 여행	157	관광지	NNG
전주 여행	157	사람	NNG
전주 여행	157	아서	EC
전주 여행	157	생각	NNG
전주 여행	157	처럼	JKB
전주 여행	157	많이	MAG
전주 여행	157	둘러보	VV
전주 여행	157	못해서	VX+EC
전주 여행	157	아쉽	VA
전주 여행	157	더라고요	EC
전주 여행	157	최소한	NNG
전주 여행	158	한옥마을	NNP
전주 여행	158	당일치기	NNG
전주 여행	158	질문	NNG
전주 여행	158	여수	NNP
전주 여행	158	제주도	NNP
전주 여행	158	맛집	NNG
전주 여행	158	주달	NNG
전주 여행	158	티비	NNG
전주 여행	158	코스	NNG
전주 여행	158	여수	NNG
전주 여행	158	여수	NNG
전주 여행	158	제주	NNP
전주 여행	158	제주도	NNP
전주 여행	158	전문	NNG
전주 여행	158	언서	NNG
전주 여행	158	주달	NNG
전주 여행	158	봉이	NNG
전주 여행	158	입니다	VCP+EC
전주 여행	158	7000	SN
전주 여행	158	8000	SN
전주 여행	158	흐노	NNP
전주 여행	158	마시	VV
전주 여행	158	랑게	EC
전주 여행	158	전망	NNG
전주 여행	159	혼자	NNG
전주 여행	159	아무래도	MAG
전주 여행	159	사람	NNG
전주 여행	159	으면	EC
전주 여행	159	맛집	NNG
전주 여행	159	에서	JKB
전주 여행	159	혼자	MAG
전주 여행	159	아서	EC
전주 여행	159	중순	NNG
전주 여행	159	즐기	VV
전주 여행	159	계절	NNG
전주 여행	159	입니다	VCP+EF
전주 여행	159	하지만	MAJ
전주 여행	159	현재	NNG
전주 여행	159	코로나	NNP
전주 여행	159	19	SN
전주 여행	159	인해	VV+EC
전주 여행	159	여행객	NNG
전주 여행	159	줄어들	VV
전주 여행	159	으므로	EC
전주 여행	159	사람	NNG
전주 여행	159	으로	JKB
전주 여행	159	예상	NNG
전주 여행	159	됩니다	XSV+EF
전주 여행	159	맛집	NNG
전주 여행	160	이번	NNG
전주 여행	160	16	SN
전주 여행	160	친구	NNG
전주 여행	160	하고	JC
전주 여행	160	는데	EC
전주 여행	160	궁금	XR
전주 여행	160	아서	EC
전주 여행	160	하나하나	MAG
전주 여행	160	답장	NNG
전주 여행	160	감사	NNG
전주 여행	160	습니다	EF
전주 여행	160	여수	NNP
전주 여행	160	에서	JKB
전주 여행	160	KTX	SL
전주 여행	160	왕복	NNG
전주 여행	160	기차표	NNG
전주 여행	160	얼마	NNG
전주 여행	160	인가요	VCP+EC
전주 여행	160	을까요	EC
전주 여행	161	월요일	NNG
전주 여행	161	휴무	NNG
전주 여행	161	나요	EF
전주 여행	161	맛집	NNG
전주 여행	161	국내	NNG
전주 여행	161	주달	NNG
전주 여행	161	티비	NNG
전주 여행	161	코스	NNG
전주 여행	161	여수	NNG
전주 여행	161	여수	NNG
전주 여행	161	제주	NNP
전주 여행	161	제주도	NNP
전주 여행	161	전문	NNG
전주 여행	161	언서	NNG
전주 여행	161	주달	NNG
전주 여행	161	봉이	NNG
전주 여행	161	입니다	VCP+EF
전주 여행	161	걱정	NNG
전주 여행	161	셔도	EP+EC
전주 여행	161	셔요	EC
전주 여행	161	대부분	NNG
전주 여행	161	오픈	NNG
전주 여행	161	합니다	XSV+EC
전주 여행	162	내일	MAG
전주 여행	162	당일치기	NNG
전주 여행	162	부모	NNG
전주 여행	162	맛집	NNG
전주 여행	162	국내	NNG
전주 여행	162	주달	NNG
전주 여행	162	티비	NNG
전주 여행	162	코스	NNG
전주 여행	162	여수	NNG
전주 여행	162	여수	NNG
전주 여행	162	제주	NNP
전주 여행	162	제주도	NNP
전주 여행	162	전문	NNG
전주 여행	162	언서	NNG
전주 여행	162	주달	NNG
전주 여행	162	봉이	NNG
전주 여행	162	입니다	VCP+EF
전주 여행	162	바다	NNP
전주 여행	162	군산	NNP
전주 여행	162	새만금	NNP
전주 여행	162	돌아보	VV
전주 여행	163	갈만	NNG
전주 여행	163	숙소	NNG
전주 여행	163	한옥마을	NNP
전주 여행	163	게스트	NNP
전주 여행	163	하우스	NNP
전주 여행	163	안녕	NNG
전주 여행	163	세요	EP+EF
전주 여행	163	가족	NNG
전주 여행	163	함께	MAG
전주 여행	163	려고	EC
전주 여행	163	합니다	VX+EF
전주 여행	163	한옥마을	NNP
전주 여행	163	유명	XR
전주 여행	163	한번	MAG
전주 여행	163	했었	VX+EP
전주 여행	163	는데	EC
전주 여행	163	이번	NNG
전주 여행	163	기회	NNG
전주 여행	163	다녀와	VV+EC
전주 여행	163	려구요	EC
전주 여행	163	전라도	NNP
전주 여행	163	음식	NNG
전주 여행	163	맛있	VA
전주 여행	163	다고	EC
전주 여행	163	전라도	NNP
전주 여행	163	대표	NNG
전주 여행	163	음식	NNG
전주 여행	163	아니	VCN
전주 여행	163	맛집	NNG
전주 여행	164	코스	NNG
전주 여행	164	추천	NNG
전주 여행	164	코스	NNG
전주 여행	164	추천	NNG
전주 여행	164	여수	NNP
전주 여행	164	맛집	NNG
전주 여행	164	여수	NNG
전주 여행	164	주달	NNG
전주 여행	164	티비	NNG
전주 여행	164	코스	NNG
전주 여행	164	여수	NNG
전주 여행	164	여수	NNG
전주 여행	164	언서	NNG
전주 여행	164	주달	NNG
전주 여행	164	봉이	NNG
전주 여행	164	입니다	VCP+EF
전주 여행	164	코스	NNG
전주 여행	164	대부분	NNG
전주 여행	164	한옥	NNG
전주 여행	164	마을	NNG
전주 여행	164	에서	JKB
전주 여행	164	시작	NNG
전주 여행	164	합니다	VV+EC
전주 여행	165	볼거리	NNG
전주 여행	165	이번	NNG
전주 여행	165	거리	NNG
전주 여행	165	맛집	NNG
전주 여행	165	알려	VV+EC
전주 여행	165	세요	EP+EF
전주 여행	165	에서	JKB
전주 여행	165	추천	NNG
전주 여행	165	드리	VX
전주 여행	165	습니다	EF
전주 여행	165	한옥마을	NNP
전주 여행	165	동물원	NNP
전주 여행	165	한국도로공사	NNP
전주 여행	165	수목원	NNG
전주 여행	165	덕진	NNP
전주 여행	165	공원	NNG
전주 여행	165	난장	NNG
전주 여행	166	카페	NNP
전주 여행	166	추천	NNG
전주 여행	166	세요	EP+EF
전주 여행	166	맛집	NNG
전주 여행	166	국내	NNG
전주 여행	166	주달	NNG
전주 여행	166	티비	NNG
전주 여행	166	코스	NNG
전주 여행	166	여수	NNG
전주 여행	166	여수	NNG
전주 여행	166	제주	NNP
전주 여행	166	제주도	NNP
전주 여행	166	전문	NNG
전주 여행	166	언서	NNG
전주 여행	166	주달	NNG
전주 여행	166	봉이	NNG
전주 여행	166	입니다	VCP+EF
전주 여행	166	아쉽	VA
전주 여행	166	주이	NNG
전주 여행	166	바다	NNG
전주 여행	166	어서	EC
전주 여행	167	가족	NNG
전주 여행	167	코스	NNG
전주 여행	167	드려요	VV+EF
전주 여행	167	맛집	NNG
전주 여행	167	국내	NNG
전주 여행	167	주달	NNG
전주 여행	167	티비	NNG
전주 여행	167	코스	NNG
전주 여행	167	여수	NNG
전주 여행	167	여수	NNG
전주 여행	167	제주	NNP
전주 여행	167	제주도	NNP
전주 여행	167	전문	NNG
전주 여행	167	언서	NNG
전주 여행	167	주달	NNG
전주 여행	167	봉이	NNG
전주 여행	167	입니다	VCP+EF
전주 여행	167	코스	NNG
전주 여행	167	한옥	NNG
전주 여행	167	마을	NNG
전주 여행	167	에서부터	JKB
전주 여행	168	코스	NNG
전주 여행	168	일정	NNG
전주 여행	168	추천	NNG
전주 여행	168	부탁	NNG
전주 여행	168	드려요	VV+EC
전주 여행	168	토요일	NNG
전주 여행	168	하루	NNG
전주 여행	168	일정	NNG
전주 여행	168	괜찮	VA
전주 여행	168	은지	EC
전주 여행	168	수정	NNG
전주 여행	168	필요	NNG
전주 여행	168	부분	NNG
전주 여행	168	는지	EC
전주 여행	168	인근	NNG
전주 여행	168	맛집	NNG
전주 여행	168	는지	EC
전주 여행	168	등등	NNB
전주 여행	168	의견	NNG
전주 여행	168	부탁	NNG
전주 여행	168	드립니다	VV+EC
전주 여행	168	맛집	NNG
전주 여행	168	국내	NNG
전주 여행	168	주달	NNG
전주 여행	168	티비	NNG
전주 여행	168	코스	NNG
전주 여행	168	여수	NNG
전주 여행	168	여수	NNG
전주 여행	168	제주	NNP
전주 여행	169	려는데	EC
전주 여행	169	한옥	NNG
전주 여행	169	마을	NNG
전주 여행	169	근처	NNG
전주 여행	169	에서	JKB
전주 여행	169	숙박	NNG
전주 여행	169	한다면	XSV+EC
전주 여행	169	어디	NP
전주 여행	169	어디	NP
전주 여행	169	어떤	MM
전주 여행	169	맛집	NNG
전주 여행	169	은지	EC
전주 여행	169	버스	NNG
전주 여행	169	택시	NNG
전주 여행	169	조금	MAG
전주 여행	169	나가	VV+EC
전주 여행	169	어딘지	NP+VCP+EC
전주 여행	169	등등	NNB
전주 여행	169	추천	NNG
전주 여행	169	세요	EP+EF
전주 여행	169	다른	MM
전주 여행	169	어디	NP
전주 여행	170	코스	NNG
전주 여행	170	아침	NNG
전주 여행	170	으로	JKB
전주 여행	170	현대	NNG
전주 여행	170	본점	NNG
전주 여행	170	점심	NNG
전주 여행	170	으로	JKB
전주 여행	170	비빔	NNG
전주 여행	170	소리	NNG
전주 여행	170	려고	EC
전주 여행	170	는데	EC
전주 여행	170	대옥	NNG
전주 여행	170	비빔	NNG
전주 여행	170	소리	NNG
전주 여행	170	중간	NNG
전주 여행	170	어디	NP
전주 여행	170	구경	NNG
전주 여행	170	이나	JC
전주 여행	170	갈만	NNG
전주 여행	170	을까요	EC
전주 여행	170	맛집	NNG
전주 여행	170	국내	NNG
전주 여행	170	주달	NNG
전주 여행	170	티비	NNG
전주 여행	170	코스	NNG
전주 여행	171	전라도	NNP
전주 여행	171	려고	EC
전주 여행	171	는데	EC
전주 여행	171	봐서	VX+EC
전주 여행	171	이나	JX
전주 여행	171	예정	NNG
전주 여행	171	인데	VCP+EC
전주 여행	171	추천	NNG
전주 여행	171	아용	EC
전주 여행	171	체험	NNG
전주 여행	171	구용	NNG
전주 여행	171	에서	JKB
전주 여행	171	추천	NNG
전주 여행	171	드리	VX
전주 여행	171	습니다	EF
전주 여행	171	한옥마을	NNP
전주 여행	172	참고	NNG
전주 여행	172	저희	NP
전주 여행	172	뚜벅	MAG
전주 여행	172	계획	NNG
전주 여행	172	군요	EF
전주 여행	172	그럼	MAJ
전주 여행	172	에서	JKB
전주 여행	172	추천	NNG
전주 여행	172	드리	VX
전주 여행	172	습니다	EF
전주 여행	172	한국	NNP
전주 여행	172	도로공사	NNP
전주 여행	172	수목원	NNG
전주 여행	172	동물원	NNP
전주 여행	172	자만	NNP
전주 여행	172	마을	NNG
전주 여행	172	벽화	NNG
전주 여행	172	갤러리	NNG
전주 여행	172	국립	NNG
전주 여행	172	주박	NNG
전주 여행	172	물관	NNG
전주 여행	173	코스	NNG
전주 여행	173	추천	NNG
전주 여행	173	코스	NNG
전주 여행	173	추천	NNG
전주 여행	173	안녕	NNG
전주 여행	173	세요	EP+EF
전주 여행	173	맛집	NNG
전주 여행	173	블로그	NNG
전주 여행	173	주달	NNG
전주 여행	173	봉이	NNG
전주 여행	173	입니다	VCP+EF
전주 여행	173	대부분	NNG
전주 여행	173	코스	NNG
전주 여행	173	놀러오	VV
전주 여행	173	십니다	EP+EF
전주 여행	173	한옥마을	NNP
전주 여행	173	경기전	NNG
전주 여행	173	남부	NNG
전주 여행	173	시장	NNG
전주 여행	173	시장	NNG
전주 여행	173	벽화	NNG
전주 여행	173	마을	NNG
전주 여행	173	전동성당	NNP
전주 여행	173	향교	NNG
전주 여행	173	목대	NNG
전주 여행	173	이렇게	MAG
전주 여행	173	많이	MAG
전주 여행	173	둘러보	VV
전주 여행	173	추가	NNG
전주 여행	174	코스	NNG
전주 여행	174	동선	NNG
전주 여행	174	세요	EP+EF
전주 여행	174	숙소	NNG
전주 여행	174	완산구	NNP
전주 여행	174	서신동	NNP
전주 여행	174	입니다	VCP+EF
전주 여행	174	맛집	NNG
전주 여행	174	국내	NNG
전주 여행	174	주달	NNG
전주 여행	174	티비	NNG
전주 여행	174	코스	NNG
전주 여행	174	여수	NNG
전주 여행	174	여수	NNG
전주 여행	174	제주	NNP
전주 여행	174	제주도	NNP
전주 여행	174	전문	NNG
전주 여행	174	언서	NNG
전주 여행	174	주달	NNG
전주 여행	174	봉이	NNG
전주 여행	174	입니다	VCP+EC
전주 여행	174	한옥마을	NNP
전주 여행	175	크리스마스	NNG
전주 여행	175	당일치기	NNG
전주 여행	175	습니다	EF
전주 여행	175	고등학생	NNG
전주 여행	175	인데요	VCP+EF
전주 여행	175	어느	MM
전주 여행	175	정도	NNG
전주 여행	175	을까요	EC
전주 여행	175	제대로	MAG
전주 여행	175	답변	NNG
전주 여행	175	세요	EP+EF
전주 여행	175	대학	NNG
전주 여행	175	투어	NNG
전주 여행	175	공연	NNG
전주 여행	175	연극	NNG
전주 여행	175	추천	NNG
전주 여행	175	드릴께요	VX+EF
전주 여행	176	는데	EC
전주 여행	176	그런진	VA+EC+JX
전주 여행	176	모르	VV
전주 여행	176	지만	EC
전주 여행	176	그냥	MAG
전주 여행	176	전라도	NNP
전주 여행	176	사투리	NNG
전주 여행	176	더라구요	EF
전주 여행	176	억양	NNG
전주 여행	176	그런	MM
전주 여행	176	거북	NNG
전주 여행	176	는데	EC
전주 여행	176	갔었	VV+EP
전주 여행	176	는데	EC
전주 여행	176	무슨	MM
전주 여행	176	인진	VCP+EC+JX
전주 여행	176	모르	VV
전주 여행	176	지만	EC
전주 여행	176	사람	NNG
전주 여행	176	전라도	NNP
전주 여행	176	사투리	NNG
전주 여행	176	던데요	EC
전주 여행	176	의외	NNG
전주 여행	176	어요	EF
전주 여행	176	전라북도	NNP
전주 여행	176	전주시	NNP
전주 여행	176	아닌가요	VCN+EC
전주 여행	177	코스	NNG
전주 여행	177	추천	NNG
전주 여행	177	조언	NNG
전주 여행	177	세요	EP+EF
전주 여행	177	한옥마을	NNP
전주 여행	177	경기전	NNG
전주 여행	177	난장	NNG
전주 여행	177	국립	NNG
전주 여행	177	박물관	NNG
전주 여행	177	동물원	NNG
전주 여행	177	이동	NNG
전주 여행	177	수단	NNG
전주 여행	177	자동차	NNG
전주 여행	177	맛집	NNG
전주 여행	177	국내	NNG
전주 여행	177	주달	NNG
전주 여행	177	티비	NNG
전주 여행	177	코스	NNG
전주 여행	177	여수	NNG
전주 여행	177	여수	NNG
전주 여행	177	제주	NNP
전주 여행	178	뚜벅	MAG
전주 여행	178	으로	JKB
전주 여행	178	려는데	EC
전주 여행	178	한옥	NNG
전주 여행	178	마을	NNG
전주 여행	178	근처	NNG
전주 여행	178	..	SY
전주 여행	178	이용	NNG
전주 여행	178	장소	NNG
전주 여행	178	에서	JKB
전주 여행	178	장소	NNG
전주 여행	178	운송	NNG
전주 여행	178	가능	NNG
전주 여행	178	합니다	XSA+EF
전주 여행	178	가격	NNG
전주 여행	178	저렴	XR
전주 여행	178	통해	VV+EC
전주 여행	178	실시간	NNG
전주 여행	178	으로	JKB
전주 여행	178	주문	NNG
전주 여행	178	현황	NNG
전주 여행	178	확인	NNG
전주 여행	178	까지	JX
전주 여행	178	가능	NNG
전주 여행	178	편리	NNG
전주 여행	178	이용	NNG
전주 여행	178	가능	NNG
전주 여행	178	뚜벅	MAG
전주 여행	178	참고	NNG
전주 여행	178	세요	EP+EF
전주 여행	178	즐거운	VA+ETM
전주 여행	178	바랄	VV+ETM
전주 여행	178	게요	NNB+VCP+EC
전주 여행	179	일정	NNG
전주 여행	179	이번	NNG
전주 여행	179	는데	EC
전주 여행	179	소요	NNG
전주 여행	179	시간	NNG
전주 여행	179	어요	EF
전주 여행	179	한옥마을	NNP
전주 여행	179	초코파이	NNP
전주 여행	179	체험	NNG
전주 여행	179	수목원	NNG
전주 여행	179	드림	VV+ETM
전주 여행	179	랜드	NNG
전주 여행	179	으로	JKB
전주 여행	179	는데	EC
전주 여행	179	이동	NNG
전주 여행	179	시간	NNG
전주 여행	179	얼마나	MAG
전주 여행	179	걸릴까요	VV+EF
전주 여행	179	자세	XR
전주 여행	179	부탁	NNG
전주 여행	179	드릴게요	VV+EC
전주 여행	179	우선	MAG
전주 여행	179	한옥마을	NNP
전주 여행	179	초코파이	NNP
전주 여행	179	체험	NNG
전주 여행	179	장이	XSN
전주 여행	179	으니까요	EC
전주 여행	179	이걸	NP+JKO
전주 여행	180	이번	NNG
전주 여행	180	태교	NNG
전주 여행	180	으로	JKB
전주 여행	180	려고	EC
전주 여행	180	는데	EC
전주 여행	180	강아지	NNG
전주 여행	180	..	SY
전주 여행	180	맛집	NNG
전주 여행	180	국내	NNG
전주 여행	180	주달	NNG
전주 여행	180	티비	NNG
전주 여행	180	코스	NNG
전주 여행	180	여수	NNG
전주 여행	180	여수	NNG
전주 여행	180	제주	NNP
전주 여행	180	제주도	NNP
전주 여행	180	전문	NNG
전주 여행	180	언서	NNG
전주 여행	180	주달	NNG
전주 여행	180	봉이	NNG
전주 여행	180	입니다	VCP+EF
전주 여행	180	숙소	NNG
전주 여행	180	힘드	VA
전주 여행	180	다면	EC
전주 여행	180	바닷가	NNG
전주 여행	181	추천	NNG
전주 여행	181	세요	EP+EF
전주 여행	181	추천	NNG
전주 여행	181	세요	EP+EF
전주 여행	181	주식	NNG
전주 여행	181	문화	NNG
전주 여행	181	전일	NNG
전주 여행	181	슈퍼	NNG
전주 여행	181	주만	NNP
전주 여행	181	문화	NNG
전주 여행	181	피큐어	NNP
전주 여행	181	평점	NNG
전주 여행	181	AA	SL
전주 여행	181	전주식	NNP
전주 여행	181	한정식	NNP
전주 여행	181	최고봉	NNP
전주 여행	181	수구	NNP
전주 여행	181	전라	NNP
전주 여행	181	회관	NNG
전주 여행	181	전주비빔밥	NNG
전주 여행	181	최고봉	NNG
전주 여행	181	고궁	NNG
전주 여행	181	성미	NNG
전주 여행	181	토종	NNG
전주 여행	181	명품	NNG
전주 여행	181	사용	NNG
전주 여행	181	리의	NNG
전주 여행	182	혼자	NNG
전주 여행	182	코스	NNG
전주 여행	182	질문	NNG
전주 여행	182	정보	NNG
전주 여행	182	정리	NNG
전주 여행	182	습니다	EF
전주 여행	182	참고	NNG
전주 여행	182	세요	EP+EF
전주 여행	182	에서	JKB
전주 여행	182	덕진	NNP
전주 여행	182	공원	NNG
전주 여행	182	추천	NNP
전주 여행	182	덕진	NNP
전주 여행	182	공원	NNG
전주 여행	182	터미널	NNG
전주 여행	182	에서	JKB
전주 여행	182	가장	MAG
전주 여행	182	가까운	VA+ETM
전주 여행	182	에요	EF
전주 여행	182	산책	NNG
전주 여행	182	호수	NNG
전주 여행	182	공원	NNG
전주 여행	182	에요	EF
전주 여행	182	덕진	NNP
전주 여행	182	공원	NNG
전주 여행	182	생략	NNG
전주 여행	182	곧바로	MAG
전주 여행	182	남부	NNG
전주 여행	182	시장	NNG
전주 여행	183	갈려고	VV+EC
전주 여행	183	는데	EC
전주 여행	183	맛집	NNG
전주 여행	183	국내	NNG
전주 여행	183	주달	NNG
전주 여행	183	티비	NNG
전주 여행	183	코스	NNG
전주 여행	183	여수	NNG
전주 여행	183	여수	NNG
전주 여행	183	제주	NNP
전주 여행	183	제주도	NNP
전주 여행	183	전문	NNG
전주 여행	183	언서	NNG
전주 여행	183	주달	NNG
전주 여행	183	봉이	NNG
전주 여행	183	입니다	VCP+EF
전주 여행	183	코스	NNG
전주 여행	183	한옥	NNG
전주 여행	183	마을	NNG
전주 여행	183	에서부터	JKB
전주 여행	183	시작	NNG
전주 여행	184	부모	NNG
전주 여행	184	려고	EC
전주 여행	184	는데	EC
전주 여행	184	정보	NNG
전주 여행	184	하나	NR
전주 여행	184	어서요	EC
전주 여행	184	숙소	NNG
전주 여행	184	어디	NP
전주 여행	184	은지	EC
전주 여행	184	관광지	NNG
전주 여행	184	어디	NP
전주 여행	184	는지	EC
전주 여행	184	추천	NNG
전주 여행	184	부탁	NNG
전주 여행	184	드려요	VV+EC
전주 여행	184	맛집	NNG
전주 여행	184	국내	NNG
전주 여행	184	주달	NNG
전주 여행	184	티비	NNG
전주 여행	184	코스	NNG
전주 여행	184	여수	NNG
전주 여행	185	코스	NNG
전주 여행	185	!!	SY
전주 여행	185	이미	MAG
전주 여행	185	마치	VV
전주 여행	185	복귀	NNG
전주 여행	185	네요	EF
전주 여행	185	저희	NP
전주 여행	185	지난주	NNG
전주 여행	185	당일	NNG
전주 여행	185	코스	NNG
전주 여행	185	다녀왔	VV+EP
전주 여행	185	는데요	EF
전주 여행	185	주말	NNG
전주 여행	185	라서	EC
전주 여행	185	그런지	VA+EC
전주 여행	185	관광지	NNG
전주 여행	185	사람	NNG
전주 여행	185	아서	EC
전주 여행	185	생각	NNG
전주 여행	185	처럼	JKB
전주 여행	185	많이	MAG
전주 여행	185	둘러보	VV
전주 여행	185	못해서	VX+EC
전주 여행	185	아쉽	VA
전주 여행	185	더라고요	EC
전주 여행	185	최소한	NNG
전주 여행	186	당일치기	NNG
전주 여행	186	려고	EC
전주 여행	186	는데	EC
전주 여행	186	질문	NNG
전주 여행	186	습니다	EF
전주 여행	186	맛집	NNG
전주 여행	186	국내	NNG
전주 여행	186	주달	NNG
전주 여행	186	티비	NNG
전주 여행	186	코스	NNG
전주 여행	186	여수	NNG
전주 여행	186	여수	NNG
전주 여행	186	제주	NNP
전주 여행	186	제주도	NNP
전주 여행	186	전문	NNG
전주 여행	186	언서	NNG
전주 여행	186	주달	NNG
전주 여행	186	봉이	NNG
전주 여행	186	입니다	VCP+EF
전주 여행	186	기지	NNG
전주 여행	186	산책	NNG
전주 여행	186	저녁	NNG
전주 여행	186	많이	MAG
전주 여행	186	셔서	EP+EC
전주 여행	187	는데	EC
전주 여행	187	코스	NNG
전주 여행	187	추천	NNG
전주 여행	187	부탁	NNG
전주 여행	187	드려요	VV+EC
전주 여행	187	~^^	SY
전주 여행	187	남자	NNG
전주 여행	187	친구	NNG
전주 여행	187	생일	NNG
전주 여행	187	으로	JKB
전주 여행	187	는데	EC
전주 여행	187	처음	NNG
전주 여행	187	코스	NNG
전주 여행	187	으면	EC
전주 여행	187	추천	NNG
전주 여행	187	부탁드립니다	VV+EC
전주 여행	187	숙소	NNG
전주 여행	187	한옥마을	NNP
전주 여행	187	도보	NNP
전주 여행	187	10	SN
전주 여행	187	거리	NNG
전주 여행	187	자차	NNG
전주 여행	187	어서	EC
전주 여행	187	이동은	NNP
전주 여행	187	문제	NNG
전주 여행	187	습니다	EF
전주 여행	187	맛집	NNG
전주 여행	187	추천	NNG
전주 여행	187	부탁	NNG
전주 여행	187	드려요	VV+EC
전주 여행	187	안녕	NNG
전주 여행	187	세요	EP+EF
전주 여행	187	AI	SL
전주 여행	188	한옥	NNG
전주 여행	188	마을	NNG
전주 여행	188	남자	NNG
전주 여행	188	혼자	NNG
전주 여행	188	예정	NNG
전주 여행	188	입니다	VCP+EF
전주 여행	188	욕조	NNG
전주 여행	188	굉장히	MAG
전주 여행	188	무리	NNG
전주 여행	188	질문	NNG
전주 여행	188	지만	EC
전주 여행	188	혹시나	MAG
전주 여행	188	해서	VV+EC
전주 여행	188	맛집	NNG
전주 여행	188	국내	NNG
전주 여행	188	주달	NNG
전주 여행	188	티비	NNG
전주 여행	188	코스	NNG
전주 여행	188	여수	NNG
전주 여행	188	여수	NNG
전주 여행	188	제주	NNP
전주 여행	188	제주도	NNP
전주 여행	188	전문	NNG
전주 여행	188	언서	NNG
전주 여행	189	는데	EC
전주 여행	189	렌트	NNG
전주 여행	189	을까	EC
전주 여행	189	는데	EC
전주 여행	189	렌트	NNG
전주 여행	189	을까요	EC
전주 여행	189	안녕	NNG
전주 여행	189	세요	EP+EF
전주 여행	189	천만	NR
전주 여행	189	려인	NNG
전주 여행	189	함께	MAG
전주 여행	189	애견	NNG
전주 여행	189	동반	NNG
전주 여행	189	플랫	NNG
전주 여행	189	하트	NNG
전주 여행	189	입니다	VCP+EF
전주 여행	189	도시	NNG
전주 여행	189	라서	VCP+EC
전주 여행	189	택시	NNG
전주 여행	189	이동	NNG
전주 여행	189	해도	VV+EC
전주 여행	189	불편	NNG
전주 여행	189	습니다	EF
전주 여행	189	답변	NNG
전주 여행	189	도움	NNG
전주 여행	189	다면	EC
전주 여행	189	채택	NNG
전주 여행	189	부탁드립니다	VV+EC
전주 여행	190	코스	NNG
전주 여행	190	질문	NNG
전주 여행	190	드려요	VV+EC
전주 여행	190	이상	NNG
전주 여행	190	문의	NNG
전주 여행	190	통상	NNG
전주 여행	190	안내	NNG
전주 여행	190	드리	VX
전주 여행	190	정보	NNG
전주 여행	190	입니다	VCP+EF
전주 여행	190	질문	NNG
전주 여행	190	간단히	MAG
전주 여행	190	요약	NNG
전주 여행	190	드리	VX
전주 여행	190	먼저	MAG
전주 여행	190	사이트	NNG
전주 여행	190	들어가	VV
전주 여행	190	셔서	EP+EC
전주 여행	190	예약	NNG
전주 여행	190	오전	NNG
전주 여행	191	코스	NNG
전주 여행	191	질문	NNG
전주 여행	191	내공	NNG
전주 여행	191	어요	EF
전주 여행	191	100	SN
전주 여행	191	부산	NNP
전주 여행	191	에서	JKB
전주 여행	191	려고	EC
전주 여행	191	합니다	VX+EF
전주 여행	191	자차	NNG
전주 여행	191	아닌	VCN+ETM
전주 여행	191	버스	NNG
전주 여행	191	위주	NNG
전주 여행	191	려고	EC
전주 여행	191	합니다	VX+EF
전주 여행	191	그리고	MAJ
전주 여행	191	아니	VCN
전주 여행	191	다가	EC
전주 여행	191	에서	JKB
전주 여행	191	가깝	VA
전주 여행	191	거나	EC
전주 여행	191	버스	NNG
전주 여행	191	시간	NNBC
전주 여행	191	정도	NNG
전주 여행	191	다른	MM
전주 여행	191	지역	NNG
전주 여행	191	은데	EC
전주 여행	191	많이	MAG
전주 여행	191	다니	VV
전주 여행	192	코스	NNG
전주 여행	192	추천	NNG
전주 여행	192	코스	NNG
전주 여행	192	추천	NNG
전주 여행	192	세염	NNG
전주 여행	192	동물원	NNP
전주 여행	192	걍기전	UNKNOWN
전주 여행	192	한옥마을	NNP
전주 여행	192	덕진	NNP
전주 여행	192	연못	NNG
전주 여행	192	으로	JKB
전주 여행	192	가보세요	NNG
전주 여행	193	코스	NNG
전주 여행	193	알려	VV+EC
전주 여행	193	세요	EP+EF
전주 여행	193	안녕	IC
전주 여행	193	세요	EP+EF
전주 여행	193	당일치기	NNG
전주 여행	193	코스	NNG
전주 여행	193	세요	EP+EF
전주 여행	193	동물원	NNG
전주 여행	193	한옥마을	NNP
전주 여행	193	수목원	NNG
전주 여행	193	팔복	NNG
전주 여행	193	예술	NNG
전주 여행	193	공장	NNG
전주 여행	193	드림	VV+ETM
전주 여행	193	랜드	NNG
전주 여행	193	당일치기	NNG
전주 여행	193	코스	NNG
전주 여행	193	알려	VV+EC
전주 여행	193	세요	EP+EF
전주 여행	193	자가용	NNG
전주 여행	193	으로	JKB
전주 여행	193	이동	NNG
전주 여행	193	신다면	EP+EC
전주 여행	193	아래	NNG
전주 여행	193	코스	NNG
전주 여행	193	시간	NNG
전주 여행	193	아낄	VV+ETM
전주 여행	194	코스	NNG
전주 여행	194	질문	NNG
전주 여행	194	코스	NNG
전주 여행	194	관련	NNG
전주 여행	194	답변	NNG
전주 여행	194	드리	VV
전주 여행	194	습니다	EF
전주 여행	194	가족	NNG
전주 여행	194	함께	MAG
전주 여행	194	계획	NNG
전주 여행	194	군요	EF
전주 여행	194	추천	NNG
전주 여행	194	명소	NNG
전주 여행	194	맛집	NNG
전주 여행	194	포함	NNG
전주 여행	194	해서	XSV+EC
전주 여행	194	여다	VV+EC
전주 여행	194	에서	JKB
전주 여행	194	맞춤	NNG
전주 여행	194	코스	NNG
전주 여행	194	준비	NNG
전주 여행	194	어요	EF
전주 여행	194	아래	NNG
전주 여행	194	첨부	NNG
전주 여행	194	일정	NNG
전주 여행	195	당일치기	NNG
전주 여행	195	코스	NNG
전주 여행	195	처음	NNG
전주 여행	195	으로	JKB
전주 여행	195	라서	VCP+EC
전주 여행	195	많이	MAG
전주 여행	195	어요	EF
전주 여행	195	일단	MAG
전주 여행	195	한옥	NNG
전주 여행	195	마을	NNG
전주 여행	195	에서	JKB
전주 여행	195	한복	NNG
전주 여행	195	빌려서	VV+EC
전주 여행	195	한옥마을	NNP
전주 여행	195	전동성당	NNP
전주 여행	195	이랑	JC
전주 여행	195	경기전	NNG
전주 여행	195	그리고	MAJ
전주 여행	195	자만	NNG
전주 여행	195	벽화	NNG
전주 여행	195	마을	NNG
전주 여행	195	까지	JX
전주 여행	195	정했	VV+EP
전주 여행	195	는데	EC
전주 여행	195	다른	MM
전주 여행	195	못했	VX+EP
전주 여행	195	어요	EF
전주 여행	195	한옥마을	NNP
전주 여행	196	초등	NNG
전주 여행	196	아이	NNG
전주 여행	196	코스	NNG
전주 여행	196	맛집	NNG
전주 여행	196	추천	NNG
전주 여행	196	부탁	NNG
전주 여행	196	합니다	XSV+EF
전주 여행	196	아이	NNG
전주 여행	196	계획	NNG
전주 여행	196	계시	VX
전주 여행	196	군요	EF
전주 여행	196	에서	JKB
전주 여행	196	아이	NNG
전주 여행	196	함께	MAG
전주 여행	196	군데	NNBC
전주 여행	196	추천	NNG
전주 여행	196	드려	VV+EC
전주 여행	196	도록	EC
전주 여행	196	습니다	EF
전주 여행	196	한옥마을	NNP
전주 여행	196	이미	MAG
전주 여행	196	계획	NNG
전주 여행	196	장소	NNG
전주 여행	196	한옥마을	NNP
전주 여행	196	예요	EC
전주 여행	196	한복	NNG
전주 여행	196	한옥마을	NNP
전주 여행	196	거닐	VV
전주 여행	196	사진	NNG
전주 여행	197	합니다	XSV+EF
전주 여행	197	ㅠㅠ	UNKNOWN
전주 여행	197	코스	NNG
전주 여행	197	코스	NNG
전주 여행	197	추천	NNG
전주 여행	197	드립니다	VV+EF
전주 여행	197	안녕	IC
전주 여행	197	세요	EP+EF
전주 여행	197	전문	NNG
전주 여행	197	블로거	NNP
전주 여행	197	쭈니	NNP
전주 여행	197	아빠	NNG
전주 여행	197	입니다	VCP+EF
전주 여행	197	방학	NNG
전주 여행	197	아서	EC
전주 여행	197	친구	NNG
전주 여행	197	준비	NNG
전주 여행	197	계시	VX
전주 여행	197	네요	EF
전주 여행	197	한옥마을	NNP
전주 여행	197	중심	NNG
전주 여행	197	으로	JKB
전주 여행	197	터미널	NNG
전주 여행	197	에서	JKB
전주 여행	197	버스	NNG
전주 여행	197	한옥	NNG
전주 여행	197	마을	NNG
전주 여행	198	순서	NNG
전주 여행	198	알려	VV+EC
전주 여행	198	세요	EP+EF
전주 여행	198	려고	EC
전주 여행	198	는데요	EC
전주 여행	198	덕진	NNP
전주 여행	198	공원	NNG
전주 여행	198	동물원	NNG
전주 여행	198	한옥	NNG
전주 여행	198	마을	NNG
전주 여행	198	남부	NNG
전주 여행	198	시장	NNG
전주 여행	198	려고	EC
전주 여행	198	합니다	VX+EF
전주 여행	198	시외버스	NNG
전주 여행	198	공용	NNG
전주 여행	198	터미널	NNG
전주 여행	198	에서	JKB
전주 여행	198	가까운	VA+ETM
전주 여행	198	순서	NNG
전주 여행	198	어떻게	MAG
전주 여행	198	될까요	VV+EF
전주 여행	198	그리고	MAJ
전주 여행	198	근처	NNG
전주 여행	198	가까운	VA+ETM
전주 여행	198	바닷가	NNG
전주 여행	198	어디	NP
전주 여행	198	인가요	VCP+EC
전주 여행	198	구경	NNG
전주 여행	199	비용	NNG
전주 여행	199	안녕	NNG
전주 여행	199	세요	EP+EF
전주 여행	199	려는	ETM
전주 여행	199	학생	NNG
전주 여행	199	입니다	VCP+EF
전주 여행	199	수원	NNP
전주 여행	199	고요	EC
전주 여행	199	으로	JKB
전주 여행	199	가려	VV+EC
전주 여행	199	는데	EC
전주 여행	199	비용	NNG
전주 여행	199	어느	MM
전주 여행	199	정도	NNG
전주 여행	199	나올까요	VV+EF
전주 여행	199	수원	NNP
전주 여행	199	에서	JKB
전주 여행	199	까지	VV
전주 여행	199	자가용	NNG
전주 여행	199	으로	JKB
전주 여행	199	시간	NNBC
전주 여행	199	정도	NNG
전주 여행	199	걸리	VV
전주 여행	199	코스	NNG
전주 여행	199	인데요	VCP+EF
전주 여행	199	대중교통	NNG
전주 여행	199	으로	JKB
전주 여행	199	간다	VV+EC
전주 여행	199	라면	NNG
전주 여행	199	조금	MAG
전주 여행	200	음식점	NNG
전주 여행	200	25	SN
전주 여행	200	는데	EC
전주 여행	200	동물원	NNP
전주 여행	200	이랑	JC
전주 여행	200	레일바이크	NNP
전주 여행	200	아중	NNG
전주 여행	200	수지	NNG
전주 여행	200	목대	NNG
전주 여행	200	주변	NNG
전주 여행	200	맛집	NNG
전주 여행	200	이나	JC
전주 여행	200	음식	NNG
전주 여행	200	으면	EC
전주 여행	200	추천	NNG
전주 여행	200	세여	EP+EF
전주 여행	200	내공	NNP
전주 여행	200	100	SN
전주 여행	200	드려	VV+EC
전주 여행	200	추가	NNG
전주 여행	200	터미널	NNG
전주 여행	200	알려	VV+EC
전주 여행	200	고맙	VA
전주 여행	200	습니다	EF
전주 여행	200	답변	NNG
전주 여행	200	한옥	NNG
전주 여행	200	마을	NNG
전주 여행	200	에루화	IC
전주 여행	200	떡갈비	NNG
전주 여행	201	여학생	NNG
전주 여행	201	친구	NNG
전주 여행	201	안녕	NNG
전주 여행	201	세요	EP+EF
전주 여행	201	15	SN
전주 여행	201	여학생	NNG
전주 여행	201	입니다	VCP+EF
전주 여행	201	친한	VA+ETM
전주 여행	201	친구	NNG
전주 여행	201	는데	EC
전주 여행	201	어디	NP
전주 여행	201	할지	VX+EC
전주 여행	201	몰라서	VV+EC
전주 여행	201	너무	MAG
전주 여행	201	막막	XR
전주 여행	201	합니다	XSA+EF
전주 여행	201	저희	NP
전주 여행	201	일본	NNP
전주 여행	201	애니	NNP
전주 여행	201	너무	MAG
전주 여행	201	는데	EC
전주 여행	201	오타쿠	NNP
전주 여행	201	갈만	NNG
전주 여행	201	을까요	EC
전주 여행	201	제발	MAG
전주 여행	201	알려	VV+EC
전주 여행	201	세요	EP+EF
전주 여행	202	부모	NNG
전주 여행	202	모시	VV
전주 여행	202	부모	NNG
전주 여행	202	모시	VV
전주 여행	202	려는데	EC
전주 여행	202	명소	NNG
전주 여행	202	식당	NNG
전주 여행	202	추천	NNG
전주 여행	202	부탁	NNG
전주 여행	202	드립니다	VV+EC
전주 여행	202	한옥마을	NNP
전주 여행	202	유명	XR
전주 여행	202	완산구	NNP
전주 여행	202	으며	EC
전주 여행	202	덕진구	NNP
전주 여행	202	또한	MAJ
전주 여행	202	멋진	VA+ETM
전주 여행	202	추억	NNG
전주 여행	202	가진	VV+ETM
전주 여행	202	장소	NNG
전주 여행	202	많이	MAG
전주 여행	203	이번	NNG
전주 여행	203	여자	NNG
전주 여행	203	친구	NNG
전주 여행	203	는데	EC
전주 여행	203	경로	NNG
전주 여행	203	알려	VV+EC
전주 여행	203	세요	EP+EF
전주 여행	203	토요일	NNG
전주 여행	203	온다고	VV+EC
전주 여행	203	는데	EC
전주 여행	203	실내	NNG
전주 여행	203	데이트	NNG
전주 여행	203	가능	NNG
전주 여행	203	알려	VV+EC
전주 여행	203	감사	NNG
전주 여행	203	습니다	EF
전주 여행	203	숙소	NNG
전주 여행	203	한옥	NNG
전주 여행	203	마을	NNG
전주 여행	203	근처	NNG
전주 여행	203	습니다	EF
전주 여행	203	한옥마을	NNP
전주 여행	203	구경	NNG
전주 여행	204	저녁	NNG
전주 여행	204	주천	NNG
전주 여행	204	산책	NNG
전주 여행	204	따라	VV+EC
전주 여행	204	거나	EC
전주 여행	204	한옥	NNG
전주 여행	204	마을	NNG
전주 여행	204	근처	NNG
전주 여행	204	에서	JKB
전주 여행	204	야경	NNG
전주 여행	204	즐기	VV
전주 여행	204	너무	MAG
전주 여행	204	답니다	EF
전주 여행	204	혹시	MAG
전주 여행	204	일정	NNG
전주 여행	204	이나	JC
전주 여행	204	관심	NNG
전주 여행	204	테마	NNG
전주 여행	204	사진	NNG
전주 여행	204	카페	NNG
전주 여행	204	체험	NNG
전주 여행	204	알려	VV+EC
전주 여행	204	맞춤	VV+EC
전주 여행	204	추천	NNG
전주 여행	204	드릴	VX+ETM
전주 여행	204	어요	EF
전주 여행	204	즐거운	VA+ETM
전주 여행	204	바랄	VV+ETM
전주 여행	204	게요	NNB+VCP+EC
전주 여행	205	코스	NNG
전주 여행	205	추천	NNG
전주 여행	205	~!	SY
전주 여행	205	영화제	NNG
전주 여행	205	기간	NNG
전주 여행	205	일정	NNG
전주 여행	205	으로	JKB
전주 여행	205	볼까	EC+VX+EC
전주 여행	205	해서	VV+EC
전주 여행	205	코스	NNG
전주 여행	205	추천	NNG
전주 여행	205	세요	EP+EF
전주 여행	205	어차피	MAG
전주 여행	205	주목적	NNG
전주 여행	205	전주국	NNG
전주 여행	205	영화제	NNG
전주 여행	205	니까	VCP+EC
전주 여행	205	둘러보	VV
전주 여행	205	에요	VCP+EF
전주 여행	205	그냥	MAG
전주 여행	205	알짜배기	NNG
전주 여행	205	추천	NNG
전주 여행	206	주로	MAG
전주 여행	206	커플	NNG
전주 여행	206	려고	EC
전주 여행	206	는데	EC
전주 여행	206	추천	NNG
전주 여행	206	세요	EP+EF
전주 여행	206	숙소	NNG
전주 여행	206	거리	NNG
전주 여행	206	맛집	NNG
전주 여행	206	등등	NNB
전주 여행	206	추천	NNG
전주 여행	206	감사	NNG
전주 여행	206	습니다	EF
전주 여행	206	한옥마을	NNP
전주 여행	206	겁니다	NNB+VCP+EF
전주 여행	206	답변	NNG
전주 여행	206	도움	NNG
전주 여행	206	으면	EC
전주 여행	206	습니다	EF
전주 여행	206	한옥마을	NNP
전주 여행	206	한옥마을	NNP
전주 여행	206	맛집	NNG
전주 여행	206	거리	EC
전주 여행	206	추천	NNG
전주 여행	207	추석	NNG
전주 여행	207	16	SN
전주 여행	207	18	SN
전주 여행	207	려고	EC
전주 여행	207	는데	EC
전주 여행	207	그때	NNG
전주 여행	207	한옥마을	NNP
전주 여행	207	관광지	NNG
전주 여행	207	을까요	EC
전주 여행	207	추석	NNG
전주 여행	207	당일	NNG
전주 여행	207	습니다	EF
전주 여행	207	에도	NNP
전주 여행	207	이벤트	NNG
전주 여행	207	진행	NNG
전주 여행	207	입니다	VCP+EC
전주 여행	207	27	SN
전주 여행	207	10	SN
전주 여행	207	13	SN
전주 여행	207	한국	NNP
전주 여행	207	관광공사	NNP
전주 여행	207	에서	JKB
전주 여행	207	숙박	NNG
전주 여행	207	세일	NNG
전주 여행	207	페스타	NNP
전주 여행	207	이벤트	NNG
전주 여행	207	진행	NNG
전주 여행	207	입니다	VCP+EC
전주 여행	208	연령	NNG
전주 여행	208	렌트카	NNG
전주 여행	208	추천	NNG
전주 여행	208	이번	NNG
전주 여행	208	21	SN
전주 여행	208	으로	JKB
전주 여행	208	19	SN
전주 여행	208	입니다	VCP+EF
전주 여행	208	연령	NNG
전주 여행	208	자동차	NNG
전주 여행	208	추천	NNG
전주 여행	208	부탁	NNG
전주 여행	208	드리	VV
전주 여행	208	습니다	EF
전주 여행	208	그리고	MAJ
전주 여행	208	가격	NNG
전주 여행	208	렌트	NNG
전주 여행	208	어느	MM
전주 여행	208	정도	NNG
전주 여행	208	나올까요	VV+EF
전주 여행	208	에서	JKB
전주 여행	208	21	SN
전주 여행	208	이상	NNG
전주 여행	208	렌트	NNG
전주 여행	208	가능	NNG
전주 여행	208	자동차	NNG
전주 여행	208	찾아보	VV
전주 여행	208	세요	EP+EF
전주 여행	208	가격	NNG
전주 여행	209	포항	NNP
전주 여행	209	에서	JKB
전주 여행	209	포항	NNP
전주 여행	209	까지	JX
전주 여행	209	기차	NNG
전주 여행	209	을까요	EC
전주 여행	209	버스	NNG
전주 여행	209	을까요	EC
전주 여행	209	안녕	NNG
전주 여행	209	세요	EP+EF
전주 여행	209	에서	JKB
전주 여행	209	포항	NNP
전주 여행	209	까지	JX
전주 여행	209	기차	NNG
전주 여행	209	버스	NNG
전주 여행	209	각각	MAG
전주 여행	209	장단점	NNG
전주 여행	209	으므로	EC
전주 여행	209	어떤	MM
전주 여행	209	방법	NNG
전주 여행	209	은지	EC
전주 여행	209	결정	NNG
전주 여행	209	가지	NNBC
전주 여행	209	요소	NNG
전주 여행	209	고려	NNG
전주 여행	209	필요	NNG
전주 여행	209	습니다	EF
전주 여행	210	펜션	NNG
전주 여행	210	한옥	NNG
전주 여행	210	으로	JKB
전주 여행	210	이번	NNG
전주 여행	210	남자	NNG
전주 여행	210	친구	NNG
전주 여행	210	같이	MAG
전주 여행	210	해서	VV+EC
전주 여행	210	얼른	MAG
전주 여행	210	펜션	NNG
전주 여행	210	봐야	VX+EC
전주 여행	210	는데	EC
전주 여행	210	한옥	NNG
전주 여행	210	마을	NNG
전주 여행	210	근처	NNG
전주 여행	210	한옥	NNG
전주 여행	210	느낌	MAG
전주 여행	210	펜션	NNG
전주 여행	210	으로	JKB
전주 여행	210	을까요	EC
전주 여행	210	내부	NNG
전주 여행	210	정감	NNG
전주 여행	210	분위기	NNG
전주 여행	210	아요	EF
전주 여행	210	빠른	VA+ETM
전주 여행	210	답변	NNG
전주 여행	210	부탁	NNG
전주 여행	211	세요	EP+EF
전주 여행	211	한옥마을	NNP
전주 여행	211	유명	XR
전주 여행	211	완산구	NNP
전주 여행	211	으며	EC
전주 여행	211	덕진구	NNP
전주 여행	211	또한	MAJ
전주 여행	211	멋진	VA+ETM
전주 여행	211	추억	NNG
전주 여행	211	가진	VV+ETM
전주 여행	211	장소	NNG
전주 여행	211	많이	MAG
전주 여행	211	습니다	EF
전주 여행	211	완산구	NNP
전주 여행	211	덕진구	NNP
전주 여행	211	대해서	VV+EC
전주 여행	212	뚜벅	MAG
전주 여행	212	엄마	NNG
전주 여행	212	뚜벅	MAG
전주 여행	212	계획	NNG
전주 여행	212	인데	VCP+EC
전주 여행	212	답변	NNG
전주 여행	212	부탁	NNG
전주 여행	212	드려요	VV+EC
전주 여행	212	기차	NNG
전주 여행	212	고속버스	NNG
전주 여행	212	어떤	MM
전주 여행	212	을까요	EC
전주 여행	212	도착	NNG
전주 여행	212	해서	XSV+EC
전주 여행	212	관광	NNG
전주 여행	212	이용	NNG
전주 여행	212	교통수단	NNG
전주 여행	212	어떤	MM
전주 여행	212	을까요	EC
전주 여행	212	숙소	NNG
전주 여행	212	추천	NNG
전주 여행	212	부탁드려요	VV+EF
전주 여행	212	서울	NNP
전주 여행	213	당일치기	NNG
전주 여행	213	어렵	VA
전주 여행	213	네요	EF
전주 여행	213	당일치기	NNG
전주 여행	213	계획	NNG
전주 여행	213	군요	EF
전주 여행	213	에서	JKB
전주 여행	213	한옥마을	NNP
전주 여행	213	까지	JX
전주 여행	213	방법	NNG
전주 여행	213	당일치기	NNG
전주 여행	213	코스	NNG
전주 여행	213	알려	VV+EC
전주 여행	213	드릴게요	VX+EC
전주 여행	213	에서	JKB
전주 여행	213	한옥마을	NNP
전주 여행	213	까지	JX
전주 여행	213	방법	NNG
전주 여행	213	으로	JKB
전주 여행	213	택시	NNG
전주 여행	213	버스	NNG
전주 여행	213	어요	EF
전주 여행	213	에서	JKB
전주 여행	213	한옥마을	NNP
전주 여행	213	까지	JX
전주 여행	213	택시	NNG
전주 여행	214	경비	NNG
전주 여행	214	보통	NNG
전주 여행	214	경비	NNG
전주 여행	214	얼마	NNG
전주 여행	214	정도	NNG
전주 여행	214	드나	VV
전주 여행	214	숙소	NNG
전주 여행	214	13	SN
전주 여행	214	인데	VCP+EC
전주 여행	214	려고	EC
전주 여행	214	비싼	VA+ETM
전주 여행	214	건가요	NNB+VCP+EC
전주 여행	214	질문	NNG
전주 여행	214	도움	NNG
전주 여행	214	답변	NNG
전주 여행	214	바래	VV
전주 여행	214	예산	NNG
전주 여행	214	30	SN
전주 여행	214	내외	NNG
전주 여행	214	숙소	NNG
전주 여행	214	13	SN
전주 여행	214	적당	XR
전주 여행	214	합니다	XSA+EC
전주 여행	215	커플	NNG
전주 여행	215	대해	VV+EC
전주 여행	215	도움	NNG
전주 여행	215	드릴게요	VV+EC
전주 여행	215	남자	NNG
전주 여행	215	친구	NNG
전주 여행	215	이용	NNG
전주 여행	215	할지	XSV+EC
전주 여행	215	KTX	SL
전주 여행	215	이용	NNG
전주 여행	215	할지	XSV+EC
전주 여행	215	대해서	VV+EC
전주 여행	215	여러	MM
전주 여행	215	가지	NNBC
전주 여행	215	요소	NNG
전주 여행	215	고려	NNG
전주 여행	215	셔야	EP+EC
전주 여행	215	합니다	VX+EF
전주 여행	215	만약	MAG
전주 여행	215	교통	NNG
전주 여행	215	체증	NNG
전주 여행	215	예상	NNG
전주 여행	215	날짜	NNG
전주 여행	215	라면	VCP+EC
전주 여행	215	KTX	SL
전주 여행	215	이용	NNG
전주 여행	215	편할	VA+ETM
전주 여행	215	습니다	EF
전주 여행	215	또한	MAJ
전주 여행	215	남자	NNG
전주 여행	215	친구	NNG
전주 여행	216	려는데	EC
전주 여행	216	여행지	NNG
전주 여행	216	맛집	NNG
전주 여행	216	추천	NNG
전주 여행	216	세요	EP+EF
전주 여행	216	보리암	NNP
전주 여행	216	다랭이	NNG
전주 여행	216	독일	NNP
전주 여행	216	마을	NNG
전주 여행	216	한옥마을	NNP
전주 여행	216	두세	MM
전주 여행	216	맛집	NNG
전주 여행	216	빨리	MAG
전주 여행	216	추천	NNG
전주 여행	216	세요	EP+EF
전주 여행	216	라서	EC
전주 여행	216	추천	NNG
전주 여행	216	셔도	EP+EC
전주 여행	216	됩니다	VV+EF
전주 여행	216	맛집	NNG
전주 여행	217	추천	NNG
전주 여행	217	맛집	NNG
전주 여행	217	국내	NNG
전주 여행	217	주달	NNG
전주 여행	217	티비	NNG
전주 여행	217	코스	NNG
전주 여행	217	여수	NNG
전주 여행	217	여수	NNG
전주 여행	217	제주	NNP
전주 여행	217	제주도	NNP
전주 여행	217	전문	NNG
전주 여행	217	언서	NNG
전주 여행	217	주달	NNG
전주 여행	217	봉이	NNG
전주 여행	217	입니다	VCP+EF
전주 여행	217	코스	NNG
전주 여행	217	한옥	NNG
전주 여행	217	마을	NNG
전주 여행	217	에서부터	JKB
전주 여행	218	코스	NNG
전주 여행	218	질문	NNG
전주 여행	218	코스	NNG
전주 여행	218	전라도	NNP
전주 여행	218	어서	EC
전주 여행	218	맛집	NNG
전주 여행	218	국내	NNG
전주 여행	218	주달	NNG
전주 여행	218	티비	NNG
전주 여행	218	코스	NNG
전주 여행	218	여수	NNG
전주 여행	218	여수	NNG
전주 여행	218	제주	NNP
전주 여행	218	제주도	NNP
전주 여행	218	전문	NNG
전주 여행	218	언서	NNG
전주 여행	219	간다면	VV+EC
전주 여행	219	비용	NNG
전주 여행	219	얼마	NNG
전주 여행	219	나올까요	VV+EF
전주 여행	219	비용	NNG
전주 여행	219	여러	MM
전주 여행	219	요소	NNG
전주 여행	219	따라	VV+EC
전주 여행	219	달라지	VV
전주 여행	219	지만	EC
전주 여행	219	일반	NNG
전주 여행	219	으로	JKB
전주 여행	219	다음	NNG
전주 여행	219	항목	NNG
전주 여행	219	포함	NNG
전주 여행	219	됩니다	XSV+EC
전주 여행	219	교통비	NNG
전주 여행	219	까지	JX
전주 여행	219	이동	NNG
전주 여행	219	위한	VV+ETM
전주 여행	219	교통	NNG
전주 여행	219	비용	NNG
전주 여행	219	입니다	VCP+EF
전주 여행	220	코스	NNG
전주 여행	220	맛집	NNG
전주 여행	220	국내	NNG
전주 여행	220	주달	NNG
전주 여행	220	티비	NNG
전주 여행	220	코스	NNG
전주 여행	220	여수	NNG
전주 여행	220	여수	NNG
전주 여행	220	제주	NNP
전주 여행	220	제주도	NNP
전주 여행	220	전문	NNG
전주 여행	220	언서	NNG
전주 여행	220	주달	NNG
전주 여행	220	봉이	NNG
전주 여행	220	입니다	VCP+EF
전주 여행	220	코스	NNG
전주 여행	220	한옥	NNG
전주 여행	220	마을	NNG
전주 여행	220	에서부터	JKB
전주 여행	220	시작	NNG
전주 여행	221	당일치기	NNG
전주 여행	221	혼자	NNG
전주 여행	221	코스	NNG
전주 여행	221	추천	NNG
전주 여행	221	박물관	NNG
전주 여행	221	미술관	NNG
전주 여행	221	지역	NNG
전주 여행	221	공간	NNG
전주 여행	221	스토리	NNG
전주 여행	221	안내	NNG
전주 여행	221	해설	NNG
전주 여행	221	문화	NNG
전주 여행	221	코스	NNG
전주 여행	221	방지	NNG
전주 여행	221	위해	VV+EC
전주 여행	221	예약금	NNG
전주 여행	221	결제	NNG
전주 여행	221	현장	NNG
전주 여행	221	에서	JKB
전주 여행	221	상당	NNG
전주 여행	221	음료	NNG
전주 여행	221	기프	NNP
전주 여행	221	으로	JKB
전주 여행	221	환급	NNG
전주 여행	221	선착순	NNG
전주 여행	221	마감	NNG
전주 여행	221	계획	NNG
전주 여행	221	으신	EP+ETM
전주 여행	222	필요	NNG
전주 여행	222	가요	NNG
전주 여행	222	안녕	NNG
전주 여행	222	세요	EP+EF
전주 여행	222	계획	NNG
전주 여행	222	입니다	VCP+EF
전주 여행	222	서울	NNP
전주 여행	222	에서	JKB
전주 여행	222	까지	JX
전주 여행	222	기차	NNG
전주 여행	222	건데	NNB+VCP+EC
전주 여행	222	에서	JKB
전주 여행	222	렌트	NNG
전주 여행	222	해야	VV+EC
전주 여행	222	할지	VX+EC
전주 여행	222	궁금	XR
전주 여행	222	합니다	XSA+EF
전주 여행	222	참고	NNG
전주 여행	222	한옥마을	NNP
전주 여행	222	포함	NNG
전주 여행	222	해서	XSV+EC
전주 여행	222	유명	NNG
전주 여행	222	관광지	NNG
전주 여행	222	돌아볼	VV+ETM
전주 여행	222	계획	NNG
전주 여행	222	입니다	VCP+EF
전주 여행	222	맛집	NNG
전주 여행	222	국내	NNG
전주 여행	223	맛집	NNG
전주 여행	223	국내	NNG
전주 여행	223	주달	NNG
전주 여행	223	티비	NNG
전주 여행	223	코스	NNG
전주 여행	223	여수	NNG
전주 여행	223	여수	NNG
전주 여행	223	제주	NNP
전주 여행	223	제주도	NNP
전주 여행	223	전문	NNG
전주 여행	223	언서	NNG
전주 여행	223	주달	NNG
전주 여행	223	봉이	NNG
전주 여행	223	입니다	VCP+EF
전주 여행	223	대중교통	NNG
전주 여행	223	이나	JC
전주 여행	223	택시	NNG
전주 여행	223	이용	NNG
전주 여행	224	완주	NNG
전주 여행	224	맛집	NNG
전주 여행	224	국내	NNG
전주 여행	224	주달	NNG
전주 여행	224	티비	NNG
전주 여행	224	코스	NNG
전주 여행	224	여수	NNG
전주 여행	224	여수	NNG
전주 여행	224	제주	NNP
전주 여행	224	제주도	NNP
전주 여행	224	전문	NNG
전주 여행	224	언서	NNG
전주 여행	224	주달	NNG
전주 여행	224	봉이	NNG
전주 여행	224	입니다	VCP+EF
전주 여행	224	완주	NNP
전주 여행	224	어느	MM
전주 여행	224	느냐	EC
전주 여행	224	따라	VV+EC
전주 여행	225	부탁	NNG
전주 여행	225	드립니다	VV+EC
전주 여행	225	맛집	NNG
전주 여행	225	국내	NNG
전주 여행	225	주달	NNG
전주 여행	225	티비	NNG
전주 여행	225	코스	NNG
전주 여행	225	여수	NNG
전주 여행	225	여수	NNG
전주 여행	225	제주	NNP
전주 여행	225	제주도	NNP
전주 여행	225	전문	NNG
전주 여행	225	언서	NNG
전주 여행	225	주달	NNG
전주 여행	225	봉이	NNG
전주 여행	225	입니다	VCP+EF
전주 여행	225	코스	NNG
전주 여행	226	코스	NNG
전주 여행	226	세요	EP+EF
전주 여행	226	ㅜㅜ	UNKNOWN
전주 여행	226	코스	NNG
전주 여행	226	드릴	VX+ETM
전주 여행	226	습니다	EF
전주 여행	226	역사	NNG
전주 여행	226	유적지	NNG
전주 여행	226	전통문화	NNG
전주 여행	226	빛나	VV
전주 여행	226	으로	JKB
전주 여행	226	유명	XR
전주 여행	226	한데요	XSA+EF
전주 여행	226	먼저	MAG
전주 여행	226	한옥마을	NNP
전주 여행	226	방문	NNG
전주 여행	226	아름다움	VA+ETN
전주 여행	226	느낄	VV+ETM
전주 여행	226	습니다	EF
전주 여행	226	시작	NNG
전주 여행	226	라고	EC
전주 여행	226	한옥	NNG
전주 여행	226	마을	NNG
전주 여행	226	에서	JKB
전주 여행	227	대중교통	NNG
전주 여행	227	이랑	JC
전주 여행	227	렌트카	NNG
전주 여행	227	어떤	MM
전주 여행	227	을까요	EF
전주 여행	227	움직이	VV
전주 여행	227	편할지	VA+EC
전주 여행	227	대중교통	NNG
전주 여행	227	편할지	VA+EC
전주 여행	227	알려	VV+EC
전주 여행	227	세요	EP+EF
전주 여행	227	교통	NNG
전주 여행	227	상황	NNG
전주 여행	227	어떤지	VA+EC
전주 여행	227	궁금	XR
전주 여행	227	합니다	XSA+EF
전주 여행	227	맛집	NNG
전주 여행	227	국내	NNG
전주 여행	227	주달	NNG
전주 여행	227	티비	NNG
전주 여행	227	코스	NNG
전주 여행	227	여수	NNG
전주 여행	227	여수	NNG
전주 여행	227	제주	NNP
전주 여행	228	가시	VV
전주 여행	228	는군요	EC
전주 여행	228	그렇	VA
전주 여행	228	다면	EC
전주 여행	228	에서	JKB
전주 여행	228	연인	NNG
전주 여행	228	제일	MAG
전주 여행	228	많이	MAG
전주 여행	228	추천	NNG
전주 여행	228	드리	VX
전주 여행	228	습니다	EF
전주 여행	228	한옥마을	NNP
전주 여행	228	동물원	NNP
전주 여행	228	한국도로공사	NNP
전주 여행	228	수목원	NNG
전주 여행	228	향교	NNP
전주 여행	228	덕진	NNP
전주 여행	228	공원	NNG
전주 여행	229	관련	NNG
전주 여행	229	맛집	NNG
전주 여행	229	국내	NNG
전주 여행	229	주달	NNG
전주 여행	229	티비	NNG
전주 여행	229	코스	NNG
전주 여행	229	여수	NNG
전주 여행	229	여수	NNG
전주 여행	229	제주	NNP
전주 여행	229	제주도	NNP
전주 여행	229	전문	NNG
전주 여행	229	언서	NNG
전주 여행	229	주달	NNG
전주 여행	229	봉이	NNG
전주 여행	229	입니다	VCP+EF
전주 여행	229	주말	NNG
전주 여행	229	인지	VCP+EC
전주 여행	229	평일	NNG
전주 여행	229	인지	VCP+EC
전주 여행	229	따라	VV+EC
전주 여행	229	다릅니다	VA+EC
전주 여행	230	려고	EC
전주 여행	230	vs	SL
전주 여행	230	어떤	MM
전주 여행	230	적당	XR
전주 여행	230	할지	XSA+EC
전주 여행	230	추천	NNG
전주 여행	230	세요	EP+EF
전주 여행	230	맛집	NNG
전주 여행	230	국내	NNG
전주 여행	230	주달	NNG
전주 여행	230	티비	NNG
전주 여행	230	코스	NNG
전주 여행	230	여수	NNG
전주 여행	230	여수	NNG
전주 여행	230	제주	NNP
전주 여행	230	제주도	NNP
전주 여행	230	전문	NNG
전주 여행	230	언서	NNG
전주 여행	230	주달	NNG
전주 여행	230	봉이	NNG
전주 여행	230	입니다	VCP+EC
전주 여행	231	이번	NNG
전주 여행	231	처음	MAG
전주 여행	231	는데	EC
전주 여행	231	추천	NNG
전주 여행	231	세요	EP+EF
전주 여행	231	은데	EC
전주 여행	231	위주	NNG
전주 여행	231	해요	VX+EF
전주 여행	231	트레	NNP
전주 여행	231	해요	VX+EF
전주 여행	231	계획	NNG
전주 여행	231	군요	EF
전주 여행	231	다양	XR
전주 여행	231	볼거리	NNG
전주 여행	232	경비	NNG
전주 여행	232	식비	NNG
전주 여행	232	교통비	NNG
전주 여행	232	잡혀서	VV+EC
전주 여행	232	마실	VV+ETM
전주 여행	232	건데	NNB+VCP+EC
전주 여행	232	많이	MAG
전주 여행	232	마셔서	VV+EC
전주 여행	232	술값	NNG
전주 여행	232	으로	JKB
전주 여행	232	마실	VV+ETM
전주 여행	232	아요	EF
전주 여행	232	맛집	NNG
전주 여행	232	국내	NNG
전주 여행	232	주달	NNG
전주 여행	232	티비	NNG
전주 여행	232	코스	NNG
전주 여행	232	여수	NNG
전주 여행	232	여수	NNG
전주 여행	233	비용	NNG
전주 여행	233	맛집	NNG
전주 여행	233	국내	NNG
전주 여행	233	주달	NNG
전주 여행	233	티비	NNG
전주 여행	233	코스	NNG
전주 여행	233	여수	NNG
전주 여행	233	여수	NNG
전주 여행	233	제주	NNP
전주 여행	233	제주도	NNP
전주 여행	233	전문	NNG
전주 여행	233	언서	NNG
전주 여행	233	주달	NNG
전주 여행	233	봉이	NNG
전주 여행	233	입니다	VCP+EF
전주 여행	233	한옥마을	NNP
전주 여행	233	입장료	NNG
전주 여행	233	따로	MAG
전주 여행	233	습니다	EF
전주 여행	233	기본	NNG
전주 여행	234	친구	NNG
전주 여행	234	친구	NNG
전주 여행	234	려고	EC
전주 여행	234	합니다	VX+EC
전주 여행	234	호텔	NNG
전주 여행	234	맛집	NNG
전주 여행	234	추천	NNG
전주 여행	234	세요	EP+EF
전주 여행	234	호텔	NNG
전주 여행	234	시설	NNG
전주 여행	234	괜찮	VA
전주 여행	234	깨끗	XR
전주 여행	234	했으면	XSA+EP+EC
전주 여행	234	어요	EF
전주 여행	234	한옥	NNP
전주 여행	234	어도	EC
전주 여행	234	괜찮	VA
전주 여행	234	아요	EF
전주 여행	234	침대	NNG
전주 여행	234	어요	EF
전주 여행	234	맛집	NNG
전주 여행	234	양식	NNG
전주 여행	234	중식	NNG
전주 여행	234	일식	NNG
전주 여행	234	상관없	VA
전주 여행	234	습니다	EF
전주 여행	234	비용	NNG
전주 여행	234	인당	NNG
전주 여행	235	크리스마스	NNG
전주 여행	235	맛집	NNG
전주 여행	235	국내	NNG
전주 여행	235	주달	NNG
전주 여행	235	티비	NNG
전주 여행	235	코스	NNG
전주 여행	235	여수	NNG
전주 여행	235	여수	NNG
전주 여행	235	제주	NNP
전주 여행	235	제주도	NNP
전주 여행	235	전문	NNG
전주 여행	235	언서	NNG
전주 여행	235	주달	NNG
전주 여행	235	봉이	NNG
전주 여행	235	입니다	VCP+EF
전주 여행	235	코스	NNG
전주 여행	235	한옥	NNG
전주 여행	235	마을	NNG
전주 여행	235	에서부터	JKB
전주 여행	235	시작	NNG
전주 여행	236	~.~	SY
전주 여행	236	질문	NNG
전주 여행	236	일정	NNG
전주 여행	236	관련	NNG
전주 여행	236	답변	NNG
전주 여행	236	드리	VV
전주 여행	236	도록	EC
전주 여행	236	습니다	EF
전주 여행	236	가실	NNG
전주 여행	236	계획	NNG
전주 여행	236	너무	MAG
전주 여행	236	귀찮	VA
전주 여행	236	에서	JKB
전주 여행	236	즐길	VV+ETM
전주 여행	236	준비	NNG
전주 여행	236	어요	EF
전주 여행	236	아래	NNG
전주 여행	236	일정	NNG
전주 여행	236	참고	NNG
전주 여행	236	즐거운	VA+ETM
전주 여행	236	바라	VV
전주 여행	237	초등	NNG
전주 여행	237	학년	NNG
전주 여행	237	210	SN
전주 여행	237	수학	NNG
전주 여행	237	코스	NNG
전주 여행	237	관광	NNG
전주 여행	237	달인	NNG
전주 여행	237	주달	NNG
전주 여행	237	봉이	NNG
전주 여행	237	께서	JKS
전주 여행	237	코스	NNG
전주 여행	237	추천	NNG
전주 여행	237	대단히	MAG
전주 여행	237	감사	NNG
전주 여행	237	드리	VV
전주 여행	237	습니다	EF
전주 여행	237	맛집	NNG
전주 여행	237	국내	NNG
전주 여행	237	주달	NNG
전주 여행	237	티비	NNG
전주 여행	237	코스	NNG
전주 여행	237	여수	NNG
전주 여행	237	여수	NNG
전주 여행	237	제주	NNP
전주 여행	238	혼자	NNG
전주 여행	238	코스	NNG
전주 여행	238	질문	NNG
전주 여행	238	정보	NNG
전주 여행	238	정리	NNG
전주 여행	238	습니다	EF
전주 여행	238	참고	NNG
전주 여행	238	세요	EP+EF
전주 여행	238	에서	JKB
전주 여행	238	덕진	NNP
전주 여행	238	공원	NNG
전주 여행	238	추천	NNP
전주 여행	238	덕진	NNP
전주 여행	238	공원	NNG
전주 여행	238	터미널	NNG
전주 여행	238	에서	JKB
전주 여행	238	가장	MAG
전주 여행	238	가까운	VA+ETM
전주 여행	238	에요	EF
전주 여행	238	산책	NNG
전주 여행	238	호수	NNG
전주 여행	238	공원	NNG
전주 여행	238	에요	EF
전주 여행	238	덕진	NNP
전주 여행	238	공원	NNG
전주 여행	238	생략	NNG
전주 여행	238	곧바로	MAG
전주 여행	238	남부	NNG
전주 여행	238	시장	NNG
전주 여행	239	전시회	NNG
전주 여행	239	추천	NNG
전주 여행	239	이번	NNG
전주 여행	239	남자	NNG
전주 여행	239	친구	NNG
전주 여행	239	는데요	EC
전주 여행	239	한옥마을	NNP
전주 여행	239	그래서	MAJ
전주 여행	239	갈만	NNG
전주 여행	239	공방	NNG
전주 여행	239	전시회	NNG
전주 여행	239	추천	NNG
전주 여행	239	부탁	NNG
전주 여행	239	드려요	VV+EC
전주 여행	239	안녕	NNG
전주 여행	239	세요	EP+EF
전주 여행	239	질문	NNG
전주 여행	239	관련	NNG
전주 여행	239	답변	NNG
전주 여행	239	드리	VV
전주 여행	239	도록	EC
전주 여행	239	습니다	EF
전주 여행	239	주로	MAG
전주 여행	239	봅니다	VX+EC
전주 여행	240	코스	NNG
전주 여행	240	추천	NNG
전주 여행	240	안녕	NNG
전주 여행	240	세요	EP+EF
전주 여행	240	여자	NNG
전주 여행	240	친구	NNG
전주 여행	240	예정	NNG
전주 여행	240	인데	VCP+EC
전주 여행	240	숙소	NNG
전주 여행	240	더클래식	NNP
전주 여행	240	호텔	NNG
전주 여행	240	일정	NNG
전주 여행	240	으로	JKB
전주 여행	240	습니다	EF
전주 여행	240	근데	MAJ
전주 여행	240	금요일	NNG
전주 여행	240	오후	NNG
전주 여행	240	도착	NNG
전주 여행	240	예정	NNG
전주 여행	240	이동	NNG
전주 여행	240	수단	NNG
전주 여행	240	대중교통	NNG
전주 여행	240	택시	NNG
전주 여행	240	예정	NNG
전주 여행	240	입니다	VCP+EC
전주 여행	241	각각	MAG
전주 여행	241	거리	NNG
전주 여행	241	가까운지	VA+EC
전주 여행	241	어요	EF
전주 여행	241	추석	NNG
전주 여행	241	예정	NNG
전주 여행	241	입니다	VCP+EF
전주 여행	241	갈만	NNG
전주 여행	241	추천	NNG
전주 여행	241	세요	EP+EF
전주 여행	241	맛집	NNG
전주 여행	241	국내	NNG
전주 여행	241	주달	NNG
전주 여행	241	티비	NNG
전주 여행	241	코스	NNG
전주 여행	241	여수	NNG
전주 여행	241	여수	NNG
전주 여행	241	제주	NNP
전주 여행	242	갈만	NNG
전주 여행	242	을까요	EF
전주 여행	242	맛집	NNG
전주 여행	242	국내	NNG
전주 여행	242	주달	NNG
전주 여행	242	티비	NNG
전주 여행	242	코스	NNG
전주 여행	242	여수	NNG
전주 여행	242	여수	NNG
전주 여행	242	제주	NNP
전주 여행	242	제주도	NNP
전주 여행	242	전문	NNG
전주 여행	242	언서	NNG
전주 여행	242	주달	NNG
전주 여행	242	봉이	NNG
전주 여행	242	입니다	VCP+EF
전주 여행	242	코스	NNG
전주 여행	242	한옥	NNG
전주 여행	242	마을	NNG
전주 여행	242	에서부터	JKB
전주 여행	243	코스	NNG
전주 여행	243	일정	NNG
전주 여행	243	문자	NNG
전주 여행	243	께서	JKS
전주 여행	243	봐둔	VV+EC+VX+ETM
전주 여행	243	모두	MAG
전주 여행	243	반양	NNG
전주 여행	243	시간	NNG
전주 여행	243	무리	NNG
전주 여행	243	일정	NNG
전주 여행	243	만들	VV
전주 여행	243	습니다	EF
전주 여행	243	가운데	NNG
전주 여행	243	점심	NNG
전주 여행	243	한지	XSA+EC
전주 여행	243	박물관	NNG
전주 여행	243	관광	NNG
전주 여행	243	수목원	NNG
전주 여행	243	관광	NNG
전주 여행	243	오목	MAG
전주 여행	243	관광	NNG
전주 여행	243	교동	NNP
전주 여행	243	다윈	NNP
전주 여행	244	추천	NNG
전주 여행	244	부탁	NNG
전주 여행	244	드립니다	VV+EC
전주 여행	244	12	SN
전주 여행	244	13	SN
전주 여행	244	할려구	VV+EC
전주 여행	244	합니다	VX+EC
전주 여행	244	이랑	JC
전주 여행	244	맛집	NNG
전주 여행	244	추천	NNG
전주 여행	244	부탁	NNG
전주 여행	244	드립니다	VV+EC
전주 여행	244	감사	NNG
전주 여행	244	합니다	XSV+EF
전주 여행	244	맛집	NNG
전주 여행	244	주달	NNG
전주 여행	244	티비	NNG
전주 여행	244	코스	NNG
전주 여행	244	언서	NNG
전주 여행	244	주달	NNG
전주 여행	244	봉이	NNG
전주 여행	244	입니다	VCP+EF
전주 여행	245	강아지	NNG
전주 여행	245	함께	MAG
전주 여행	245	가능	NNG
전주 여행	245	데요	EF
전주 여행	245	강아지	NNG
전주 여행	245	같이	MAG
전주 여행	245	동반	NNG
전주 여행	245	라서요	EF
전주 여행	245	혹시	MAG
전주 여행	245	강아지	NNG
전주 여행	245	같이	JKB
전주 여행	245	알려	VV+EC
전주 여행	245	세요	EP+EF
전주 여행	245	맛집	NNG
전주 여행	245	이랑	JKB
전주 여행	245	관광	NNG
전주 여행	245	반려	NNG
전주 여행	245	동물	NNG
전주 여행	245	반려	NNG
전주 여행	245	생활	NNG
전주 여행	245	입니다	VCP+EF
전주 여행	245	하늘	NNG
전주 여행	245	가을	NNG
전주 여행	245	떠나	VV
전주 여행	245	는군요	EC
전주 여행	245	강아지	NNG
전주 여행	245	함께	MAG
전주 여행	245	추억	NNG
전주 여행	246	광주	NNP
전주 여행	246	에서	JKB
전주 여행	246	감사	NNG
전주 여행	246	습니다	EF
전주 여행	246	맛집	NNG
전주 여행	246	국내	NNG
전주 여행	246	주달	NNG
전주 여행	246	티비	NNG
전주 여행	246	코스	NNG
전주 여행	246	여수	NNG
전주 여행	246	여수	NNG
전주 여행	246	제주	NNP
전주 여행	246	제주도	NNP
전주 여행	246	전문	NNG
전주 여행	246	언서	NNG
전주 여행	246	주달	NNG
전주 여행	246	봉이	NNG
전주 여행	246	입니다	VCP+EF
전주 여행	246	버스	NNG
전주 여행	246	터미널	NNG
전주 여행	246	에서	JKB
전주 여행	246	내리	VV
전주 여행	246	셔서	EP+EC
전주 여행	247	코스	NNG
전주 여행	247	세요	EP+EF
전주 여행	247	질문	NNG
전주 여행	247	일정	NNG
전주 여행	247	관련	NNG
전주 여행	247	답변	NNG
전주 여행	247	드리	VV
전주 여행	247	도록	EC
전주 여행	247	습니다	EF
전주 여행	247	친정	NNG
전주 여행	247	어머니	NNG
전주 여행	247	함께	MAG
전주 여행	247	해도	VV+EC
전주 여행	247	설레	VV
전주 여행	247	네요	EC
전주 여행	247	아래	NNG
전주 여행	247	께서	JKS
전주 여행	247	모두	MAG
전주 여행	247	즐길	VV+ETM
전주 여행	247	일정	NNG
전주 여행	247	준비	NNG
전주 여행	247	어요	EF
전주 여행	247	참고	NNG
전주 여행	247	도움	NNG
전주 여행	247	으면	EC
전주 여행	248	추천	NNG
전주 여행	248	세요	EP+EF+VCP
전주 여행	248	당일치기	NNG
전주 여행	248	추천	NNG
전주 여행	248	세요	EP+EF
전주 여행	248	당일치기	NNG
전주 여행	248	맛집	NNG
전주 여행	248	국내	NNG
전주 여행	248	주달	NNG
전주 여행	248	티비	NNG
전주 여행	248	코스	NNG
전주 여행	248	여수	NNG
전주 여행	248	여수	NNG
전주 여행	248	제주	NNP
전주 여행	248	제주도	NNP
전주 여행	248	전문	NNG
전주 여행	248	언서	NNG
전주 여행	248	주달	NNG
전주 여행	248	봉이	NNG
전주 여행	248	입니다	VCP+EC
전주 여행	249	팀조	NNP
전주 여행	249	는데	EC
전주 여행	249	이랑	JC
전주 여행	249	맛집	NNG
전주 여행	249	알려	VV+EC
전주 여행	249	세요	EP+EF
전주 여행	249	안녕	IC
전주 여행	249	세요	EP+EF
전주 여행	249	서울	NNP
전주 여행	249	지방	NNG
전주 여행	249	변호	NNG
전주 여행	249	사회	NNG
전주 여행	249	소속	NNG
전주 여행	249	으로	JKB
전주 여행	249	지식	NNG
전주 여행	249	iN	SL
전주 여행	249	법률	NNG
전주 여행	249	상담	NNG
전주 여행	249	진행	NNG
전주 여행	249	김선용	NNP
전주 여행	249	변호사	NNG
전주 여행	249	입니다	VCP+EF
전주 여행	249	알아보	VV
전주 여행	249	어려우	VA
전주 여행	249	다면	EC
전주 여행	249	스타	NNG
전주 여행	249	그램	NNG
전주 여행	249	라고	VCP+EC
전주 여행	249	검색	NNG
전주 여행	249	셔서	EP+EC
전주 여행	250	한옥마을	NNP
전주 여행	250	준비	NNG
전주 여행	250	입니다	VCP+EF
전주 여행	250	대여	NNG
전주 여행	250	천차만별	NNG
전주 여행	250	입니다	VCP+EF
전주 여행	250	기본	NNG
전주 여행	250	금액	NNG
전주 여행	250	10000	SN
전주 여행	250	부터	JX
전주 여행	250	시작	NNG
전주 여행	250	합니다	XSV+EF
전주 여행	250	시간	NNG
전주 여행	250	한복	NNG
전주 여행	250	따라서	VV+EC
전주 여행	250	가격	NNG
전주 여행	250	다릅니다	VA+EC
전주 여행	250	맛집	NNG
전주 여행	250	국내	NNG
전주 여행	250	주달	NNG
전주 여행	250	티비	NNG
전주 여행	250	코스	NNG
전주 여행	250	여수	NNG
전주 여행	250	여수	NNG
전주 여행	250	제주	NNP
전주 여행	251	고등학교	NNG
전주 여행	251	친구	NNG
전주 여행	251	당일치기	NNG
전주 여행	251	지금	MAG
전주 여행	251	고등학교	NNG
전주 여행	251	학년	NNG
전주 여행	251	친구	NNG
전주 여행	251	함께	MAG
전주 여행	251	당일	NNG
전주 여행	251	예정	NNG
전주 여행	251	인데	VCP+EC
전주 여행	251	부모	NNG
전주 여행	251	라고	VCP+EC
전주 여행	251	말씀	NNG
전주 여행	251	드리	VV
전주 여행	251	허락	NNG
전주 여행	251	을까요	EC
전주 여행	251	고등학교	NNG
전주 여행	251	시절	NNG
전주 여행	251	친구	NNG
전주 여행	251	소중	XR
전주 여행	251	추억	NNG
전주 여행	251	만들	VV
전주 여행	251	위해	VV+EC
전주 여행	251	다녀오	VV
전주 여행	251	습니다	EF
전주 여행	252	휴가	NNG
전주 여행	252	건데	NNB+VCP+EC
전주 여행	252	코스	NNG
전주 여행	252	추천	NNG
전주 여행	252	세요	EP+EF
전주 여행	252	일정	NNG
전주 여행	252	참고	NNG
전주 여행	252	으로	JKB
전주 여행	252	제시	NNG
전주 여행	252	일정	NNG
전주 여행	252	따라	VV+EC
전주 여행	252	조정	NNG
전주 여행	252	습니다	EF
전주 여행	252	또한	MAJ
전주 여행	252	음식점	NNG
전주 여행	252	웨이팅	NNG
전주 여행	252	시간	NNG
전주 여행	252	방문	NNG
전주 여행	252	시간	NNG
전주 여행	252	요일	NNG
전주 여행	252	따라	VV+EC
전주 여행	252	달라질	VV+ETM
전주 여행	252	으니	EC
전주 여행	252	참고	NNG
전주 여행	252	세요	EP+EF
전주 여행	252	즐거운	VA+ETM
전주 여행	252	바랍니다	VV+EC
전주 여행	253	여자	NNG
전주 여행	253	질문	NNG
전주 여행	253	신다면	EP+EC
전주 여행	253	다음	NNG
전주 여행	253	일정	NNG
전주 여행	253	추천	NNG
전주 여행	253	드립니다	VX+EC
전주 여행	253	Day	SL
전주 여행	253	한옥마을	NNP
전주 여행	253	전통	NNG
전주 여행	253	한옥	NNG
전주 여행	253	건물	NNG
전주 여행	253	전통	NNG
전주 여행	253	문화	NNG
전주 여행	253	경험	NNG
전주 여행	253	입니다	VCP+EF
전주 여행	253	향교	NNP
전주 여행	253	조선	NNP
전주 여행	253	시대	NNG
전주 여행	253	교육	NNG
전주 여행	253	기관	NNG
전주 여행	253	향교	NNG
전주 여행	253	습니다	EF
전주 여행	253	남부	NNG
전주 여행	253	시장	NNG
전주 여행	254	코스	NNG
전주 여행	254	세요	EP+EF
전주 여행	254	많이	MAG
전주 여행	254	급합니다	VA+EF
전주 여행	254	.!	SY
전주 여행	254	안녕	NNG
전주 여행	254	세요	EP+EF
전주 여행	254	가족	NNG
전주 여행	254	으로	JKB
전주 여행	254	려는데	EC
전주 여행	254	당장	NNG
전주 여행	254	이번	NNG
전주 여행	254	금요일	NNG
전주 여행	254	는데	EC
전주 여행	254	어딜	NP+JKO
전주 여행	254	갈지	VV+EC
전주 여행	254	몰라서	VV+EC
전주 여행	254	숙소	NNG
전주 여행	254	호텔	NNG
전주 여행	254	한옥마을	NNP
전주 여행	254	은데	EC
전주 여행	254	별로	MAG
전주 여행	254	으면서	EC
전주 여행	254	카페	NNG
전주 여행	254	투어	NNG
전주 여행	254	아닌	VCN+ETM
전주 여행	254	코스	NNG
전주 여행	254	나요	EF
전주 여행	254	스로	NNG
전주 여행	255	대둔산	NNP
전주 여행	255	케이블카	NNG
전주 여행	255	주말	NNG
전주 여행	255	사람	NNG
전주 여행	255	괜찮	VA
전주 여행	255	코스	NNG
전주 여행	255	추천	NNG
전주 여행	255	세요	EP+EF
전주 여행	255	맛집	NNG
전주 여행	255	국내	NNG
전주 여행	255	주달	NNG
전주 여행	255	티비	NNG
전주 여행	255	코스	NNG
전주 여행	255	여수	NNG
전주 여행	255	여수	NNG
전주 여행	255	제주	NNP
전주 여행	255	제주도	NNP
전주 여행	255	전문	NNG
전주 여행	256	코스	NNG
전주 여행	256	!!	SY
전주 여행	256	이미	MAG
전주 여행	256	마치	VV
전주 여행	256	복귀	NNG
전주 여행	256	네요	EF
전주 여행	256	저희	NP
전주 여행	256	지난주	NNG
전주 여행	256	당일	NNG
전주 여행	256	코스	NNG
전주 여행	256	다녀왔	VV+EP
전주 여행	256	는데요	EF
전주 여행	256	주말	NNG
전주 여행	256	라서	EC
전주 여행	256	그런지	VA+EC
전주 여행	256	관광지	NNG
전주 여행	256	사람	NNG
전주 여행	256	아서	EC
전주 여행	256	생각	NNG
전주 여행	256	처럼	JKB
전주 여행	256	많이	MAG
전주 여행	256	둘러보	VV
전주 여행	256	못해서	VX+EC
전주 여행	256	아쉽	VA
전주 여행	256	더라고요	EC
전주 여행	256	최소한	NNG
전주 여행	257	한옥마을	NNP
전주 여행	257	당일치기	NNG
전주 여행	257	질문	NNG
전주 여행	257	여수	NNP
전주 여행	257	제주도	NNP
전주 여행	257	맛집	NNG
전주 여행	257	주달	NNG
전주 여행	257	티비	NNG
전주 여행	257	코스	NNG
전주 여행	257	여수	NNG
전주 여행	257	여수	NNG
전주 여행	257	제주	NNP
전주 여행	257	제주도	NNP
전주 여행	257	전문	NNG
전주 여행	257	언서	NNG
전주 여행	257	주달	NNG
전주 여행	257	봉이	NNG
전주 여행	257	입니다	VCP+EC
전주 여행	257	7000	SN
전주 여행	257	8000	SN
전주 여행	257	흐노	NNP
전주 여행	257	마시	VV
전주 여행	257	랑게	EC
전주 여행	257	전망	NNG
전주 여행	258	혼자	NNG
전주 여행	258	아무래도	MAG
전주 여행	258	사람	NNG
전주 여행	258	으면	EC
전주 여행	258	맛집	NNG
전주 여행	258	에서	JKB
전주 여행	258	혼자	MAG
전주 여행	258	아서	EC
전주 여행	258	중순	NNG
전주 여행	258	즐기	VV
전주 여행	258	계절	NNG
전주 여행	258	입니다	VCP+EF
전주 여행	258	하지만	MAJ
전주 여행	258	현재	NNG
전주 여행	258	코로나	NNP
전주 여행	258	19	SN
전주 여행	258	인해	VV+EC
전주 여행	258	여행객	NNG
전주 여행	258	줄어들	VV
전주 여행	258	으므로	EC
전주 여행	258	사람	NNG
전주 여행	258	으로	JKB
전주 여행	258	예상	NNG
전주 여행	258	됩니다	XSV+EF
전주 여행	258	맛집	NNG
전주 여행	259	이번	NNG
전주 여행	259	16	SN
전주 여행	259	친구	NNG
전주 여행	259	하고	JC
전주 여행	259	는데	EC
전주 여행	259	궁금	XR
전주 여행	259	아서	EC
전주 여행	259	하나하나	MAG
전주 여행	259	답장	NNG
전주 여행	259	감사	NNG
전주 여행	259	습니다	EF
전주 여행	259	여수	NNP
전주 여행	259	에서	JKB
전주 여행	259	KTX	SL
전주 여행	259	왕복	NNG
전주 여행	259	기차표	NNG
전주 여행	259	얼마	NNG
전주 여행	259	인가요	VCP+EC
전주 여행	259	을까요	EC
전주 여행	260	월요일	NNG
전주 여행	260	휴무	NNG
전주 여행	260	나요	EF
전주 여행	260	맛집	NNG
전주 여행	260	국내	NNG
전주 여행	260	주달	NNG
전주 여행	260	티비	NNG
전주 여행	260	코스	NNG
전주 여행	260	여수	NNG
전주 여행	260	여수	NNG
전주 여행	260	제주	NNP
전주 여행	260	제주도	NNP
전주 여행	260	전문	NNG
전주 여행	260	언서	NNG
전주 여행	260	주달	NNG
전주 여행	260	봉이	NNG
전주 여행	260	입니다	VCP+EF
전주 여행	260	걱정	NNG
전주 여행	260	셔도	EP+EC
전주 여행	260	셔요	EC
전주 여행	260	대부분	NNG
전주 여행	260	오픈	NNG
전주 여행	260	합니다	XSV+EC
전주 여행	261	내일	MAG
전주 여행	261	당일치기	NNG
전주 여행	261	부모	NNG
전주 여행	261	맛집	NNG
전주 여행	261	국내	NNG
전주 여행	261	주달	NNG
전주 여행	261	티비	NNG
전주 여행	261	코스	NNG
전주 여행	261	여수	NNG
전주 여행	261	여수	NNG
전주 여행	261	제주	NNP
전주 여행	261	제주도	NNP
전주 여행	261	전문	NNG
전주 여행	261	언서	NNG
전주 여행	261	주달	NNG
전주 여행	261	봉이	NNG
전주 여행	261	입니다	VCP+EF
전주 여행	261	바다	NNP
전주 여행	261	군산	NNP
전주 여행	261	새만금	NNP
전주 여행	261	돌아보	VV
전주 여행	262	갈만	NNG
전주 여행	262	숙소	NNG
전주 여행	262	한옥마을	NNP
전주 여행	262	게스트	NNP
전주 여행	262	하우스	NNP
전주 여행	262	안녕	NNG
전주 여행	262	세요	EP+EF
전주 여행	262	가족	NNG
전주 여행	262	함께	MAG
전주 여행	262	려고	EC
전주 여행	262	합니다	VX+EF
전주 여행	262	한옥마을	NNP
전주 여행	262	유명	XR
전주 여행	262	한번	MAG
전주 여행	262	했었	VX+EP
전주 여행	262	는데	EC
전주 여행	262	이번	NNG
전주 여행	262	기회	NNG
전주 여행	262	다녀와	VV+EC
전주 여행	262	려구요	EC
전주 여행	262	전라도	NNP
전주 여행	262	음식	NNG
전주 여행	262	맛있	VA
전주 여행	262	다고	EC
전주 여행	262	전라도	NNP
전주 여행	262	대표	NNG
전주 여행	262	음식	NNG
전주 여행	262	아니	VCN
전주 여행	262	맛집	NNG
전주 여행	263	코스	NNG
전주 여행	263	추천	NNG
전주 여행	263	코스	NNG
전주 여행	263	추천	NNG
전주 여행	263	여수	NNP
전주 여행	263	맛집	NNG
전주 여행	263	여수	NNG
전주 여행	263	주달	NNG
전주 여행	263	티비	NNG
전주 여행	263	코스	NNG
전주 여행	263	여수	NNG
전주 여행	263	여수	NNG
전주 여행	263	언서	NNG
전주 여행	263	주달	NNG
전주 여행	263	봉이	NNG
전주 여행	263	입니다	VCP+EF
전주 여행	263	코스	NNG
전주 여행	263	대부분	NNG
전주 여행	263	한옥	NNG
전주 여행	263	마을	NNG
전주 여행	263	에서	JKB
전주 여행	263	시작	NNG
전주 여행	263	합니다	VV+EC
전주 여행	264	볼거리	NNG
전주 여행	264	이번	NNG
전주 여행	264	거리	NNG
전주 여행	264	맛집	NNG
전주 여행	264	알려	VV+EC
전주 여행	264	세요	EP+EF
전주 여행	264	에서	JKB
전주 여행	264	추천	NNG
전주 여행	264	드리	VX
전주 여행	264	습니다	EF
전주 여행	264	한옥마을	NNP
전주 여행	264	동물원	NNP
전주 여행	264	한국도로공사	NNP
전주 여행	264	수목원	NNG
전주 여행	264	덕진	NNP
전주 여행	264	공원	NNG
전주 여행	264	난장	NNG
전주 여행	265	카페	NNP
전주 여행	265	추천	NNG
전주 여행	265	세요	EP+EF
전주 여행	265	맛집	NNG
전주 여행	265	국내	NNG
전주 여행	265	주달	NNG
전주 여행	265	티비	NNG
전주 여행	265	코스	NNG
전주 여행	265	여수	NNG
전주 여행	265	여수	NNG
전주 여행	265	제주	NNP
전주 여행	265	제주도	NNP
전주 여행	265	전문	NNG
전주 여행	265	언서	NNG
전주 여행	265	주달	NNG
전주 여행	265	봉이	NNG
전주 여행	265	입니다	VCP+EF
전주 여행	265	아쉽	VA
전주 여행	265	주이	NNG
전주 여행	265	바다	NNG
전주 여행	265	어서	EC
전주 여행	266	가족	NNG
전주 여행	266	코스	NNG
전주 여행	266	드려요	VV+EF
전주 여행	266	맛집	NNG
전주 여행	266	국내	NNG
전주 여행	266	주달	NNG
전주 여행	266	티비	NNG
전주 여행	266	코스	NNG
전주 여행	266	여수	NNG
전주 여행	266	여수	NNG
전주 여행	266	제주	NNP
전주 여행	266	제주도	NNP
전주 여행	266	전문	NNG
전주 여행	266	언서	NNG
전주 여행	266	주달	NNG
전주 여행	266	봉이	NNG
전주 여행	266	입니다	VCP+EF
전주 여행	266	코스	NNG
전주 여행	266	한옥	NNG
전주 여행	266	마을	NNG
전주 여행	266	에서부터	JKB
전주 여행	267	코스	NNG
전주 여행	267	일정	NNG
전주 여행	267	추천	NNG
전주 여행	267	부탁	NNG
전주 여행	267	드려요	VV+EC
전주 여행	267	토요일	NNG
전주 여행	267	하루	NNG
전주 여행	267	일정	NNG
전주 여행	267	괜찮	VA
전주 여행	267	은지	EC
전주 여행	267	수정	NNG
전주 여행	267	필요	NNG
전주 여행	267	부분	NNG
전주 여행	267	는지	EC
전주 여행	267	인근	NNG
전주 여행	267	맛집	NNG
전주 여행	267	는지	EC
전주 여행	267	등등	NNB
전주 여행	267	의견	NNG
전주 여행	267	부탁	NNG
전주 여행	267	드립니다	VV+EC
전주 여행	267	맛집	NNG
전주 여행	267	국내	NNG
전주 여행	267	주달	NNG
전주 여행	267	티비	NNG
전주 여행	267	코스	NNG
전주 여행	267	여수	NNG
전주 여행	267	여수	NNG
전주 여행	267	제주	NNP
전주 여행	268	려는데	EC
전주 여행	268	한옥	NNG
전주 여행	268	마을	NNG
전주 여행	268	근처	NNG
전주 여행	268	에서	JKB
전주 여행	268	숙박	NNG
전주 여행	268	한다면	XSV+EC
전주 여행	268	어디	NP
전주 여행	268	어디	NP
전주 여행	268	어떤	MM
전주 여행	268	맛집	NNG
전주 여행	268	은지	EC
전주 여행	268	버스	NNG
전주 여행	268	택시	NNG
전주 여행	268	조금	MAG
전주 여행	268	나가	VV+EC
전주 여행	268	어딘지	NP+VCP+EC
전주 여행	268	등등	NNB
전주 여행	268	추천	NNG
전주 여행	268	세요	EP+EF
전주 여행	268	다른	MM
전주 여행	268	어디	NP
전주 여행	269	코스	NNG
전주 여행	269	아침	NNG
전주 여행	269	으로	JKB
전주 여행	269	현대	NNG
전주 여행	269	본점	NNG
전주 여행	269	점심	NNG
전주 여행	269	으로	JKB
전주 여행	269	비빔	NNG
전주 여행	269	소리	NNG
전주 여행	269	려고	EC
전주 여행	269	는데	EC
전주 여행	269	대옥	NNG
전주 여행	269	비빔	NNG
전주 여행	269	소리	NNG
전주 여행	269	중간	NNG
전주 여행	269	어디	NP
전주 여행	269	구경	NNG
전주 여행	269	이나	JC
전주 여행	269	갈만	NNG
전주 여행	269	을까요	EC
전주 여행	269	맛집	NNG
전주 여행	269	국내	NNG
전주 여행	269	주달	NNG
전주 여행	269	티비	NNG
전주 여행	269	코스	NNG
전주 여행	270	전라도	NNP
전주 여행	270	려고	EC
전주 여행	270	는데	EC
전주 여행	270	봐서	VX+EC
전주 여행	270	이나	JX
전주 여행	270	예정	NNG
전주 여행	270	인데	VCP+EC
전주 여행	270	추천	NNG
전주 여행	270	아용	EC
전주 여행	270	체험	NNG
전주 여행	270	구용	NNG
전주 여행	270	에서	JKB
전주 여행	270	추천	NNG
전주 여행	270	드리	VX
전주 여행	270	습니다	EF
전주 여행	270	한옥마을	NNP
전주 여행	271	참고	NNG
전주 여행	271	저희	NP
전주 여행	271	뚜벅	MAG
전주 여행	271	계획	NNG
전주 여행	271	군요	EF
전주 여행	271	그럼	MAJ
전주 여행	271	에서	JKB
전주 여행	271	추천	NNG
전주 여행	271	드리	VX
전주 여행	271	습니다	EF
전주 여행	271	한국	NNP
전주 여행	271	도로공사	NNP
전주 여행	271	수목원	NNG
전주 여행	271	동물원	NNP
전주 여행	271	자만	NNP
전주 여행	271	마을	NNG
전주 여행	271	벽화	NNG
전주 여행	271	갤러리	NNG
전주 여행	271	국립	NNG
전주 여행	271	주박	NNG
전주 여행	271	물관	NNG
전주 여행	272	코스	NNG
전주 여행	272	추천	NNG
전주 여행	272	코스	NNG
전주 여행	272	추천	NNG
전주 여행	272	안녕	NNG
전주 여행	272	세요	EP+EF
전주 여행	272	맛집	NNG
전주 여행	272	블로그	NNG
전주 여행	272	주달	NNG
전주 여행	272	봉이	NNG
전주 여행	272	입니다	VCP+EF
전주 여행	272	대부분	NNG
전주 여행	272	코스	NNG
전주 여행	272	놀러오	VV
전주 여행	272	십니다	EP+EF
전주 여행	272	한옥마을	NNP
전주 여행	272	경기전	NNG
전주 여행	272	남부	NNG
전주 여행	272	시장	NNG
전주 여행	272	시장	NNG
전주 여행	272	벽화	NNG
전주 여행	272	마을	NNG
전주 여행	272	전동성당	NNP
전주 여행	272	향교	NNG
전주 여행	272	목대	NNG
전주 여행	272	이렇게	MAG
전주 여행	272	많이	MAG
전주 여행	272	둘러보	VV
전주 여행	272	추가	NNG
전주 여행	273	코스	NNG
전주 여행	273	동선	NNG
전주 여행	273	세요	EP+EF
전주 여행	273	숙소	NNG
전주 여행	273	완산구	NNP
전주 여행	273	서신동	NNP
전주 여행	273	입니다	VCP+EF
전주 여행	273	맛집	NNG
전주 여행	273	국내	NNG
전주 여행	273	주달	NNG
전주 여행	273	티비	NNG
전주 여행	273	코스	NNG
전주 여행	273	여수	NNG
전주 여행	273	여수	NNG
전주 여행	273	제주	NNP
전주 여행	273	제주도	NNP
전주 여행	273	전문	NNG
전주 여행	273	언서	NNG
전주 여행	273	주달	NNG
전주 여행	273	봉이	NNG
전주 여행	273	입니다	VCP+EC
전주 여행	273	한옥마을	NNP
전주 여행	274	크리스마스	NNG
전주 여행	274	당일치기	NNG
전주 여행	274	습니다	EF
전주 여행	274	고등학생	NNG
전주 여행	274	인데요	VCP+EF
전주 여행	274	어느	MM
전주 여행	274	정도	NNG
전주 여행	274	을까요	EC
전주 여행	274	제대로	MAG
전주 여행	274	답변	NNG
전주 여행	274	세요	EP+EF
전주 여행	274	대학	NNG
전주 여행	274	투어	NNG
전주 여행	274	공연	NNG
전주 여행	274	연극	NNG
전주 여행	274	추천	NNG
전주 여행	274	드릴께요	VX+EF
전주 여행	275	는데	EC
전주 여행	275	그런진	VA+EC+JX
전주 여행	275	모르	VV
전주 여행	275	지만	EC
전주 여행	275	그냥	MAG
전주 여행	275	전라도	NNP
전주 여행	275	사투리	NNG
전주 여행	275	더라구요	EF
전주 여행	275	억양	NNG
전주 여행	275	그런	MM
전주 여행	275	거북	NNG
전주 여행	275	는데	EC
전주 여행	275	갔었	VV+EP
전주 여행	275	는데	EC
전주 여행	275	무슨	MM
전주 여행	275	인진	VCP+EC+JX
전주 여행	275	모르	VV
전주 여행	275	지만	EC
전주 여행	275	사람	NNG
전주 여행	275	전라도	NNP
전주 여행	275	사투리	NNG
전주 여행	275	던데요	EC
전주 여행	275	의외	NNG
전주 여행	275	어요	EF
전주 여행	275	전라북도	NNP
전주 여행	275	전주시	NNP
전주 여행	275	아닌가요	VCN+EC
전주 여행	276	코스	NNG
전주 여행	276	추천	NNG
전주 여행	276	조언	NNG
전주 여행	276	세요	EP+EF
전주 여행	276	한옥마을	NNP
전주 여행	276	경기전	NNG
전주 여행	276	난장	NNG
전주 여행	276	국립	NNG
전주 여행	276	박물관	NNG
전주 여행	276	동물원	NNG
전주 여행	276	이동	NNG
전주 여행	276	수단	NNG
전주 여행	276	자동차	NNG
전주 여행	276	맛집	NNG
전주 여행	276	국내	NNG
전주 여행	276	주달	NNG
전주 여행	276	티비	NNG
전주 여행	276	코스	NNG
전주 여행	276	여수	NNG
전주 여행	276	여수	NNG
전주 여행	276	제주	NNP
전주 여행	277	뚜벅	MAG
전주 여행	277	으로	JKB
전주 여행	277	려는데	EC
전주 여행	277	한옥	NNG
전주 여행	277	마을	NNG
전주 여행	277	근처	NNG
전주 여행	277	..	SY
전주 여행	277	이용	NNG
전주 여행	277	장소	NNG
전주 여행	277	에서	JKB
전주 여행	277	장소	NNG
전주 여행	277	운송	NNG
전주 여행	277	가능	NNG
전주 여행	277	합니다	XSA+EF
전주 여행	277	가격	NNG
전주 여행	277	저렴	XR
전주 여행	277	통해	VV+EC
전주 여행	277	실시간	NNG
전주 여행	277	으로	JKB
전주 여행	277	주문	NNG
전주 여행	277	현황	NNG
전주 여행	277	확인	NNG
전주 여행	277	까지	JX
전주 여행	277	가능	NNG
전주 여행	277	편리	NNG
전주 여행	277	이용	NNG
전주 여행	277	가능	NNG
전주 여행	277	뚜벅	MAG
전주 여행	277	참고	NNG
전주 여행	277	세요	EP+EF
전주 여행	277	즐거운	VA+ETM
전주 여행	277	바랄	VV+ETM
전주 여행	277	게요	NNB+VCP+EC
전주 여행	278	일정	NNG
전주 여행	278	이번	NNG
전주 여행	278	는데	EC
전주 여행	278	소요	NNG
전주 여행	278	시간	NNG
전주 여행	278	어요	EF
전주 여행	278	한옥마을	NNP
전주 여행	278	초코파이	NNP
전주 여행	278	체험	NNG
전주 여행	278	수목원	NNG
전주 여행	278	드림	VV+ETM
전주 여행	278	랜드	NNG
전주 여행	278	으로	JKB
전주 여행	278	는데	EC
전주 여행	278	이동	NNG
전주 여행	278	시간	NNG
전주 여행	278	얼마나	MAG
전주 여행	278	걸릴까요	VV+EF
전주 여행	278	자세	XR
전주 여행	278	부탁	NNG
전주 여행	278	드릴게요	VV+EC
전주 여행	278	우선	MAG
전주 여행	278	한옥마을	NNP
전주 여행	278	초코파이	NNP
전주 여행	278	체험	NNG
전주 여행	278	장이	XSN
전주 여행	278	으니까요	EC
전주 여행	278	이걸	NP+JKO
전주 여행	279	이번	NNG
전주 여행	279	태교	NNG
전주 여행	279	으로	JKB
전주 여행	279	려고	EC
전주 여행	279	는데	EC
전주 여행	279	강아지	NNG
전주 여행	279	..	SY
전주 여행	279	맛집	NNG
전주 여행	279	국내	NNG
전주 여행	279	주달	NNG
전주 여행	279	티비	NNG
전주 여행	279	코스	NNG
전주 여행	279	여수	NNG
전주 여행	279	여수	NNG
전주 여행	279	제주	NNP
전주 여행	279	제주도	NNP
전주 여행	279	전문	NNG
전주 여행	279	언서	NNG
전주 여행	279	주달	NNG
전주 여행	279	봉이	NNG
전주 여행	279	입니다	VCP+EF
전주 여행	279	숙소	NNG
전주 여행	279	힘드	VA
전주 여행	279	다면	EC
전주 여행	279	바닷가	NNG
전주 여행	280	추천	NNG
전주 여행	280	세요	EP+EF
전주 여행	280	추천	NNG
전주 여행	280	세요	EP+EF
전주 여행	280	주식	NNG
전주 여행	280	문화	NNG
전주 여행	280	전일	NNG
전주 여행	280	슈퍼	NNG
전주 여행	280	주만	NNP
전주 여행	280	문화	NNG
전주 여행	280	피큐어	NNP
전주 여행	280	평점	NNG
전주 여행	280	AA	SL
전주 여행	280	전주식	NNP
전주 여행	280	한정식	NNP
전주 여행	280	최고봉	NNP
전주 여행	280	수구	NNP
전주 여행	280	전라	NNP
전주 여행	280	회관	NNG
전주 여행	280	전주비빔밥	NNG
전주 여행	280	최고봉	NNG
전주 여행	280	고궁	NNG
전주 여행	280	성미	NNG
전주 여행	280	토종	NNG
전주 여행	280	명품	NNG
전주 여행	280	사용	NNG
전주 여행	280	리의	NNG
전주 여행	281	혼자	NNG
전주 여행	281	코스	NNG
전주 여행	281	질문	NNG
전주 여행	281	정보	NNG
전주 여행	281	정리	NNG
전주 여행	281	습니다	EF
전주 여행	281	참고	NNG
전주 여행	281	세요	EP+EF
전주 여행	281	에서	JKB
전주 여행	281	덕진	NNP
전주 여행	281	공원	NNG
전주 여행	281	추천	NNP
전주 여행	281	덕진	NNP
전주 여행	281	공원	NNG
전주 여행	281	터미널	NNG
전주 여행	281	에서	JKB
전주 여행	281	가장	MAG
전주 여행	281	가까운	VA+ETM
전주 여행	281	에요	EF
전주 여행	281	산책	NNG
전주 여행	281	호수	NNG
전주 여행	281	공원	NNG
전주 여행	281	에요	EF
전주 여행	281	덕진	NNP
전주 여행	281	공원	NNG
전주 여행	281	생략	NNG
전주 여행	281	곧바로	MAG
전주 여행	281	남부	NNG
전주 여행	281	시장	NNG
전주 여행	282	갈려고	VV+EC
전주 여행	282	는데	EC
전주 여행	282	맛집	NNG
전주 여행	282	국내	NNG
전주 여행	282	주달	NNG
전주 여행	282	티비	NNG
전주 여행	282	코스	NNG
전주 여행	282	여수	NNG
전주 여행	282	여수	NNG
전주 여행	282	제주	NNP
전주 여행	282	제주도	NNP
전주 여행	282	전문	NNG
전주 여행	282	언서	NNG
전주 여행	282	주달	NNG
전주 여행	282	봉이	NNG
전주 여행	282	입니다	VCP+EF
전주 여행	282	코스	NNG
전주 여행	282	한옥	NNG
전주 여행	282	마을	NNG
전주 여행	282	에서부터	JKB
전주 여행	282	시작	NNG
전주 여행	283	부모	NNG
전주 여행	283	려고	EC
전주 여행	283	는데	EC
전주 여행	283	정보	NNG
전주 여행	283	하나	NR
전주 여행	283	어서요	EC
전주 여행	283	숙소	NNG
전주 여행	283	어디	NP
전주 여행	283	은지	EC
전주 여행	283	관광지	NNG
전주 여행	283	어디	NP
전주 여행	283	는지	EC
전주 여행	283	추천	NNG
전주 여행	283	부탁	NNG
전주 여행	283	드려요	VV+EC
전주 여행	283	맛집	NNG
전주 여행	283	국내	NNG
전주 여행	283	주달	NNG
전주 여행	283	티비	NNG
전주 여행	283	코스	NNG
전주 여행	283	여수	NNG
전주 여행	284	코스	NNG
전주 여행	284	!!	SY
전주 여행	284	이미	MAG
전주 여행	284	마치	VV
전주 여행	284	복귀	NNG
전주 여행	284	네요	EF
전주 여행	284	저희	NP
전주 여행	284	지난주	NNG
전주 여행	284	당일	NNG
전주 여행	284	코스	NNG
전주 여행	284	다녀왔	VV+EP
전주 여행	284	는데요	EF
전주 여행	284	주말	NNG
전주 여행	284	라서	EC
전주 여행	284	그런지	VA+EC
전주 여행	284	관광지	NNG
전주 여행	284	사람	NNG
전주 여행	284	아서	EC
전주 여행	284	생각	NNG
전주 여행	284	처럼	JKB
전주 여행	284	많이	MAG
전주 여행	284	둘러보	VV
전주 여행	284	못해서	VX+EC
전주 여행	284	아쉽	VA
전주 여행	284	더라고요	EC
전주 여행	284	최소한	NNG
전주 여행	285	당일치기	NNG
전주 여행	285	려고	EC
전주 여행	285	는데	EC
전주 여행	285	질문	NNG
전주 여행	285	습니다	EF
전주 여행	285	맛집	NNG
전주 여행	285	국내	NNG
전주 여행	285	주달	NNG
전주 여행	285	티비	NNG
전주 여행	285	코스	NNG
전주 여행	285	여수	NNG
전주 여행	285	여수	NNG
전주 여행	285	제주	NNP
전주 여행	285	제주도	NNP
전주 여행	285	전문	NNG
전주 여행	285	언서	NNG
전주 여행	285	주달	NNG
전주 여행	285	봉이	NNG
전주 여행	285	입니다	VCP+EF
전주 여행	285	기지	NNG
전주 여행	285	산책	NNG
전주 여행	285	저녁	NNG
전주 여행	285	많이	MAG
전주 여행	285	셔서	EP+EC
전주 여행	286	는데	EC
전주 여행	286	코스	NNG
전주 여행	286	추천	NNG
전주 여행	286	부탁	NNG
전주 여행	286	드려요	VV+EC
전주 여행	286	~^^	SY
전주 여행	286	남자	NNG
전주 여행	286	친구	NNG
전주 여행	286	생일	NNG
전주 여행	286	으로	JKB
전주 여행	286	는데	EC
전주 여행	286	처음	NNG
전주 여행	286	코스	NNG
전주 여행	286	으면	EC
전주 여행	286	추천	NNG
전주 여행	286	부탁드립니다	VV+EC
전주 여행	286	숙소	NNG
전주 여행	286	한옥마을	NNP
전주 여행	286	도보	NNP
전주 여행	286	10	SN
전주 여행	286	거리	NNG
전주 여행	286	자차	NNG
전주 여행	286	어서	EC
전주 여행	286	이동은	NNP
전주 여행	286	문제	NNG
전주 여행	286	습니다	EF
전주 여행	286	맛집	NNG
전주 여행	286	추천	NNG
전주 여행	286	부탁	NNG
전주 여행	286	드려요	VV+EC
전주 여행	286	안녕	NNG
전주 여행	286	세요	EP+EF
전주 여행	286	AI	SL
전주 여행	287	한옥	NNG
전주 여행	287	마을	NNG
전주 여행	287	남자	NNG
전주 여행	287	혼자	NNG
전주 여행	287	예정	NNG
전주 여행	287	입니다	VCP+EF
전주 여행	287	욕조	NNG
전주 여행	287	굉장히	MAG
전주 여행	287	무리	NNG
전주 여행	287	질문	NNG
전주 여행	287	지만	EC
전주 여행	287	혹시나	MAG
전주 여행	287	해서	VV+EC
전주 여행	287	맛집	NNG
전주 여행	287	국내	NNG
전주 여행	287	주달	NNG
전주 여행	287	티비	NNG
전주 여행	287	코스	NNG
전주 여행	287	여수	NNG
전주 여행	287	여수	NNG
전주 여행	287	제주	NNP
전주 여행	287	제주도	NNP
전주 여행	287	전문	NNG
전주 여행	287	언서	NNG
전주 여행	288	는데	EC
전주 여행	288	렌트	NNG
전주 여행	288	을까	EC
전주 여행	288	는데	EC
전주 여행	288	렌트	NNG
전주 여행	288	을까요	EC
전주 여행	288	안녕	NNG
전주 여행	288	세요	EP+EF
전주 여행	288	천만	NR
전주 여행	288	려인	NNG
전주 여행	288	함께	MAG
전주 여행	288	애견	NNG
전주 여행	288	동반	NNG
전주 여행	288	플랫	NNG
전주 여행	288	하트	NNG
전주 여행	288	입니다	VCP+EF
전주 여행	288	도시	NNG
전주 여행	288	라서	VCP+EC
전주 여행	288	택시	NNG
전주 여행	288	이동	NNG
전주 여행	288	해도	VV+EC
전주 여행	288	불편	NNG
전주 여행	288	습니다	EF
전주 여행	288	답변	NNG
전주 여행	288	도움	NNG
전주 여행	288	다면	EC
전주 여행	288	채택	NNG
전주 여행	288	부탁드립니다	VV+EC
전주 여행	289	코스	NNG
전주 여행	289	질문	NNG
전주 여행	289	드려요	VV+EC
전주 여행	289	이상	NNG
전주 여행	289	문의	NNG
전주 여행	289	통상	NNG
전주 여행	289	안내	NNG
전주 여행	289	드리	VX
전주 여행	289	정보	NNG
전주 여행	289	입니다	VCP+EF
전주 여행	289	질문	NNG
전주 여행	289	간단히	MAG
전주 여행	289	요약	NNG
전주 여행	289	드리	VX
전주 여행	289	먼저	MAG
전주 여행	289	사이트	NNG
전주 여행	289	들어가	VV
전주 여행	289	셔서	EP+EC
전주 여행	289	예약	NNG
전주 여행	289	오전	NNG
전주 여행	290	코스	NNG
전주 여행	290	질문	NNG
전주 여행	290	내공	NNG
전주 여행	290	어요	EF
전주 여행	290	100	SN
전주 여행	290	부산	NNP
전주 여행	290	에서	JKB
전주 여행	290	려고	EC
전주 여행	290	합니다	VX+EF
전주 여행	290	자차	NNG
전주 여행	290	아닌	VCN+ETM
전주 여행	290	버스	NNG
전주 여행	290	위주	NNG
전주 여행	290	려고	EC
전주 여행	290	합니다	VX+EF
전주 여행	290	그리고	MAJ
전주 여행	290	아니	VCN
전주 여행	290	다가	EC
전주 여행	290	에서	JKB
전주 여행	290	가깝	VA
전주 여행	290	거나	EC
전주 여행	290	버스	NNG
전주 여행	290	시간	NNBC
전주 여행	290	정도	NNG
전주 여행	290	다른	MM
전주 여행	290	지역	NNG
전주 여행	290	은데	EC
전주 여행	290	많이	MAG
전주 여행	290	다니	VV
전주 여행	291	코스	NNG
전주 여행	291	추천	NNG
전주 여행	291	코스	NNG
전주 여행	291	추천	NNG
전주 여행	291	세염	NNG
전주 여행	291	동물원	NNP
전주 여행	291	걍기전	UNKNOWN
전주 여행	291	한옥마을	NNP
전주 여행	291	덕진	NNP
전주 여행	291	연못	NNG
전주 여행	291	으로	JKB
전주 여행	291	가보세요	NNG
전주 여행	292	코스	NNG
전주 여행	292	알려	VV+EC
전주 여행	292	세요	EP+EF
전주 여행	292	안녕	IC
전주 여행	292	세요	EP+EF
전주 여행	292	당일치기	NNG
전주 여행	292	코스	NNG
전주 여행	292	세요	EP+EF
전주 여행	292	동물원	NNG
전주 여행	292	한옥마을	NNP
전주 여행	292	수목원	NNG
전주 여행	292	팔복	NNG
전주 여행	292	예술	NNG
전주 여행	292	공장	NNG
전주 여행	292	드림	VV+ETM
전주 여행	292	랜드	NNG
전주 여행	292	당일치기	NNG
전주 여행	292	코스	NNG
전주 여행	292	알려	VV+EC
전주 여행	292	세요	EP+EF
전주 여행	292	자가용	NNG
전주 여행	292	으로	JKB
전주 여행	292	이동	NNG
전주 여행	292	신다면	EP+EC
전주 여행	292	아래	NNG
전주 여행	292	코스	NNG
전주 여행	292	시간	NNG
전주 여행	292	아낄	VV+ETM
전주 여행	293	코스	NNG
전주 여행	293	질문	NNG
전주 여행	293	코스	NNG
전주 여행	293	관련	NNG
전주 여행	293	답변	NNG
전주 여행	293	드리	VV
전주 여행	293	습니다	EF
전주 여행	293	가족	NNG
전주 여행	293	함께	MAG
전주 여행	293	계획	NNG
전주 여행	293	군요	EF
전주 여행	293	추천	NNG
전주 여행	293	명소	NNG
전주 여행	293	맛집	NNG
전주 여행	293	포함	NNG
전주 여행	293	해서	XSV+EC
전주 여행	293	여다	VV+EC
전주 여행	293	에서	JKB
전주 여행	293	맞춤	NNG
전주 여행	293	코스	NNG
전주 여행	293	준비	NNG
전주 여행	293	어요	EF
전주 여행	293	아래	NNG
전주 여행	293	첨부	NNG
전주 여행	293	일정	NNG
전주 여행	294	당일치기	NNG
전주 여행	294	코스	NNG
전주 여행	294	처음	NNG
전주 여행	294	으로	JKB
전주 여행	294	라서	VCP+EC
전주 여행	294	많이	MAG
전주 여행	294	어요	EF
전주 여행	294	일단	MAG
전주 여행	294	한옥	NNG
전주 여행	294	마을	NNG
전주 여행	294	에서	JKB
전주 여행	294	한복	NNG
전주 여행	294	빌려서	VV+EC
전주 여행	294	한옥마을	NNP
전주 여행	294	전동성당	NNP
전주 여행	294	이랑	JC
전주 여행	294	경기전	NNG
전주 여행	294	그리고	MAJ
전주 여행	294	자만	NNG
전주 여행	294	벽화	NNG
전주 여행	294	마을	NNG
전주 여행	294	까지	JX
전주 여행	294	정했	VV+EP
전주 여행	294	는데	EC
전주 여행	294	다른	MM
전주 여행	294	못했	VX+EP
전주 여행	294	어요	EF
전주 여행	294	한옥마을	NNP
전주 여행	295	초등	NNG
전주 여행	295	아이	NNG
전주 여행	295	코스	NNG
전주 여행	295	맛집	NNG
전주 여행	295	추천	NNG
전주 여행	295	부탁	NNG
전주 여행	295	합니다	XSV+EF
전주 여행	295	아이	NNG
전주 여행	295	계획	NNG
전주 여행	295	계시	VX
전주 여행	295	군요	EF
전주 여행	295	에서	JKB
전주 여행	295	아이	NNG
전주 여행	295	함께	MAG
전주 여행	295	군데	NNBC
전주 여행	295	추천	NNG
전주 여행	295	드려	VV+EC
전주 여행	295	도록	EC
전주 여행	295	습니다	EF
전주 여행	295	한옥마을	NNP
전주 여행	295	이미	MAG
전주 여행	295	계획	NNG
전주 여행	295	장소	NNG
전주 여행	295	한옥마을	NNP
전주 여행	295	예요	EC
전주 여행	295	한복	NNG
전주 여행	295	한옥마을	NNP
전주 여행	295	거닐	VV
전주 여행	295	사진	NNG
전주 여행	296	합니다	XSV+EF
전주 여행	296	ㅠㅠ	UNKNOWN
전주 여행	296	코스	NNG
전주 여행	296	코스	NNG
전주 여행	296	추천	NNG
전주 여행	296	드립니다	VV+EF
전주 여행	296	안녕	IC
전주 여행	296	세요	EP+EF
전주 여행	296	전문	NNG
전주 여행	296	블로거	NNP
전주 여행	296	쭈니	NNP
전주 여행	296	아빠	NNG
전주 여행	296	입니다	VCP+EF
전주 여행	296	방학	NNG
전주 여행	296	아서	EC
전주 여행	296	친구	NNG
전주 여행	296	준비	NNG
전주 여행	296	계시	VX
전주 여행	296	네요	EF
전주 여행	296	한옥마을	NNP
전주 여행	296	중심	NNG
전주 여행	296	으로	JKB
전주 여행	296	터미널	NNG
전주 여행	296	에서	JKB
전주 여행	296	버스	NNG
전주 여행	296	한옥	NNG
전주 여행	296	마을	NNG
전주 여행	297	순서	NNG
전주 여행	297	알려	VV+EC
전주 여행	297	세요	EP+EF
전주 여행	297	려고	EC
전주 여행	297	는데요	EC
전주 여행	297	덕진	NNP
전주 여행	297	공원	NNG
전주 여행	297	동물원	NNG
전주 여행	297	한옥	NNG
전주 여행	297	마을	NNG
전주 여행	297	남부	NNG
전주 여행	297	시장	NNG
전주 여행	297	려고	EC
전주 여행	297	합니다	VX+EF
전주 여행	297	시외버스	NNG
전주 여행	297	공용	NNG
전주 여행	297	터미널	NNG
전주 여행	297	에서	JKB
전주 여행	297	가까운	VA+ETM
전주 여행	297	순서	NNG
전주 여행	297	어떻게	MAG
전주 여행	297	될까요	VV+EF
전주 여행	297	그리고	MAJ
전주 여행	297	근처	NNG
전주 여행	297	가까운	VA+ETM
전주 여행	297	바닷가	NNG
전주 여행	297	어디	NP
전주 여행	297	인가요	VCP+EC
전주 여행	297	구경	NNG
전주 여행	298	비용	NNG
전주 여행	298	안녕	NNG
전주 여행	298	세요	EP+EF
전주 여행	298	려는	ETM
전주 여행	298	학생	NNG
전주 여행	298	입니다	VCP+EF
전주 여행	298	수원	NNP
전주 여행	298	고요	EC
전주 여행	298	으로	JKB
전주 여행	298	가려	VV+EC
전주 여행	298	는데	EC
전주 여행	298	비용	NNG
전주 여행	298	어느	MM
전주 여행	298	정도	NNG
전주 여행	298	나올까요	VV+EF
전주 여행	298	수원	NNP
전주 여행	298	에서	JKB
전주 여행	298	까지	VV
전주 여행	298	자가용	NNG
전주 여행	298	으로	JKB
전주 여행	298	시간	NNBC
전주 여행	298	정도	NNG
전주 여행	298	걸리	VV
전주 여행	298	코스	NNG
전주 여행	298	인데요	VCP+EF
전주 여행	298	대중교통	NNG
전주 여행	298	으로	JKB
전주 여행	298	간다	VV+EC
전주 여행	298	라면	NNG
전주 여행	298	조금	MAG
전주 여행	299	음식점	NNG
전주 여행	299	25	SN
전주 여행	299	는데	EC
전주 여행	299	동물원	NNP
전주 여행	299	이랑	JC
전주 여행	299	레일바이크	NNP
전주 여행	299	아중	NNG
전주 여행	299	수지	NNG
전주 여행	299	목대	NNG
전주 여행	299	주변	NNG
전주 여행	299	맛집	NNG
전주 여행	299	이나	JC
전주 여행	299	음식	NNG
전주 여행	299	으면	EC
전주 여행	299	추천	NNG
전주 여행	299	세여	EP+EF
전주 여행	299	내공	NNP
전주 여행	299	100	SN
전주 여행	299	드려	VV+EC
전주 여행	299	추가	NNG
전주 여행	299	터미널	NNG
전주 여행	299	알려	VV+EC
전주 여행	299	고맙	VA
전주 여행	299	습니다	EF
전주 여행	299	답변	NNG
전주 여행	299	한옥	NNG
전주 여행	299	마을	NNG
전주 여행	299	에루화	IC
전주 여행	299	떡갈비	NNG
전주 여행	300	없이	MAG
전주 여행	300	려고	EC
전주 여행	300	해요	VX+EF
전주 여행	300	답변	NNG
전주 여행	300	미리	MAG
전주 여행	300	감사	NNG
전주 여행	300	해요	XSV+EF
전주 여행	300	맛집	NNG
전주 여행	300	국내	NNG
전주 여행	300	주달	NNG
전주 여행	300	티비	NNG
전주 여행	300	코스	NNG
전주 여행	300	여수	NNG
전주 여행	300	여수	NNG
전주 여행	300	제주	NNP
전주 여행	300	제주도	NNP
전주 여행	300	전문	NNG
전주 여행	300	언서	NNG
전주 여행	300	주달	NNG
전주 여행	300	봉이	NNG
전주 여행	300	입니다	VCP+EF
전주 여행	300	한옥	NNG
전주 여행	300	마을	NNG
전주 여행	300	모주	NNG
전주 여행	300	체험	NNG
전주 여행	301	부모	NNG
전주 여행	301	모시	VV
전주 여행	301	부모	NNG
전주 여행	301	모시	VV
전주 여행	301	려는데	EC
전주 여행	301	명소	NNG
전주 여행	301	식당	NNG
전주 여행	301	추천	NNG
전주 여행	301	부탁	NNG
전주 여행	301	드립니다	VV+EC
전주 여행	301	한옥마을	NNP
전주 여행	301	유명	XR
전주 여행	301	완산구	NNP
전주 여행	301	으며	EC
전주 여행	301	덕진구	NNP
전주 여행	301	또한	MAJ
전주 여행	301	멋진	VA+ETM
전주 여행	301	추억	NNG
전주 여행	301	가진	VV+ETM
전주 여행	301	장소	NNG
전주 여행	301	많이	MAG
전주 여행	302	이번	NNG
전주 여행	302	여자	NNG
전주 여행	302	친구	NNG
전주 여행	302	는데	EC
전주 여행	302	경로	NNG
전주 여행	302	알려	VV+EC
전주 여행	302	세요	EP+EF
전주 여행	302	토요일	NNG
전주 여행	302	온다고	VV+EC
전주 여행	302	는데	EC
전주 여행	302	실내	NNG
전주 여행	302	데이트	NNG
전주 여행	302	가능	NNG
전주 여행	302	알려	VV+EC
전주 여행	302	감사	NNG
전주 여행	302	습니다	EF
전주 여행	302	숙소	NNG
전주 여행	302	한옥	NNG
전주 여행	302	마을	NNG
전주 여행	302	근처	NNG
전주 여행	302	습니다	EF
전주 여행	302	한옥마을	NNP
전주 여행	302	구경	NNG
전주 여행	303	저녁	NNG
전주 여행	303	주천	NNG
전주 여행	303	산책	NNG
전주 여행	303	따라	VV+EC
전주 여행	303	거나	EC
전주 여행	303	한옥	NNG
전주 여행	303	마을	NNG
전주 여행	303	근처	NNG
전주 여행	303	에서	JKB
전주 여행	303	야경	NNG
전주 여행	303	즐기	VV
전주 여행	303	너무	MAG
전주 여행	303	답니다	EF
전주 여행	303	혹시	MAG
전주 여행	303	일정	NNG
전주 여행	303	이나	JC
전주 여행	303	관심	NNG
전주 여행	303	테마	NNG
전주 여행	303	사진	NNG
전주 여행	303	카페	NNG
전주 여행	303	체험	NNG
전주 여행	303	알려	VV+EC
전주 여행	303	맞춤	VV+EC
전주 여행	303	추천	NNG
전주 여행	303	드릴	VX+ETM
전주 여행	303	어요	EF
전주 여행	303	즐거운	VA+ETM
전주 여행	303	바랄	VV+ETM
전주 여행	303	게요	NNB+VCP+EC
전주 여행	304	코스	NNG
전주 여행	304	추천	NNG
전주 여행	304	~!	SY
전주 여행	304	영화제	NNG
전주 여행	304	기간	NNG
전주 여행	304	일정	NNG
전주 여행	304	으로	JKB
전주 여행	304	볼까	EC+VX+EC
전주 여행	304	해서	VV+EC
전주 여행	304	코스	NNG
전주 여행	304	추천	NNG
전주 여행	304	세요	EP+EF
전주 여행	304	어차피	MAG
전주 여행	304	주목적	NNG
전주 여행	304	전주국	NNG
전주 여행	304	영화제	NNG
전주 여행	304	니까	VCP+EC
전주 여행	304	둘러보	VV
전주 여행	304	에요	VCP+EF
전주 여행	304	그냥	MAG
전주 여행	304	알짜배기	NNG
전주 여행	304	추천	NNG
전주 여행	305	주로	MAG
전주 여행	305	커플	NNG
전주 여행	305	려고	EC
전주 여행	305	는데	EC
전주 여행	305	추천	NNG
전주 여행	305	세요	EP+EF
전주 여행	305	숙소	NNG
전주 여행	305	거리	NNG
전주 여행	305	맛집	NNG
전주 여행	305	등등	NNB
전주 여행	305	추천	NNG
전주 여행	305	감사	NNG
전주 여행	305	습니다	EF
전주 여행	305	한옥마을	NNP
전주 여행	305	겁니다	NNB+VCP+EF
전주 여행	305	답변	NNG
전주 여행	305	도움	NNG
전주 여행	305	으면	EC
전주 여행	305	습니다	EF
전주 여행	305	한옥마을	NNP
전주 여행	305	한옥마을	NNP
전주 여행	305	맛집	NNG
전주 여행	305	거리	EC
전주 여행	305	추천	NNG
전주 여행	306	추석	NNG
전주 여행	306	16	SN
전주 여행	306	18	SN
전주 여행	306	려고	EC
전주 여행	306	는데	EC
전주 여행	306	그때	NNG
전주 여행	306	한옥마을	NNP
전주 여행	306	관광지	NNG
전주 여행	306	을까요	EC
전주 여행	306	추석	NNG
전주 여행	306	당일	NNG
전주 여행	306	습니다	EF
전주 여행	306	에도	NNP
전주 여행	306	이벤트	NNG
전주 여행	306	진행	NNG
전주 여행	306	입니다	VCP+EC
전주 여행	306	27	SN
전주 여행	306	10	SN
전주 여행	306	13	SN
전주 여행	306	한국	NNP
전주 여행	306	관광공사	NNP
전주 여행	306	에서	JKB
전주 여행	306	숙박	NNG
전주 여행	306	세일	NNG
전주 여행	306	페스타	NNP
전주 여행	306	이벤트	NNG
전주 여행	306	진행	NNG
전주 여행	306	입니다	VCP+EC
전주 여행	307	연령	NNG
전주 여행	307	렌트카	NNG
전주 여행	307	추천	NNG
전주 여행	307	이번	NNG
전주 여행	307	21	SN
전주 여행	307	으로	JKB
전주 여행	307	19	SN
전주 여행	307	입니다	VCP+EF
전주 여행	307	연령	NNG
전주 여행	307	자동차	NNG
전주 여행	307	추천	NNG
전주 여행	307	부탁	NNG
전주 여행	307	드리	VV
전주 여행	307	습니다	EF
전주 여행	307	그리고	MAJ
전주 여행	307	가격	NNG
전주 여행	307	렌트	NNG
전주 여행	307	어느	MM
전주 여행	307	정도	NNG
전주 여행	307	나올까요	VV+EF
전주 여행	307	에서	JKB
전주 여행	307	21	SN
전주 여행	307	이상	NNG
전주 여행	307	렌트	NNG
전주 여행	307	가능	NNG
전주 여행	307	자동차	NNG
전주 여행	307	찾아보	VV
전주 여행	307	세요	EP+EF
전주 여행	307	가격	NNG
전주 여행	308	포항	NNP
전주 여행	308	에서	JKB
전주 여행	308	포항	NNP
전주 여행	308	까지	JX
전주 여행	308	기차	NNG
전주 여행	308	을까요	EC
전주 여행	308	버스	NNG
전주 여행	308	을까요	EC
전주 여행	308	안녕	NNG
전주 여행	308	세요	EP+EF
전주 여행	308	에서	JKB
전주 여행	308	포항	NNP
전주 여행	308	까지	JX
전주 여행	308	기차	NNG
전주 여행	308	버스	NNG
전주 여행	308	각각	MAG
전주 여행	308	장단점	NNG
전주 여행	308	으므로	EC
전주 여행	308	어떤	MM
전주 여행	308	방법	NNG
전주 여행	308	은지	EC
전주 여행	308	결정	NNG
전주 여행	308	가지	NNBC
전주 여행	308	요소	NNG
전주 여행	308	고려	NNG
전주 여행	308	필요	NNG
전주 여행	308	습니다	EF
전주 여행	309	펜션	NNG
전주 여행	309	한옥	NNG
전주 여행	309	으로	JKB
전주 여행	309	이번	NNG
전주 여행	309	남자	NNG
전주 여행	309	친구	NNG
전주 여행	309	같이	MAG
전주 여행	309	해서	VV+EC
전주 여행	309	얼른	MAG
전주 여행	309	펜션	NNG
전주 여행	309	봐야	VX+EC
전주 여행	309	는데	EC
전주 여행	309	한옥	NNG
전주 여행	309	마을	NNG
전주 여행	309	근처	NNG
전주 여행	309	한옥	NNG
전주 여행	309	느낌	MAG
전주 여행	309	펜션	NNG
전주 여행	309	으로	JKB
전주 여행	309	을까요	EC
전주 여행	309	내부	NNG
전주 여행	309	정감	NNG
전주 여행	309	분위기	NNG
전주 여행	309	아요	EF
전주 여행	309	빠른	VA+ETM
전주 여행	309	답변	NNG
전주 여행	309	부탁	NNG
전주 여행	310	세요	EP+EF
전주 여행	310	한옥마을	NNP
전주 여행	310	유명	XR
전주 여행	310	완산구	NNP
전주 여행	310	으며	EC
전주 여행	310	덕진구	NNP
전주 여행	310	또한	MAJ
전주 여행	310	멋진	VA+ETM
전주 여행	310	추억	NNG
전주 여행	310	가진	VV+ETM
전주 여행	310	장소	NNG
전주 여행	310	많이	MAG
전주 여행	310	습니다	EF
전주 여행	310	완산구	NNP
전주 여행	310	덕진구	NNP
전주 여행	310	대해서	VV+EC
전주 여행	311	뚜벅	MAG
전주 여행	311	엄마	NNG
전주 여행	311	뚜벅	MAG
전주 여행	311	계획	NNG
전주 여행	311	인데	VCP+EC
전주 여행	311	답변	NNG
전주 여행	311	부탁	NNG
전주 여행	311	드려요	VV+EC
전주 여행	311	기차	NNG
전주 여행	311	고속버스	NNG
전주 여행	311	어떤	MM
전주 여행	311	을까요	EC
전주 여행	311	도착	NNG
전주 여행	311	해서	XSV+EC
전주 여행	311	관광	NNG
전주 여행	311	이용	NNG
전주 여행	311	교통수단	NNG
전주 여행	311	어떤	MM
전주 여행	311	을까요	EC
전주 여행	311	숙소	NNG
전주 여행	311	추천	NNG
전주 여행	311	부탁드려요	VV+EF
전주 여행	311	서울	NNP
전주 여행	312	당일치기	NNG
전주 여행	312	어렵	VA
전주 여행	312	네요	EF
전주 여행	312	당일치기	NNG
전주 여행	312	계획	NNG
전주 여행	312	군요	EF
전주 여행	312	에서	JKB
전주 여행	312	한옥마을	NNP
전주 여행	312	까지	JX
전주 여행	312	방법	NNG
전주 여행	312	당일치기	NNG
전주 여행	312	코스	NNG
전주 여행	312	알려	VV+EC
전주 여행	312	드릴게요	VX+EC
전주 여행	312	에서	JKB
전주 여행	312	한옥마을	NNP
전주 여행	312	까지	JX
전주 여행	312	방법	NNG
전주 여행	312	으로	JKB
전주 여행	312	택시	NNG
전주 여행	312	버스	NNG
전주 여행	312	어요	EF
전주 여행	312	에서	JKB
전주 여행	312	한옥마을	NNP
전주 여행	312	까지	JX
전주 여행	312	택시	NNG
전주 여행	313	경비	NNG
전주 여행	313	보통	NNG
전주 여행	313	경비	NNG
전주 여행	313	얼마	NNG
전주 여행	313	정도	NNG
전주 여행	313	드나	VV
전주 여행	313	숙소	NNG
전주 여행	313	13	SN
전주 여행	313	인데	VCP+EC
전주 여행	313	려고	EC
전주 여행	313	비싼	VA+ETM
전주 여행	313	건가요	NNB+VCP+EC
전주 여행	313	질문	NNG
전주 여행	313	도움	NNG
전주 여행	313	답변	NNG
전주 여행	313	바래	VV
전주 여행	313	예산	NNG
전주 여행	313	30	SN
전주 여행	313	내외	NNG
전주 여행	313	숙소	NNG
전주 여행	313	13	SN
전주 여행	313	적당	XR
전주 여행	313	합니다	XSA+EC
전주 여행	314	커플	NNG
전주 여행	314	대해	VV+EC
전주 여행	314	도움	NNG
전주 여행	314	드릴게요	VV+EC
전주 여행	314	남자	NNG
전주 여행	314	친구	NNG
전주 여행	314	이용	NNG
전주 여행	314	할지	XSV+EC
전주 여행	314	KTX	SL
전주 여행	314	이용	NNG
전주 여행	314	할지	XSV+EC
전주 여행	314	대해서	VV+EC
전주 여행	314	여러	MM
전주 여행	314	가지	NNBC
전주 여행	314	요소	NNG
전주 여행	314	고려	NNG
전주 여행	314	셔야	EP+EC
전주 여행	314	합니다	VX+EF
전주 여행	314	만약	MAG
전주 여행	314	교통	NNG
전주 여행	314	체증	NNG
전주 여행	314	예상	NNG
전주 여행	314	날짜	NNG
전주 여행	314	라면	VCP+EC
전주 여행	314	KTX	SL
전주 여행	314	이용	NNG
전주 여행	314	편할	VA+ETM
전주 여행	314	습니다	EF
전주 여행	314	또한	MAJ
전주 여행	314	남자	NNG
전주 여행	314	친구	NNG
전주 여행	315	려는데	EC
전주 여행	315	여행지	NNG
전주 여행	315	맛집	NNG
전주 여행	315	추천	NNG
전주 여행	315	세요	EP+EF
전주 여행	315	보리암	NNP
전주 여행	315	다랭이	NNG
전주 여행	315	독일	NNP
전주 여행	315	마을	NNG
전주 여행	315	한옥마을	NNP
전주 여행	315	두세	MM
전주 여행	315	맛집	NNG
전주 여행	315	빨리	MAG
전주 여행	315	추천	NNG
전주 여행	315	세요	EP+EF
전주 여행	315	라서	EC
전주 여행	315	추천	NNG
전주 여행	315	셔도	EP+EC
전주 여행	315	됩니다	VV+EF
전주 여행	315	맛집	NNG
전주 여행	316	추천	NNG
전주 여행	316	맛집	NNG
전주 여행	316	국내	NNG
전주 여행	316	주달	NNG
전주 여행	316	티비	NNG
전주 여행	316	코스	NNG
전주 여행	316	여수	NNG
전주 여행	316	여수	NNG
전주 여행	316	제주	NNP
전주 여행	316	제주도	NNP
전주 여행	316	전문	NNG
전주 여행	316	언서	NNG
전주 여행	316	주달	NNG
전주 여행	316	봉이	NNG
전주 여행	316	입니다	VCP+EF
전주 여행	316	코스	NNG
전주 여행	316	한옥	NNG
전주 여행	316	마을	NNG
전주 여행	316	에서부터	JKB
전주 여행	317	코스	NNG
전주 여행	317	질문	NNG
전주 여행	317	코스	NNG
전주 여행	317	전라도	NNP
전주 여행	317	어서	EC
전주 여행	317	맛집	NNG
전주 여행	317	국내	NNG
전주 여행	317	주달	NNG
전주 여행	317	티비	NNG
전주 여행	317	코스	NNG
전주 여행	317	여수	NNG
전주 여행	317	여수	NNG
전주 여행	317	제주	NNP
전주 여행	317	제주도	NNP
전주 여행	317	전문	NNG
전주 여행	317	언서	NNG
전주 여행	318	간다면	VV+EC
전주 여행	318	비용	NNG
전주 여행	318	얼마	NNG
전주 여행	318	나올까요	VV+EF
전주 여행	318	비용	NNG
전주 여행	318	여러	MM
전주 여행	318	요소	NNG
전주 여행	318	따라	VV+EC
전주 여행	318	달라지	VV
전주 여행	318	지만	EC
전주 여행	318	일반	NNG
전주 여행	318	으로	JKB
전주 여행	318	다음	NNG
전주 여행	318	항목	NNG
전주 여행	318	포함	NNG
전주 여행	318	됩니다	XSV+EC
전주 여행	318	교통비	NNG
전주 여행	318	까지	JX
전주 여행	318	이동	NNG
전주 여행	318	위한	VV+ETM
전주 여행	318	교통	NNG
전주 여행	318	비용	NNG
전주 여행	318	입니다	VCP+EF
전주 여행	319	코스	NNG
전주 여행	319	맛집	NNG
전주 여행	319	국내	NNG
전주 여행	319	주달	NNG
전주 여행	319	티비	NNG
전주 여행	319	코스	NNG
전주 여행	319	여수	NNG
전주 여행	319	여수	NNG
전주 여행	319	제주	NNP
전주 여행	319	제주도	NNP
전주 여행	319	전문	NNG
전주 여행	319	언서	NNG
전주 여행	319	주달	NNG
전주 여행	319	봉이	NNG
전주 여행	319	입니다	VCP+EF
전주 여행	319	코스	NNG
전주 여행	319	한옥	NNG
전주 여행	319	마을	NNG
전주 여행	319	에서부터	JKB
전주 여행	319	시작	NNG
전주 여행	320	당일치기	NNG
전주 여행	320	혼자	NNG
전주 여행	320	코스	NNG
전주 여행	320	추천	NNG
전주 여행	320	박물관	NNG
전주 여행	320	미술관	NNG
전주 여행	320	지역	NNG
전주 여행	320	공간	NNG
전주 여행	320	스토리	NNG
전주 여행	320	안내	NNG
전주 여행	320	해설	NNG
전주 여행	320	문화	NNG
전주 여행	320	코스	NNG
전주 여행	320	방지	NNG
전주 여행	320	위해	VV+EC
전주 여행	320	예약금	NNG
전주 여행	320	결제	NNG
전주 여행	320	현장	NNG
전주 여행	320	에서	JKB
전주 여행	320	상당	NNG
전주 여행	320	음료	NNG
전주 여행	320	기프	NNP
전주 여행	320	으로	JKB
전주 여행	320	환급	NNG
전주 여행	320	선착순	NNG
전주 여행	320	마감	NNG
전주 여행	320	계획	NNG
전주 여행	320	으신	EP+ETM
전주 여행	321	필요	NNG
전주 여행	321	가요	NNG
전주 여행	321	안녕	NNG
전주 여행	321	세요	EP+EF
전주 여행	321	계획	NNG
전주 여행	321	입니다	VCP+EF
전주 여행	321	서울	NNP
전주 여행	321	에서	JKB
전주 여행	321	까지	JX
전주 여행	321	기차	NNG
전주 여행	321	건데	NNB+VCP+EC
전주 여행	321	에서	JKB
전주 여행	321	렌트	NNG
전주 여행	321	해야	VV+EC
전주 여행	321	할지	VX+EC
전주 여행	321	궁금	XR
전주 여행	321	합니다	XSA+EF
전주 여행	321	참고	NNG
전주 여행	321	한옥마을	NNP
전주 여행	321	포함	NNG
전주 여행	321	해서	XSV+EC
전주 여행	321	유명	NNG
전주 여행	321	관광지	NNG
전주 여행	321	돌아볼	VV+ETM
전주 여행	321	계획	NNG
전주 여행	321	입니다	VCP+EF
전주 여행	321	맛집	NNG
전주 여행	321	국내	NNG
전주 여행	322	맛집	NNG
전주 여행	322	국내	NNG
전주 여행	322	주달	NNG
전주 여행	322	티비	NNG
전주 여행	322	코스	NNG
전주 여행	322	여수	NNG
전주 여행	322	여수	NNG
전주 여행	322	제주	NNP
전주 여행	322	제주도	NNP
전주 여행	322	전문	NNG
전주 여행	322	언서	NNG
전주 여행	322	주달	NNG
전주 여행	322	봉이	NNG
전주 여행	322	입니다	VCP+EF
전주 여행	322	대중교통	NNG
전주 여행	322	이나	JC
전주 여행	322	택시	NNG
전주 여행	322	이용	NNG
전주 여행	323	완주	NNG
전주 여행	323	맛집	NNG
전주 여행	323	국내	NNG
전주 여행	323	주달	NNG
전주 여행	323	티비	NNG
전주 여행	323	코스	NNG
전주 여행	323	여수	NNG
전주 여행	323	여수	NNG
전주 여행	323	제주	NNP
전주 여행	323	제주도	NNP
전주 여행	323	전문	NNG
전주 여행	323	언서	NNG
전주 여행	323	주달	NNG
전주 여행	323	봉이	NNG
전주 여행	323	입니다	VCP+EF
전주 여행	323	완주	NNP
전주 여행	323	어느	MM
전주 여행	323	느냐	EC
전주 여행	323	따라	VV+EC
전주 여행	324	부탁	NNG
전주 여행	324	드립니다	VV+EC
전주 여행	324	맛집	NNG
전주 여행	324	국내	NNG
전주 여행	324	주달	NNG
전주 여행	324	티비	NNG
전주 여행	324	코스	NNG
전주 여행	324	여수	NNG
전주 여행	324	여수	NNG
전주 여행	324	제주	NNP
전주 여행	324	제주도	NNP
전주 여행	324	전문	NNG
전주 여행	324	언서	NNG
전주 여행	324	주달	NNG
전주 여행	324	봉이	NNG
전주 여행	324	입니다	VCP+EF
전주 여행	324	코스	NNG
전주 여행	325	코스	NNG
전주 여행	325	세요	EP+EF
전주 여행	325	ㅜㅜ	UNKNOWN
전주 여행	325	코스	NNG
전주 여행	325	드릴	VX+ETM
전주 여행	325	습니다	EF
전주 여행	325	역사	NNG
전주 여행	325	유적지	NNG
전주 여행	325	전통문화	NNG
전주 여행	325	빛나	VV
전주 여행	325	으로	JKB
전주 여행	325	유명	XR
전주 여행	325	한데요	XSA+EF
전주 여행	325	먼저	MAG
전주 여행	325	한옥마을	NNP
전주 여행	325	방문	NNG
전주 여행	325	아름다움	VA+ETN
전주 여행	325	느낄	VV+ETM
전주 여행	325	습니다	EF
전주 여행	325	시작	NNG
전주 여행	325	라고	EC
전주 여행	325	한옥	NNG
전주 여행	325	마을	NNG
전주 여행	325	에서	JKB
전주 여행	326	대중교통	NNG
전주 여행	326	이랑	JC
전주 여행	326	렌트카	NNG
전주 여행	326	어떤	MM
전주 여행	326	을까요	EF
전주 여행	326	움직이	VV
전주 여행	326	편할지	VA+EC
전주 여행	326	대중교통	NNG
전주 여행	326	편할지	VA+EC
전주 여행	326	알려	VV+EC
전주 여행	326	세요	EP+EF
전주 여행	326	교통	NNG
전주 여행	326	상황	NNG
전주 여행	326	어떤지	VA+EC
전주 여행	326	궁금	XR
전주 여행	326	합니다	XSA+EF
전주 여행	326	맛집	NNG
전주 여행	326	국내	NNG
전주 여행	326	주달	NNG
전주 여행	326	티비	NNG
전주 여행	326	코스	NNG
전주 여행	326	여수	NNG
전주 여행	326	여수	NNG
전주 여행	326	제주	NNP
전주 여행	327	가시	VV
전주 여행	327	는군요	EC
전주 여행	327	그렇	VA
전주 여행	327	다면	EC
전주 여행	327	에서	JKB
전주 여행	327	연인	NNG
전주 여행	327	제일	MAG
전주 여행	327	많이	MAG
전주 여행	327	추천	NNG
전주 여행	327	드리	VX
전주 여행	327	습니다	EF
전주 여행	327	한옥마을	NNP
전주 여행	327	동물원	NNP
전주 여행	327	한국도로공사	NNP
전주 여행	327	수목원	NNG
전주 여행	327	향교	NNP
전주 여행	327	덕진	NNP
전주 여행	327	공원	NNG
전주 여행	328	관련	NNG
전주 여행	328	맛집	NNG
전주 여행	328	국내	NNG
전주 여행	328	주달	NNG
전주 여행	328	티비	NNG
전주 여행	328	코스	NNG
전주 여행	328	여수	NNG
전주 여행	328	여수	NNG
전주 여행	328	제주	NNP
전주 여행	328	제주도	NNP
전주 여행	328	전문	NNG
전주 여행	328	언서	NNG
전주 여행	328	주달	NNG
전주 여행	328	봉이	NNG
전주 여행	328	입니다	VCP+EF
전주 여행	328	주말	NNG
전주 여행	328	인지	VCP+EC
전주 여행	328	평일	NNG
전주 여행	328	인지	VCP+EC
전주 여행	328	따라	VV+EC
전주 여행	328	다릅니다	VA+EC
전주 여행	329	려고	EC
전주 여행	329	vs	SL
전주 여행	329	어떤	MM
전주 여행	329	적당	XR
전주 여행	329	할지	XSA+EC
전주 여행	329	추천	NNG
전주 여행	329	세요	EP+EF
전주 여행	329	맛집	NNG
전주 여행	329	국내	NNG
전주 여행	329	주달	NNG
전주 여행	329	티비	NNG
전주 여행	329	코스	NNG
전주 여행	329	여수	NNG
전주 여행	329	여수	NNG
전주 여행	329	제주	NNP
전주 여행	329	제주도	NNP
전주 여행	329	전문	NNG
전주 여행	329	언서	NNG
전주 여행	329	주달	NNG
전주 여행	329	봉이	NNG
전주 여행	329	입니다	VCP+EC
전주 여행	330	이번	NNG
전주 여행	330	처음	MAG
전주 여행	330	는데	EC
전주 여행	330	추천	NNG
전주 여행	330	세요	EP+EF
전주 여행	330	은데	EC
전주 여행	330	위주	NNG
전주 여행	330	해요	VX+EF
전주 여행	330	트레	NNP
전주 여행	330	해요	VX+EF
전주 여행	330	계획	NNG
전주 여행	330	군요	EF
전주 여행	330	다양	XR
전주 여행	330	볼거리	NNG
전주 여행	331	경비	NNG
전주 여행	331	식비	NNG
전주 여행	331	교통비	NNG
전주 여행	331	잡혀서	VV+EC
전주 여행	331	마실	VV+ETM
전주 여행	331	건데	NNB+VCP+EC
전주 여행	331	많이	MAG
전주 여행	331	마셔서	VV+EC
전주 여행	331	술값	NNG
전주 여행	331	으로	JKB
전주 여행	331	마실	VV+ETM
전주 여행	331	아요	EF
전주 여행	331	맛집	NNG
전주 여행	331	국내	NNG
전주 여행	331	주달	NNG
전주 여행	331	티비	NNG
전주 여행	331	코스	NNG
전주 여행	331	여수	NNG
전주 여행	331	여수	NNG
전주 여행	332	비용	NNG
전주 여행	332	맛집	NNG
전주 여행	332	국내	NNG
전주 여행	332	주달	NNG
전주 여행	332	티비	NNG
전주 여행	332	코스	NNG
전주 여행	332	여수	NNG
전주 여행	332	여수	NNG
전주 여행	332	제주	NNP
전주 여행	332	제주도	NNP
전주 여행	332	전문	NNG
전주 여행	332	언서	NNG
전주 여행	332	주달	NNG
전주 여행	332	봉이	NNG
전주 여행	332	입니다	VCP+EF
전주 여행	332	한옥마을	NNP
전주 여행	332	입장료	NNG
전주 여행	332	따로	MAG
전주 여행	332	습니다	EF
전주 여행	332	기본	NNG
전주 여행	333	친구	NNG
전주 여행	333	친구	NNG
전주 여행	333	려고	EC
전주 여행	333	합니다	VX+EC
전주 여행	333	호텔	NNG
전주 여행	333	맛집	NNG
전주 여행	333	추천	NNG
전주 여행	333	세요	EP+EF
전주 여행	333	호텔	NNG
전주 여행	333	시설	NNG
전주 여행	333	괜찮	VA
전주 여행	333	깨끗	XR
전주 여행	333	했으면	XSA+EP+EC
전주 여행	333	어요	EF
전주 여행	333	한옥	NNP
전주 여행	333	어도	EC
전주 여행	333	괜찮	VA
전주 여행	333	아요	EF
전주 여행	333	침대	NNG
전주 여행	333	어요	EF
전주 여행	333	맛집	NNG
전주 여행	333	양식	NNG
전주 여행	333	중식	NNG
전주 여행	333	일식	NNG
전주 여행	333	상관없	VA
전주 여행	333	습니다	EF
전주 여행	333	비용	NNG
전주 여행	333	인당	NNG
전주 여행	334	크리스마스	NNG
전주 여행	334	맛집	NNG
전주 여행	334	국내	NNG
전주 여행	334	주달	NNG
전주 여행	334	티비	NNG
전주 여행	334	코스	NNG
전주 여행	334	여수	NNG
전주 여행	334	여수	NNG
전주 여행	334	제주	NNP
전주 여행	334	제주도	NNP
전주 여행	334	전문	NNG
전주 여행	334	언서	NNG
전주 여행	334	주달	NNG
전주 여행	334	봉이	NNG
전주 여행	334	입니다	VCP+EF
전주 여행	334	코스	NNG
전주 여행	334	한옥	NNG
전주 여행	334	마을	NNG
전주 여행	334	에서부터	JKB
전주 여행	334	시작	NNG
전주 여행	335	~.~	SY
전주 여행	335	질문	NNG
전주 여행	335	일정	NNG
전주 여행	335	관련	NNG
전주 여행	335	답변	NNG
전주 여행	335	드리	VV
전주 여행	335	도록	EC
전주 여행	335	습니다	EF
전주 여행	335	가실	NNG
전주 여행	335	계획	NNG
전주 여행	335	너무	MAG
전주 여행	335	귀찮	VA
전주 여행	335	에서	JKB
전주 여행	335	즐길	VV+ETM
전주 여행	335	준비	NNG
전주 여행	335	어요	EF
전주 여행	335	아래	NNG
전주 여행	335	일정	NNG
전주 여행	335	참고	NNG
전주 여행	335	즐거운	VA+ETM
전주 여행	335	바라	VV
전주 여행	336	초등	NNG
전주 여행	336	학년	NNG
전주 여행	336	210	SN
전주 여행	336	수학	NNG
전주 여행	336	코스	NNG
전주 여행	336	관광	NNG
전주 여행	336	달인	NNG
전주 여행	336	주달	NNG
전주 여행	336	봉이	NNG
전주 여행	336	께서	JKS
전주 여행	336	코스	NNG
전주 여행	336	추천	NNG
전주 여행	336	대단히	MAG
전주 여행	336	감사	NNG
전주 여행	336	드리	VV
전주 여행	336	습니다	EF
전주 여행	336	맛집	NNG
전주 여행	336	국내	NNG
전주 여행	336	주달	NNG
전주 여행	336	티비	NNG
전주 여행	336	코스	NNG
전주 여행	336	여수	NNG
전주 여행	336	여수	NNG
전주 여행	336	제주	NNP
전주 여행	337	혼자	NNG
전주 여행	337	코스	NNG
전주 여행	337	질문	NNG
전주 여행	337	정보	NNG
전주 여행	337	정리	NNG
전주 여행	337	습니다	EF
전주 여행	337	참고	NNG
전주 여행	337	세요	EP+EF
전주 여행	337	에서	JKB
전주 여행	337	덕진	NNP
전주 여행	337	공원	NNG
전주 여행	337	추천	NNP
전주 여행	337	덕진	NNP
전주 여행	337	공원	NNG
전주 여행	337	터미널	NNG
전주 여행	337	에서	JKB
전주 여행	337	가장	MAG
전주 여행	337	가까운	VA+ETM
전주 여행	337	에요	EF
전주 여행	337	산책	NNG
전주 여행	337	호수	NNG
전주 여행	337	공원	NNG
전주 여행	337	에요	EF
전주 여행	337	덕진	NNP
전주 여행	337	공원	NNG
전주 여행	337	생략	NNG
전주 여행	337	곧바로	MAG
전주 여행	337	남부	NNG
전주 여행	337	시장	NNG
전주 여행	338	전시회	NNG
전주 여행	338	추천	NNG
전주 여행	338	이번	NNG
전주 여행	338	남자	NNG
전주 여행	338	친구	NNG
전주 여행	338	는데요	EC
전주 여행	338	한옥마을	NNP
전주 여행	338	그래서	MAJ
전주 여행	338	갈만	NNG
전주 여행	338	공방	NNG
전주 여행	338	전시회	NNG
전주 여행	338	추천	NNG
전주 여행	338	부탁	NNG
전주 여행	338	드려요	VV+EC
전주 여행	338	안녕	NNG
전주 여행	338	세요	EP+EF
전주 여행	338	질문	NNG
전주 여행	338	관련	NNG
전주 여행	338	답변	NNG
전주 여행	338	드리	VV
전주 여행	338	도록	EC
전주 여행	338	습니다	EF
전주 여행	338	주로	MAG
전주 여행	338	봅니다	VX+EC
전주 여행	339	코스	NNG
전주 여행	339	추천	NNG
전주 여행	339	안녕	NNG
전주 여행	339	세요	EP+EF
전주 여행	339	여자	NNG
전주 여행	339	친구	NNG
전주 여행	339	예정	NNG
전주 여행	339	인데	VCP+EC
전주 여행	339	숙소	NNG
전주 여행	339	더클래식	NNP
전주 여행	339	호텔	NNG
전주 여행	339	일정	NNG
전주 여행	339	으로	JKB
전주 여행	339	습니다	EF
전주 여행	339	근데	MAJ
전주 여행	339	금요일	NNG
전주 여행	339	오후	NNG
전주 여행	339	도착	NNG
전주 여행	339	예정	NNG
전주 여행	339	이동	NNG
전주 여행	339	수단	NNG
전주 여행	339	대중교통	NNG
전주 여행	339	택시	NNG
전주 여행	339	예정	NNG
전주 여행	339	입니다	VCP+EC
전주 여행	340	각각	MAG
전주 여행	340	거리	NNG
전주 여행	340	가까운지	VA+EC
전주 여행	340	어요	EF
전주 여행	340	추석	NNG
전주 여행	340	예정	NNG
전주 여행	340	입니다	VCP+EF
전주 여행	340	갈만	NNG
전주 여행	340	추천	NNG
전주 여행	340	세요	EP+EF
전주 여행	340	맛집	NNG
전주 여행	340	국내	NNG
전주 여행	340	주달	NNG
전주 여행	340	티비	NNG
전주 여행	340	코스	NNG
전주 여행	340	여수	NNG
전주 여행	340	여수	NNG
전주 여행	340	제주	NNP
전주 여행	341	갈만	NNG
전주 여행	341	을까요	EF
전주 여행	341	맛집	NNG
전주 여행	341	국내	NNG
전주 여행	341	주달	NNG
전주 여행	341	티비	NNG
전주 여행	341	코스	NNG
전주 여행	341	여수	NNG
전주 여행	341	여수	NNG
전주 여행	341	제주	NNP
전주 여행	341	제주도	NNP
전주 여행	341	전문	NNG
전주 여행	341	언서	NNG
전주 여행	341	주달	NNG
전주 여행	341	봉이	NNG
전주 여행	341	입니다	VCP+EF
전주 여행	341	코스	NNG
전주 여행	341	한옥	NNG
전주 여행	341	마을	NNG
전주 여행	341	에서부터	JKB
전주 여행	342	코스	NNG
전주 여행	342	일정	NNG
전주 여행	342	문자	NNG
전주 여행	342	께서	JKS
전주 여행	342	봐둔	VV+EC+VX+ETM
전주 여행	342	모두	MAG
전주 여행	342	반양	NNG
전주 여행	342	시간	NNG
전주 여행	342	무리	NNG
전주 여행	342	일정	NNG
전주 여행	342	만들	VV
전주 여행	342	습니다	EF
전주 여행	342	가운데	NNG
전주 여행	342	점심	NNG
전주 여행	342	한지	XSA+EC
전주 여행	342	박물관	NNG
전주 여행	342	관광	NNG
전주 여행	342	수목원	NNG
전주 여행	342	관광	NNG
전주 여행	342	오목	MAG
전주 여행	342	관광	NNG
전주 여행	342	교동	NNP
전주 여행	342	다윈	NNP
전주 여행	343	추천	NNG
전주 여행	343	부탁	NNG
전주 여행	343	드립니다	VV+EC
전주 여행	343	12	SN
전주 여행	343	13	SN
전주 여행	343	할려구	VV+EC
전주 여행	343	합니다	VX+EC
전주 여행	343	이랑	JC
전주 여행	343	맛집	NNG
전주 여행	343	추천	NNG
전주 여행	343	부탁	NNG
전주 여행	343	드립니다	VV+EC
전주 여행	343	감사	NNG
전주 여행	343	합니다	XSV+EF
전주 여행	343	맛집	NNG
전주 여행	343	주달	NNG
전주 여행	343	티비	NNG
전주 여행	343	코스	NNG
전주 여행	343	언서	NNG
전주 여행	343	주달	NNG
전주 여행	343	봉이	NNG
전주 여행	343	입니다	VCP+EF
전주 여행	344	강아지	NNG
전주 여행	344	함께	MAG
전주 여행	344	가능	NNG
전주 여행	344	데요	EF
전주 여행	344	강아지	NNG
전주 여행	344	같이	MAG
전주 여행	344	동반	NNG
전주 여행	344	라서요	EF
전주 여행	344	혹시	MAG
전주 여행	344	강아지	NNG
전주 여행	344	같이	JKB
전주 여행	344	알려	VV+EC
전주 여행	344	세요	EP+EF
전주 여행	344	맛집	NNG
전주 여행	344	이랑	JKB
전주 여행	344	관광	NNG
전주 여행	344	반려	NNG
전주 여행	344	동물	NNG
전주 여행	344	반려	NNG
전주 여행	344	생활	NNG
전주 여행	344	입니다	VCP+EF
전주 여행	344	하늘	NNG
전주 여행	344	가을	NNG
전주 여행	344	떠나	VV
전주 여행	344	는군요	EC
전주 여행	344	강아지	NNG
전주 여행	344	함께	MAG
전주 여행	344	추억	NNG
전주 여행	345	광주	NNP
전주 여행	345	에서	JKB
전주 여행	345	감사	NNG
전주 여행	345	습니다	EF
전주 여행	345	맛집	NNG
전주 여행	345	국내	NNG
전주 여행	345	주달	NNG
전주 여행	345	티비	NNG
전주 여행	345	코스	NNG
전주 여행	345	여수	NNG
전주 여행	345	여수	NNG
전주 여행	345	제주	NNP
전주 여행	345	제주도	NNP
전주 여행	345	전문	NNG
전주 여행	345	언서	NNG
전주 여행	345	주달	NNG
전주 여행	345	봉이	NNG
전주 여행	345	입니다	VCP+EF
전주 여행	345	버스	NNG
전주 여행	345	터미널	NNG
전주 여행	345	에서	JKB
전주 여행	345	내리	VV
전주 여행	345	셔서	EP+EC
전주 여행	346	코스	NNG
전주 여행	346	세요	EP+EF
전주 여행	346	질문	NNG
전주 여행	346	일정	NNG
전주 여행	346	관련	NNG
전주 여행	346	답변	NNG
전주 여행	346	드리	VV
전주 여행	346	도록	EC
전주 여행	346	습니다	EF
전주 여행	346	친정	NNG
전주 여행	346	어머니	NNG
전주 여행	346	함께	MAG
전주 여행	346	해도	VV+EC
전주 여행	346	설레	VV
전주 여행	346	네요	EC
전주 여행	346	아래	NNG
전주 여행	346	께서	JKS
전주 여행	346	모두	MAG
전주 여행	346	즐길	VV+ETM
전주 여행	346	일정	NNG
전주 여행	346	준비	NNG
전주 여행	346	어요	EF
전주 여행	346	참고	NNG
전주 여행	346	도움	NNG
전주 여행	346	으면	EC
전주 여행	347	추천	NNG
전주 여행	347	세요	EP+EF+VCP
전주 여행	347	당일치기	NNG
전주 여행	347	추천	NNG
전주 여행	347	세요	EP+EF
전주 여행	347	당일치기	NNG
전주 여행	347	맛집	NNG
전주 여행	347	국내	NNG
전주 여행	347	주달	NNG
전주 여행	347	티비	NNG
전주 여행	347	코스	NNG
전주 여행	347	여수	NNG
전주 여행	347	여수	NNG
전주 여행	347	제주	NNP
전주 여행	347	제주도	NNP
전주 여행	347	전문	NNG
전주 여행	347	언서	NNG
전주 여행	347	주달	NNG
전주 여행	347	봉이	NNG
전주 여행	347	입니다	VCP+EC
전주 여행	348	팀조	NNP
전주 여행	348	는데	EC
전주 여행	348	이랑	JC
전주 여행	348	맛집	NNG
전주 여행	348	알려	VV+EC
전주 여행	348	세요	EP+EF
전주 여행	348	안녕	IC
전주 여행	348	세요	EP+EF
전주 여행	348	서울	NNP
전주 여행	348	지방	NNG
전주 여행	348	변호	NNG
전주 여행	348	사회	NNG
전주 여행	348	소속	NNG
전주 여행	348	으로	JKB
전주 여행	348	지식	NNG
전주 여행	348	iN	SL
전주 여행	348	법률	NNG
전주 여행	348	상담	NNG
전주 여행	348	진행	NNG
전주 여행	348	김선용	NNP
전주 여행	348	변호사	NNG
전주 여행	348	입니다	VCP+EF
전주 여행	348	알아보	VV
전주 여행	348	어려우	VA
전주 여행	348	다면	EC
전주 여행	348	스타	NNG
전주 여행	348	그램	NNG
전주 여행	348	라고	VCP+EC
전주 여행	348	검색	NNG
전주 여행	348	셔서	EP+EC
전주 여행	349	한옥마을	NNP
전주 여행	349	준비	NNG
전주 여행	349	입니다	VCP+EF
전주 여행	349	대여	NNG
전주 여행	349	천차만별	NNG
전주 여행	349	입니다	VCP+EF
전주 여행	349	기본	NNG
전주 여행	349	금액	NNG
전주 여행	349	10000	SN
전주 여행	349	부터	JX
전주 여행	349	시작	NNG
전주 여행	349	합니다	XSV+EF
전주 여행	349	시간	NNG
전주 여행	349	한복	NNG
전주 여행	349	따라서	VV+EC
전주 여행	349	가격	NNG
전주 여행	349	다릅니다	VA+EC
전주 여행	349	맛집	NNG
전주 여행	349	국내	NNG
전주 여행	349	주달	NNG
전주 여행	349	티비	NNG
전주 여행	349	코스	NNG
전주 여행	349	여수	NNG
전주 여행	349	여수	NNG
전주 여행	349	제주	NNP
전주 여행	350	고등학교	NNG
전주 여행	350	친구	NNG
전주 여행	350	당일치기	NNG
전주 여행	350	지금	MAG
전주 여행	350	고등학교	NNG
전주 여행	350	학년	NNG
전주 여행	350	친구	NNG
전주 여행	350	함께	MAG
전주 여행	350	당일	NNG
전주 여행	350	예정	NNG
전주 여행	350	인데	VCP+EC
전주 여행	350	부모	NNG
전주 여행	350	라고	VCP+EC
전주 여행	350	말씀	NNG
전주 여행	350	드리	VV
전주 여행	350	허락	NNG
전주 여행	350	을까요	EC
전주 여행	350	고등학교	NNG
전주 여행	350	시절	NNG
전주 여행	350	친구	NNG
전주 여행	350	소중	XR
전주 여행	350	추억	NNG
전주 여행	350	만들	VV
전주 여행	350	위해	VV+EC
전주 여행	350	다녀오	VV
전주 여행	350	습니다	EF
전주 여행	351	휴가	NNG
전주 여행	351	건데	NNB+VCP+EC
전주 여행	351	코스	NNG
전주 여행	351	추천	NNG
전주 여행	351	세요	EP+EF
전주 여행	351	일정	NNG
전주 여행	351	참고	NNG
전주 여행	351	으로	JKB
전주 여행	351	제시	NNG
전주 여행	351	일정	NNG
전주 여행	351	따라	VV+EC
전주 여행	351	조정	NNG
전주 여행	351	습니다	EF
전주 여행	351	또한	MAJ
전주 여행	351	음식점	NNG
전주 여행	351	웨이팅	NNG
전주 여행	351	시간	NNG
전주 여행	351	방문	NNG
전주 여행	351	시간	NNG
전주 여행	351	요일	NNG
전주 여행	351	따라	VV+EC
전주 여행	351	달라질	VV+ETM
전주 여행	351	으니	EC
전주 여행	351	참고	NNG
전주 여행	351	세요	EP+EF
전주 여행	351	즐거운	VA+ETM
전주 여행	351	바랍니다	VV+EC
전주 여행	352	여자	NNG
전주 여행	352	질문	NNG
전주 여행	352	신다면	EP+EC
전주 여행	352	다음	NNG
전주 여행	352	일정	NNG
전주 여행	352	추천	NNG
전주 여행	352	드립니다	VX+EC
전주 여행	352	Day	SL
전주 여행	352	한옥마을	NNP
전주 여행	352	전통	NNG
전주 여행	352	한옥	NNG
전주 여행	352	건물	NNG
전주 여행	352	전통	NNG
전주 여행	352	문화	NNG
전주 여행	352	경험	NNG
전주 여행	352	입니다	VCP+EF
전주 여행	352	향교	NNP
전주 여행	352	조선	NNP
전주 여행	352	시대	NNG
전주 여행	352	교육	NNG
전주 여행	352	기관	NNG
전주 여행	352	향교	NNG
전주 여행	352	습니다	EF
전주 여행	352	남부	NNG
전주 여행	352	시장	NNG
전주 여행	353	코스	NNG
전주 여행	353	세요	EP+EF
전주 여행	353	많이	MAG
전주 여행	353	급합니다	VA+EF
전주 여행	353	.!	SY
전주 여행	353	안녕	NNG
전주 여행	353	세요	EP+EF
전주 여행	353	가족	NNG
전주 여행	353	으로	JKB
전주 여행	353	려는데	EC
전주 여행	353	당장	NNG
전주 여행	353	이번	NNG
전주 여행	353	금요일	NNG
전주 여행	353	는데	EC
전주 여행	353	어딜	NP+JKO
전주 여행	353	갈지	VV+EC
전주 여행	353	몰라서	VV+EC
전주 여행	353	숙소	NNG
전주 여행	353	호텔	NNG
전주 여행	353	한옥마을	NNP
전주 여행	353	은데	EC
전주 여행	353	별로	MAG
전주 여행	353	으면서	EC
전주 여행	353	카페	NNG
전주 여행	353	투어	NNG
전주 여행	353	아닌	VCN+ETM
전주 여행	353	코스	NNG
전주 여행	353	나요	EF
전주 여행	353	스로	NNG
전주 여행	354	대둔산	NNP
전주 여행	354	케이블카	NNG
전주 여행	354	주말	NNG
전주 여행	354	사람	NNG
전주 여행	354	괜찮	VA
전주 여행	354	코스	NNG
전주 여행	354	추천	NNG
전주 여행	354	세요	EP+EF
전주 여행	354	맛집	NNG
전주 여행	354	국내	NNG
전주 여행	354	주달	NNG
전주 여행	354	티비	NNG
전주 여행	354	코스	NNG
전주 여행	354	여수	NNG
전주 여행	354	여수	NNG
전주 여행	354	제주	NNP
전주 여행	354	제주도	NNP
전주 여행	354	전문	NNG
전주 여행	355	코스	NNG
전주 여행	355	!!	SY
전주 여행	355	이미	MAG
전주 여행	355	마치	VV
전주 여행	355	복귀	NNG
전주 여행	355	네요	EF
전주 여행	355	저희	NP
전주 여행	355	지난주	NNG
전주 여행	355	당일	NNG
전주 여행	355	코스	NNG
전주 여행	355	다녀왔	VV+EP
전주 여행	355	는데요	EF
전주 여행	355	주말	NNG
전주 여행	355	라서	EC
전주 여행	355	그런지	VA+EC
전주 여행	355	관광지	NNG
전주 여행	355	사람	NNG
전주 여행	355	아서	EC
전주 여행	355	생각	NNG
전주 여행	355	처럼	JKB
전주 여행	355	많이	MAG
전주 여행	355	둘러보	VV
전주 여행	355	못해서	VX+EC
전주 여행	355	아쉽	VA
전주 여행	355	더라고요	EC
전주 여행	355	최소한	NNG
전주 여행	356	한옥마을	NNP
전주 여행	356	당일치기	NNG
전주 여행	356	질문	NNG
전주 여행	356	여수	NNP
전주 여행	356	제주도	NNP
전주 여행	356	맛집	NNG
전주 여행	356	주달	NNG
전주 여행	356	티비	NNG
전주 여행	356	코스	NNG
전주 여행	356	여수	NNG
전주 여행	356	여수	NNG
전주 여행	356	제주	NNP
전주 여행	356	제주도	NNP
전주 여행	356	전문	NNG
전주 여행	356	언서	NNG
전주 여행	356	주달	NNG
전주 여행	356	봉이	NNG
전주 여행	356	입니다	VCP+EC
전주 여행	356	7000	SN
전주 여행	356	8000	SN
전주 여행	356	흐노	NNP
전주 여행	356	마시	VV
전주 여행	356	랑게	EC
전주 여행	356	전망	NNG
전주 여행	357	혼자	NNG
전주 여행	357	아무래도	MAG
전주 여행	357	사람	NNG
전주 여행	357	으면	EC
전주 여행	357	맛집	NNG
전주 여행	357	에서	JKB
전주 여행	357	혼자	MAG
전주 여행	357	아서	EC
전주 여행	357	중순	NNG
전주 여행	357	즐기	VV
전주 여행	357	계절	NNG
전주 여행	357	입니다	VCP+EF
전주 여행	357	하지만	MAJ
전주 여행	357	현재	NNG
전주 여행	357	코로나	NNP
전주 여행	357	19	SN
전주 여행	357	인해	VV+EC
전주 여행	357	여행객	NNG
전주 여행	357	줄어들	VV
전주 여행	357	으므로	EC
전주 여행	357	사람	NNG
전주 여행	357	으로	JKB
전주 여행	357	예상	NNG
전주 여행	357	됩니다	XSV+EF
전주 여행	357	맛집	NNG
전주 여행	358	이번	NNG
전주 여행	358	16	SN
전주 여행	358	친구	NNG
전주 여행	358	하고	JC
전주 여행	358	는데	EC
전주 여행	358	궁금	XR
전주 여행	358	아서	EC
전주 여행	358	하나하나	MAG
전주 여행	358	답장	NNG
전주 여행	358	감사	NNG
전주 여행	358	습니다	EF
전주 여행	358	여수	NNP
전주 여행	358	에서	JKB
전주 여행	358	KTX	SL
전주 여행	358	왕복	NNG
전주 여행	358	기차표	NNG
전주 여행	358	얼마	NNG
전주 여행	358	인가요	VCP+EC
전주 여행	358	을까요	EC
전주 여행	359	월요일	NNG
전주 여행	359	휴무	NNG
전주 여행	359	나요	EF
전주 여행	359	맛집	NNG
전주 여행	359	국내	NNG
전주 여행	359	주달	NNG
전주 여행	359	티비	NNG
전주 여행	359	코스	NNG
전주 여행	359	여수	NNG
전주 여행	359	여수	NNG
전주 여행	359	제주	NNP
전주 여행	359	제주도	NNP
전주 여행	359	전문	NNG
전주 여행	359	언서	NNG
전주 여행	359	주달	NNG
전주 여행	359	봉이	NNG
전주 여행	359	입니다	VCP+EF
전주 여행	359	걱정	NNG
전주 여행	359	셔도	EP+EC
전주 여행	359	셔요	EC
전주 여행	359	대부분	NNG
전주 여행	359	오픈	NNG
전주 여행	359	합니다	XSV+EC
전주 여행	360	내일	MAG
전주 여행	360	당일치기	NNG
전주 여행	360	부모	NNG
전주 여행	360	맛집	NNG
전주 여행	360	국내	NNG
전주 여행	360	주달	NNG
전주 여행	360	티비	NNG
전주 여행	360	코스	NNG
전주 여행	360	여수	NNG
전주 여행	360	여수	NNG
전주 여행	360	제주	NNP
전주 여행	360	제주도	NNP
전주 여행	360	전문	NNG
전주 여행	360	언서	NNG
전주 여행	360	주달	NNG
전주 여행	360	봉이	NNG
전주 여행	360	입니다	VCP+EF
전주 여행	360	바다	NNP
전주 여행	360	군산	NNP
전주 여행	360	새만금	NNP
전주 여행	360	돌아보	VV
전주 여행	361	갈만	NNG
전주 여행	361	숙소	NNG
전주 여행	361	한옥마을	NNP
전주 여행	361	게스트	NNP
전주 여행	361	하우스	NNP
전주 여행	361	안녕	NNG
전주 여행	361	세요	EP+EF
전주 여행	361	가족	NNG
전주 여행	361	함께	MAG
전주 여행	361	려고	EC
전주 여행	361	합니다	VX+EF
전주 여행	361	한옥마을	NNP
전주 여행	361	유명	XR
전주 여행	361	한번	MAG
전주 여행	361	했었	VX+EP
전주 여행	361	는데	EC
전주 여행	361	이번	NNG
전주 여행	361	기회	NNG
전주 여행	361	다녀와	VV+EC
전주 여행	361	려구요	EC
전주 여행	361	전라도	NNP
전주 여행	361	음식	NNG
전주 여행	361	맛있	VA
전주 여행	361	다고	EC
전주 여행	361	전라도	NNP
전주 여행	361	대표	NNG
전주 여행	361	음식	NNG
전주 여행	361	아니	VCN
전주 여행	361	맛집	NNG
전주 여행	362	코스	NNG
전주 여행	362	추천	NNG
전주 여행	362	코스	NNG
전주 여행	362	추천	NNG
전주 여행	362	여수	NNP
전주 여행	362	맛집	NNG
전주 여행	362	여수	NNG
전주 여행	362	주달	NNG
전주 여행	362	티비	NNG
전주 여행	362	코스	NNG
전주 여행	362	여수	NNG
전주 여행	362	여수	NNG
전주 여행	362	언서	NNG
전주 여행	362	주달	NNG
전주 여행	362	봉이	NNG
전주 여행	362	입니다	VCP+EF
전주 여행	362	코스	NNG
전주 여행	362	대부분	NNG
전주 여행	362	한옥	NNG
전주 여행	362	마을	NNG
전주 여행	362	에서	JKB
전주 여행	362	시작	NNG
전주 여행	362	합니다	VV+EC
전주 여행	363	볼거리	NNG
전주 여행	363	이번	NNG
전주 여행	363	거리	NNG
전주 여행	363	맛집	NNG
전주 여행	363	알려	VV+EC
전주 여행	363	세요	EP+EF
전주 여행	363	에서	JKB
전주 여행	363	추천	NNG
전주 여행	363	드리	VX
전주 여행	363	습니다	EF
전주 여행	363	한옥마을	NNP
전주 여행	363	동물원	NNP
전주 여행	363	한국도로공사	NNP
전주 여행	363	수목원	NNG
전주 여행	363	덕진	NNP
전주 여행	363	공원	NNG
전주 여행	363	난장	NNG
전주 여행	364	카페	NNP
전주 여행	364	추천	NNG
전주 여행	364	세요	EP+EF
전주 여행	364	맛집	NNG
전주 여행	364	국내	NNG
전주 여행	364	주달	NNG
전주 여행	364	티비	NNG
전주 여행	364	코스	NNG
전주 여행	364	여수	NNG
전주 여행	364	여수	NNG
전주 여행	364	제주	NNP
전주 여행	364	제주도	NNP
전주 여행	364	전문	NNG
전주 여행	364	언서	NNG
전주 여행	364	주달	NNG
전주 여행	364	봉이	NNG
전주 여행	364	입니다	VCP+EF
전주 여행	364	아쉽	VA
전주 여행	364	주이	NNG
전주 여행	364	바다	NNG
전주 여행	364	어서	EC
전주 여행	365	가족	NNG
전주 여행	365	코스	NNG
전주 여행	365	드려요	VV+EF
전주 여행	365	맛집	NNG
전주 여행	365	국내	NNG
전주 여행	365	주달	NNG
전주 여행	365	티비	NNG
전주 여행	365	코스	NNG
전주 여행	365	여수	NNG
전주 여행	365	여수	NNG
전주 여행	365	제주	NNP
전주 여행	365	제주도	NNP
전주 여행	365	전문	NNG
전주 여행	365	언서	NNG
전주 여행	365	주달	NNG
전주 여행	365	봉이	NNG
전주 여행	365	입니다	VCP+EF
전주 여행	365	코스	NNG
전주 여행	365	한옥	NNG
전주 여행	365	마을	NNG
전주 여행	365	에서부터	JKB
전주 여행	366	코스	NNG
전주 여행	366	일정	NNG
전주 여행	366	추천	NNG
전주 여행	366	부탁	NNG
전주 여행	366	드려요	VV+EC
전주 여행	366	토요일	NNG
전주 여행	366	하루	NNG
전주 여행	366	일정	NNG
전주 여행	366	괜찮	VA
전주 여행	366	은지	EC
전주 여행	366	수정	NNG
전주 여행	366	필요	NNG
전주 여행	366	부분	NNG
전주 여행	366	는지	EC
전주 여행	366	인근	NNG
전주 여행	366	맛집	NNG
전주 여행	366	는지	EC
전주 여행	366	등등	NNB
전주 여행	366	의견	NNG
전주 여행	366	부탁	NNG
전주 여행	366	드립니다	VV+EC
전주 여행	366	맛집	NNG
전주 여행	366	국내	NNG
전주 여행	366	주달	NNG
전주 여행	366	티비	NNG
전주 여행	366	코스	NNG
전주 여행	366	여수	NNG
전주 여행	366	여수	NNG
전주 여행	366	제주	NNP
전주 여행	367	려는데	EC
전주 여행	367	한옥	NNG
전주 여행	367	마을	NNG
전주 여행	367	근처	NNG
전주 여행	367	에서	JKB
전주 여행	367	숙박	NNG
전주 여행	367	한다면	XSV+EC
전주 여행	367	어디	NP
전주 여행	367	어디	NP
전주 여행	367	어떤	MM
전주 여행	367	맛집	NNG
전주 여행	367	은지	EC
전주 여행	367	버스	NNG
전주 여행	367	택시	NNG
전주 여행	367	조금	MAG
전주 여행	367	나가	VV+EC
전주 여행	367	어딘지	NP+VCP+EC
전주 여행	367	등등	NNB
전주 여행	367	추천	NNG
전주 여행	367	세요	EP+EF
전주 여행	367	다른	MM
전주 여행	367	어디	NP
전주 여행	368	코스	NNG
전주 여행	368	아침	NNG
전주 여행	368	으로	JKB
전주 여행	368	현대	NNG
전주 여행	368	본점	NNG
전주 여행	368	점심	NNG
전주 여행	368	으로	JKB
전주 여행	368	비빔	NNG
전주 여행	368	소리	NNG
전주 여행	368	려고	EC
전주 여행	368	는데	EC
전주 여행	368	대옥	NNG
전주 여행	368	비빔	NNG
전주 여행	368	소리	NNG
전주 여행	368	중간	NNG
전주 여행	368	어디	NP
전주 여행	368	구경	NNG
전주 여행	368	이나	JC
전주 여행	368	갈만	NNG
전주 여행	368	을까요	EC
전주 여행	368	맛집	NNG
전주 여행	368	국내	NNG
전주 여행	368	주달	NNG
전주 여행	368	티비	NNG
전주 여행	368	코스	NNG
전주 여행	369	전라도	NNP
전주 여행	369	려고	EC
전주 여행	369	는데	EC
전주 여행	369	봐서	VX+EC
전주 여행	369	이나	JX
전주 여행	369	예정	NNG
전주 여행	369	인데	VCP+EC
전주 여행	369	추천	NNG
전주 여행	369	아용	EC
전주 여행	369	체험	NNG
전주 여행	369	구용	NNG
전주 여행	369	에서	JKB
전주 여행	369	추천	NNG
전주 여행	369	드리	VX
전주 여행	369	습니다	EF
전주 여행	369	한옥마을	NNP
전주 여행	370	참고	NNG
전주 여행	370	저희	NP
전주 여행	370	뚜벅	MAG
전주 여행	370	계획	NNG
전주 여행	370	군요	EF
전주 여행	370	그럼	MAJ
전주 여행	370	에서	JKB
전주 여행	370	추천	NNG
전주 여행	370	드리	VX
전주 여행	370	습니다	EF
전주 여행	370	한국	NNP
전주 여행	370	도로공사	NNP
전주 여행	370	수목원	NNG
전주 여행	370	동물원	NNP
전주 여행	370	자만	NNP
전주 여행	370	마을	NNG
전주 여행	370	벽화	NNG
전주 여행	370	갤러리	NNG
전주 여행	370	국립	NNG
전주 여행	370	주박	NNG
전주 여행	370	물관	NNG
전주 여행	371	코스	NNG
전주 여행	371	추천	NNG
전주 여행	371	코스	NNG
전주 여행	371	추천	NNG
전주 여행	371	안녕	NNG
전주 여행	371	세요	EP+EF
전주 여행	371	맛집	NNG
전주 여행	371	블로그	NNG
전주 여행	371	주달	NNG
전주 여행	371	봉이	NNG
전주 여행	371	입니다	VCP+EF
전주 여행	371	대부분	NNG
전주 여행	371	코스	NNG
전주 여행	371	놀러오	VV
전주 여행	371	십니다	EP+EF
전주 여행	371	한옥마을	NNP
전주 여행	371	경기전	NNG
전주 여행	371	남부	NNG
전주 여행	371	시장	NNG
전주 여행	371	시장	NNG
전주 여행	371	벽화	NNG
전주 여행	371	마을	NNG
전주 여행	371	전동성당	NNP
전주 여행	371	향교	NNG
전주 여행	371	목대	NNG
전주 여행	371	이렇게	MAG
전주 여행	371	많이	MAG
전주 여행	371	둘러보	VV
전주 여행	371	추가	NNG
전주 여행	372	코스	NNG
전주 여행	372	동선	NNG
전주 여행	372	세요	EP+EF
전주 여행	372	숙소	NNG
전주 여행	372	완산구	NNP
전주 여행	372	서신동	NNP
전주 여행	372	입니다	VCP+EF
전주 여행	372	맛집	NNG
전주 여행	372	국내	NNG
전주 여행	372	주달	NNG
전주 여행	372	티비	NNG
전주 여행	372	코스	NNG
전주 여행	372	여수	NNG
전주 여행	372	여수	NNG
전주 여행	372	제주	NNP
전주 여행	372	제주도	NNP
전주 여행	372	전문	NNG
전주 여행	372	언서	NNG
전주 여행	372	주달	NNG
전주 여행	372	봉이	NNG
전주 여행	372	입니다	VCP+EC
전주 여행	372	한옥마을	NNP
전주 여행	373	크리스마스	NNG
전주 여행	373	당일치기	NNG
전주 여행	373	습니다	EF
전주 여행	373	고등학생	NNG
전주 여행	373	인데요	VCP+EF
전주 여행	373	어느	MM
전주 여행	373	정도	NNG
전주 여행	373	을까요	EC
전주 여행	373	제대로	MAG
전주 여행	373	답변	NNG
전주 여행	373	세요	EP+EF
전주 여행	373	대학	NNG
전주 여행	373	투어	NNG
전주 여행	373	공연	NNG
전주 여행	373	연극	NNG
전주 여행	373	추천	NNG
전주 여행	373	드릴께요	VX+EF
전주 여행	374	는데	EC
전주 여행	374	그런진	VA+EC+JX
전주 여행	374	모르	VV
전주 여행	374	지만	EC
전주 여행	374	그냥	MAG
전주 여행	374	전라도	NNP
전주 여행	374	사투리	NNG
전주 여행	374	더라구요	EF
전주 여행	374	억양	NNG
전주 여행	374	그런	MM
전주 여행	374	거북	NNG
전주 여행	374	는데	EC
전주 여행	374	갔었	VV+EP
전주 여행	374	는데	EC
전주 여행	374	무슨	MM
전주 여행	374	인진	VCP+EC+JX
전주 여행	374	모르	VV
전주 여행	374	지만	EC
전주 여행	374	사람	NNG
전주 여행	374	전라도	NNP
전주 여행	374	사투리	NNG
전주 여행	374	던데요	EC
전주 여행	374	의외	NNG
전주 여행	374	어요	EF
전주 여행	374	전라북도	NNP
전주 여행	374	전주시	NNP
전주 여행	374	아닌가요	VCN+EC
전주 여행	375	코스	NNG
전주 여행	375	추천	NNG
전주 여행	375	조언	NNG
전주 여행	375	세요	EP+EF
전주 여행	375	한옥마을	NNP
전주 여행	375	경기전	NNG
전주 여행	375	난장	NNG
전주 여행	375	국립	NNG
전주 여행	375	박물관	NNG
전주 여행	375	동물원	NNG
전주 여행	375	이동	NNG
전주 여행	375	수단	NNG
전주 여행	375	자동차	NNG
전주 여행	375	맛집	NNG
전주 여행	375	국내	NNG
전주 여행	375	주달	NNG
전주 여행	375	티비	NNG
전주 여행	375	코스	NNG
전주 여행	375	여수	NNG
전주 여행	375	여수	NNG
전주 여행	375	제주	NNP
전주 여행	376	뚜벅	MAG
전주 여행	376	으로	JKB
전주 여행	376	려는데	EC
전주 여행	376	한옥	NNG
전주 여행	376	마을	NNG
전주 여행	376	근처	NNG
전주 여행	376	..	SY
전주 여행	376	이용	NNG
전주 여행	376	장소	NNG
전주 여행	376	에서	JKB
전주 여행	376	장소	NNG
전주 여행	376	운송	NNG
전주 여행	376	가능	NNG
전주 여행	376	합니다	XSA+EF
전주 여행	376	가격	NNG
전주 여행	376	저렴	XR
전주 여행	376	통해	VV+EC
전주 여행	376	실시간	NNG
전주 여행	376	으로	JKB
전주 여행	376	주문	NNG
전주 여행	376	현황	NNG
전주 여행	376	확인	NNG
전주 여행	376	까지	JX
전주 여행	376	가능	NNG
전주 여행	376	편리	NNG
전주 여행	376	이용	NNG
전주 여행	376	가능	NNG
전주 여행	376	뚜벅	MAG
전주 여행	376	참고	NNG
전주 여행	376	세요	EP+EF
전주 여행	376	즐거운	VA+ETM
전주 여행	376	바랄	VV+ETM
전주 여행	376	게요	NNB+VCP+EC
전주 여행	377	일정	NNG
전주 여행	377	이번	NNG
전주 여행	377	는데	EC
전주 여행	377	소요	NNG
전주 여행	377	시간	NNG
전주 여행	377	어요	EF
전주 여행	377	한옥마을	NNP
전주 여행	377	초코파이	NNP
전주 여행	377	체험	NNG
전주 여행	377	수목원	NNG
전주 여행	377	드림	VV+ETM
전주 여행	377	랜드	NNG
전주 여행	377	으로	JKB
전주 여행	377	는데	EC
전주 여행	377	이동	NNG
전주 여행	377	시간	NNG
전주 여행	377	얼마나	MAG
전주 여행	377	걸릴까요	VV+EF
전주 여행	377	자세	XR
전주 여행	377	부탁	NNG
전주 여행	377	드릴게요	VV+EC
전주 여행	377	우선	MAG
전주 여행	377	한옥마을	NNP
전주 여행	377	초코파이	NNP
전주 여행	377	체험	NNG
전주 여행	377	장이	XSN
전주 여행	377	으니까요	EC
전주 여행	377	이걸	NP+JKO
전주 여행	378	이번	NNG
전주 여행	378	태교	NNG
전주 여행	378	으로	JKB
전주 여행	378	려고	EC
전주 여행	378	는데	EC
전주 여행	378	강아지	NNG
전주 여행	378	..	SY
전주 여행	378	맛집	NNG
전주 여행	378	국내	NNG
전주 여행	378	주달	NNG
전주 여행	378	티비	NNG
전주 여행	378	코스	NNG
전주 여행	378	여수	NNG
전주 여행	378	여수	NNG
전주 여행	378	제주	NNP
전주 여행	378	제주도	NNP
전주 여행	378	전문	NNG
전주 여행	378	언서	NNG
전주 여행	378	주달	NNG
전주 여행	378	봉이	NNG
전주 여행	378	입니다	VCP+EF
전주 여행	378	숙소	NNG
전주 여행	378	힘드	VA
전주 여행	378	다면	EC
전주 여행	378	바닷가	NNG
전주 여행	379	추천	NNG
전주 여행	379	세요	EP+EF
전주 여행	379	추천	NNG
전주 여행	379	세요	EP+EF
전주 여행	379	주식	NNG
전주 여행	379	문화	NNG
전주 여행	379	전일	NNG
전주 여행	379	슈퍼	NNG
전주 여행	379	주만	NNP
전주 여행	379	문화	NNG
전주 여행	379	피큐어	NNP
전주 여행	379	평점	NNG
전주 여행	379	AA	SL
전주 여행	379	전주식	NNP
전주 여행	379	한정식	NNP
전주 여행	379	최고봉	NNP
전주 여행	379	수구	NNP
전주 여행	379	전라	NNP
전주 여행	379	회관	NNG
전주 여행	379	전주비빔밥	NNG
전주 여행	379	최고봉	NNG
전주 여행	379	고궁	NNG
전주 여행	379	성미	NNG
전주 여행	379	토종	NNG
전주 여행	379	명품	NNG
전주 여행	379	사용	NNG
전주 여행	379	리의	NNG
전주 여행	380	혼자	NNG
전주 여행	380	코스	NNG
전주 여행	380	질문	NNG
전주 여행	380	정보	NNG
전주 여행	380	정리	NNG
전주 여행	380	습니다	EF
전주 여행	380	참고	NNG
전주 여행	380	세요	EP+EF
전주 여행	380	에서	JKB
전주 여행	380	덕진	NNP
전주 여행	380	공원	NNG
전주 여행	380	추천	NNP
전주 여행	380	덕진	NNP
전주 여행	380	공원	NNG
전주 여행	380	터미널	NNG
전주 여행	380	에서	JKB
전주 여행	380	가장	MAG
전주 여행	380	가까운	VA+ETM
전주 여행	380	에요	EF
전주 여행	380	산책	NNG
전주 여행	380	호수	NNG
전주 여행	380	공원	NNG
전주 여행	380	에요	EF
전주 여행	380	덕진	NNP
전주 여행	380	공원	NNG
전주 여행	380	생략	NNG
전주 여행	380	곧바로	MAG
전주 여행	380	남부	NNG
전주 여행	380	시장	NNG
전주 여행	381	갈려고	VV+EC
전주 여행	381	는데	EC
전주 여행	381	맛집	NNG
전주 여행	381	국내	NNG
전주 여행	381	주달	NNG
전주 여행	381	티비	NNG
전주 여행	381	코스	NNG
전주 여행	381	여수	NNG
전주 여행	381	여수	NNG
전주 여행	381	제주	NNP
전주 여행	381	제주도	NNP
전주 여행	381	전문	NNG
전주 여행	381	언서	NNG
전주 여행	381	주달	NNG
전주 여행	381	봉이	NNG
전주 여행	381	입니다	VCP+EF
전주 여행	381	코스	NNG
전주 여행	381	한옥	NNG
전주 여행	381	마을	NNG
전주 여행	381	에서부터	JKB
전주 여행	381	시작	NNG
전주 여행	382	부모	NNG
전주 여행	382	려고	EC
전주 여행	382	는데	EC
전주 여행	382	정보	NNG
전주 여행	382	하나	NR
전주 여행	382	어서요	EC
전주 여행	382	숙소	NNG
전주 여행	382	어디	NP
전주 여행	382	은지	EC
전주 여행	382	관광지	NNG
전주 여행	382	어디	NP
전주 여행	382	는지	EC
전주 여행	382	추천	NNG
전주 여행	382	부탁	NNG
전주 여행	382	드려요	VV+EC
전주 여행	382	맛집	NNG
전주 여행	382	국내	NNG
전주 여행	382	주달	NNG
전주 여행	382	티비	NNG
전주 여행	382	코스	NNG
전주 여행	382	여수	NNG
전주 여행	383	코스	NNG
전주 여행	383	!!	SY
전주 여행	383	이미	MAG
전주 여행	383	마치	VV
전주 여행	383	복귀	NNG
전주 여행	383	네요	EF
전주 여행	383	저희	NP
전주 여행	383	지난주	NNG
전주 여행	383	당일	NNG
전주 여행	383	코스	NNG
전주 여행	383	다녀왔	VV+EP
전주 여행	383	는데요	EF
전주 여행	383	주말	NNG
전주 여행	383	라서	EC
전주 여행	383	그런지	VA+EC
전주 여행	383	관광지	NNG
전주 여행	383	사람	NNG
전주 여행	383	아서	EC
전주 여행	383	생각	NNG
전주 여행	383	처럼	JKB
전주 여행	383	많이	MAG
전주 여행	383	둘러보	VV
전주 여행	383	못해서	VX+EC
전주 여행	383	아쉽	VA
전주 여행	383	더라고요	EC
전주 여행	383	최소한	NNG
전주 여행	384	당일치기	NNG
전주 여행	384	려고	EC
전주 여행	384	는데	EC
전주 여행	384	질문	NNG
전주 여행	384	습니다	EF
전주 여행	384	맛집	NNG
전주 여행	384	국내	NNG
전주 여행	384	주달	NNG
전주 여행	384	티비	NNG
전주 여행	384	코스	NNG
전주 여행	384	여수	NNG
전주 여행	384	여수	NNG
전주 여행	384	제주	NNP
전주 여행	384	제주도	NNP
전주 여행	384	전문	NNG
전주 여행	384	언서	NNG
전주 여행	384	주달	NNG
전주 여행	384	봉이	NNG
전주 여행	384	입니다	VCP+EF
전주 여행	384	기지	NNG
전주 여행	384	산책	NNG
전주 여행	384	저녁	NNG
전주 여행	384	많이	MAG
전주 여행	384	셔서	EP+EC
전주 여행	385	는데	EC
전주 여행	385	코스	NNG
전주 여행	385	추천	NNG
전주 여행	385	부탁	NNG
전주 여행	385	드려요	VV+EC
전주 여행	385	~^^	SY
전주 여행	385	남자	NNG
전주 여행	385	친구	NNG
전주 여행	385	생일	NNG
전주 여행	385	으로	JKB
전주 여행	385	는데	EC
전주 여행	385	처음	NNG
전주 여행	385	코스	NNG
전주 여행	385	으면	EC
전주 여행	385	추천	NNG
전주 여행	385	부탁드립니다	VV+EC
전주 여행	385	숙소	NNG
전주 여행	385	한옥마을	NNP
전주 여행	385	도보	NNP
전주 여행	385	10	SN
전주 여행	385	거리	NNG
전주 여행	385	자차	NNG
전주 여행	385	어서	EC
전주 여행	385	이동은	NNP
전주 여행	385	문제	NNG
전주 여행	385	습니다	EF
전주 여행	385	맛집	NNG
전주 여행	385	추천	NNG
전주 여행	385	부탁	NNG
전주 여행	385	드려요	VV+EC
전주 여행	385	안녕	NNG
전주 여행	385	세요	EP+EF
전주 여행	385	AI	SL
전주 여행	386	한옥	NNG
전주 여행	386	마을	NNG
전주 여행	386	남자	NNG
전주 여행	386	혼자	NNG
전주 여행	386	예정	NNG
전주 여행	386	입니다	VCP+EF
전주 여행	386	욕조	NNG
전주 여행	386	굉장히	MAG
전주 여행	386	무리	NNG
전주 여행	386	질문	NNG
전주 여행	386	지만	EC
전주 여행	386	혹시나	MAG
전주 여행	386	해서	VV+EC
전주 여행	386	맛집	NNG
전주 여행	386	국내	NNG
전주 여행	386	주달	NNG
전주 여행	386	티비	NNG
전주 여행	386	코스	NNG
전주 여행	386	여수	NNG
전주 여행	386	여수	NNG
전주 여행	386	제주	NNP
전주 여행	386	제주도	NNP
전주 여행	386	전문	NNG
전주 여행	386	언서	NNG
전주 여행	387	는데	EC
전주 여행	387	렌트	NNG
전주 여행	387	을까	EC
전주 여행	387	는데	EC
전주 여행	387	렌트	NNG
전주 여행	387	을까요	EC
전주 여행	387	안녕	NNG
전주 여행	387	세요	EP+EF
전주 여행	387	천만	NR
전주 여행	387	려인	NNG
전주 여행	387	함께	MAG
전주 여행	387	애견	NNG
전주 여행	387	동반	NNG
전주 여행	387	플랫	NNG
전주 여행	387	하트	NNG
전주 여행	387	입니다	VCP+EF
전주 여행	387	도시	NNG
전주 여행	387	라서	VCP+EC
전주 여행	387	택시	NNG
전주 여행	387	이동	NNG
전주 여행	387	해도	VV+EC
전주 여행	387	불편	NNG
전주 여행	387	습니다	EF
전주 여행	387	답변	NNG
전주 여행	387	도움	NNG
전주 여행	387	다면	EC
전주 여행	387	채택	NNG
전주 여행	387	부탁드립니다	VV+EC
전주 여행	388	코스	NNG
전주 여행	388	질문	NNG
전주 여행	388	드려요	VV+EC
전주 여행	388	이상	NNG
전주 여행	388	문의	NNG
전주 여행	388	통상	NNG
전주 여행	388	안내	NNG
전주 여행	388	드리	VX
전주 여행	388	정보	NNG
전주 여행	388	입니다	VCP+EF
전주 여행	388	질문	NNG
전주 여행	388	간단히	MAG
전주 여행	388	요약	NNG
전주 여행	388	드리	VX
전주 여행	388	먼저	MAG
전주 여행	388	사이트	NNG
전주 여행	388	들어가	VV
전주 여행	388	셔서	EP+EC
전주 여행	388	예약	NNG
전주 여행	388	오전	NNG
전주 여행	389	코스	NNG
전주 여행	389	질문	NNG
전주 여행	389	내공	NNG
전주 여행	389	어요	EF
전주 여행	389	100	SN
전주 여행	389	부산	NNP
전주 여행	389	에서	JKB
전주 여행	389	려고	EC
전주 여행	389	합니다	VX+EF
전주 여행	389	자차	NNG
전주 여행	389	아닌	VCN+ETM
전주 여행	389	버스	NNG
전주 여행	389	위주	NNG
전주 여행	389	려고	EC
전주 여행	389	합니다	VX+EF
전주 여행	389	그리고	MAJ
전주 여행	389	아니	VCN
전주 여행	389	다가	EC
전주 여행	389	에서	JKB
전주 여행	389	가깝	VA
전주 여행	389	거나	EC
전주 여행	389	버스	NNG
전주 여행	389	시간	NNBC
전주 여행	389	정도	NNG
전주 여행	389	다른	MM
전주 여행	389	지역	NNG
전주 여행	389	은데	EC
전주 여행	389	많이	MAG
전주 여행	389	다니	VV
전주 여행	390	코스	NNG
전주 여행	390	추천	NNG
전주 여행	390	코스	NNG
전주 여행	390	추천	NNG
전주 여행	390	세염	NNG
전주 여행	390	동물원	NNP
전주 여행	390	걍기전	UNKNOWN
전주 여행	390	한옥마을	NNP
전주 여행	390	덕진	NNP
전주 여행	390	연못	NNG
전주 여행	390	으로	JKB
전주 여행	390	가보세요	NNG
전주 여행	391	코스	NNG
전주 여행	391	알려	VV+EC
전주 여행	391	세요	EP+EF
전주 여행	391	안녕	IC
전주 여행	391	세요	EP+EF
전주 여행	391	당일치기	NNG
전주 여행	391	코스	NNG
전주 여행	391	세요	EP+EF
전주 여행	391	동물원	NNG
전주 여행	391	한옥마을	NNP
전주 여행	391	수목원	NNG
전주 여행	391	팔복	NNG
전주 여행	391	예술	NNG
전주 여행	391	공장	NNG
전주 여행	391	드림	VV+ETM
전주 여행	391	랜드	NNG
전주 여행	391	당일치기	NNG
전주 여행	391	코스	NNG
전주 여행	391	알려	VV+EC
전주 여행	391	세요	EP+EF
전주 여행	391	자가용	NNG
전주 여행	391	으로	JKB
전주 여행	391	이동	NNG
전주 여행	391	신다면	EP+EC
전주 여행	391	아래	NNG
전주 여행	391	코스	NNG
전주 여행	391	시간	NNG
전주 여행	391	아낄	VV+ETM
전주 여행	392	코스	NNG
전주 여행	392	질문	NNG
전주 여행	392	코스	NNG
전주 여행	392	관련	NNG
전주 여행	392	답변	NNG
전주 여행	392	드리	VV
전주 여행	392	습니다	EF
전주 여행	392	가족	NNG
전주 여행	392	함께	MAG
전주 여행	392	계획	NNG
전주 여행	392	군요	EF
전주 여행	392	추천	NNG
전주 여행	392	명소	NNG
전주 여행	392	맛집	NNG
전주 여행	392	포함	NNG
전주 여행	392	해서	XSV+EC
전주 여행	392	여다	VV+EC
전주 여행	392	에서	JKB
전주 여행	392	맞춤	NNG
전주 여행	392	코스	NNG
전주 여행	392	준비	NNG
전주 여행	392	어요	EF
전주 여행	392	아래	NNG
전주 여행	392	첨부	NNG
전주 여행	392	일정	NNG
전주 여행	393	당일치기	NNG
전주 여행	393	코스	NNG
전주 여행	393	처음	NNG
전주 여행	393	으로	JKB
전주 여행	393	라서	VCP+EC
전주 여행	393	많이	MAG
전주 여행	393	어요	EF
전주 여행	393	일단	MAG
전주 여행	393	한옥	NNG
전주 여행	393	마을	NNG
전주 여행	393	에서	JKB
전주 여행	393	한복	NNG
전주 여행	393	빌려서	VV+EC
전주 여행	393	한옥마을	NNP
전주 여행	393	전동성당	NNP
전주 여행	393	이랑	JC
전주 여행	393	경기전	NNG
전주 여행	393	그리고	MAJ
전주 여행	393	자만	NNG
전주 여행	393	벽화	NNG
전주 여행	393	마을	NNG
전주 여행	393	까지	JX
전주 여행	393	정했	VV+EP
전주 여행	393	는데	EC
전주 여행	393	다른	MM
전주 여행	393	못했	VX+EP
전주 여행	393	어요	EF
전주 여행	393	한옥마을	NNP
전주 여행	394	초등	NNG
전주 여행	394	아이	NNG
전주 여행	394	코스	NNG
전주 여행	394	맛집	NNG
전주 여행	394	추천	NNG
전주 여행	394	부탁	NNG
전주 여행	394	합니다	XSV+EF
전주 여행	394	아이	NNG
전주 여행	394	계획	NNG
전주 여행	394	계시	VX
전주 여행	394	군요	EF
전주 여행	394	에서	JKB
전주 여행	394	아이	NNG
전주 여행	394	함께	MAG
전주 여행	394	군데	NNBC
전주 여행	394	추천	NNG
전주 여행	394	드려	VV+EC
전주 여행	394	도록	EC
전주 여행	394	습니다	EF
전주 여행	394	한옥마을	NNP
전주 여행	394	이미	MAG
전주 여행	394	계획	NNG
전주 여행	394	장소	NNG
전주 여행	394	한옥마을	NNP
전주 여행	394	예요	EC
전주 여행	394	한복	NNG
전주 여행	394	한옥마을	NNP
전주 여행	394	거닐	VV
전주 여행	394	사진	NNG
전주 여행	395	합니다	XSV+EF
전주 여행	395	ㅠㅠ	UNKNOWN
전주 여행	395	코스	NNG
전주 여행	395	코스	NNG
전주 여행	395	추천	NNG
전주 여행	395	드립니다	VV+EF
전주 여행	395	안녕	IC
전주 여행	395	세요	EP+EF
전주 여행	395	전문	NNG
전주 여행	395	블로거	NNP
전주 여행	395	쭈니	NNP
전주 여행	395	아빠	NNG
전주 여행	395	입니다	VCP+EF
전주 여행	395	방학	NNG
전주 여행	395	아서	EC
전주 여행	395	친구	NNG
전주 여행	395	준비	NNG
전주 여행	395	계시	VX
전주 여행	395	네요	EF
전주 여행	395	한옥마을	NNP
전주 여행	395	중심	NNG
전주 여행	395	으로	JKB
전주 여행	395	터미널	NNG
전주 여행	395	에서	JKB
전주 여행	395	버스	NNG
전주 여행	395	한옥	NNG
전주 여행	395	마을	NNG
전주 여행	396	순서	NNG
전주 여행	396	알려	VV+EC
전주 여행	396	세요	EP+EF
전주 여행	396	려고	EC
전주 여행	396	는데요	EC
전주 여행	396	덕진	NNP
전주 여행	396	공원	NNG
전주 여행	396	동물원	NNG
전주 여행	396	한옥	NNG
전주 여행	396	마을	NNG
전주 여행	396	남부	NNG
전주 여행	396	시장	NNG
전주 여행	396	려고	EC
전주 여행	396	합니다	VX+EF
전주 여행	396	시외버스	NNG
전주 여행	396	공용	NNG
전주 여행	396	터미널	NNG
전주 여행	396	에서	JKB
전주 여행	396	가까운	VA+ETM
전주 여행	396	순서	NNG
전주 여행	396	어떻게	MAG
전주 여행	396	될까요	VV+EF
전주 여행	396	그리고	MAJ
전주 여행	396	근처	NNG
전주 여행	396	가까운	VA+ETM
전주 여행	396	바닷가	NNG
전주 여행	396	어디	NP
전주 여행	396	인가요	VCP+EC
전주 여행	396	구경	NNG
전주 여행	397	비용	NNG
전주 여행	397	안녕	NNG
전주 여행	397	세요	EP+EF
전주 여행	397	려는	ETM
전주 여행	397	학생	NNG
전주 여행	397	입니다	VCP+EF
전주 여행	397	수원	NNP
전주 여행	397	고요	EC
전주 여행	397	으로	JKB
전주 여행	397	가려	VV+EC
전주 여행	397	는데	EC
전주 여행	397	비용	NNG
전주 여행	397	어느	MM
전주 여행	397	정도	NNG
전주 여행	397	나올까요	VV+EF
전주 여행	397	수원	NNP
전주 여행	397	에서	JKB
전주 여행	397	까지	VV
전주 여행	397	자가용	NNG
전주 여행	397	으로	JKB
전주 여행	397	시간	NNBC
전주 여행	397	정도	NNG
전주 여행	397	걸리	VV
전주 여행	397	코스	NNG
전주 여행	397	인데요	VCP+EF
전주 여행	397	대중교통	NNG
전주 여행	397	으로	JKB
전주 여행	397	간다	VV+EC
전주 여행	397	라면	NNG
전주 여행	397	조금	MAG
전주 여행	398	음식점	NNG
전주 여행	398	25	SN
전주 여행	398	는데	EC
전주 여행	398	동물원	NNP
전주 여행	398	이랑	JC
전주 여행	398	레일바이크	NNP
전주 여행	398	아중	NNG
전주 여행	398	수지	NNG
전주 여행	398	목대	NNG
전주 여행	398	주변	NNG
전주 여행	398	맛집	NNG
전주 여행	398	이나	JC
전주 여행	398	음식	NNG
전주 여행	398	으면	EC
전주 여행	398	추천	NNG
전주 여행	398	세여	EP+EF
전주 여행	398	내공	NNP
전주 여행	398	100	SN
전주 여행	398	드려	VV+EC
전주 여행	398	추가	NNG
전주 여행	398	터미널	NNG
전주 여행	398	알려	VV+EC
전주 여행	398	고맙	VA
전주 여행	398	습니다	EF
전주 여행	398	답변	NNG
전주 여행	398	한옥	NNG
전주 여행	398	마을	NNG
전주 여행	398	에루화	IC
전주 여행	398	떡갈비	NNG
전주 여행	399	없이	MAG
전주 여행	399	려고	EC
전주 여행	399	해요	VX+EF
전주 여행	399	답변	NNG
전주 여행	399	미리	MAG
전주 여행	399	감사	NNG
전주 여행	399	해요	XSV+EF
전주 여행	399	맛집	NNG
전주 여행	399	국내	NNG
전주 여행	399	주달	NNG
전주 여행	399	티비	NNG
전주 여행	399	코스	NNG
전주 여행	399	여수	NNG
전주 여행	399	여수	NNG
전주 여행	399	제주	NNP
전주 여행	399	제주도	NNP
전주 여행	399	전문	NNG
전주 여행	399	언서	NNG
전주 여행	399	주달	NNG
전주 여행	399	봉이	NNG
전주 여행	399	입니다	VCP+EF
전주 여행	399	한옥	NNG
전주 여행	399	마을	NNG
전주 여행	399	모주	NNG
전주 여행	399	체험	NNG
전주 여행	400	가려	VV+EC
전주 여행	400	합니다	VX+EF
전주 여행	400	금요일	NNG
전주 여행	400	저녁	NNG
전주 여행	400	에서	JKB
전주 여행	400	토요일	NNG
전주 여행	400	까지	JX
전주 여행	400	려고	EC
전주 여행	400	합니다	VX+EC
전주 여행	400	한옥	NNG
전주 여행	400	마을	NNG
전주 여행	400	에서	JKB
전주 여행	400	터미널	NNG
전주 여행	400	어느	MM
전주 여행	400	가까운	VA+ETM
전주 여행	400	가요	NNG
전주 여행	400	시외버스	NNG
전주 여행	400	터미널	NNG
전주 여행	400	얼마나	MAG
전주 여행	400	가요	NNG
전주 여행	400	한옥	NNG
전주 여행	400	마을	NNG
전주 여행	400	근처	NNG
전주 여행	400	찜질방	NNG
전주 여행	400	에서	JKB
전주 여행	400	계획	NNG
전주 여행	400	인데	VCP+EC
전주 여행	400	어떤	MM
전주 여행	401	이번	NNG
전주 여행	401	여자	NNG
전주 여행	401	친구	NNG
전주 여행	401	는데	EC
전주 여행	401	경로	NNG
전주 여행	401	알려	VV+EC
전주 여행	401	세요	EP+EF
전주 여행	401	토요일	NNG
전주 여행	401	온다고	VV+EC
전주 여행	401	는데	EC
전주 여행	401	실내	NNG
전주 여행	401	데이트	NNG
전주 여행	401	가능	NNG
전주 여행	401	알려	VV+EC
전주 여행	401	감사	NNG
전주 여행	401	습니다	EF
전주 여행	401	숙소	NNG
전주 여행	401	한옥	NNG
전주 여행	401	마을	NNG
전주 여행	401	근처	NNG
전주 여행	401	습니다	EF
전주 여행	401	한옥마을	NNP
전주 여행	401	구경	NNG
전주 여행	402	저녁	NNG
전주 여행	402	주천	NNG
전주 여행	402	산책	NNG
전주 여행	402	따라	VV+EC
전주 여행	402	거나	EC
전주 여행	402	한옥	NNG
전주 여행	402	마을	NNG
전주 여행	402	근처	NNG
전주 여행	402	에서	JKB
전주 여행	402	야경	NNG
전주 여행	402	즐기	VV
전주 여행	402	너무	MAG
전주 여행	402	답니다	EF
전주 여행	402	혹시	MAG
전주 여행	402	일정	NNG
전주 여행	402	이나	JC
전주 여행	402	관심	NNG
전주 여행	402	테마	NNG
전주 여행	402	사진	NNG
전주 여행	402	카페	NNG
전주 여행	402	체험	NNG
전주 여행	402	알려	VV+EC
전주 여행	402	맞춤	VV+EC
전주 여행	402	추천	NNG
전주 여행	402	드릴	VX+ETM
전주 여행	402	어요	EF
전주 여행	402	즐거운	VA+ETM
전주 여행	402	바랄	VV+ETM
전주 여행	402	게요	NNB+VCP+EC
전주 여행	403	코스	NNG
전주 여행	403	추천	NNG
전주 여행	403	~!	SY
전주 여행	403	영화제	NNG
전주 여행	403	기간	NNG
전주 여행	403	일정	NNG
전주 여행	403	으로	JKB
전주 여행	403	볼까	EC+VX+EC
전주 여행	403	해서	VV+EC
전주 여행	403	코스	NNG
전주 여행	403	추천	NNG
전주 여행	403	세요	EP+EF
전주 여행	403	어차피	MAG
전주 여행	403	주목적	NNG
전주 여행	403	전주국	NNG
전주 여행	403	영화제	NNG
전주 여행	403	니까	VCP+EC
전주 여행	403	둘러보	VV
전주 여행	403	에요	VCP+EF
전주 여행	403	그냥	MAG
전주 여행	403	알짜배기	NNG
전주 여행	403	추천	NNG
전주 여행	404	주로	MAG
전주 여행	404	커플	NNG
전주 여행	404	려고	EC
전주 여행	404	는데	EC
전주 여행	404	추천	NNG
전주 여행	404	세요	EP+EF
전주 여행	404	숙소	NNG
전주 여행	404	거리	NNG
전주 여행	404	맛집	NNG
전주 여행	404	등등	NNB
전주 여행	404	추천	NNG
전주 여행	404	감사	NNG
전주 여행	404	습니다	EF
전주 여행	404	한옥마을	NNP
전주 여행	404	겁니다	NNB+VCP+EF
전주 여행	404	답변	NNG
전주 여행	404	도움	NNG
전주 여행	404	으면	EC
전주 여행	404	습니다	EF
전주 여행	404	한옥마을	NNP
전주 여행	404	한옥마을	NNP
전주 여행	404	맛집	NNG
전주 여행	404	거리	EC
전주 여행	404	추천	NNG
전주 여행	405	추석	NNG
전주 여행	405	16	SN
전주 여행	405	18	SN
전주 여행	405	려고	EC
전주 여행	405	는데	EC
전주 여행	405	그때	NNG
전주 여행	405	한옥마을	NNP
전주 여행	405	관광지	NNG
전주 여행	405	을까요	EC
전주 여행	405	추석	NNG
전주 여행	405	당일	NNG
전주 여행	405	습니다	EF
전주 여행	405	에도	NNP
전주 여행	405	이벤트	NNG
전주 여행	405	진행	NNG
전주 여행	405	입니다	VCP+EC
전주 여행	405	27	SN
전주 여행	405	10	SN
전주 여행	405	13	SN
전주 여행	405	한국	NNP
전주 여행	405	관광공사	NNP
전주 여행	405	에서	JKB
전주 여행	405	숙박	NNG
전주 여행	405	세일	NNG
전주 여행	405	페스타	NNP
전주 여행	405	이벤트	NNG
전주 여행	405	진행	NNG
전주 여행	405	입니다	VCP+EC
전주 여행	406	연령	NNG
전주 여행	406	렌트카	NNG
전주 여행	406	추천	NNG
전주 여행	406	이번	NNG
전주 여행	406	21	SN
전주 여행	406	으로	JKB
전주 여행	406	19	SN
전주 여행	406	입니다	VCP+EF
전주 여행	406	연령	NNG
전주 여행	406	자동차	NNG
전주 여행	406	추천	NNG
전주 여행	406	부탁	NNG
전주 여행	406	드리	VV
전주 여행	406	습니다	EF
전주 여행	406	그리고	MAJ
전주 여행	406	가격	NNG
전주 여행	406	렌트	NNG
전주 여행	406	어느	MM
전주 여행	406	정도	NNG
전주 여행	406	나올까요	VV+EF
전주 여행	406	에서	JKB
전주 여행	406	21	SN
전주 여행	406	이상	NNG
전주 여행	406	렌트	NNG
전주 여행	406	가능	NNG
전주 여행	406	자동차	NNG
전주 여행	406	찾아보	VV
전주 여행	406	세요	EP+EF
전주 여행	406	가격	NNG
전주 여행	407	포항	NNP
전주 여행	407	에서	JKB
전주 여행	407	포항	NNP
전주 여행	407	까지	JX
전주 여행	407	기차	NNG
전주 여행	407	을까요	EC
전주 여행	407	버스	NNG
전주 여행	407	을까요	EC
전주 여행	407	안녕	NNG
전주 여행	407	세요	EP+EF
전주 여행	407	에서	JKB
전주 여행	407	포항	NNP
전주 여행	407	까지	JX
전주 여행	407	기차	NNG
전주 여행	407	버스	NNG
전주 여행	407	각각	MAG
전주 여행	407	장단점	NNG
전주 여행	407	으므로	EC
전주 여행	407	어떤	MM
전주 여행	407	방법	NNG
전주 여행	407	은지	EC
전주 여행	407	결정	NNG
전주 여행	407	가지	NNBC
전주 여행	407	요소	NNG
전주 여행	407	고려	NNG
전주 여행	407	필요	NNG
전주 여행	407	습니다	EF
전주 여행	408	펜션	NNG
전주 여행	408	한옥	NNG
전주 여행	408	으로	JKB
전주 여행	408	이번	NNG
전주 여행	408	남자	NNG
전주 여행	408	친구	NNG
전주 여행	408	같이	MAG
전주 여행	408	해서	VV+EC
전주 여행	408	얼른	MAG
전주 여행	408	펜션	NNG
전주 여행	408	봐야	VX+EC
전주 여행	408	는데	EC
전주 여행	408	한옥	NNG
전주 여행	408	마을	NNG
전주 여행	408	근처	NNG
전주 여행	408	한옥	NNG
전주 여행	408	느낌	MAG
전주 여행	408	펜션	NNG
전주 여행	408	으로	JKB
전주 여행	408	을까요	EC
전주 여행	408	내부	NNG
전주 여행	408	정감	NNG
전주 여행	408	분위기	NNG
전주 여행	408	아요	EF
전주 여행	408	빠른	VA+ETM
전주 여행	408	답변	NNG
전주 여행	408	부탁	NNG
전주 여행	409	세요	EP+EF
전주 여행	409	한옥마을	NNP
전주 여행	409	유명	XR
전주 여행	409	완산구	NNP
전주 여행	409	으며	EC
전주 여행	409	덕진구	NNP
전주 여행	409	또한	MAJ
전주 여행	409	멋진	VA+ETM
전주 여행	409	추억	NNG
전주 여행	409	가진	VV+ETM
전주 여행	409	장소	NNG
전주 여행	409	많이	MAG
전주 여행	409	습니다	EF
전주 여행	409	완산구	NNP
전주 여행	409	덕진구	NNP
전주 여행	409	대해서	VV+EC
전주 여행	410	뚜벅	MAG
전주 여행	410	엄마	NNG
전주 여행	410	뚜벅	MAG
전주 여행	410	계획	NNG
전주 여행	410	인데	VCP+EC
전주 여행	410	답변	NNG
전주 여행	410	부탁	NNG
전주 여행	410	드려요	VV+EC
전주 여행	410	기차	NNG
전주 여행	410	고속버스	NNG
전주 여행	410	어떤	MM
전주 여행	410	을까요	EC
전주 여행	410	도착	NNG
전주 여행	410	해서	XSV+EC
전주 여행	410	관광	NNG
전주 여행	410	이용	NNG
전주 여행	410	교통수단	NNG
전주 여행	410	어떤	MM
전주 여행	410	을까요	EC
전주 여행	410	숙소	NNG
전주 여행	410	추천	NNG
전주 여행	410	부탁드려요	VV+EF
전주 여행	410	서울	NNP
전주 여행	411	당일치기	NNG
전주 여행	411	어렵	VA
전주 여행	411	네요	EF
전주 여행	411	당일치기	NNG
전주 여행	411	계획	NNG
전주 여행	411	군요	EF
전주 여행	411	에서	JKB
전주 여행	411	한옥마을	NNP
전주 여행	411	까지	JX
전주 여행	411	방법	NNG
전주 여행	411	당일치기	NNG
전주 여행	411	코스	NNG
전주 여행	411	알려	VV+EC
전주 여행	411	드릴게요	VX+EC
전주 여행	411	에서	JKB
전주 여행	411	한옥마을	NNP
전주 여행	411	까지	JX
전주 여행	411	방법	NNG
전주 여행	411	으로	JKB
전주 여행	411	택시	NNG
전주 여행	411	버스	NNG
전주 여행	411	어요	EF
전주 여행	411	에서	JKB
전주 여행	411	한옥마을	NNP
전주 여행	411	까지	JX
전주 여행	411	택시	NNG
전주 여행	412	경비	NNG
전주 여행	412	보통	NNG
전주 여행	412	경비	NNG
전주 여행	412	얼마	NNG
전주 여행	412	정도	NNG
전주 여행	412	드나	VV
전주 여행	412	숙소	NNG
전주 여행	412	13	SN
전주 여행	412	인데	VCP+EC
전주 여행	412	려고	EC
전주 여행	412	비싼	VA+ETM
전주 여행	412	건가요	NNB+VCP+EC
전주 여행	412	질문	NNG
전주 여행	412	도움	NNG
전주 여행	412	답변	NNG
전주 여행	412	바래	VV
전주 여행	412	예산	NNG
전주 여행	412	30	SN
전주 여행	412	내외	NNG
전주 여행	412	숙소	NNG
전주 여행	412	13	SN
전주 여행	412	적당	XR
전주 여행	412	합니다	XSA+EC
전주 여행	413	커플	NNG
전주 여행	413	대해	VV+EC
전주 여행	413	도움	NNG
전주 여행	413	드릴게요	VV+EC
전주 여행	413	남자	NNG
전주 여행	413	친구	NNG
전주 여행	413	이용	NNG
전주 여행	413	할지	XSV+EC
전주 여행	413	KTX	SL
전주 여행	413	이용	NNG
전주 여행	413	할지	XSV+EC
전주 여행	413	대해서	VV+EC
전주 여행	413	여러	MM
전주 여행	413	가지	NNBC
전주 여행	413	요소	NNG
전주 여행	413	고려	NNG
전주 여행	413	셔야	EP+EC
전주 여행	413	합니다	VX+EF
전주 여행	413	만약	MAG
전주 여행	413	교통	NNG
전주 여행	413	체증	NNG
전주 여행	413	예상	NNG
전주 여행	413	날짜	NNG
전주 여행	413	라면	VCP+EC
전주 여행	413	KTX	SL
전주 여행	413	이용	NNG
전주 여행	413	편할	VA+ETM
전주 여행	413	습니다	EF
전주 여행	413	또한	MAJ
전주 여행	413	남자	NNG
전주 여행	413	친구	NNG
전주 여행	414	려는데	EC
전주 여행	414	여행지	NNG
전주 여행	414	맛집	NNG
전주 여행	414	추천	NNG
전주 여행	414	세요	EP+EF
전주 여행	414	보리암	NNP
전주 여행	414	다랭이	NNG
전주 여행	414	독일	NNP
전주 여행	414	마을	NNG
전주 여행	414	한옥마을	NNP
전주 여행	414	두세	MM
전주 여행	414	맛집	NNG
전주 여행	414	빨리	MAG
전주 여행	414	추천	NNG
전주 여행	414	세요	EP+EF
전주 여행	414	라서	EC
전주 여행	414	추천	NNG
전주 여행	414	셔도	EP+EC
전주 여행	414	됩니다	VV+EF
전주 여행	414	맛집	NNG
전주 여행	415	추천	NNG
전주 여행	415	맛집	NNG
전주 여행	415	국내	NNG
전주 여행	415	주달	NNG
전주 여행	415	티비	NNG
전주 여행	415	코스	NNG
전주 여행	415	여수	NNG
전주 여행	415	여수	NNG
전주 여행	415	제주	NNP
전주 여행	415	제주도	NNP
전주 여행	415	전문	NNG
전주 여행	415	언서	NNG
전주 여행	415	주달	NNG
전주 여행	415	봉이	NNG
전주 여행	415	입니다	VCP+EF
전주 여행	415	코스	NNG
전주 여행	415	한옥	NNG
전주 여행	415	마을	NNG
전주 여행	415	에서부터	JKB
전주 여행	416	코스	NNG
전주 여행	416	질문	NNG
전주 여행	416	코스	NNG
전주 여행	416	전라도	NNP
전주 여행	416	어서	EC
전주 여행	416	맛집	NNG
전주 여행	416	국내	NNG
전주 여행	416	주달	NNG
전주 여행	416	티비	NNG
전주 여행	416	코스	NNG
전주 여행	416	여수	NNG
전주 여행	416	여수	NNG
전주 여행	416	제주	NNP
전주 여행	416	제주도	NNP
전주 여행	416	전문	NNG
전주 여행	416	언서	NNG
전주 여행	417	간다면	VV+EC
전주 여행	417	비용	NNG
전주 여행	417	얼마	NNG
전주 여행	417	나올까요	VV+EF
전주 여행	417	비용	NNG
전주 여행	417	여러	MM
전주 여행	417	요소	NNG
전주 여행	417	따라	VV+EC
전주 여행	417	달라지	VV
전주 여행	417	지만	EC
전주 여행	417	일반	NNG
전주 여행	417	으로	JKB
전주 여행	417	다음	NNG
전주 여행	417	항목	NNG
전주 여행	417	포함	NNG
전주 여행	417	됩니다	XSV+EC
전주 여행	417	교통비	NNG
전주 여행	417	까지	JX
전주 여행	417	이동	NNG
전주 여행	417	위한	VV+ETM
전주 여행	417	교통	NNG
전주 여행	417	비용	NNG
전주 여행	417	입니다	VCP+EF
전주 여행	418	코스	NNG
전주 여행	418	맛집	NNG
전주 여행	418	국내	NNG
전주 여행	418	주달	NNG
전주 여행	418	티비	NNG
전주 여행	418	코스	NNG
전주 여행	418	여수	NNG
전주 여행	418	여수	NNG
전주 여행	418	제주	NNP
전주 여행	418	제주도	NNP
전주 여행	418	전문	NNG
전주 여행	418	언서	NNG
전주 여행	418	주달	NNG
전주 여행	418	봉이	NNG
전주 여행	418	입니다	VCP+EF
전주 여행	418	코스	NNG
전주 여행	418	한옥	NNG
전주 여행	418	마을	NNG
전주 여행	418	에서부터	JKB
전주 여행	418	시작	NNG
전주 여행	419	당일치기	NNG
전주 여행	419	혼자	NNG
전주 여행	419	코스	NNG
전주 여행	419	추천	NNG
전주 여행	419	박물관	NNG
전주 여행	419	미술관	NNG
전주 여행	419	지역	NNG
전주 여행	419	공간	NNG
전주 여행	419	스토리	NNG
전주 여행	419	안내	NNG
전주 여행	419	해설	NNG
전주 여행	419	문화	NNG
전주 여행	419	코스	NNG
전주 여행	419	방지	NNG
전주 여행	419	위해	VV+EC
전주 여행	419	예약금	NNG
전주 여행	419	결제	NNG
전주 여행	419	현장	NNG
전주 여행	419	에서	JKB
전주 여행	419	상당	NNG
전주 여행	419	음료	NNG
전주 여행	419	기프	NNP
전주 여행	419	으로	JKB
전주 여행	419	환급	NNG
전주 여행	419	선착순	NNG
전주 여행	419	마감	NNG
전주 여행	419	계획	NNG
전주 여행	419	으신	EP+ETM
전주 여행	420	필요	NNG
전주 여행	420	가요	NNG
전주 여행	420	안녕	NNG
전주 여행	420	세요	EP+EF
전주 여행	420	계획	NNG
전주 여행	420	입니다	VCP+EF
전주 여행	420	서울	NNP
전주 여행	420	에서	JKB
전주 여행	420	까지	JX
전주 여행	420	기차	NNG
전주 여행	420	건데	NNB+VCP+EC
전주 여행	420	에서	JKB
전주 여행	420	렌트	NNG
전주 여행	420	해야	VV+EC
전주 여행	420	할지	VX+EC
전주 여행	420	궁금	XR
전주 여행	420	합니다	XSA+EF
전주 여행	420	참고	NNG
전주 여행	420	한옥마을	NNP
전주 여행	420	포함	NNG
전주 여행	420	해서	XSV+EC
전주 여행	420	유명	NNG
전주 여행	420	관광지	NNG
전주 여행	420	돌아볼	VV+ETM
전주 여행	420	계획	NNG
전주 여행	420	입니다	VCP+EF
전주 여행	420	맛집	NNG
전주 여행	420	국내	NNG
전주 여행	421	맛집	NNG
전주 여행	421	국내	NNG
전주 여행	421	주달	NNG
전주 여행	421	티비	NNG
전주 여행	421	코스	NNG
전주 여행	421	여수	NNG
전주 여행	421	여수	NNG
전주 여행	421	제주	NNP
전주 여행	421	제주도	NNP
전주 여행	421	전문	NNG
전주 여행	421	언서	NNG
전주 여행	421	주달	NNG
전주 여행	421	봉이	NNG
전주 여행	421	입니다	VCP+EF
전주 여행	421	대중교통	NNG
전주 여행	421	이나	JC
전주 여행	421	택시	NNG
전주 여행	421	이용	NNG
전주 여행	422	완주	NNG
전주 여행	422	맛집	NNG
전주 여행	422	국내	NNG
전주 여행	422	주달	NNG
전주 여행	422	티비	NNG
전주 여행	422	코스	NNG
전주 여행	422	여수	NNG
전주 여행	422	여수	NNG
전주 여행	422	제주	NNP
전주 여행	422	제주도	NNP
전주 여행	422	전문	NNG
전주 여행	422	언서	NNG
전주 여행	422	주달	NNG
전주 여행	422	봉이	NNG
전주 여행	422	입니다	VCP+EF
전주 여행	422	완주	NNP
전주 여행	422	어느	MM
전주 여행	422	느냐	EC
전주 여행	422	따라	VV+EC
전주 여행	423	부탁	NNG
전주 여행	423	드립니다	VV+EC
전주 여행	423	맛집	NNG
전주 여행	423	국내	NNG
전주 여행	423	주달	NNG
전주 여행	423	티비	NNG
전주 여행	423	코스	NNG
전주 여행	423	여수	NNG
전주 여행	423	여수	NNG
전주 여행	423	제주	NNP
전주 여행	423	제주도	NNP
전주 여행	423	전문	NNG
전주 여행	423	언서	NNG
전주 여행	423	주달	NNG
전주 여행	423	봉이	NNG
전주 여행	423	입니다	VCP+EF
전주 여행	423	코스	NNG
전주 여행	424	코스	NNG
전주 여행	424	세요	EP+EF
전주 여행	424	ㅜㅜ	UNKNOWN
전주 여행	424	코스	NNG
전주 여행	424	드릴	VX+ETM
전주 여행	424	습니다	EF
전주 여행	424	역사	NNG
전주 여행	424	유적지	NNG
전주 여행	424	전통문화	NNG
전주 여행	424	빛나	VV
전주 여행	424	으로	JKB
전주 여행	424	유명	XR
전주 여행	424	한데요	XSA+EF
전주 여행	424	먼저	MAG
전주 여행	424	한옥마을	NNP
전주 여행	424	방문	NNG
전주 여행	424	아름다움	VA+ETN
전주 여행	424	느낄	VV+ETM
전주 여행	424	습니다	EF
전주 여행	424	시작	NNG
전주 여행	424	라고	EC
전주 여행	424	한옥	NNG
전주 여행	424	마을	NNG
전주 여행	424	에서	JKB
전주 여행	425	대중교통	NNG
전주 여행	425	이랑	JC
전주 여행	425	렌트카	NNG
전주 여행	425	어떤	MM
전주 여행	425	을까요	EF
전주 여행	425	움직이	VV
전주 여행	425	편할지	VA+EC
전주 여행	425	대중교통	NNG
전주 여행	425	편할지	VA+EC
전주 여행	425	알려	VV+EC
전주 여행	425	세요	EP+EF
전주 여행	425	교통	NNG
전주 여행	425	상황	NNG
전주 여행	425	어떤지	VA+EC
전주 여행	425	궁금	XR
전주 여행	425	합니다	XSA+EF
전주 여행	425	맛집	NNG
전주 여행	425	국내	NNG
전주 여행	425	주달	NNG
전주 여행	425	티비	NNG
전주 여행	425	코스	NNG
전주 여행	425	여수	NNG
전주 여행	425	여수	NNG
전주 여행	425	제주	NNP
전주 여행	426	가시	VV
전주 여행	426	는군요	EC
전주 여행	426	그렇	VA
전주 여행	426	다면	EC
전주 여행	426	에서	JKB
전주 여행	426	연인	NNG
전주 여행	426	제일	MAG
전주 여행	426	많이	MAG
전주 여행	426	추천	NNG
전주 여행	426	드리	VX
전주 여행	426	습니다	EF
전주 여행	426	한옥마을	NNP
전주 여행	426	동물원	NNP
전주 여행	426	한국도로공사	NNP
전주 여행	426	수목원	NNG
전주 여행	426	향교	NNP
전주 여행	426	덕진	NNP
전주 여행	426	공원	NNG
전주 여행	427	관련	NNG
전주 여행	427	맛집	NNG
전주 여행	427	국내	NNG
전주 여행	427	주달	NNG
전주 여행	427	티비	NNG
전주 여행	427	코스	NNG
전주 여행	427	여수	NNG
전주 여행	427	여수	NNG
전주 여행	427	제주	NNP
전주 여행	427	제주도	NNP
전주 여행	427	전문	NNG
전주 여행	427	언서	NNG
전주 여행	427	주달	NNG
전주 여행	427	봉이	NNG
전주 여행	427	입니다	VCP+EF
전주 여행	427	주말	NNG
전주 여행	427	인지	VCP+EC
전주 여행	427	평일	NNG
전주 여행	427	인지	VCP+EC
전주 여행	427	따라	VV+EC
전주 여행	427	다릅니다	VA+EC
전주 여행	428	려고	EC
전주 여행	428	vs	SL
전주 여행	428	어떤	MM
전주 여행	428	적당	XR
전주 여행	428	할지	XSA+EC
전주 여행	428	추천	NNG
전주 여행	428	세요	EP+EF
전주 여행	428	맛집	NNG
전주 여행	428	국내	NNG
전주 여행	428	주달	NNG
전주 여행	428	티비	NNG
전주 여행	428	코스	NNG
전주 여행	428	여수	NNG
전주 여행	428	여수	NNG
전주 여행	428	제주	NNP
전주 여행	428	제주도	NNP
전주 여행	428	전문	NNG
전주 여행	428	언서	NNG
전주 여행	428	주달	NNG
전주 여행	428	봉이	NNG
전주 여행	428	입니다	VCP+EC
전주 여행	429	이번	NNG
전주 여행	429	처음	MAG
전주 여행	429	는데	EC
전주 여행	429	추천	NNG
전주 여행	429	세요	EP+EF
전주 여행	429	은데	EC
전주 여행	429	위주	NNG
전주 여행	429	해요	VX+EF
전주 여행	429	트레	NNP
전주 여행	429	해요	VX+EF
전주 여행	429	계획	NNG
전주 여행	429	군요	EF
전주 여행	429	다양	XR
전주 여행	429	볼거리	NNG
전주 여행	430	경비	NNG
전주 여행	430	식비	NNG
전주 여행	430	교통비	NNG
전주 여행	430	잡혀서	VV+EC
전주 여행	430	마실	VV+ETM
전주 여행	430	건데	NNB+VCP+EC
전주 여행	430	많이	MAG
전주 여행	430	마셔서	VV+EC
전주 여행	430	술값	NNG
전주 여행	430	으로	JKB
전주 여행	430	마실	VV+ETM
전주 여행	430	아요	EF
전주 여행	430	맛집	NNG
전주 여행	430	국내	NNG
전주 여행	430	주달	NNG
전주 여행	430	티비	NNG
전주 여행	430	코스	NNG
전주 여행	430	여수	NNG
전주 여행	430	여수	NNG
전주 여행	431	비용	NNG
전주 여행	431	맛집	NNG
전주 여행	431	국내	NNG
전주 여행	431	주달	NNG
전주 여행	431	티비	NNG
전주 여행	431	코스	NNG
전주 여행	431	여수	NNG
전주 여행	431	여수	NNG
전주 여행	431	제주	NNP
전주 여행	431	제주도	NNP
전주 여행	431	전문	NNG
전주 여행	431	언서	NNG
전주 여행	431	주달	NNG
전주 여행	431	봉이	NNG
전주 여행	431	입니다	VCP+EF
전주 여행	431	한옥마을	NNP
전주 여행	431	입장료	NNG
전주 여행	431	따로	MAG
전주 여행	431	습니다	EF
전주 여행	431	기본	NNG
전주 여행	432	친구	NNG
전주 여행	432	친구	NNG
전주 여행	432	려고	EC
전주 여행	432	합니다	VX+EC
전주 여행	432	호텔	NNG
전주 여행	432	맛집	NNG
전주 여행	432	추천	NNG
전주 여행	432	세요	EP+EF
전주 여행	432	호텔	NNG
전주 여행	432	시설	NNG
전주 여행	432	괜찮	VA
전주 여행	432	깨끗	XR
전주 여행	432	했으면	XSA+EP+EC
전주 여행	432	어요	EF
전주 여행	432	한옥	NNP
전주 여행	432	어도	EC
전주 여행	432	괜찮	VA
전주 여행	432	아요	EF
전주 여행	432	침대	NNG
전주 여행	432	어요	EF
전주 여행	432	맛집	NNG
전주 여행	432	양식	NNG
전주 여행	432	중식	NNG
전주 여행	432	일식	NNG
전주 여행	432	상관없	VA
전주 여행	432	습니다	EF
전주 여행	432	비용	NNG
전주 여행	432	인당	NNG
전주 여행	433	크리스마스	NNG
전주 여행	433	맛집	NNG
전주 여행	433	국내	NNG
전주 여행	433	주달	NNG
전주 여행	433	티비	NNG
전주 여행	433	코스	NNG
전주 여행	433	여수	NNG
전주 여행	433	여수	NNG
전주 여행	433	제주	NNP
전주 여행	433	제주도	NNP
전주 여행	433	전문	NNG
전주 여행	433	언서	NNG
전주 여행	433	주달	NNG
전주 여행	433	봉이	NNG
전주 여행	433	입니다	VCP+EF
전주 여행	433	코스	NNG
전주 여행	433	한옥	NNG
전주 여행	433	마을	NNG
전주 여행	433	에서부터	JKB
전주 여행	433	시작	NNG
전주 여행	434	~.~	SY
전주 여행	434	질문	NNG
전주 여행	434	일정	NNG
전주 여행	434	관련	NNG
전주 여행	434	답변	NNG
전주 여행	434	드리	VV
전주 여행	434	도록	EC
전주 여행	434	습니다	EF
전주 여행	434	가실	NNG
전주 여행	434	계획	NNG
전주 여행	434	너무	MAG
전주 여행	434	귀찮	VA
전주 여행	434	에서	JKB
전주 여행	434	즐길	VV+ETM
전주 여행	434	준비	NNG
전주 여행	434	어요	EF
전주 여행	434	아래	NNG
전주 여행	434	일정	NNG
전주 여행	434	참고	NNG
전주 여행	434	즐거운	VA+ETM
전주 여행	434	바라	VV
전주 여행	435	초등	NNG
전주 여행	435	학년	NNG
전주 여행	435	210	SN
전주 여행	435	수학	NNG
전주 여행	435	코스	NNG
전주 여행	435	관광	NNG
전주 여행	435	달인	NNG
전주 여행	435	주달	NNG
전주 여행	435	봉이	NNG
전주 여행	435	께서	JKS
전주 여행	435	코스	NNG
전주 여행	435	추천	NNG
전주 여행	435	대단히	MAG
전주 여행	435	감사	NNG
전주 여행	435	드리	VV
전주 여행	435	습니다	EF
전주 여행	435	맛집	NNG
전주 여행	435	국내	NNG
전주 여행	435	주달	NNG
전주 여행	435	티비	NNG
전주 여행	435	코스	NNG
전주 여행	435	여수	NNG
전주 여행	435	여수	NNG
전주 여행	435	제주	NNP
전주 여행	436	혼자	NNG
전주 여행	436	코스	NNG
전주 여행	436	질문	NNG
전주 여행	436	정보	NNG
전주 여행	436	정리	NNG
전주 여행	436	습니다	EF
전주 여행	436	참고	NNG
전주 여행	436	세요	EP+EF
전주 여행	436	에서	JKB
전주 여행	436	덕진	NNP
전주 여행	436	공원	NNG
전주 여행	436	추천	NNP
전주 여행	436	덕진	NNP
전주 여행	436	공원	NNG
전주 여행	436	터미널	NNG
전주 여행	436	에서	JKB
전주 여행	436	가장	MAG
전주 여행	436	가까운	VA+ETM
전주 여행	436	에요	EF
전주 여행	436	산책	NNG
전주 여행	436	호수	NNG
전주 여행	436	공원	NNG
전주 여행	436	에요	EF
전주 여행	436	덕진	NNP
전주 여행	436	공원	NNG
전주 여행	436	생략	NNG
전주 여행	436	곧바로	MAG
전주 여행	436	남부	NNG
전주 여행	436	시장	NNG
전주 여행	437	전시회	NNG
전주 여행	437	추천	NNG
전주 여행	437	이번	NNG
전주 여행	437	남자	NNG
전주 여행	437	친구	NNG
전주 여행	437	는데요	EC
전주 여행	437	한옥마을	NNP
전주 여행	437	그래서	MAJ
전주 여행	437	갈만	NNG
전주 여행	437	공방	NNG
전주 여행	437	전시회	NNG
전주 여행	437	추천	NNG
전주 여행	437	부탁	NNG
전주 여행	437	드려요	VV+EC
전주 여행	437	안녕	NNG
전주 여행	437	세요	EP+EF
전주 여행	437	질문	NNG
전주 여행	437	관련	NNG
전주 여행	437	답변	NNG
전주 여행	437	드리	VV
전주 여행	437	도록	EC
전주 여행	437	습니다	EF
전주 여행	437	주로	MAG
전주 여행	437	봅니다	VX+EC
전주 여행	438	코스	NNG
전주 여행	438	추천	NNG
전주 여행	438	안녕	NNG
전주 여행	438	세요	EP+EF
전주 여행	438	여자	NNG
전주 여행	438	친구	NNG
전주 여행	438	예정	NNG
전주 여행	438	인데	VCP+EC
전주 여행	438	숙소	NNG
전주 여행	438	더클래식	NNP
전주 여행	438	호텔	NNG
전주 여행	438	일정	NNG
전주 여행	438	으로	JKB
전주 여행	438	습니다	EF
전주 여행	438	근데	MAJ
전주 여행	438	금요일	NNG
전주 여행	438	오후	NNG
전주 여행	438	도착	NNG
전주 여행	438	예정	NNG
전주 여행	438	이동	NNG
전주 여행	438	수단	NNG
전주 여행	438	대중교통	NNG
전주 여행	438	택시	NNG
전주 여행	438	예정	NNG
전주 여행	438	입니다	VCP+EC
전주 여행	439	각각	MAG
전주 여행	439	거리	NNG
전주 여행	439	가까운지	VA+EC
전주 여행	439	어요	EF
전주 여행	439	추석	NNG
전주 여행	439	예정	NNG
전주 여행	439	입니다	VCP+EF
전주 여행	439	갈만	NNG
전주 여행	439	추천	NNG
전주 여행	439	세요	EP+EF
전주 여행	439	맛집	NNG
전주 여행	439	국내	NNG
전주 여행	439	주달	NNG
전주 여행	439	티비	NNG
전주 여행	439	코스	NNG
전주 여행	439	여수	NNG
전주 여행	439	여수	NNG
전주 여행	439	제주	NNP
전주 여행	440	갈만	NNG
전주 여행	440	을까요	EF
전주 여행	440	맛집	NNG
전주 여행	440	국내	NNG
전주 여행	440	주달	NNG
전주 여행	440	티비	NNG
전주 여행	440	코스	NNG
전주 여행	440	여수	NNG
전주 여행	440	여수	NNG
전주 여행	440	제주	NNP
전주 여행	440	제주도	NNP
전주 여행	440	전문	NNG
전주 여행	440	언서	NNG
전주 여행	440	주달	NNG
전주 여행	440	봉이	NNG
전주 여행	440	입니다	VCP+EF
전주 여행	440	코스	NNG
전주 여행	440	한옥	NNG
전주 여행	440	마을	NNG
전주 여행	440	에서부터	JKB
전주 여행	441	코스	NNG
전주 여행	441	일정	NNG
전주 여행	441	문자	NNG
전주 여행	441	께서	JKS
전주 여행	441	봐둔	VV+EC+VX+ETM
전주 여행	441	모두	MAG
전주 여행	441	반양	NNG
전주 여행	441	시간	NNG
전주 여행	441	무리	NNG
전주 여행	441	일정	NNG
전주 여행	441	만들	VV
전주 여행	441	습니다	EF
전주 여행	441	가운데	NNG
전주 여행	441	점심	NNG
전주 여행	441	한지	XSA+EC
전주 여행	441	박물관	NNG
전주 여행	441	관광	NNG
전주 여행	441	수목원	NNG
전주 여행	441	관광	NNG
전주 여행	441	오목	MAG
전주 여행	441	관광	NNG
전주 여행	441	교동	NNP
전주 여행	441	다윈	NNP
전주 여행	442	추천	NNG
전주 여행	442	부탁	NNG
전주 여행	442	드립니다	VV+EC
전주 여행	442	12	SN
전주 여행	442	13	SN
전주 여행	442	할려구	VV+EC
전주 여행	442	합니다	VX+EC
전주 여행	442	이랑	JC
전주 여행	442	맛집	NNG
전주 여행	442	추천	NNG
전주 여행	442	부탁	NNG
전주 여행	442	드립니다	VV+EC
전주 여행	442	감사	NNG
전주 여행	442	합니다	XSV+EF
전주 여행	442	맛집	NNG
전주 여행	442	주달	NNG
전주 여행	442	티비	NNG
전주 여행	442	코스	NNG
전주 여행	442	언서	NNG
전주 여행	442	주달	NNG
전주 여행	442	봉이	NNG
전주 여행	442	입니다	VCP+EF
전주 여행	443	강아지	NNG
전주 여행	443	함께	MAG
전주 여행	443	가능	NNG
전주 여행	443	데요	EF
전주 여행	443	강아지	NNG
전주 여행	443	같이	MAG
전주 여행	443	동반	NNG
전주 여행	443	라서요	EF
전주 여행	443	혹시	MAG
전주 여행	443	강아지	NNG
전주 여행	443	같이	JKB
전주 여행	443	알려	VV+EC
전주 여행	443	세요	EP+EF
전주 여행	443	맛집	NNG
전주 여행	443	이랑	JKB
전주 여행	443	관광	NNG
전주 여행	443	반려	NNG
전주 여행	443	동물	NNG
전주 여행	443	반려	NNG
전주 여행	443	생활	NNG
전주 여행	443	입니다	VCP+EF
전주 여행	443	하늘	NNG
전주 여행	443	가을	NNG
전주 여행	443	떠나	VV
전주 여행	443	는군요	EC
전주 여행	443	강아지	NNG
전주 여행	443	함께	MAG
전주 여행	443	추억	NNG
전주 여행	444	광주	NNP
전주 여행	444	에서	JKB
전주 여행	444	감사	NNG
전주 여행	444	습니다	EF
전주 여행	444	맛집	NNG
전주 여행	444	국내	NNG
전주 여행	444	주달	NNG
전주 여행	444	티비	NNG
전주 여행	444	코스	NNG
전주 여행	444	여수	NNG
전주 여행	444	여수	NNG
전주 여행	444	제주	NNP
전주 여행	444	제주도	NNP
전주 여행	444	전문	NNG
전주 여행	444	언서	NNG
전주 여행	444	주달	NNG
전주 여행	444	봉이	NNG
전주 여행	444	입니다	VCP+EF
전주 여행	444	버스	NNG
전주 여행	444	터미널	NNG
전주 여행	444	에서	JKB
전주 여행	444	내리	VV
전주 여행	444	셔서	EP+EC
전주 여행	445	코스	NNG
전주 여행	445	세요	EP+EF
전주 여행	445	질문	NNG
전주 여행	445	일정	NNG
전주 여행	445	관련	NNG
전주 여행	445	답변	NNG
전주 여행	445	드리	VV
전주 여행	445	도록	EC
전주 여행	445	습니다	EF
전주 여행	445	친정	NNG
전주 여행	445	어머니	NNG
전주 여행	445	함께	MAG
전주 여행	445	해도	VV+EC
전주 여행	445	설레	VV
전주 여행	445	네요	EC
전주 여행	445	아래	NNG
전주 여행	445	께서	JKS
전주 여행	445	모두	MAG
전주 여행	445	즐길	VV+ETM
전주 여행	445	일정	NNG
전주 여행	445	준비	NNG
전주 여행	445	어요	EF
전주 여행	445	참고	NNG
전주 여행	445	도움	NNG
전주 여행	445	으면	EC
전주 여행	446	추천	NNG
전주 여행	446	세요	EP+EF+VCP
전주 여행	446	당일치기	NNG
전주 여행	446	추천	NNG
전주 여행	446	세요	EP+EF
전주 여행	446	당일치기	NNG
전주 여행	446	맛집	NNG
전주 여행	446	국내	NNG
전주 여행	446	주달	NNG
전주 여행	446	티비	NNG
전주 여행	446	코스	NNG
전주 여행	446	여수	NNG
전주 여행	446	여수	NNG
전주 여행	446	제주	NNP
전주 여행	446	제주도	NNP
전주 여행	446	전문	NNG
전주 여행	446	언서	NNG
전주 여행	446	주달	NNG
전주 여행	446	봉이	NNG
전주 여행	446	입니다	VCP+EC
전주 여행	447	팀조	NNP
전주 여행	447	는데	EC
전주 여행	447	이랑	JC
전주 여행	447	맛집	NNG
전주 여행	447	알려	VV+EC
전주 여행	447	세요	EP+EF
전주 여행	447	안녕	IC
전주 여행	447	세요	EP+EF
전주 여행	447	서울	NNP
전주 여행	447	지방	NNG
전주 여행	447	변호	NNG
전주 여행	447	사회	NNG
전주 여행	447	소속	NNG
전주 여행	447	으로	JKB
전주 여행	447	지식	NNG
전주 여행	447	iN	SL
전주 여행	447	법률	NNG
전주 여행	447	상담	NNG
전주 여행	447	진행	NNG
전주 여행	447	김선용	NNP
전주 여행	447	변호사	NNG
전주 여행	447	입니다	VCP+EF
전주 여행	447	알아보	VV
전주 여행	447	어려우	VA
전주 여행	447	다면	EC
전주 여행	447	스타	NNG
전주 여행	447	그램	NNG
전주 여행	447	라고	VCP+EC
전주 여행	447	검색	NNG
전주 여행	447	셔서	EP+EC
전주 여행	448	한옥마을	NNP
전주 여행	448	준비	NNG
전주 여행	448	입니다	VCP+EF
전주 여행	448	대여	NNG
전주 여행	448	천차만별	NNG
전주 여행	448	입니다	VCP+EF
전주 여행	448	기본	NNG
전주 여행	448	금액	NNG
전주 여행	448	10000	SN
전주 여행	448	부터	JX
전주 여행	448	시작	NNG
전주 여행	448	합니다	XSV+EF
전주 여행	448	시간	NNG
전주 여행	448	한복	NNG
전주 여행	448	따라서	VV+EC
전주 여행	448	가격	NNG
전주 여행	448	다릅니다	VA+EC
전주 여행	448	맛집	NNG
전주 여행	448	국내	NNG
전주 여행	448	주달	NNG
전주 여행	448	티비	NNG
전주 여행	448	코스	NNG
전주 여행	448	여수	NNG
전주 여행	448	여수	NNG
전주 여행	448	제주	NNP
전주 여행	449	고등학교	NNG
전주 여행	449	친구	NNG
전주 여행	449	당일치기	NNG
전주 여행	449	지금	MAG
전주 여행	449	고등학교	NNG
전주 여행	449	학년	NNG
전주 여행	449	친구	NNG
전주 여행	449	함께	MAG
전주 여행	449	당일	NNG
전주 여행	449	예정	NNG
전주 여행	449	인데	VCP+EC
전주 여행	449	부모	NNG
전주 여행	449	라고	VCP+EC
전주 여행	449	말씀	NNG
전주 여행	449	드리	VV
전주 여행	449	허락	NNG
전주 여행	449	을까요	EC
전주 여행	449	고등학교	NNG
전주 여행	449	시절	NNG
전주 여행	449	친구	NNG
전주 여행	449	소중	XR
전주 여행	449	추억	NNG
전주 여행	449	만들	VV
전주 여행	449	위해	VV+EC
전주 여행	449	다녀오	VV
전주 여행	449	습니다	EF
전주 여행	450	휴가	NNG
전주 여행	450	건데	NNB+VCP+EC
전주 여행	450	코스	NNG
전주 여행	450	추천	NNG
전주 여행	450	세요	EP+EF
전주 여행	450	일정	NNG
전주 여행	450	참고	NNG
전주 여행	450	으로	JKB
전주 여행	450	제시	NNG
전주 여행	450	일정	NNG
전주 여행	450	따라	VV+EC
전주 여행	450	조정	NNG
전주 여행	450	습니다	EF
전주 여행	450	또한	MAJ
전주 여행	450	음식점	NNG
전주 여행	450	웨이팅	NNG
전주 여행	450	시간	NNG
전주 여행	450	방문	NNG
전주 여행	450	시간	NNG
전주 여행	450	요일	NNG
전주 여행	450	따라	VV+EC
전주 여행	450	달라질	VV+ETM
전주 여행	450	으니	EC
전주 여행	450	참고	NNG
전주 여행	450	세요	EP+EF
전주 여행	450	즐거운	VA+ETM
전주 여행	450	바랍니다	VV+EC
전주 여행	451	여자	NNG
전주 여행	451	질문	NNG
전주 여행	451	신다면	EP+EC
전주 여행	451	다음	NNG
전주 여행	451	일정	NNG
전주 여행	451	추천	NNG
전주 여행	451	드립니다	VX+EC
전주 여행	451	Day	SL
전주 여행	451	한옥마을	NNP
전주 여행	451	전통	NNG
전주 여행	451	한옥	NNG
전주 여행	451	건물	NNG
전주 여행	451	전통	NNG
전주 여행	451	문화	NNG
전주 여행	451	경험	NNG
전주 여행	451	입니다	VCP+EF
전주 여행	451	향교	NNP
전주 여행	451	조선	NNP
전주 여행	451	시대	NNG
전주 여행	451	교육	NNG
전주 여행	451	기관	NNG
전주 여행	451	향교	NNG
전주 여행	451	습니다	EF
전주 여행	451	남부	NNG
전주 여행	451	시장	NNG
전주 여행	452	코스	NNG
전주 여행	452	세요	EP+EF
전주 여행	452	많이	MAG
전주 여행	452	급합니다	VA+EF
전주 여행	452	.!	SY
전주 여행	452	안녕	NNG
전주 여행	452	세요	EP+EF
전주 여행	452	가족	NNG
전주 여행	452	으로	JKB
전주 여행	452	려는데	EC
전주 여행	452	당장	NNG
전주 여행	452	이번	NNG
전주 여행	452	금요일	NNG
전주 여행	452	는데	EC
전주 여행	452	어딜	NP+JKO
전주 여행	452	갈지	VV+EC
전주 여행	452	몰라서	VV+EC
전주 여행	452	숙소	NNG
전주 여행	452	호텔	NNG
전주 여행	452	한옥마을	NNP
전주 여행	452	은데	EC
전주 여행	452	별로	MAG
전주 여행	452	으면서	EC
전주 여행	452	카페	NNG
전주 여행	452	투어	NNG
전주 여행	452	아닌	VCN+ETM
전주 여행	452	코스	NNG
전주 여행	452	나요	EF
전주 여행	452	스로	NNG
전주 여행	453	대둔산	NNP
전주 여행	453	케이블카	NNG
전주 여행	453	주말	NNG
전주 여행	453	사람	NNG
전주 여행	453	괜찮	VA
전주 여행	453	코스	NNG
전주 여행	453	추천	NNG
전주 여행	453	세요	EP+EF
전주 여행	453	맛집	NNG
전주 여행	453	국내	NNG
전주 여행	453	주달	NNG
전주 여행	453	티비	NNG
전주 여행	453	코스	NNG
전주 여행	453	여수	NNG
전주 여행	453	여수	NNG
전주 여행	453	제주	NNP
전주 여행	453	제주도	NNP
전주 여행	453	전문	NNG
전주 여행	454	코스	NNG
전주 여행	454	!!	SY
전주 여행	454	이미	MAG
전주 여행	454	마치	VV
전주 여행	454	복귀	NNG
전주 여행	454	네요	EF
전주 여행	454	저희	NP
전주 여행	454	지난주	NNG
전주 여행	454	당일	NNG
전주 여행	454	코스	NNG
전주 여행	454	다녀왔	VV+EP
전주 여행	454	는데요	EF
전주 여행	454	주말	NNG
전주 여행	454	라서	EC
전주 여행	454	그런지	VA+EC
전주 여행	454	관광지	NNG
전주 여행	454	사람	NNG
전주 여행	454	아서	EC
전주 여행	454	생각	NNG
전주 여행	454	처럼	JKB
전주 여행	454	많이	MAG
전주 여행	454	둘러보	VV
전주 여행	454	못해서	VX+EC
전주 여행	454	아쉽	VA
전주 여행	454	더라고요	EC
전주 여행	454	최소한	NNG
전주 여행	455	한옥마을	NNP
전주 여행	455	당일치기	NNG
전주 여행	455	질문	NNG
전주 여행	455	여수	NNP
전주 여행	455	제주도	NNP
전주 여행	455	맛집	NNG
전주 여행	455	주달	NNG
전주 여행	455	티비	NNG
전주 여행	455	코스	NNG
전주 여행	455	여수	NNG
전주 여행	455	여수	NNG
전주 여행	455	제주	NNP
전주 여행	455	제주도	NNP
전주 여행	455	전문	NNG
전주 여행	455	언서	NNG
전주 여행	455	주달	NNG
전주 여행	455	봉이	NNG
전주 여행	455	입니다	VCP+EC
전주 여행	455	7000	SN
전주 여행	455	8000	SN
전주 여행	455	흐노	NNP
전주 여행	455	마시	VV
전주 여행	455	랑게	EC
전주 여행	455	전망	NNG
전주 여행	456	혼자	NNG
전주 여행	456	아무래도	MAG
전주 여행	456	사람	NNG
전주 여행	456	으면	EC
전주 여행	456	맛집	NNG
전주 여행	456	에서	JKB
전주 여행	456	혼자	MAG
전주 여행	456	아서	EC
전주 여행	456	중순	NNG
전주 여행	456	즐기	VV
전주 여행	456	계절	NNG
전주 여행	456	입니다	VCP+EF
전주 여행	456	하지만	MAJ
전주 여행	456	현재	NNG
전주 여행	456	코로나	NNP
전주 여행	456	19	SN
전주 여행	456	인해	VV+EC
전주 여행	456	여행객	NNG
전주 여행	456	줄어들	VV
전주 여행	456	으므로	EC
전주 여행	456	사람	NNG
전주 여행	456	으로	JKB
전주 여행	456	예상	NNG
전주 여행	456	됩니다	XSV+EF
전주 여행	456	맛집	NNG
전주 여행	457	이번	NNG
전주 여행	457	16	SN
전주 여행	457	친구	NNG
전주 여행	457	하고	JC
전주 여행	457	는데	EC
전주 여행	457	궁금	XR
전주 여행	457	아서	EC
전주 여행	457	하나하나	MAG
전주 여행	457	답장	NNG
전주 여행	457	감사	NNG
전주 여행	457	습니다	EF
전주 여행	457	여수	NNP
전주 여행	457	에서	JKB
전주 여행	457	KTX	SL
전주 여행	457	왕복	NNG
전주 여행	457	기차표	NNG
전주 여행	457	얼마	NNG
전주 여행	457	인가요	VCP+EC
전주 여행	457	을까요	EC
전주 여행	458	월요일	NNG
전주 여행	458	휴무	NNG
전주 여행	458	나요	EF
전주 여행	458	맛집	NNG
전주 여행	458	국내	NNG
전주 여행	458	주달	NNG
전주 여행	458	티비	NNG
전주 여행	458	코스	NNG
전주 여행	458	여수	NNG
전주 여행	458	여수	NNG
전주 여행	458	제주	NNP
전주 여행	458	제주도	NNP
전주 여행	458	전문	NNG
전주 여행	458	언서	NNG
전주 여행	458	주달	NNG
전주 여행	458	봉이	NNG
전주 여행	458	입니다	VCP+EF
전주 여행	458	걱정	NNG
전주 여행	458	셔도	EP+EC
전주 여행	458	셔요	EC
전주 여행	458	대부분	NNG
전주 여행	458	오픈	NNG
전주 여행	458	합니다	XSV+EC
전주 여행	459	내일	MAG
전주 여행	459	당일치기	NNG
전주 여행	459	부모	NNG
전주 여행	459	맛집	NNG
전주 여행	459	국내	NNG
전주 여행	459	주달	NNG
전주 여행	459	티비	NNG
전주 여행	459	코스	NNG
전주 여행	459	여수	NNG
전주 여행	459	여수	NNG
전주 여행	459	제주	NNP
전주 여행	459	제주도	NNP
전주 여행	459	전문	NNG
전주 여행	459	언서	NNG
전주 여행	459	주달	NNG
전주 여행	459	봉이	NNG
전주 여행	459	입니다	VCP+EF
전주 여행	459	바다	NNP
전주 여행	459	군산	NNP
전주 여행	459	새만금	NNP
전주 여행	459	돌아보	VV
전주 여행	460	갈만	NNG
전주 여행	460	숙소	NNG
전주 여행	460	한옥마을	NNP
전주 여행	460	게스트	NNP
전주 여행	460	하우스	NNP
전주 여행	460	안녕	NNG
전주 여행	460	세요	EP+EF
전주 여행	460	가족	NNG
전주 여행	460	함께	MAG
전주 여행	460	려고	EC
전주 여행	460	합니다	VX+EF
전주 여행	460	한옥마을	NNP
전주 여행	460	유명	XR
전주 여행	460	한번	MAG
전주 여행	460	했었	VX+EP
전주 여행	460	는데	EC
전주 여행	460	이번	NNG
전주 여행	460	기회	NNG
전주 여행	460	다녀와	VV+EC
전주 여행	460	려구요	EC
전주 여행	460	전라도	NNP
전주 여행	460	음식	NNG
전주 여행	460	맛있	VA
전주 여행	460	다고	EC
전주 여행	460	전라도	NNP
전주 여행	460	대표	NNG
전주 여행	460	음식	NNG
전주 여행	460	아니	VCN
전주 여행	460	맛집	NNG
전주 여행	461	코스	NNG
전주 여행	461	추천	NNG
전주 여행	461	코스	NNG
전주 여행	461	추천	NNG
전주 여행	461	여수	NNP
전주 여행	461	맛집	NNG
전주 여행	461	여수	NNG
전주 여행	461	주달	NNG
전주 여행	461	티비	NNG
전주 여행	461	코스	NNG
전주 여행	461	여수	NNG
전주 여행	461	여수	NNG
전주 여행	461	언서	NNG
전주 여행	461	주달	NNG
전주 여행	461	봉이	NNG
전주 여행	461	입니다	VCP+EF
전주 여행	461	코스	NNG
전주 여행	461	대부분	NNG
전주 여행	461	한옥	NNG
전주 여행	461	마을	NNG
전주 여행	461	에서	JKB
전주 여행	461	시작	NNG
전주 여행	461	합니다	VV+EC
전주 여행	462	볼거리	NNG
전주 여행	462	이번	NNG
전주 여행	462	거리	NNG
전주 여행	462	맛집	NNG
전주 여행	462	알려	VV+EC
전주 여행	462	세요	EP+EF
전주 여행	462	에서	JKB
전주 여행	462	추천	NNG
전주 여행	462	드리	VX
전주 여행	462	습니다	EF
전주 여행	462	한옥마을	NNP
전주 여행	462	동물원	NNP
전주 여행	462	한국도로공사	NNP
전주 여행	462	수목원	NNG
전주 여행	462	덕진	NNP
전주 여행	462	공원	NNG
전주 여행	462	난장	NNG
전주 여행	463	카페	NNP
전주 여행	463	추천	NNG
전주 여행	463	세요	EP+EF
전주 여행	463	맛집	NNG
전주 여행	463	국내	NNG
전주 여행	463	주달	NNG
전주 여행	463	티비	NNG
전주 여행	463	코스	NNG
전주 여행	463	여수	NNG
전주 여행	463	여수	NNG
전주 여행	463	제주	NNP
전주 여행	463	제주도	NNP
전주 여행	463	전문	NNG
전주 여행	463	언서	NNG
전주 여행	463	주달	NNG
전주 여행	463	봉이	NNG
전주 여행	463	입니다	VCP+EF
전주 여행	463	아쉽	VA
전주 여행	463	주이	NNG
전주 여행	463	바다	NNG
전주 여행	463	어서	EC
전주 여행	464	가족	NNG
전주 여행	464	코스	NNG
전주 여행	464	드려요	VV+EF
전주 여행	464	맛집	NNG
전주 여행	464	국내	NNG
전주 여행	464	주달	NNG
전주 여행	464	티비	NNG
전주 여행	464	코스	NNG
전주 여행	464	여수	NNG
전주 여행	464	여수	NNG
전주 여행	464	제주	NNP
전주 여행	464	제주도	NNP
전주 여행	464	전문	NNG
전주 여행	464	언서	NNG
전주 여행	464	주달	NNG
전주 여행	464	봉이	NNG
전주 여행	464	입니다	VCP+EF
전주 여행	464	코스	NNG
전주 여행	464	한옥	NNG
전주 여행	464	마을	NNG
전주 여행	464	에서부터	JKB
전주 여행	465	코스	NNG
전주 여행	465	일정	NNG
전주 여행	465	추천	NNG
전주 여행	465	부탁	NNG
전주 여행	465	드려요	VV+EC
전주 여행	465	토요일	NNG
전주 여행	465	하루	NNG
전주 여행	465	일정	NNG
전주 여행	465	괜찮	VA
전주 여행	465	은지	EC
전주 여행	465	수정	NNG
전주 여행	465	필요	NNG
전주 여행	465	부분	NNG
전주 여행	465	는지	EC
전주 여행	465	인근	NNG
전주 여행	465	맛집	NNG
전주 여행	465	는지	EC
전주 여행	465	등등	NNB
전주 여행	465	의견	NNG
전주 여행	465	부탁	NNG
전주 여행	465	드립니다	VV+EC
전주 여행	465	맛집	NNG
전주 여행	465	국내	NNG
전주 여행	465	주달	NNG
전주 여행	465	티비	NNG
전주 여행	465	코스	NNG
전주 여행	465	여수	NNG
전주 여행	465	여수	NNG
전주 여행	465	제주	NNP
전주 여행	466	려는데	EC
전주 여행	466	한옥	NNG
전주 여행	466	마을	NNG
전주 여행	466	근처	NNG
전주 여행	466	에서	JKB
전주 여행	466	숙박	NNG
전주 여행	466	한다면	XSV+EC
전주 여행	466	어디	NP
전주 여행	466	어디	NP
전주 여행	466	어떤	MM
전주 여행	466	맛집	NNG
전주 여행	466	은지	EC
전주 여행	466	버스	NNG
전주 여행	466	택시	NNG
전주 여행	466	조금	MAG
전주 여행	466	나가	VV+EC
전주 여행	466	어딘지	NP+VCP+EC
전주 여행	466	등등	NNB
전주 여행	466	추천	NNG
전주 여행	466	세요	EP+EF
전주 여행	466	다른	MM
전주 여행	466	어디	NP
전주 여행	467	코스	NNG
전주 여행	467	아침	NNG
전주 여행	467	으로	JKB
전주 여행	467	현대	NNG
전주 여행	467	본점	NNG
전주 여행	467	점심	NNG
전주 여행	467	으로	JKB
전주 여행	467	비빔	NNG
전주 여행	467	소리	NNG
전주 여행	467	려고	EC
전주 여행	467	는데	EC
전주 여행	467	대옥	NNG
전주 여행	467	비빔	NNG
전주 여행	467	소리	NNG
전주 여행	467	중간	NNG
전주 여행	467	어디	NP
전주 여행	467	구경	NNG
전주 여행	467	이나	JC
전주 여행	467	갈만	NNG
전주 여행	467	을까요	EC
전주 여행	467	맛집	NNG
전주 여행	467	국내	NNG
전주 여행	467	주달	NNG
전주 여행	467	티비	NNG
전주 여행	467	코스	NNG
전주 여행	468	전라도	NNP
전주 여행	468	려고	EC
전주 여행	468	는데	EC
전주 여행	468	봐서	VX+EC
전주 여행	468	이나	JX
전주 여행	468	예정	NNG
전주 여행	468	인데	VCP+EC
전주 여행	468	추천	NNG
전주 여행	468	아용	EC
전주 여행	468	체험	NNG
전주 여행	468	구용	NNG
전주 여행	468	에서	JKB
전주 여행	468	추천	NNG
전주 여행	468	드리	VX
전주 여행	468	습니다	EF
전주 여행	468	한옥마을	NNP
전주 여행	469	참고	NNG
전주 여행	469	저희	NP
전주 여행	469	뚜벅	MAG
전주 여행	469	계획	NNG
전주 여행	469	군요	EF
전주 여행	469	그럼	MAJ
전주 여행	469	에서	JKB
전주 여행	469	추천	NNG
전주 여행	469	드리	VX
전주 여행	469	습니다	EF
전주 여행	469	한국	NNP
전주 여행	469	도로공사	NNP
전주 여행	469	수목원	NNG
전주 여행	469	동물원	NNP
전주 여행	469	자만	NNP
전주 여행	469	마을	NNG
전주 여행	469	벽화	NNG
전주 여행	469	갤러리	NNG
전주 여행	469	국립	NNG
전주 여행	469	주박	NNG
전주 여행	469	물관	NNG
전주 여행	470	코스	NNG
전주 여행	470	추천	NNG
전주 여행	470	코스	NNG
전주 여행	470	추천	NNG
전주 여행	470	안녕	NNG
전주 여행	470	세요	EP+EF
전주 여행	470	맛집	NNG
전주 여행	470	블로그	NNG
전주 여행	470	주달	NNG
전주 여행	470	봉이	NNG
전주 여행	470	입니다	VCP+EF
전주 여행	470	대부분	NNG
전주 여행	470	코스	NNG
전주 여행	470	놀러오	VV
전주 여행	470	십니다	EP+EF
전주 여행	470	한옥마을	NNP
전주 여행	470	경기전	NNG
전주 여행	470	남부	NNG
전주 여행	470	시장	NNG
전주 여행	470	시장	NNG
전주 여행	470	벽화	NNG
전주 여행	470	마을	NNG
전주 여행	470	전동성당	NNP
전주 여행	470	향교	NNG
전주 여행	470	목대	NNG
전주 여행	470	이렇게	MAG
전주 여행	470	많이	MAG
전주 여행	470	둘러보	VV
전주 여행	470	추가	NNG
전주 여행	471	코스	NNG
전주 여행	471	동선	NNG
전주 여행	471	세요	EP+EF
전주 여행	471	숙소	NNG
전주 여행	471	완산구	NNP
전주 여행	471	서신동	NNP
전주 여행	471	입니다	VCP+EF
전주 여행	471	맛집	NNG
전주 여행	471	국내	NNG
전주 여행	471	주달	NNG
전주 여행	471	티비	NNG
전주 여행	471	코스	NNG
전주 여행	471	여수	NNG
전주 여행	471	여수	NNG
전주 여행	471	제주	NNP
전주 여행	471	제주도	NNP
전주 여행	471	전문	NNG
전주 여행	471	언서	NNG
전주 여행	471	주달	NNG
전주 여행	471	봉이	NNG
전주 여행	471	입니다	VCP+EC
전주 여행	471	한옥마을	NNP
전주 여행	472	크리스마스	NNG
전주 여행	472	당일치기	NNG
전주 여행	472	습니다	EF
전주 여행	472	고등학생	NNG
전주 여행	472	인데요	VCP+EF
전주 여행	472	어느	MM
전주 여행	472	정도	NNG
전주 여행	472	을까요	EC
전주 여행	472	제대로	MAG
전주 여행	472	답변	NNG
전주 여행	472	세요	EP+EF
전주 여행	472	대학	NNG
전주 여행	472	투어	NNG
전주 여행	472	공연	NNG
전주 여행	472	연극	NNG
전주 여행	472	추천	NNG
전주 여행	472	드릴께요	VX+EF
전주 여행	473	는데	EC
전주 여행	473	그런진	VA+EC+JX
전주 여행	473	모르	VV
전주 여행	473	지만	EC
전주 여행	473	그냥	MAG
전주 여행	473	전라도	NNP
전주 여행	473	사투리	NNG
전주 여행	473	더라구요	EF
전주 여행	473	억양	NNG
전주 여행	473	그런	MM
전주 여행	473	거북	NNG
전주 여행	473	는데	EC
전주 여행	473	갔었	VV+EP
전주 여행	473	는데	EC
전주 여행	473	무슨	MM
전주 여행	473	인진	VCP+EC+JX
전주 여행	473	모르	VV
전주 여행	473	지만	EC
전주 여행	473	사람	NNG
전주 여행	473	전라도	NNP
전주 여행	473	사투리	NNG
전주 여행	473	던데요	EC
전주 여행	473	의외	NNG
전주 여행	473	어요	EF
전주 여행	473	전라북도	NNP
전주 여행	473	전주시	NNP
전주 여행	473	아닌가요	VCN+EC
전주 여행	474	코스	NNG
전주 여행	474	추천	NNG
전주 여행	474	조언	NNG
전주 여행	474	세요	EP+EF
전주 여행	474	한옥마을	NNP
전주 여행	474	경기전	NNG
전주 여행	474	난장	NNG
전주 여행	474	국립	NNG
전주 여행	474	박물관	NNG
전주 여행	474	동물원	NNG
전주 여행	474	이동	NNG
전주 여행	474	수단	NNG
전주 여행	474	자동차	NNG
전주 여행	474	맛집	NNG
전주 여행	474	국내	NNG
전주 여행	474	주달	NNG
전주 여행	474	티비	NNG
전주 여행	474	코스	NNG
전주 여행	474	여수	NNG
전주 여행	474	여수	NNG
전주 여행	474	제주	NNP
전주 여행	475	뚜벅	MAG
전주 여행	475	으로	JKB
전주 여행	475	려는데	EC
전주 여행	475	한옥	NNG
전주 여행	475	마을	NNG
전주 여행	475	근처	NNG
전주 여행	475	..	SY
전주 여행	475	이용	NNG
전주 여행	475	장소	NNG
전주 여행	475	에서	JKB
전주 여행	475	장소	NNG
전주 여행	475	운송	NNG
전주 여행	475	가능	NNG
전주 여행	475	합니다	XSA+EF
전주 여행	475	가격	NNG
전주 여행	475	저렴	XR
전주 여행	475	통해	VV+EC
전주 여행	475	실시간	NNG
전주 여행	475	으로	JKB
전주 여행	475	주문	NNG
전주 여행	475	현황	NNG
전주 여행	475	확인	NNG
전주 여행	475	까지	JX
전주 여행	475	가능	NNG
전주 여행	475	편리	NNG
전주 여행	475	이용	NNG
전주 여행	475	가능	NNG
전주 여행	475	뚜벅	MAG
전주 여행	475	참고	NNG
전주 여행	475	세요	EP+EF
전주 여행	475	즐거운	VA+ETM
전주 여행	475	바랄	VV+ETM
전주 여행	475	게요	NNB+VCP+EC
전주 여행	476	일정	NNG
전주 여행	476	이번	NNG
전주 여행	476	는데	EC
전주 여행	476	소요	NNG
전주 여행	476	시간	NNG
전주 여행	476	어요	EF
전주 여행	476	한옥마을	NNP
전주 여행	476	초코파이	NNP
전주 여행	476	체험	NNG
전주 여행	476	수목원	NNG
전주 여행	476	드림	VV+ETM
전주 여행	476	랜드	NNG
전주 여행	476	으로	JKB
전주 여행	476	는데	EC
전주 여행	476	이동	NNG
전주 여행	476	시간	NNG
전주 여행	476	얼마나	MAG
전주 여행	476	걸릴까요	VV+EF
전주 여행	476	자세	XR
전주 여행	476	부탁	NNG
전주 여행	476	드릴게요	VV+EC
전주 여행	476	우선	MAG
전주 여행	476	한옥마을	NNP
전주 여행	476	초코파이	NNP
전주 여행	476	체험	NNG
전주 여행	476	장이	XSN
전주 여행	476	으니까요	EC
전주 여행	476	이걸	NP+JKO
전주 여행	477	이번	NNG
전주 여행	477	태교	NNG
전주 여행	477	으로	JKB
전주 여행	477	려고	EC
전주 여행	477	는데	EC
전주 여행	477	강아지	NNG
전주 여행	477	..	SY
전주 여행	477	맛집	NNG
전주 여행	477	국내	NNG
전주 여행	477	주달	NNG
전주 여행	477	티비	NNG
전주 여행	477	코스	NNG
전주 여행	477	여수	NNG
전주 여행	477	여수	NNG
전주 여행	477	제주	NNP
전주 여행	477	제주도	NNP
전주 여행	477	전문	NNG
전주 여행	477	언서	NNG
전주 여행	477	주달	NNG
전주 여행	477	봉이	NNG
전주 여행	477	입니다	VCP+EF
전주 여행	477	숙소	NNG
전주 여행	477	힘드	VA
전주 여행	477	다면	EC
전주 여행	477	바닷가	NNG
전주 여행	478	추천	NNG
전주 여행	478	세요	EP+EF
전주 여행	478	추천	NNG
전주 여행	478	세요	EP+EF
전주 여행	478	주식	NNG
전주 여행	478	문화	NNG
전주 여행	478	전일	NNG
전주 여행	478	슈퍼	NNG
전주 여행	478	주만	NNP
전주 여행	478	문화	NNG
전주 여행	478	피큐어	NNP
전주 여행	478	평점	NNG
전주 여행	478	AA	SL
전주 여행	478	전주식	NNP
전주 여행	478	한정식	NNP
전주 여행	478	최고봉	NNP
전주 여행	478	수구	NNP
전주 여행	478	전라	NNP
전주 여행	478	회관	NNG
전주 여행	478	전주비빔밥	NNG
전주 여행	478	최고봉	NNG
전주 여행	478	고궁	NNG
전주 여행	478	성미	NNG
전주 여행	478	토종	NNG
전주 여행	478	명품	NNG
전주 여행	478	사용	NNG
전주 여행	478	리의	NNG
전주 여행	479	혼자	NNG
전주 여행	479	코스	NNG
전주 여행	479	질문	NNG
전주 여행	479	정보	NNG
전주 여행	479	정리	NNG
전주 여행	479	습니다	EF
전주 여행	479	참고	NNG
전주 여행	479	세요	EP+EF
전주 여행	479	에서	JKB
전주 여행	479	덕진	NNP
전주 여행	479	공원	NNG
전주 여행	479	추천	NNP
전주 여행	479	덕진	NNP
전주 여행	479	공원	NNG
전주 여행	479	터미널	NNG
전주 여행	479	에서	JKB
전주 여행	479	가장	MAG
전주 여행	479	가까운	VA+ETM
전주 여행	479	에요	EF
전주 여행	479	산책	NNG
전주 여행	479	호수	NNG
전주 여행	479	공원	NNG
전주 여행	479	에요	EF
전주 여행	479	덕진	NNP
전주 여행	479	공원	NNG
전주 여행	479	생략	NNG
전주 여행	479	곧바로	MAG
전주 여행	479	남부	NNG
전주 여행	479	시장	NNG
전주 여행	480	갈려고	VV+EC
전주 여행	480	는데	EC
전주 여행	480	맛집	NNG
전주 여행	480	국내	NNG
전주 여행	480	주달	NNG
전주 여행	480	티비	NNG
전주 여행	480	코스	NNG
전주 여행	480	여수	NNG
전주 여행	480	여수	NNG
전주 여행	480	제주	NNP
전주 여행	480	제주도	NNP
전주 여행	480	전문	NNG
전주 여행	480	언서	NNG
전주 여행	480	주달	NNG
전주 여행	480	봉이	NNG
전주 여행	480	입니다	VCP+EF
전주 여행	480	코스	NNG
전주 여행	480	한옥	NNG
전주 여행	480	마을	NNG
전주 여행	480	에서부터	JKB
전주 여행	480	시작	NNG
전주 여행	481	부모	NNG
전주 여행	481	려고	EC
전주 여행	481	는데	EC
전주 여행	481	정보	NNG
전주 여행	481	하나	NR
전주 여행	481	어서요	EC
전주 여행	481	숙소	NNG
전주 여행	481	어디	NP
전주 여행	481	은지	EC
전주 여행	481	관광지	NNG
전주 여행	481	어디	NP
전주 여행	481	는지	EC
전주 여행	481	추천	NNG
전주 여행	481	부탁	NNG
전주 여행	481	드려요	VV+EC
전주 여행	481	맛집	NNG
전주 여행	481	국내	NNG
전주 여행	481	주달	NNG
전주 여행	481	티비	NNG
전주 여행	481	코스	NNG
전주 여행	481	여수	NNG
전주 여행	482	코스	NNG
전주 여행	482	!!	SY
전주 여행	482	이미	MAG
전주 여행	482	마치	VV
전주 여행	482	복귀	NNG
전주 여행	482	네요	EF
전주 여행	482	저희	NP
전주 여행	482	지난주	NNG
전주 여행	482	당일	NNG
전주 여행	482	코스	NNG
전주 여행	482	다녀왔	VV+EP
전주 여행	482	는데요	EF
전주 여행	482	주말	NNG
전주 여행	482	라서	EC
전주 여행	482	그런지	VA+EC
전주 여행	482	관광지	NNG
전주 여행	482	사람	NNG
전주 여행	482	아서	EC
전주 여행	482	생각	NNG
전주 여행	482	처럼	JKB
전주 여행	482	많이	MAG
전주 여행	482	둘러보	VV
전주 여행	482	못해서	VX+EC
전주 여행	482	아쉽	VA
전주 여행	482	더라고요	EC
전주 여행	482	최소한	NNG
전주 여행	483	당일치기	NNG
전주 여행	483	려고	EC
전주 여행	483	는데	EC
전주 여행	483	질문	NNG
전주 여행	483	습니다	EF
전주 여행	483	맛집	NNG
전주 여행	483	국내	NNG
전주 여행	483	주달	NNG
전주 여행	483	티비	NNG
전주 여행	483	코스	NNG
전주 여행	483	여수	NNG
전주 여행	483	여수	NNG
전주 여행	483	제주	NNP
전주 여행	483	제주도	NNP
전주 여행	483	전문	NNG
전주 여행	483	언서	NNG
전주 여행	483	주달	NNG
전주 여행	483	봉이	NNG
전주 여행	483	입니다	VCP+EF
전주 여행	483	기지	NNG
전주 여행	483	산책	NNG
전주 여행	483	저녁	NNG
전주 여행	483	많이	MAG
전주 여행	483	셔서	EP+EC
전주 여행	484	는데	EC
전주 여행	484	코스	NNG
전주 여행	484	추천	NNG
전주 여행	484	부탁	NNG
전주 여행	484	드려요	VV+EC
전주 여행	484	~^^	SY
전주 여행	484	남자	NNG
전주 여행	484	친구	NNG
전주 여행	484	생일	NNG
전주 여행	484	으로	JKB
전주 여행	484	는데	EC
전주 여행	484	처음	NNG
전주 여행	484	코스	NNG
전주 여행	484	으면	EC
전주 여행	484	추천	NNG
전주 여행	484	부탁드립니다	VV+EC
전주 여행	484	숙소	NNG
전주 여행	484	한옥마을	NNP
전주 여행	484	도보	NNP
전주 여행	484	10	SN
전주 여행	484	거리	NNG
전주 여행	484	자차	NNG
전주 여행	484	어서	EC
전주 여행	484	이동은	NNP
전주 여행	484	문제	NNG
전주 여행	484	습니다	EF
전주 여행	484	맛집	NNG
전주 여행	484	추천	NNG
전주 여행	484	부탁	NNG
전주 여행	484	드려요	VV+EC
전주 여행	484	안녕	NNG
전주 여행	484	세요	EP+EF
전주 여행	484	AI	SL
전주 여행	485	한옥	NNG
전주 여행	485	마을	NNG
전주 여행	485	남자	NNG
전주 여행	485	혼자	NNG
전주 여행	485	예정	NNG
전주 여행	485	입니다	VCP+EF
전주 여행	485	욕조	NNG
전주 여행	485	굉장히	MAG
전주 여행	485	무리	NNG
전주 여행	485	질문	NNG
전주 여행	485	지만	EC
전주 여행	485	혹시나	MAG
전주 여행	485	해서	VV+EC
전주 여행	485	맛집	NNG
전주 여행	485	국내	NNG
전주 여행	485	주달	NNG
전주 여행	485	티비	NNG
전주 여행	485	코스	NNG
전주 여행	485	여수	NNG
전주 여행	485	여수	NNG
전주 여행	485	제주	NNP
전주 여행	485	제주도	NNP
전주 여행	485	전문	NNG
전주 여행	485	언서	NNG
전주 여행	486	는데	EC
전주 여행	486	렌트	NNG
전주 여행	486	을까	EC
전주 여행	486	는데	EC
전주 여행	486	렌트	NNG
전주 여행	486	을까요	EC
전주 여행	486	안녕	NNG
전주 여행	486	세요	EP+EF
전주 여행	486	천만	NR
전주 여행	486	려인	NNG
전주 여행	486	함께	MAG
전주 여행	486	애견	NNG
전주 여행	486	동반	NNG
전주 여행	486	플랫	NNG
전주 여행	486	하트	NNG
전주 여행	486	입니다	VCP+EF
전주 여행	486	도시	NNG
전주 여행	486	라서	VCP+EC
전주 여행	486	택시	NNG
전주 여행	486	이동	NNG
전주 여행	486	해도	VV+EC
전주 여행	486	불편	NNG
전주 여행	486	습니다	EF
전주 여행	486	답변	NNG
전주 여행	486	도움	NNG
전주 여행	486	다면	EC
전주 여행	486	채택	NNG
전주 여행	486	부탁드립니다	VV+EC
전주 여행	487	코스	NNG
전주 여행	487	질문	NNG
전주 여행	487	드려요	VV+EC
전주 여행	487	이상	NNG
전주 여행	487	문의	NNG
전주 여행	487	통상	NNG
전주 여행	487	안내	NNG
전주 여행	487	드리	VX
전주 여행	487	정보	NNG
전주 여행	487	입니다	VCP+EF
전주 여행	487	질문	NNG
전주 여행	487	간단히	MAG
전주 여행	487	요약	NNG
전주 여행	487	드리	VX
전주 여행	487	먼저	MAG
전주 여행	487	사이트	NNG
전주 여행	487	들어가	VV
전주 여행	487	셔서	EP+EC
전주 여행	487	예약	NNG
전주 여행	487	오전	NNG
전주 여행	488	코스	NNG
전주 여행	488	질문	NNG
전주 여행	488	내공	NNG
전주 여행	488	어요	EF
전주 여행	488	100	SN
전주 여행	488	부산	NNP
전주 여행	488	에서	JKB
전주 여행	488	려고	EC
전주 여행	488	합니다	VX+EF
전주 여행	488	자차	NNG
전주 여행	488	아닌	VCN+ETM
전주 여행	488	버스	NNG
전주 여행	488	위주	NNG
전주 여행	488	려고	EC
전주 여행	488	합니다	VX+EF
전주 여행	488	그리고	MAJ
전주 여행	488	아니	VCN
전주 여행	488	다가	EC
전주 여행	488	에서	JKB
전주 여행	488	가깝	VA
전주 여행	488	거나	EC
전주 여행	488	버스	NNG
전주 여행	488	시간	NNBC
전주 여행	488	정도	NNG
전주 여행	488	다른	MM
전주 여행	488	지역	NNG
전주 여행	488	은데	EC
전주 여행	488	많이	MAG
전주 여행	488	다니	VV
전주 여행	489	코스	NNG
전주 여행	489	추천	NNG
전주 여행	489	코스	NNG
전주 여행	489	추천	NNG
전주 여행	489	세염	NNG
전주 여행	489	동물원	NNP
전주 여행	489	걍기전	UNKNOWN
전주 여행	489	한옥마을	NNP
전주 여행	489	덕진	NNP
전주 여행	489	연못	NNG
전주 여행	489	으로	JKB
전주 여행	489	가보세요	NNG
전주 여행	490	코스	NNG
전주 여행	490	알려	VV+EC
전주 여행	490	세요	EP+EF
전주 여행	490	안녕	IC
전주 여행	490	세요	EP+EF
전주 여행	490	당일치기	NNG
전주 여행	490	코스	NNG
전주 여행	490	세요	EP+EF
전주 여행	490	동물원	NNG
전주 여행	490	한옥마을	NNP
전주 여행	490	수목원	NNG
전주 여행	490	팔복	NNG
전주 여행	490	예술	NNG
전주 여행	490	공장	NNG
전주 여행	490	드림	VV+ETM
전주 여행	490	랜드	NNG
전주 여행	490	당일치기	NNG
전주 여행	490	코스	NNG
전주 여행	490	알려	VV+EC
전주 여행	490	세요	EP+EF
전주 여행	490	자가용	NNG
전주 여행	490	으로	JKB
전주 여행	490	이동	NNG
전주 여행	490	신다면	EP+EC
전주 여행	490	아래	NNG
전주 여행	490	코스	NNG
전주 여행	490	시간	NNG
전주 여행	490	아낄	VV+ETM
전주 여행	491	코스	NNG
전주 여행	491	질문	NNG
전주 여행	491	코스	NNG
전주 여행	491	관련	NNG
전주 여행	491	답변	NNG
전주 여행	491	드리	VV
전주 여행	491	습니다	EF
전주 여행	491	가족	NNG
전주 여행	491	함께	MAG
전주 여행	491	계획	NNG
전주 여행	491	군요	EF
전주 여행	491	추천	NNG
전주 여행	491	명소	NNG
전주 여행	491	맛집	NNG
전주 여행	491	포함	NNG
전주 여행	491	해서	XSV+EC
전주 여행	491	여다	VV+EC
전주 여행	491	에서	JKB
전주 여행	491	맞춤	NNG
전주 여행	491	코스	NNG
전주 여행	491	준비	NNG
전주 여행	491	어요	EF
전주 여행	491	아래	NNG
전주 여행	491	첨부	NNG
전주 여행	491	일정	NNG
전주 여행	492	당일치기	NNG
전주 여행	492	코스	NNG
전주 여행	492	처음	NNG
전주 여행	492	으로	JKB
전주 여행	492	라서	VCP+EC
전주 여행	492	많이	MAG
전주 여행	492	어요	EF
전주 여행	492	일단	MAG
전주 여행	492	한옥	NNG
전주 여행	492	마을	NNG
전주 여행	492	에서	JKB
전주 여행	492	한복	NNG
전주 여행	492	빌려서	VV+EC
전주 여행	492	한옥마을	NNP
전주 여행	492	전동성당	NNP
전주 여행	492	이랑	JC
전주 여행	492	경기전	NNG
전주 여행	492	그리고	MAJ
전주 여행	492	자만	NNG
전주 여행	492	벽화	NNG
전주 여행	492	마을	NNG
전주 여행	492	까지	JX
전주 여행	492	정했	VV+EP
전주 여행	492	는데	EC
전주 여행	492	다른	MM
전주 여행	492	못했	VX+EP
전주 여행	492	어요	EF
전주 여행	492	한옥마을	NNP
전주 여행	493	초등	NNG
전주 여행	493	아이	NNG
전주 여행	493	코스	NNG
전주 여행	493	맛집	NNG
전주 여행	493	추천	NNG
전주 여행	493	부탁	NNG
전주 여행	493	합니다	XSV+EF
전주 여행	493	아이	NNG
전주 여행	493	계획	NNG
전주 여행	493	계시	VX
전주 여행	493	군요	EF
전주 여행	493	에서	JKB
전주 여행	493	아이	NNG
전주 여행	493	함께	MAG
전주 여행	493	군데	NNBC
전주 여행	493	추천	NNG
전주 여행	493	드려	VV+EC
전주 여행	493	도록	EC
전주 여행	493	습니다	EF
전주 여행	493	한옥마을	NNP
전주 여행	493	이미	MAG
전주 여행	493	계획	NNG
전주 여행	493	장소	NNG
전주 여행	493	한옥마을	NNP
전주 여행	493	예요	EC
전주 여행	493	한복	NNG
전주 여행	493	한옥마을	NNP
전주 여행	493	거닐	VV
전주 여행	493	사진	NNG
전주 여행	494	합니다	XSV+EF
전주 여행	494	ㅠㅠ	UNKNOWN
전주 여행	494	코스	NNG
전주 여행	494	코스	NNG
전주 여행	494	추천	NNG
전주 여행	494	드립니다	VV+EF
전주 여행	494	안녕	IC
전주 여행	494	세요	EP+EF
전주 여행	494	전문	NNG
전주 여행	494	블로거	NNP
전주 여행	494	쭈니	NNP
전주 여행	494	아빠	NNG
전주 여행	494	입니다	VCP+EF
전주 여행	494	방학	NNG
전주 여행	494	아서	EC
전주 여행	494	친구	NNG
전주 여행	494	준비	NNG
전주 여행	494	계시	VX
전주 여행	494	네요	EF
전주 여행	494	한옥마을	NNP
전주 여행	494	중심	NNG
전주 여행	494	으로	JKB
전주 여행	494	터미널	NNG
전주 여행	494	에서	JKB
전주 여행	494	버스	NNG
전주 여행	494	한옥	NNG
전주 여행	494	마을	NNG
전주 여행	495	순서	NNG
전주 여행	495	알려	VV+EC
전주 여행	495	세요	EP+EF
전주 여행	495	려고	EC
전주 여행	495	는데요	EC
전주 여행	495	덕진	NNP
전주 여행	495	공원	NNG
전주 여행	495	동물원	NNG
전주 여행	495	한옥	NNG
전주 여행	495	마을	NNG
전주 여행	495	남부	NNG
전주 여행	495	시장	NNG
전주 여행	495	려고	EC
전주 여행	495	합니다	VX+EF
전주 여행	495	시외버스	NNG
전주 여행	495	공용	NNG
전주 여행	495	터미널	NNG
전주 여행	495	에서	JKB
전주 여행	495	가까운	VA+ETM
전주 여행	495	순서	NNG
전주 여행	495	어떻게	MAG
전주 여행	495	될까요	VV+EF
전주 여행	495	그리고	MAJ
전주 여행	495	근처	NNG
전주 여행	495	가까운	VA+ETM
전주 여행	495	바닷가	NNG
전주 여행	495	어디	NP
전주 여행	495	인가요	VCP+EC
전주 여행	495	구경	NNG
전주 여행	496	비용	NNG
전주 여행	496	안녕	NNG
전주 여행	496	세요	EP+EF
전주 여행	496	려는	ETM
전주 여행	496	학생	NNG
전주 여행	496	입니다	VCP+EF
전주 여행	496	수원	NNP
전주 여행	496	고요	EC
전주 여행	496	으로	JKB
전주 여행	496	가려	VV+EC
전주 여행	496	는데	EC
전주 여행	496	비용	NNG
전주 여행	496	어느	MM
전주 여행	496	정도	NNG
전주 여행	496	나올까요	VV+EF
전주 여행	496	수원	NNP
전주 여행	496	에서	JKB
전주 여행	496	까지	VV
전주 여행	496	자가용	NNG
전주 여행	496	으로	JKB
전주 여행	496	시간	NNBC
전주 여행	496	정도	NNG
전주 여행	496	걸리	VV
전주 여행	496	코스	NNG
전주 여행	496	인데요	VCP+EF
전주 여행	496	대중교통	NNG
전주 여행	496	으로	JKB
전주 여행	496	간다	VV+EC
전주 여행	496	라면	NNG
전주 여행	496	조금	MAG
전주 여행	497	음식점	NNG
전주 여행	497	25	SN
전주 여행	497	는데	EC
전주 여행	497	동물원	NNP
전주 여행	497	이랑	JC
전주 여행	497	레일바이크	NNP
전주 여행	497	아중	NNG
전주 여행	497	수지	NNG
전주 여행	497	목대	NNG
전주 여행	497	주변	NNG
전주 여행	497	맛집	NNG
전주 여행	497	이나	JC
전주 여행	497	음식	NNG
전주 여행	497	으면	EC
전주 여행	497	추천	NNG
전주 여행	497	세여	EP+EF
전주 여행	497	내공	NNP
전주 여행	497	100	SN
전주 여행	497	드려	VV+EC
전주 여행	497	추가	NNG
전주 여행	497	터미널	NNG
전주 여행	497	알려	VV+EC
전주 여행	497	고맙	VA
전주 여행	497	습니다	EF
전주 여행	497	답변	NNG
전주 여행	497	한옥	NNG
전주 여행	497	마을	NNG
전주 여행	497	에루화	IC
전주 여행	497	떡갈비	NNG
전주 여행	498	없이	MAG
전주 여행	498	려고	EC
전주 여행	498	해요	VX+EF
전주 여행	498	답변	NNG
전주 여행	498	미리	MAG
전주 여행	498	감사	NNG
전주 여행	498	해요	XSV+EF
전주 여행	498	맛집	NNG
전주 여행	498	국내	NNG
전주 여행	498	주달	NNG
전주 여행	498	티비	NNG
전주 여행	498	코스	NNG
전주 여행	498	여수	NNG
전주 여행	498	여수	NNG
전주 여행	498	제주	NNP
전주 여행	498	제주도	NNP
전주 여행	498	전문	NNG
전주 여행	498	언서	NNG
전주 여행	498	주달	NNG
전주 여행	498	봉이	NNG
전주 여행	498	입니다	VCP+EF
전주 여행	498	한옥	NNG
전주 여행	498	마을	NNG
전주 여행	498	모주	NNG
전주 여행	498	체험	NNG
전주 여행	499	가려	VV+EC
전주 여행	499	합니다	VX+EF
전주 여행	499	금요일	NNG
전주 여행	499	저녁	NNG
전주 여행	499	에서	JKB
전주 여행	499	토요일	NNG
전주 여행	499	까지	JX
전주 여행	499	려고	EC
전주 여행	499	합니다	VX+EC
전주 여행	499	한옥	NNG
전주 여행	499	마을	NNG
전주 여행	499	에서	JKB
전주 여행	499	터미널	NNG
전주 여행	499	어느	MM
전주 여행	499	가까운	VA+ETM
전주 여행	499	가요	NNG
전주 여행	499	시외버스	NNG
전주 여행	499	터미널	NNG
전주 여행	499	얼마나	MAG
전주 여행	499	가요	NNG
전주 여행	499	한옥	NNG
전주 여행	499	마을	NNG
전주 여행	499	근처	NNG
전주 여행	499	찜질방	NNG
전주 여행	499	에서	JKB
전주 여행	499	계획	NNG
전주 여행	499	인데	VCP+EC
전주 여행	499	어떤	MM
전주 여행	500	코스	NNG
전주 여행	500	질문	NNG
전주 여행	500	내용	NNG
전주 여행	500	토대	NNG
전주 여행	500	일정	NNG
전주 여행	500	으로	JKB
전주 여행	500	코스	NNG
전주 여행	500	정리	NNG
전주 여행	500	습니다	EF
전주 여행	500	참고	NNG
전주 여행	500	세요	EP+EF
전주 여행	500	오후	NNG
전주 여행	500	한옥마을	NNP
전주 여행	500	주변	NNG
전주 여행	500	저녁	NNG
전주 여행	500	남부	NNG
전주 여행	500	시장	NNG
전주 여행	500	야시장	NNG
전주 여행	500	한옥마을	NNP
전주 여행	500	야경	NNG
전주 여행	500	즐기	VV
전주 여행	500	오전	NNG
전주 여행	500	덕진	NNP
전주 여행	500	공원	NNG
전주 여행	500	오후	NNG
전주 여행	500	동물원	NNP
경주 여행	1	일정	NNG
경주 여행	1	세요	EP+EF
경주 여행	1	일정	NNG
경주 여행	1	세요	EP+EC
경주 여행	1	문자	NNG
경주 여행	1	에서	JKB
경주 여행	1	계획	NNG
경주 여행	1	군요	EF
경주 여행	1	특히	MAG
경주 여행	1	소록	NNG
경주 여행	1	스테이	NNG
경주 여행	1	에서	NNG
경주 여행	1	아래	NNG
경주 여행	1	일정	NNG
경주 여행	1	간략히	MAG
경주 여행	1	정리	NNG
경주 여행	1	드릴게요	VX+EC
경주 여행	1	일정	NNG
경주 여행	1	Day	SL
경주 여행	1	감성	NNG
경주 여행	1	가득	MAG
경주 여행	1	탐방	MAG
경주 여행	1	10	SN
경주 여행	1	30	SN
경주 여행	2	어머니	NNG
경주 여행	2	이제	MAG
경주 여행	2	어버이날	NNP
경주 여행	2	위해	VV+EC
경주 여행	2	어머니	NNG
경주 여행	2	할려고	VV+EC
경주 여행	2	합니다	VX+EF
경주 여행	2	정했	VV+EP
경주 여행	2	는데	EC
경주 여행	2	펜션	NNG
경주 여행	2	안녕	NNG
경주 여행	2	세요	EP+EF
경주 여행	2	어버이날	NNP
경주 여행	2	어머니	NNG
경주 여행	2	함께	MAG
경주 여행	2	계획	NNG
경주 여행	2	군요	EF
경주 여행	2	특별	NNG
경주 여행	2	시간	NNG
경주 여행	2	보내	VV
경주 여행	2	려는	ETM
경주 여행	2	마음	NNG
경주 여행	2	느껴져서	VV+EC+VX+EC
경주 여행	2	더욱	MAG
경주 여행	3	는데요	EC
경주 여행	3	동궁	NNG
경주 여행	3	월지	NNG
경주 여행	3	정교	NNG
경주 여행	3	야경	NNG
경주 여행	3	은데	EC
경주 여행	3	정상	NNG
경주 여행	3	운영	NNG
경주 여행	3	나요	EC
경주 여행	3	휴무일	NNG
경주 여행	3	따로	MAG
경주 여행	3	어서	EC
경주 여행	3	관람	NNG
경주 여행	3	방해	NNG
경주 여행	3	정도	NNG
경주 여행	3	날씨	NNG
경주 여행	3	나쁜	VA+ETM
경주 여행	3	상황	NNG
경주 여행	3	생겨서	VV+EC
경주 여행	3	통제	NNG
경주 여행	3	경우	NNG
경주 여행	3	아니	VCN
경주 여행	3	라면	EC
경주 여행	3	관람	NNG
경주 여행	3	가능	NNG
경주 여행	3	습니다	EF
경주 여행	4	30	SN
경주 여행	4	남자	NNG
경주 여행	4	친구	NNG
경주 여행	4	는데	EC
경주 여행	4	숙소	NNG
경주 여행	4	ktx	SL
경주 여행	4	개인	NNG
경주 여행	4	으로	JKB
경주 여행	4	30	SN
경주 여행	4	부족	NNG
경주 여행	4	할까요	XSV+EC
경주 여행	4	30	SN
경주 여행	4	으로	JKB
경주 여행	4	계획	NNG
경주 여행	4	계신다면	VX+EC
경주 여행	4	예산	NNG
경주 여행	4	어떻게	MAG
경주 여행	4	집행	NNG
경주 여행	4	느냐	EC
경주 여행	4	따라	VV+EC
경주 여행	4	충분	XR
경주 여행	4	부족	NNG
경주 여행	4	습니다	EF
경주 여행	5	맛집	NNG
경주 여행	5	은데	EC
경주 여행	5	맛집	NNG
경주 여행	5	추천	NNG
경주 여행	5	부탁	NNG
경주 여행	5	려뇨	EC
경주 여행	5	가이드	NNG
경주 여행	5	교통편	NNG
경주 여행	5	맛집	NNG
경주 여행	5	볼거리	NNG
경주 여행	5	까지	JX
경주 여행	5	모두	MAG
경주 여행	5	알려	VV+EC
경주 여행	5	한국	NNP
경주 여행	5	역사	NNG
경주 여행	5	문화	NNG
경주 여행	5	도시	NNG
경주 여행	5	명소	NNG
경주 여행	5	아요	EC
경주 여행	5	2025	SN
경주 여행	5	떠나	VV
경주 여행	6	추천	NNG
경주 여행	6	추천	NNG
경주 여행	6	세요	EP+EF
경주 여행	6	추천	NNG
경주 여행	6	입니다	VCP+EF
경주 여행	6	월드	NNG
경주 여행	6	국립	NNG
경주 여행	6	박물관	NNG
경주 여행	6	황리	NNG
경주 여행	6	첨성대	NNG
경주 여행	6	불국사	NNP
경주 여행	6	엑스포	NNG
경주 여행	6	공원	NNG
경주 여행	6	등등	NNB
경주 여행	6	입니다	VCP+EC
경주 여행	7	날씨	NNG
경주 여행	7	는데	EC
경주 여행	7	현재	MAG
경주 여행	7	날씨	NNG
경주 여행	7	어떤	MM
경주 여행	7	가요	NNG
경주 여행	7	쌓였	VV+EP
경주 여행	7	나요	EF
경주 여행	7	시외버스	NNG
경주 여행	7	는데	EC
경주 여행	7	빙판길	NNG
경주 여행	7	일까봐	VCP+EC+VX+EC
경주 여행	7	불안	NNG
경주 여행	7	해요	XSA+EF
경주 여행	7	그렇게	MAG
경주 여행	7	많이	MAG
경주 여행	7	날씨	NNG
경주 여행	7	많이	MAG
경주 여행	7	아요	EF
경주 여행	7	주말	NNG
경주 여행	7	다고	EC
경주 여행	7	해도	VV+EC
경주 여행	7	그때	NNG
경주 여행	7	예보	NNG
경주 여행	8	놓치	VV
경주 여행	8	아야	EC
경주 여행	8	맛집	NNG
경주 여행	8	카페	NNG
경주 여행	8	알려	VV+EC
경주 여행	8	세요	EP+EF
경주 여행	8	계획	NNG
경주 여행	8	맛집	NNG
경주 여행	8	카페	NNG
경주 여행	8	에서	JKB
경주 여행	8	특별	NNG
경주 여행	8	경험	NNG
경주 여행	8	습니다	EF
경주 여행	8	독특	XR
경주 여행	8	메뉴	NNG
경주 여행	8	특별	NNG
경주 여행	8	제공	NNG
경주 여행	8	혹은	MAJ
경주 여행	8	전통	NNG
경주 여행	8	분위기	NNG
경주 여행	8	현대	NNG
경주 여행	8	요소	NNG
경주 여행	8	조화	NNG
경주 여행	8	이루	VV
경주 여행	8	장소	NNG
경주 여행	8	대해	VV+EC
경주 여행	8	습니다	EF
경주 여행	8	황남빵	NNP
경주 여행	9	일정	NNG
경주 여행	9	어떻게	MAG
경주 여행	9	할지	VX+EC
경주 여행	9	고민	NNG
경주 여행	9	입니다	VCP+EF
경주 여행	9	아빠	NNG
경주 여행	9	엄마	NNG
경주 여행	9	아들	NNG
경주 여행	9	ktx	SL
경주 여행	9	역하	NNG
경주 여행	9	11	SN
경주 여행	9	숙소	NNG
경주 여행	9	황리	NNG
경주 여행	9	황남	NNG
경주 여행	9	고택	NNG
경주 여행	9	드린	VV+ETM
경주 여행	9	답변	NNG
경주 여행	9	도움	NNG
경주 여행	9	바래요	VV+EF
경주 여행	9	말씀	NNG
경주 여행	9	질문	NNG
경주 여행	9	아빠	NNG
경주 여행	9	엄마	NNG
경주 여행	9	아들	NNG
경주 여행	9	ktx	SL
경주 여행	10	아래	NNG
경주 여행	10	참조	NNG
경주 여행	10	도움	NNG
경주 여행	10	에요	VCP+EF
경주 여행	10	https	SL
경주 여행	10	valina	SL
경주 여행	10	8342	SN
경주 여행	10	tistory	SL
경주 여행	10	com	SL
경주 여행	10	entry	SL
경주 여행	10	EC	SL
경주 여행	10	EB	SL
경주 여행	10	85	SN
경주 여행	10	84	SN
경주 여행	10	EC	SL
경주 여행	10	98	SN
경주 여행	10	EC	SL
경주 여행	10	97	SN
경주 여행	10	AD	SL
경주 여행	10	EC	SL
경주 여행	10	82	SN
경주 여행	10	AC	SL
경주 여행	10	EC	SL
경주 여행	10	99	SN
경주 여행	10	80	SN
경주 여행	10	EA	SL
경주 여행	10	90	SN
경주 여행	10	EC	SL
경주 여행	10	84	SN
경주 여행	10	EC	SL
경주 여행	10	97	SN
경주 여행	10	AC	SL
경주 여행	10	ED	SL
경주 여행	10	96	SN
경주 여행	10	89	SN
경주 여행	10	EA	SL
경주 여행	10	BD	SL
경주 여행	10	EC	SL
경주 여행	10	BC	SL
경주 여행	10	ED	SL
경주 여행	10	95	SN
경주 여행	10	84	SN
경주 여행	10	EC	SL
경주 여행	10	88	SN
경주 여행	10	98	SN
경주 여행	10	EC	SL
경주 여행	10	BD	SL
경주 여행	10	94	SN
경주 여행	10	EC	SL
경주 여행	10	EC	SL
경주 여행	11	질문	NNG
경주 여행	11	코스	NNG
경주 여행	11	는데요	EF
경주 여행	11	이렇게	MAG
경주 여행	11	나요	EF
경주 여행	11	그리고	MAJ
경주 여행	11	시내	NNG
경주 여행	11	숙소	NNG
경주 여행	11	인데	VCP+EC
경주 여행	11	첨성대	NNG
경주 여행	11	코스	NNG
경주 여행	11	황리	NNG
경주 여행	11	도보이	NNP
경주 여행	11	가능	NNG
경주 여행	11	가요	NNG
경주 여행	11	아니	VCN
경주 여행	11	하나	NR
경주 여행	11	불국사	NNG
경주 여행	11	숙소	NNG
경주 여행	11	불국사	NNG
경주 여행	11	석굴암	NNG
경주 여행	11	바람	NNG
경주 여행	11	언덕	NNG
경주 여행	11	숙소	NNG
경주 여행	11	체크인	NNG
경주 여행	12	려고	EC
경주 여행	12	는데	EC
경주 여행	12	펜션	NNG
경주 여행	12	이나	JC
경주 여행	12	호텔	NNG
경주 여행	12	예약	NNG
경주 여행	12	부터	JX
경주 여행	12	을까요	EC
경주 여행	12	제일	MAG
경주 여행	12	습니다	EF
경주 여행	12	날짜	NNG
경주 여행	12	성수기	NNG
경주 여행	12	라면	VCP+EC
경주 여행	13	당일치기	NNG
경주 여행	13	질문	NNG
경주 여행	13	인데	VCP+EC
경주 여행	13	할지	VV+EC
경주 여행	13	당일	NNG
경주 여행	13	올지	VX+EC
경주 여행	13	모르	VV
경주 여행	13	는데	EC
경주 여행	13	우선	MAG
경주 여행	13	당일	NNG
경주 여행	13	아요	EF
경주 여행	13	오전	NNG
경주 여행	13	11	SN
경주 여행	13	터미널	NNG
경주 여행	13	도착	NNG
경주 여행	13	오후	NNG
경주 여행	13	터미널	NNG
경주 여행	13	에서	JKB
경주 여행	13	버스	NNG
경주 여행	13	11	SN
경주 여행	13	버스	NNG
경주 여행	13	터미널	NNG
경주 여행	13	도착	NNG
경주 여행	13	한다고	XSV+EC
경주 여행	13	황리	NNG
경주 여행	13	대릉원	NNG
경주 여행	13	첨성대	NNG
경주 여행	13	정교	NNG
경주 여행	13	동궁	NNG
경주 여행	13	월지	NNG
경주 여행	14	볼까	EC+VX+EC
경주 여행	14	는데요	EF
경주 여행	14	다른	MM
경주 여행	14	특별히	MAG
경주 여행	14	려고요	EC
경주 여행	14	준비	NNG
경주 여행	14	면서	EC
경주 여행	14	진짜	MAG
경주 여행	14	헤맸	VV+EP
경주 여행	14	는데요	EF
경주 여행	14	시티투어	NNP
경주 여행	14	탈까	VV+EC
경주 여행	14	그냥	MAG
경주 여행	14	블로그	NNG
경주 여행	14	시작	NNG
경주 여행	14	세요	EP+EF
경주 여행	14	걸음	NNG
경주 여행	14	없이	MAG
경주 여행	14	즐기	VV
경주 여행	14	다면	EC
경주 여행	14	여기	NP
경주 여행	14	부터	JX
경주 여행	14	추천	NNG
경주 여행	14	드립니다	VV+EC
경주 여행	15	어때요	VA+EF
경주 여행	15	고등학생	NNG
경주 여행	15	시절	NNG
경주 여행	15	추억	NNG
경주 여행	15	만들	VV
경주 여행	15	해요	VX+EF
경주 여행	15	..	SY
경주 여행	15	어때요	VA+EF
경주 여행	15	고등학생	NNG
경주 여행	15	시절	NNG
경주 여행	15	추억	NNG
경주 여행	15	만들	VV
경주 여행	15	해요	VX+EF
경주 여행	15	로또	NNP
경주 여행	15	는데	EC
경주 여행	15	해몽	NNG
경주 여행	15	해줘요	XSV+EC+VX+EC
경주 여행	15	컴퓨터	NNG
경주 여행	15	조립식	NNG
경주 여행	15	얼마	NNG
경주 여행	15	고등학생	NNG
경주 여행	15	시절	NNG
경주 여행	15	추억	NNG
경주 여행	15	만들	VV
경주 여행	15	아주	MAG
경주 여행	15	선택	NNG
경주 여행	15	입니다	VCP+EF
경주 여행	15	한국	NNP
경주 여행	15	역사	NNG
경주 여행	15	문화	NNG
경주 여행	15	느낄	VV+ETM
경주 여행	15	도시	NNG
경주 여행	16	남자	NNG
경주 여행	16	혼자	NNG
경주 여행	16	일정	NNG
경주 여행	16	숙소	NNG
경주 여행	16	예약	NNG
경주 여행	16	혼자	NNG
경주 여행	16	멋지	VA
경주 여행	16	계획	NNG
경주 여행	16	네요	EC
경주 여행	16	여유	NNG
경주 여행	16	제대로	MAG
경주 여행	16	느낄	VV+ETM
경주 여행	16	일정	NNG
경주 여행	16	에요	EF
경주 여행	16	가성	NNG
경주 여행	16	숙소	NNG
경주 여행	16	경주역	NNP
경주 여행	16	근처	NNG
경주 여행	16	게스트	NNP
경주 여행	16	하우스	NNP
경주 여행	16	황리	NNG
경주 여행	16	한옥	NNP
경주 여행	16	게스트	NNP
경주 여행	16	하우스	NNP
경주 여행	16	가격	NNG
경주 여행	16	접근성	NNG
경주 여행	16	아요	EF
경주 여행	16	바닷가	NNG
경주 여행	16	이동	NNG
경주 여행	17	루트	NNG
경주 여행	17	천마총	NNG
경주 여행	17	중앙	NNG
경주 여행	17	시장	NNG
경주 여행	17	일정	NNG
경주 여행	17	천마총	NNG
경주 여행	17	다가	EC
경주 여행	17	중앙	NNG
경주 여행	17	시장	NNG
경주 여행	17	려고	EC
경주 여행	17	는데	EC
경주 여행	17	네이버	NNP
경주 여행	17	지도	NNG
경주 여행	17	검색	NNG
경주 여행	17	니까	EC
경주 여행	17	다시	MAG
경주 여행	17	으로	JKB
경주 여행	17	내려갔	VV+EP
경주 여행	17	다가	EC
경주 여행	17	올라가	VV
경주 여행	17	라고	EC
경주 여행	17	네요	EC
경주 여행	17	동선	NNG
경주 여행	17	낭비	NNG
경주 여행	17	너무	MAG
경주 여행	17	심한	VA+ETM
경주 여행	17	지도	NNG
경주 여행	17	나온	VV+ETM
경주 여행	17	처럼	JKB
경주 여행	17	돌아가	VV
경주 여행	17	하나	NR
경주 여행	17	중간	NNG
경주 여행	17	나가	VV
경주 여행	17	나요	EC
경주 여행	17	천마총	NNG
경주 여행	18	20	SN
경주 여행	18	중반	NNG
경주 여행	18	여성	NNG
경주 여행	18	식당	NNG
경주 여행	18	술집	NNG
경주 여행	18	추천	NNG
경주 여행	18	세요	EP+EF
경주 여행	18	친구	NNG
경주 여행	18	이랑	JC
경주 여행	18	는데	EC
경주 여행	18	대해서	VV+EC
경주 여행	18	마땅히	MAG
경주 여행	18	못해서	VX+EC
경주 여행	18	막막	XR
경주 여행	18	네요	EC
경주 여행	18	20	SN
경주 여행	18	여자	NNG
경주 여행	18	좋아합니다	VV+EC
경주 여행	18	황리	NNG
경주 여행	18	이랑	JC
경주 여행	18	보문	NNG
경주 여행	18	단지	MAG
경주 여행	18	추천	NNG
경주 여행	18	세요	EP+EF
경주 여행	18	그리고	MAJ
경주 여행	18	맛있	VA
경주 여행	18	식당	NNG
경주 여행	18	추천	NNG
경주 여행	18	부탁	NNG
경주 여행	18	드립니다	VV+EC
경주 여행	18	하루	NNG
경주 여행	18	시내	NNG
경주 여행	19	경비	NNG
경주 여행	19	어느	MM
경주 여행	19	정도	NNG
경주 여행	19	나올까요	VV+EF
경주 여행	19	숙소	NNG
경주 여행	19	교통비	NNG
경주 여행	19	고요	EC
경주 여행	19	나름	NNB
경주 여행	19	지만	EC
경주 여행	19	식대	NNG
경주 여행	19	입장료	NNG
경주 여행	19	간식	NNG
경주 여행	19	정도	NNG
경주 여행	19	본인	NNG
경주 여행	19	주머니	NNG
경주 여행	19	만큼	NNB
경주 여행	19	생각	NNG
경주 여행	19	해서	XSV+EC
경주 여행	19	조절	NNG
경주 여행	19	네요	EF
경주 여행	19	여유	NNG
경주 여행	19	다면	EC
경주 여행	19	맛있	VA
경주 여행	19	해도	VV+EC
경주 여행	20	추천	NNG
경주 여행	20	이번	NNG
경주 여행	20	남자	NNG
경주 여행	20	친구	NNG
경주 여행	20	전역	NNG
경주 여행	20	직전	NNG
경주 여행	20	으로	JKB
경주 여행	20	는데요	EF
경주 여행	20	황리	NNG
경주 여행	20	어서요	EC
경주 여행	20	어서	EC
경주 여행	20	계획	NNG
경주 여행	20	계시	VX
경주 여행	20	는군요	EC
경주 여행	20	다섯	NR
경주 여행	20	코스	NNG
경주 여행	20	공유	NNG
경주 여행	20	내용	NNG
경주 여행	20	참고	NNG
경주 여행	20	습니다	EF
경주 여행	21	아이	NNG
경주 여행	21	코스	NNG
경주 여행	21	다섯	NR
경주 여행	21	아이	NNG
경주 여행	21	함께	MAG
경주 여행	21	가족	NNG
경주 여행	21	갑니다	VV+EC
경주 여행	21	첫날	NNG
경주 여행	21	점심	NNG
경주 여행	21	경주역	NNP
경주 여행	21	도착	NNG
경주 여행	21	예정	NNG
경주 여행	21	숙소	NNG
경주 여행	21	보문관광단지	NNP
경주 여행	21	근처	NNG
경주 여행	21	입니다	VCP+EF
경주 여행	21	둘째	NR
경주 여행	21	월드	NNG
경주 여행	21	다녀오	VV
경주 여행	21	오후	NNG
경주 여행	21	떠날	VV+ETM
경주 여행	21	계획	NNG
경주 여행	21	입니다	VCP+EF
경주 여행	21	직접	MAG
경주 여행	21	운전	NNG
경주 여행	21	예정	NNG
경주 여행	21	인데	VCP+EC
경주 여행	21	코스	NNG
경주 여행	21	어떻게	MAG
경주 여행	22	추천	NNG
경주 여행	22	안녕	NNG
경주 여행	22	세영	NNP
경주 여행	22	할려고	VV+EC
경주 여행	22	10	SN
경주 여행	22	인데	VCP+EC
경주 여행	22	황리	NNG
경주 여행	22	근처	NNG
경주 여행	22	어둑	XR
경주 여행	22	분위기	NNG
경주 여행	22	어요	EF
경주 여행	22	가이드	NNG
경주 여행	22	교통편	NNG
경주 여행	22	맛집	NNG
경주 여행	22	볼거리	NNG
경주 여행	22	까지	JX
경주 여행	22	모두	MAG
경주 여행	22	알려	VV+EC
경주 여행	22	가이드	NNG
경주 여행	22	교통편	NNG
경주 여행	22	맛집	NNG
경주 여행	22	볼거리	NNG
경주 여행	22	까지	JX
경주 여행	22	모두	MAG
경주 여행	22	알려	VV+EC
경주 여행	22	게요	NNB+VCP+EC
경주 여행	23	동선	NNG
경주 여행	23	부탁	NNG
경주 여행	23	드려요	VV+EC
경주 여행	23	으로	JKB
경주 여행	23	어린애	NNG
경주 여행	23	데리	VV
경주 여행	23	에요	VCP+EF
경주 여행	23	숙소	NNG
경주 여행	23	보문	NNG
경주 여행	23	단지	NNG
경주 여행	23	구요	EF
경주 여행	23	우선	MAG
경주 여행	23	정도	NNG
경주 여행	23	다녀온	VV+ETM
경주 여행	23	은데요	EC
경주 여행	23	아이	NNG
경주 여행	23	면서	EC
경주 여행	23	체험	NNG
경주 여행	23	코스	NNG
경주 여행	23	맛집	NNG
경주 여행	23	TIP	SL
경주 여행	23	코스	NNG
경주 여행	23	시내	NNG
경주 여행	23	보문관광단지	NNP
경주 여행	23	토함산	NNP
경주 여행	23	남산	NNG
경주 여행	24	갈려고	VV+EC
경주 여행	24	24	SN
경주 여행	24	괜찮	VA
경주 여행	24	을까요	EC
경주 여행	24	애인	NNG
경주 여행	24	이랑	JC
경주 여행	24	갈려고	VV+EC
경주 여행	24	는데	EC
경주 여행	24	쓸려고	VV+EC
경주 여행	24	맘먹	VV
경주 여행	24	는데	EC
경주 여행	24	24	SN
경주 여행	24	충분	XR
경주 여행	24	할까요	XSA+EC
경주 여행	24	갈려고	VV+EC
경주 여행	24	245000	SN
경주 여행	24	괜찮	VA
경주 여행	24	을까	EC
경주 여행	24	애인	NNG
경주 여행	24	이랑	JC
경주 여행	24	갈려고	VV+EC
경주 여행	24	는데	EC
경주 여행	24	쓸려고	VV+EC
경주 여행	24	맘먹	VV
경주 여행	24	는데	EC
경주 여행	24	24	SN
경주 여행	25	코스	NNG
경주 여행	25	코스	NNG
경주 여행	25	계획	NNG
경주 여행	25	계신	VX+ETM
경주 여행	25	다니	VCP+EC
경주 여행	25	정말	MAG
경주 여행	25	흥미	NNG
경주 여행	25	로운	XSA+ETM
경주 여행	25	습니다	EF
경주 여행	25	신라	NNP
경주 여행	25	역사	NNG
경주 여행	25	문화	NNG
경주 여행	25	아름다운	VA+ETM
경주 여행	25	자연	NNG
경주 여행	25	경관	NNG
경주 여행	25	느낄	VV+ETM
경주 여행	25	대한민국	NNP
경주 여행	25	대표	NNG
경주 여행	25	관광	NNG
경주 여행	25	도시	NNG
경주 여행	25	입니다	VCP+EC
경주 여행	25	동안	NNG
경주 여행	25	방문	NNG
경주 여행	25	추천	NNG
경주 여행	26	실내	NNG
경주 여행	26	관광	NNG
경주 여행	26	는데	EC
경주 여행	26	많이	MAG
경주 여행	26	더라고요	EC
경주 여행	26	실내	NNG
경주 여행	26	추천	NNG
경주 여행	26	세요	EP+EF
경주 여행	26	검색	NNG
경주 여행	26	기반	NNG
경주 여행	26	에서	JKB
경주 여행	26	실제	NNG
경주 여행	26	방문	NNG
경주 여행	26	날씨	NNG
경주 여행	26	일정	NNG
경주 여행	26	따라	VV+EC
경주 여행	26	운영	NNG
경주 여행	26	시간	NNG
경주 여행	26	확인	NNG
경주 여행	26	즐거운	VA+ETM
경주 여행	26	바랍니다	VV+EF
경주 여행	26	채택	NNG
경주 여행	27	운전	NNG
경주 여행	27	평상시	NNG
경주 여행	27	운전	NNG
경주 여행	27	제주	NNP
경주 여행	27	입니다	VCP+EF
경주 여행	27	텍스	NNG
경주 여행	27	렌트	NNG
경주 여행	27	은데	EC
경주 여행	27	초보	NNG
경주 여행	27	운전	NNG
경주 여행	27	돌아다니	VV
경주 여행	27	어렵	VA
경주 여행	27	을까요	EC
경주 여행	27	그렇게	MAG
경주 여행	27	복잡	XR
경주 여행	27	지만	EC
경주 여행	27	운전	NNG
경주 여행	27	자신	NNG
경주 여행	27	다면	EC
경주 여행	27	조심	NNG
경주 여행	27	운전	NNG
경주 여행	28	질문	NNG
경주 여행	28	거나	EC
경주 여행	28	의견	NNG
경주 여행	28	부탁	NNG
경주 여행	28	드립니다	VV+EC
경주 여행	28	바퀴	NNBC
경주 여행	28	버스	NNG
경주 여행	28	거나	EC
경주 여행	28	택시	NNG
경주 여행	28	세용	EP+EF
경주 여행	28	걸어서	VV+EC
경주 여행	28	에요	VCP+EF
경주 여행	28	택시	NNG
경주 여행	28	힘들	VA
경주 여행	28	어요	EF
경주 여행	28	부터	JX
경주 여행	28	택시	NNG
경주 여행	28	관광지	NNG
경주 여행	28	에서	JKB
경주 여행	28	택시	NNG
경주 여행	28	거나	EC
경주 여행	28	카카오	NNP
경주 여행	28	택시	NNG
경주 여행	29	식당	NNG
경주 여행	29	추천	NNG
경주 여행	29	부탁	NNG
경주 여행	29	드립니다	VV+EC
경주 여행	29	시간	NNG
경주 여행	29	도착	NNG
경주 여행	29	는데	EC
경주 여행	29	여기	NP
경주 여행	29	봐야	VX+EC
경주 여행	29	한다	VX+EC
경주 여행	29	식당	NNG
경주 여행	29	에서	JKB
경주 여행	29	특별	NNG
경주 여행	29	대접	NNG
경주 여행	29	식당	NNG
경주 여행	29	추천	NNG
경주 여행	29	드리	VX
경주 여행	29	습니다	EF
경주 여행	29	식당	NNG
경주 여행	29	하나	NR
경주 여행	29	선택	NNG
경주 여행	29	에서	JKB
경주 여행	29	특별	NNG
경주 여행	29	대접	NNG
경주 여행	30	코스	NNG
경주 여행	30	당일치기	NNG
경주 여행	30	학생	NNG
경주 여행	30	코스	NNG
경주 여행	30	알려	VV+EC
경주 여행	30	세요	EP+EF
경주 여행	30	첨성대	NNG
경주 여행	30	근처	NNG
경주 여행	30	한복	NNG
경주 여행	30	나드리	NNG
경주 여행	30	에서	JKB
경주 여행	30	질문	NNG
경주 여행	30	일정	NNG
경주 여행	30	관련	NNG
경주 여행	30	답변	NNG
경주 여행	30	드리	VV
경주 여행	30	도록	EC
경주 여행	30	습니다	EF
경주 여행	30	황리	NNG
경주 여행	30	맞춤	NNG
경주 여행	30	일정	NNG
경주 여행	30	준비	NNG
경주 여행	30	어요	EF
경주 여행	30	아래	NNG
경주 여행	30	첨부	NNG
경주 여행	30	일정	NNG
경주 여행	30	참고	NNG
경주 여행	31	역사	NNG
경주 여행	31	의미	NNG
경주 여행	31	다녀왔	VV+EP
경주 여행	31	는데요	EF
경주 여행	31	생각	NNG
경주 여행	31	보다	JKB
경주 여행	31	재미	NNG
경주 여행	31	어요	EF
경주 여행	31	너무	MAG
경주 여행	31	진지	XR
경주 여행	31	공부	NNG
경주 여행	31	느낌	NNG
경주 여행	31	으로	JKB
경주 여행	31	질문	NNG
경주 여행	31	관련	NNG
경주 여행	31	답변	NNG
경주 여행	31	드리	VV
경주 여행	31	도록	EC
경주 여행	31	습니다	EF
경주 여행	31	에서	JKB
경주 여행	31	동궁	NNG
경주 여행	31	월지	NNG
경주 여행	32	코스	NNG
경주 여행	32	추천	NNG
경주 여행	32	뚜벅	MAG
경주 여행	32	위한	VV+ETM
경주 여행	32	코스	NNG
경주 여행	32	추천	NNG
경주 여행	32	부탁	NNG
경주 여행	32	드려요	VV+EC
경주 여행	32	오붓	XR
경주 여행	32	계획	NNG
경주 여행	32	계시	VX
경주 여행	32	는군요	EC
경주 여행	32	대중교통	NNG
경주 여행	32	이용	NNG
경주 여행	32	해서	XSV+EC
경주 여행	32	돌아볼	VV+ETM
경주 여행	32	생각	NNG
경주 여행	32	라면	EC
경주 여행	32	가볍	VA
경주 여행	32	코스	NNG
경주 여행	32	습니다	EF
경주 여행	33	코스	NNG
경주 여행	33	추천	NNG
경주 여행	33	코스	NNG
경주 여행	33	추천	NNG
경주 여행	33	가족	NNG
경주 여행	33	안녕	NNG
경주 여행	33	세요	EP+EF
경주 여행	33	계획	NNG
경주 여행	33	루트	NNG
경주 여행	33	실행	NNG
경주 여행	33	실패	NNG
경주 여행	33	소개	NNG
경주 여행	33	드릴까	VX+EC
경주 여행	33	합니다	VX+EF
경주 여행	33	한번	MAG
경주 여행	33	마음	NNG
경주 여행	33	드신	VV+EP+ETM
경주 여행	33	다면	NNG
경주 여행	33	채택	NNG
경주 여행	33	부탁	NNG
경주 여행	33	드립니다	VV+EC
경주 여행	34	봐야	VX+EC
경주 여행	34	맛집	NNG
경주 여행	34	리스트	NNG
경주 여행	34	무엇	NP
경주 여행	34	인가요	VCP+EF
경주 여행	34	계획	NNG
경주 여행	34	필수	NNG
경주 여행	34	방문	NNG
경주 여행	34	맛집	NNG
경주 여행	34	플레이스	NNG
경주 여행	34	습니다	EF
경주 여행	34	현지인	NNG
경주 여행	34	추천	NNG
경주 여행	34	명소	NNG
경주 여행	34	봐야	VX+EC
경주 여행	34	맛집	NNG
경주 여행	34	황남빵	NNP
경주 여행	34	식당	NNG
경주 여행	34	잔치국수	NNP
경주 여행	34	교동	NNP
경주 여행	34	법주	NNP
경주 여행	34	신라	NNP
경주 여행	34	밀면	NNP
경주 여행	34	에요	EF
경주 여행	34	플레이스	NNG
경주 여행	34	불국사	NNP
경주 여행	35	일정	NNG
경주 여행	35	도와	VV+EC
경주 여행	35	세요	EP+EF
경주 여행	35	그냥	MAG
경주 여행	35	최소한	NNG
경주 여행	35	움직임	NNG
경주 여행	35	으로	JKB
경주 여행	35	이틀	NNG
경주 여행	35	동안	NNG
경주 여행	35	다녀올	VV+ETM
경주 여행	35	코스	NNG
경주 여행	35	알려	VV+EC
경주 여행	35	세요	EP+EF
경주 여행	35	예쁜	VA+ETM
경주 여행	35	카페	NNP
경주 여행	35	추천	NNG
경주 여행	35	질문	NNG
경주 여행	35	일정	NNG
경주 여행	35	관련	NNG
경주 여행	35	답변	NNG
경주 여행	35	드리	VV
경주 여행	35	도록	EC
경주 여행	35	습니다	EF
경주 여행	35	문자	NNG
경주 여행	35	께서	JKS
경주 여행	35	대로	NNB
경주 여행	35	최대한	NNG
경주 여행	35	여유	NNG
경주 여행	35	로운	XSA+ETM
경주 여행	35	일정	NNG
경주 여행	35	준비	NNG
경주 여행	36	려는데	EC
경주 여행	36	추천	NNG
경주 여행	36	엄마	NNG
경주 여행	36	혼자	NNG
경주 여행	36	아들	NNG
경주 여행	36	데리	VV
경주 여행	36	정도	NNG
경주 여행	36	다녀온	VV+ETM
경주 여행	36	은데요	EC
경주 여행	36	구체	NNG
경주 여행	36	일정	NNG
경주 여행	36	어서	EC
경주 여행	36	코스	NNG
경주 여행	36	맛집	NNG
경주 여행	36	숙소	NNG
경주 여행	36	대한	VV+ETM
경주 여행	36	경험담	NNG
경주 여행	36	어서	EC
경주 여행	36	소개	NNG
경주 여행	36	할게요	XSV+EC
경주 여행	36	TIP	SL
경주 여행	36	코스	NNG
경주 여행	37	추천	NNG
경주 여행	37	추천	NNG
경주 여행	37	세요	EP+EF
경주 여행	37	주신	NNG
경주 여행	37	추천	NNG
경주 여행	37	드릴게요	VV+EC
경주 여행	37	즐거운	VA+ETM
경주 여행	37	으면	EC
경주 여행	37	어요	EF
경주 여행	37	경북	NNP
경주 여행	37	황성	NNG
경주 여행	37	공원	NNG
경주 여행	37	양남	NNG
경주 여행	37	주상	NNG
경주 여행	37	절리	NNG
경주 여행	37	동궁	NNG
경주 여행	37	월지	NNG
경주 여행	37	궁원	NNG
경주 여행	37	황리	NNG
경주 여행	37	첨성대	NNG
경주 여행	38	코스	NNG
경주 여행	38	질문	NNG
경주 여행	38	는데	EC
경주 여행	38	예전	NNG
경주 여행	38	가본적	NNG
경주 여행	38	어서	EC
경주 여행	38	대충	MAG
경주 여행	38	지리	NNG
경주 여행	38	는데	EC
경주 여행	38	질문	NNG
경주 여행	38	코스	NNG
경주 여행	38	관련	NNG
경주 여행	38	답변	NNG
경주 여행	38	드리	VV
경주 여행	38	습니다	EF
경주 여행	38	경주로	NNG
경주 여행	38	일정	NNG
경주 여행	38	준비	NNG
경주 여행	38	어요	EF
경주 여행	38	아래	NNG
경주 여행	38	첨부	NNG
경주 여행	38	일정	NNG
경주 여행	38	참고	NNG
경주 여행	38	즐거운	VA+ETM
경주 여행	39	는데	EC
경주 여행	39	코스	NNG
경주 여행	39	추천	NNG
경주 여행	39	인데	VCP+EC
경주 여행	39	코스	NNG
경주 여행	39	추천	NNG
경주 여행	39	주신	NNG
경주 여행	39	코스	NNG
경주 여행	39	추천	NNG
경주 여행	39	드릴게요	VV+EC
경주 여행	39	재밌	VA
경주 여행	39	으면	EC
경주 여행	39	어요	EF
경주 여행	39	경북	NNP
경주 여행	39	황성	NNG
경주 여행	39	공원	NNG
경주 여행	39	양남	NNG
경주 여행	39	주상	NNG
경주 여행	39	절리	NNG
경주 여행	39	동궁	NNG
경주 여행	39	월지	NNG
경주 여행	39	궁원	NNG
경주 여행	40	엄마	NNG
경주 여행	40	엄마	NNG
경주 여행	40	평일	NNG
경주 여행	40	대중교통	NNG
경주 여행	40	려고	EC
경주 여행	40	는데요	EF
경주 여행	40	일단	MAG
경주 여행	40	불국사	NNG
경주 여행	40	도보	NNG
경주 여행	40	대중교통	NNG
경주 여행	40	이용	NNG
경주 여행	40	코스	NNG
경주 여행	40	의견	NNG
경주 여행	40	드려	VV+EC
경주 여행	40	볼께요	VX+EF
경주 여행	40	먼저	MAG
경주 여행	40	평일	NNG
경주 여행	40	어머니	NNG
경주 여행	40	어머니	NNG
경주 여행	40	행복	NNG
경주 여행	40	세요	EP+EF
경주 여행	40	주요	NNG
경주 여행	40	관광지	NNG
경주 여행	40	교통편	NNG
경주 여행	40	도보	NNG
경주 여행	40	포함	NNG
경주 여행	41	뚜벅	MAG
경주 여행	41	코스	NNG
경주 여행	41	추천	NNG
경주 여행	41	여자	NNG
경주 여행	41	친구	NNG
경주 여행	41	려고	EC
경주 여행	41	는데	EC
경주 여행	41	뚜벅	MAG
경주 여행	41	돌아다닐	VV+ETM
경주 여행	41	코스	NNG
경주 여행	41	추천	NNG
경주 여행	41	세요	EP+EF
경주 여행	41	월드	NNG
경주 여행	41	제외	NNG
경주 여행	41	고요	EC
경주 여행	41	여자	NNG
경주 여행	41	친구	NNG
경주 여행	41	코스	NNG
경주 여행	41	추천	NNG
경주 여행	41	드릴게요	VV+EC
경주 여행	41	하루	NNG
경주 여행	41	세요	EP+EF
경주 여행	42	HELP	SL
경주 여행	42	18	SN
경주 여행	42	부터	JX
경주 여행	42	20	SN
경주 여행	42	까지	JX
경주 여행	42	가족	NNG
경주 여행	42	이랑	JC
경주 여행	42	려고	EC
경주 여행	42	는데	EC
경주 여행	42	어딜	NP+JKO
경주 여행	42	할지	VX+EC
경주 여행	42	모르	VV
경주 여행	42	어요	EF
경주 여행	42	도와	VV+EC
경주 여행	42	세요	EP+EF
경주 여행	42	추천	NNG
경주 여행	42	입니다	VCP+EF
경주 여행	42	월드	NNG
경주 여행	42	테마파크	NNG
경주 여행	42	엑스포	NNG
경주 여행	42	대공원	NNG
경주 여행	42	국립	NNG
경주 여행	42	박물관	NNG
경주 여행	42	원릉	NNG
경주 여행	42	동굴	NNG
경주 여행	42	월지	NNG
경주 여행	43	뚜벅	MAG
경주 여행	43	다음	NNG
경주 여행	43	평일	NNG
경주 여행	43	려고	EC
경주 여행	43	는데	EC
경주 여행	43	시기	NNG
경주 여행	43	별로	MAG
경주 여행	43	아서	EC
경주 여행	43	고민	NNG
경주 여행	43	입니다	VCP+EF
경주 여행	43	혼자	NNG
경주 여행	43	뚜벅	MAG
경주 여행	43	봄바람	NNG
경주 여행	43	살랑살랑	MAG
경주 여행	43	오푸스	NNG
경주 여행	43	에서	JKB
경주 여행	43	즐겨	VV+EC
경주 여행	43	세요	EP+EF
경주 여행	43	객실	NNG
경주 여행	43	개별	NNG
경주 여행	43	바베큐	NNG
경주 여행	43	으로	JKB
경주 여행	44	추천	NNG
경주 여행	44	50	SN
경주 여행	44	부부	NNG
경주 여행	44	10	SN
경주 여행	44	코스	NNG
경주 여행	44	야경	NNG
경주 여행	44	숙소	NNG
경주 여행	44	먹거리	NNG
경주 여행	44	추천	NNG
경주 여행	44	부탁	NNG
경주 여행	44	합니다	XSV+EF
경주 여행	44	계획	NNG
경주 여행	44	군요	EF
경주 여행	44	그럼	MAJ
경주 여행	44	에서	JKB
경주 여행	44	추천	NNG
경주 여행	44	드리	VX
경주 여행	44	습니다	EF
경주 여행	44	첨성대	NNG
경주 여행	44	동궁	NNG
경주 여행	44	월지	NNG
경주 여행	44	대릉원	NNG
경주 여행	45	코스	NNG
경주 여행	45	부탁	NNG
경주 여행	45	드려요	VV+EC
경주 여행	45	출발	NNG
경주 여행	45	합니다	XSV+EF
경주 여행	45	코스	NNG
경주 여행	45	부탁	NNG
경주 여행	45	드립니다	VV+EC
경주 여행	45	숙소	NNG
경주 여행	45	아직	MAG
경주 여행	45	예약	NNG
경주 여행	45	어요	EF
경주 여행	45	코스	NNG
경주 여행	45	보고	JKB
경주 여행	45	근처	NNG
경주 여행	45	게스트	NNP
경주 여행	45	하우스	NNP
경주 여행	45	으려고요	EF
경주 여행	45	안녕	IC
경주 여행	45	세요	EP+EF
경주 여행	45	계획	NNG
경주 여행	45	없이	MAG
경주 여행	45	루트	NNG
경주 여행	45	실패	NNG
경주 여행	46	아이	NNG
경주 여행	46	코스	NNG
경주 여행	46	려고	EC
경주 여행	46	는데	EC
경주 여행	46	동선	NNG
경주 여행	46	ㅠㅠㅠ어렵네요	UNKNOWN
경주 여행	46	가족	NNG
경주 여행	46	계획	NNG
경주 여행	46	입니다	VCP+EF
경주 여행	46	구성원	NNG
경주 여행	46	남편	NNG
경주 여행	46	아이	NNG
경주 여행	46	함께	MAG
경주 여행	46	합니다	VV+EF
경주 여행	46	첫째	NR
경주 여행	46	강동	MAG
경주 여행	46	워터	NNG
경주 여행	46	파크	NNG
경주 여행	46	까지	JX
경주 여행	46	보낼	VV+ETM
경주 여행	46	아이	NNG
경주 여행	46	함께	MAG
경주 여행	46	정말	MAG
경주 여행	46	습니다	EF
경주 여행	46	동안	NNG
경주 여행	46	필요	NNG
경주 여행	46	정보	NNG
경주 여행	46	확인	NNG
경주 여행	46	정보	NNG
경주 여행	47	코스	NNG
경주 여행	47	질문	NNG
경주 여행	47	어요	EF
경주 여행	47	23	SN
경주 여행	47	25	SN
경주 여행	47	코스	NNG
경주 여행	47	추천	NNG
경주 여행	47	세요	EP+EF
경주 여행	47	대상	NNG
경주 여행	47	어머니	NNG
경주 여행	47	코스	NNG
경주 여행	47	답변	NNG
경주 여행	47	드릴게요	VV+EC
경주 여행	47	코스	NNG
경주 여행	47	답변	NNG
경주 여행	47	드립니다	VV+EC
경주 여행	47	어머님	NNG
경주 여행	47	모시	VV
경주 여행	47	떠나	VV
경주 여행	47	즐거운	VA+ETM
경주 여행	47	추억	NNG
경주 여행	47	으로	JKB
경주 여행	47	도록	EC
경주 여행	48	10	SN
경주 여행	48	코스	NNG
경주 여행	48	식당	NNG
경주 여행	48	추천	NNG
경주 여행	48	부탁	NNG
경주 여행	48	드립니다	VV+EC
경주 여행	48	숙소	NNG
경주 여행	48	가실	NNG
경주 여행	48	방문	NNG
경주 여행	48	예쁜	VA+ETM
경주 여행	48	카페	NNG
경주 여행	48	입니다	VCP+EF
경주 여행	48	포토	NNG
경주 여행	48	다양	XR
경주 여행	48	작품	NNG
경주 여행	48	함께	MAG
경주 여행	48	감상	NNG
경주 여행	48	카페	NNG
경주 여행	48	라서	VCP+EC
경주 여행	48	참고	NNG
경주 여행	48	수면	NNG
경주 여행	48	아요	EC
경주 여행	49	질문	NNG
경주 여행	49	안녕	NNG
경주 여행	49	세요	EP+EF
경주 여행	49	는데	EC
경주 여행	49	이번	NNG
경주 여행	49	려고	EC
경주 여행	49	거든요	EF
경주 여행	49	정도	NNG
경주 여행	49	돌아다닐	VV+ETM
경주 여행	49	은데	EC
경주 여행	49	버스	NNG
경주 여행	49	렌트카	NNG
경주 여행	49	반갑	VA
경주 여행	49	습니다	EF
경주 여행	49	문화	NNG
경주 여행	49	유산	NNG
경주 여행	49	도시	NNG
경주 여행	49	당일	NNG
경주 여행	49	준비	NNG
경주 여행	49	네요	EF
경주 여행	49	방문	NNG
경주 여행	49	처음	NNG
경주 여행	49	라면	EC
경주 여행	50	코스	NNG
경주 여행	50	어디	NP
경주 여행	50	가족	NNG
경주 여행	50	이랑	JC
경주 여행	50	려고	EC
경주 여행	50	는데	EC
경주 여행	50	코스	NNG
경주 여행	50	어떻게	MAG
경주 여행	50	해야	VV+EC
경주 여행	50	할지	VX+EC
경주 여행	50	모르	VV
경주 여행	50	네요	EF
경주 여행	50	코스	NNG
경주 여행	50	어디	NP
경주 여행	50	을까요	EF
경주 여행	50	사실	MAG
경주 여행	50	중학교	NNG
경주 여행	50	어요	EF
경주 여행	50	코스	NNG
경주 여행	50	가장	MAG
경주 여행	50	플레이스	NNG
경주 여행	50	어요	EF
경주 여행	50	혹시	MAG
경주 여행	50	코스	NNG
경주 여행	51	엄마	NNG
경주 여행	51	아빠	NNG
경주 여행	51	언니	NNG
경주 여행	51	는데요	EC
경주 여행	51	추천	NNG
경주 여행	51	세요	EP+EF
경주 여행	51	너무	MAG
경주 여행	51	유명	XR
경주 여행	51	아니	VCN
경주 여행	51	네요	EF
경주 여행	51	계획	NNG
경주 여행	51	네요	EF
경주 여행	51	여러분	NP
경주 여행	51	즐길	VV+ETM
경주 여행	51	장소	NNG
경주 여행	51	활동	NNG
경주 여행	51	추천	NNG
경주 여행	51	드릴게요	VX+EC
경주 여행	51	월드컵	NNG
경주 여행	52	추천	NNG
경주 여행	52	세요	EP+EF
경주 여행	52	계획	NNG
경주 여행	52	어요	EF
경주 여행	52	일정	NNG
경주 여행	52	으로	JKB
경주 여행	52	려고	EC
경주 여행	52	해요	VX+EF
경주 여행	52	질문	NNG
경주 여행	52	관련	NNG
경주 여행	52	답변	NNG
경주 여행	52	드리	VV
경주 여행	52	도록	EC
경주 여행	52	습니다	EF
경주 여행	52	가시	VV
경주 여행	52	군요	EC
경주 여행	52	대부분	NNG
경주 여행	52	평지	NNG
경주 여행	52	으니	EC
경주 여행	52	알아보	VV
경주 여행	52	조금	NNG
경주 여행	52	라도	EC
경주 여행	52	참고	NNG
경주 여행	52	으면	EC
경주 여행	53	추천	NNG
경주 여행	53	세요	EP+EF
경주 여행	53	지도	NNG
경주 여행	53	추천	NNG
경주 여행	53	부탁	NNG
경주 여행	53	합니다	XSV+EF
경주 여행	53	보문	NNG
경주 여행	53	단지	NNG
경주 여행	53	위치	NNG
경주 여행	53	우양	NNG
경주 여행	53	미술관	NNG
경주 여행	53	국내	NNG
경주 여행	53	최초	NNG
경주 여행	53	에서	JKB
경주 여행	53	추천	NNG
경주 여행	53	드리	VV
경주 여행	53	장소	NNG
경주 여행	53	동궁	NNG
경주 여행	53	월지	NNG
경주 여행	53	인데요	VCP+EF
경주 여행	53	신라	NNP
경주 여행	53	시대	NNG
경주 여행	53	궁터	NNG
경주 여행	53	였었	VCP+EP
경주 여행	53	왕자	NNG
경주 여행	53	생활	NNG
경주 여행	53	장소	NNG
경주 여행	53	다고	EC
경주 여행	53	합니다	VX+EC
경주 여행	54	코스	NNG
경주 여행	54	지도	NNG
경주 여행	54	숙소	NNG
경주 여행	54	여자	NNG
경주 여행	54	친구	NNG
경주 여행	54	같이	MAG
경주 여행	54	어요	EF
경주 여행	54	가지	VV
경주 여행	54	예정	NNG
경주 여행	54	인데요	VCP+EF
경주 여행	54	어떤	MM
경주 여행	54	으로	JKB
경주 여행	54	코스	NNG
경주 여행	54	을까요	EF
경주 여행	54	그리고	MAJ
경주 여행	54	코스	NNG
경주 여행	54	지도	NNG
경주 여행	54	알아보	VV
경주 여행	54	면서	EC
경주 여행	54	군데	NNBC
경주 여행	54	알려	VV+EC
경주 여행	54	세요	EP+EF
경주 여행	55	코스	NNG
경주 여행	55	조언	NNG
경주 여행	55	부탁	NNG
경주 여행	55	드립니다	VV+EF
경주 여행	55	저희	NP
경주 여행	55	가족	NNG
경주 여행	55	저희	NP
경주 여행	55	부모	NNG
경주 여행	55	모시	VV
경주 여행	55	질문	NNG
경주 여행	55	코스	NNG
경주 여행	55	관련	NNG
경주 여행	55	답변	NNG
경주 여행	55	드리	VV
경주 여행	55	습니다	EF
경주 여행	55	가족	NNG
경주 여행	55	함께	MAG
경주 여행	55	계획	NNG
경주 여행	55	계시	VX
경주 여행	55	는군요	EC
경주 여행	55	가족	NNG
경주 여행	55	일정	NNG
경주 여행	55	준비	NNG
경주 여행	55	어요	EF
경주 여행	55	아래	NNG
경주 여행	55	첨부	NNG
경주 여행	55	일정	NNG
경주 여행	55	참고	NNG
경주 여행	56	친정	NNG
경주 여행	56	엄마	NNG
경주 여행	56	코스	NNG
경주 여행	56	10	SN
경주 여행	56	70	SN
경주 여행	56	초반	NNG
경주 여행	56	아주	MAG
경주 여행	56	건강	NNG
경주 여행	56	친정	NNG
경주 여행	56	엄마	NNG
경주 여행	56	질문	NNG
경주 여행	56	코스	NNG
경주 여행	56	관련	NNG
경주 여행	56	답변	NNG
경주 여행	56	드리	VV
경주 여행	56	습니다	EF
경주 여행	56	부모	NNG
경주 여행	56	함께	MAG
경주 여행	56	계획	NNG
경주 여행	56	군요	EF
경주 여행	56	숙소	NNG
경주 여행	56	맞춤	NNG
경주 여행	56	일정	NNG
경주 여행	56	준비	NNG
경주 여행	56	어요	EF
경주 여행	56	아래	NNG
경주 여행	56	첨부	NNG
경주 여행	56	일정	NNG
경주 여행	57	황리	NNG
경주 여행	57	맛집	NNG
경주 여행	57	추천	NNG
경주 여행	57	이번	NNG
경주 여행	57	는데	EC
경주 여행	57	황리	NNG
경주 여행	57	근처	NNG
경주 여행	57	맛집	NNG
경주 여행	57	많이	MAG
경주 여행	57	추천	NNG
경주 여행	57	세요	EP+EF
경주 여행	57	뚜벅	MAG
경주 여행	57	거리	NNG
경주 여행	57	힘들	VA
경주 여행	57	어요	EF
경주 여행	57	위한	VV+ETM
경주 여행	57	황리	NNG
경주 여행	57	맛집	NNG
경주 여행	57	추천	NNG
경주 여행	57	황리	NNG
경주 여행	57	맛집	NNG
경주 여행	57	맛집	NNG
경주 여행	57	매일	MAG
경주 여행	57	오랫동안	NNG
경주 여행	57	기다려	VV+EC
경주 여행	57	배달	NNG
경주 여행	58	숙소	NNG
경주 여행	58	추천	NNG
경주 여행	58	안녕	NNG
경주 여행	58	세요	EP+EF
경주 여행	58	경기도	NNP
경주 여행	58	사람	NNG
경주 여행	58	입니다	VCP+EF
경주 여행	58	내년	NNG
경주 여행	58	중순	NNG
경주 여행	58	예정	NNG
경주 여행	58	입니다	VCP+EF
경주 여행	58	인원	NNG
경주 여행	58	엄마	NNG
경주 여행	58	초등	NNG
경주 여행	58	근데	MAJ
경주 여행	58	추운	VA+ETM
경주 여행	58	겨울	NNG
경주 여행	58	비추	NNG
경주 여행	58	입니다	VCP+EF
경주 여행	58	가까운	VA+ETM
경주 여행	58	거리	NNG
경주 여행	58	택시	NNG
경주 여행	58	다니	VV
경주 여행	58	세요	EP+EF
경주 여행	58	즐거운	VA+ETM
경주 여행	59	여자	NNG
경주 여행	59	친구	NNG
경주 여행	59	갈려고	VV+EC
경주 여행	59	는데요	EF
경주 여행	59	혹시	MAG
경주 여행	59	이나	JC
경주 여행	59	경치	NNG
경주 여행	59	을까요	EC
경주 여행	59	이동	NNG
경주 여행	59	구요	EF
경주 여행	59	계획	NNG
경주 여행	59	계시	VX
경주 여행	59	는군요	EF
경주 여행	59	요즘	MAG
경주 여행	59	가시	VV
경주 여행	59	정말	MAG
경주 여행	59	은데	EC
경주 여행	59	그만큼	MAG
경주 여행	60	감성	NNG
경주 여행	60	쿠지	NNP
경주 여행	60	숙소	NNG
경주 여행	60	추천	NNG
경주 여행	60	부탁	NNG
경주 여행	60	드립니다	VV+EF
경주 여행	60	마지막	NNG
경주 여행	60	계획	NNG
경주 여행	60	습니다	EF
경주 여행	60	어른	NNG
경주 여행	60	아이	NNG
경주 여행	60	가능	NNG
경주 여행	60	독채	NNG
경주 여행	60	쿠지	NNP
경주 여행	60	숙소	NNG
경주 여행	60	괜찮	VA
경주 여행	60	으면	EC
경주 여행	60	추천	NNG
경주 여행	60	휴식	NNG
경주 여행	60	취하	VV
경주 여행	60	고자	EC
경주 여행	60	최적	NNG
경주 여행	60	선택	NNG
경주 여행	60	입니다	VCP+EF
경주 여행	60	즐거운	VA+ETM
경주 여행	60	바랍니다	VV+EF
경주 여행	60	http	SL
경주 여행	60	itta	SL
경주 여행	60	stay	SL
경주 여행	60	kr	SL
경주 여행	60	html	SL
경주 여행	60	index	SL
경주 여행	60	html	SL
경주 여행	61	11	SN
경주 여행	61	11	SN
경주 여행	61	건데	NNB+VCP+EC
경주 여행	61	코스	NNG
경주 여행	61	추천	NNG
경주 여행	61	부탁	NNG
경주 여행	61	드립니다	VV+EC
경주 여행	61	군요	NNG
경주 여행	61	코스	NNG
경주 여행	61	에다가	JKB
경주 여행	61	11	SN
경주 여행	61	그래도	MAJ
경주 여행	61	패딩	NNG
경주 여행	61	느낌	NNG
경주 여행	61	아니	VCN
경주 여행	61	두꺼운	VA+ETM
경주 여행	61	코트	NNG
경주 여행	61	경량	NNG
경주 여행	61	패딩	NNG
경주 여행	61	정도	NNG
경주 여행	61	추천	NNG
경주 여행	61	드려요	VV+EC
경주 여행	61	즐거운	VA+ETM
경주 여행	61	세요	EP+EF
경주 여행	62	추천	NNG
경주 여행	62	부탁	NNG
경주 여행	62	드려요	VV+EC
경주 여행	62	~^^	SY
경주 여행	62	다녀오	VV
경주 여행	62	은데	EC
경주 여행	62	기본	NNG
경주 여행	62	으로	JKB
경주 여행	62	특별히	MAG
경주 여행	62	을까요	EC
경주 여행	62	맛집	NNG
경주 여행	62	이나	JC
경주 여행	62	주신	NNG
경주 여행	62	추천	NNG
경주 여행	62	드릴게요	VV+EC
경주 여행	62	즐거운	VA+ETM
경주 여행	62	으면	EC
경주 여행	62	어요	EF
경주 여행	62	경북	NNP
경주 여행	63	코스	NNG
경주 여행	63	추천	NNG
경주 여행	63	요번	NNG
경주 여행	63	색다른	VA+ETM
경주 여행	63	주제	NNG
경주 여행	63	어요	EF
경주 여행	63	문화재	NNG
경주 여행	63	위주	NNG
경주 여행	63	아닌	VCN+ETM
경주 여행	63	다른	MM
경주 여행	63	위주	NNG
경주 여행	63	갈만	NNG
경주 여행	63	추천	NNG
경주 여행	63	세요	EP+EF
경주 여행	63	야경	NNG
경주 여행	63	코스	NNG
경주 여행	63	추천	NNG
경주 여행	63	답변	NNG
경주 여행	63	드릴게요	VV+EC
경주 여행	63	안녕	NNG
경주 여행	63	세요	EP+EF
경주 여행	63	저번	NNG
경주 여행	63	사람	NNG
경주 여행	63	입니다	VCP+EF
경주 여행	64	추천	NNG
경주 여행	64	세요	EP+EF+VCP
경주 여행	64	추천	NNG
경주 여행	64	세요	EP+EF
경주 여행	64	안녕	NNG
경주 여행	64	세요	EP+EF
경주 여행	64	계획	NNG
경주 여행	64	루트	NNG
경주 여행	64	용시	NNG
경주 여행	64	실패	NNG
경주 여행	64	소개	NNG
경주 여행	64	드릴까	VX+EC
경주 여행	64	합니다	VX+EF
경주 여행	64	한번	MAG
경주 여행	64	마음	NNG
경주 여행	64	드신	VV+EP+ETM
경주 여행	64	다면	NNG
경주 여행	64	채택	NNG
경주 여행	64	부탁	NNG
경주 여행	64	드립니다	VV+EC
경주 여행	65	캐리	NNP
경주 여행	65	어사이즈	NNP
경주 여행	65	추천	NNP
경주 여행	65	이번	NNG
경주 여행	65	아버지	NNG
경주 여행	65	습니다	EF
경주 여행	65	캐리어	NNG
경주 여행	65	겸사겸사	MAG
경주 여행	65	하나	NR
경주 여행	65	살까	VV+EC
경주 여행	65	합니다	VX+EF
경주 여행	65	캐리	NNP
경주 여행	65	어사이즈	NNP
경주 여행	65	추천	NNG
경주 여행	65	부탁	NNG
경주 여행	65	드립니다	VV+EC
경주 여행	65	20	SN
경주 여행	65	인치	NNBC
경주 여행	65	캐리어	NNG
경주 여행	65	추천	NNG
경주 여행	65	합니다	XSV+EF
경주 여행	65	매일	NNG
경주 여행	65	즐거우	VV
경주 여행	65	으면	EC
경주 여행	65	습니당	EF
경주 여행	66	려고	EC
경주 여행	66	는데	EC
경주 여행	66	혹시	MAG
경주 여행	66	폴라로이드	NNG
경주 여행	66	카메라	NNG
경주 여행	66	대여	NNG
경주 여행	66	이나	JX
경주 여행	66	구매	NNG
경주 여행	66	그리고	MAJ
경주 여행	66	온다고	VV+EC
경주 여행	66	숙소	NNG
경주 여행	66	제일	MAG
경주 여행	66	중요	NNG
경주 여행	66	잖아요	EC+VX+EF
경주 여행	66	그래서	MAJ
경주 여행	66	저희	NP
경주 여행	66	오푸스	NNG
경주 여행	66	11	SN
경주 여행	66	빌라	NNG
경주 여행	66	펜션	NNG
경주 여행	66	추천	NNG
경주 여행	66	드리	VX
경주 여행	66	려고	EC
경주 여행	67	렌터카	NNG
경주 여행	67	려고	EC
경주 여행	67	합니다	VX+EF
경주 여행	67	우선	MAG
경주 여행	67	숙소	NNG
경주 여행	67	터미널	NNG
경주 여행	67	주요	NNG
경주 여행	67	관광지	NNG
경주 여행	67	도보	NNG
경주 여행	67	10	SN
경주 여행	67	관광지	NNG
경주 여행	67	추천	NNG
경주 여행	67	드리	VX
경주 여행	67	습니다	EF
경주 여행	67	말씀	NNG
경주 여행	67	터미널	NNG
경주 여행	67	에서	JKB
경주 여행	67	주요	NNG
경주 여행	67	관광지	NNG
경주 여행	67	황리	NNG
경주 여행	67	에서	JKB
경주 여행	67	시작	NNG
경주 여행	67	한다고	XSV+EC
경주 여행	67	됩니다	VV+EF
경주 여행	67	황리	NNG
경주 여행	67	시작	NNG
경주 여행	67	으로	JKB
경주 여행	68	코스	NNG
경주 여행	68	추천	NNG
경주 여행	68	요번	NNG
경주 여행	68	색다른	VA+ETM
경주 여행	68	주제	NNG
경주 여행	68	어요	EF
경주 여행	68	코스	NNG
경주 여행	68	추천	NNG
경주 여행	68	입니다	VCP+EF
경주 여행	68	안녕	IC
경주 여행	68	세요	EP+EF
경주 여행	68	코스	NNG
경주 여행	68	남산	NNP
경주 여행	68	정복	NNG
경주 여행	68	코스	NNG
경주 여행	68	에서	JKB
경주 여행	68	코스	NNG
경주 여행	68	불국사	NNG
경주 여행	68	석굴암	NNG
경주 여행	68	관람	NNG
경주 여행	68	랜드마크	NNP
경주 여행	69	내공	NNP
경주 여행	69	100	SN
경주 여행	69	당일치기	NNG
경주 여행	69	일찍	MAG
경주 여행	69	아침	NNG
경주 여행	69	저녁	NNG
경주 여행	69	시간	NNG
경주 여행	69	갈려는	VV+ETM
경주 여행	69	이랑	JC
경주 여행	69	반려	NNG
경주 여행	69	동반	NNG
경주 여행	69	입장	NNG
경주 여행	69	는지	EC
경주 여행	69	궁금	XR
경주 여행	69	합니다	XSA+EF
경주 여행	69	반려	NNG
경주 여행	69	동반	NNG
경주 여행	69	추천	NNG
경주 여행	69	드려요	VV+EC
경주 여행	70	렌트	NNG
경주 여행	70	렌트	NNG
경주 여행	70	해서	XSV+EC
경주 여행	70	할려	VV+EC
경주 여행	70	는데	EC
경주 여행	70	부산	NNP
경주 여행	70	처럼	JKB
경주 여행	70	운전	NNG
경주 여행	70	많이	MAG
경주 여행	70	빡센	VA+ETM
경주 여행	70	가여	NNG
경주 여행	70	부산	NNP
경주 여행	70	종종	MAG
경주 여행	70	는데	EC
경주 여행	70	일단	MAG
경주 여행	70	많이	MAG
경주 여행	70	몰리	VV
경주 여행	70	황리	NNG
경주 여행	70	첨성대	NNG
경주 여행	70	인근	NNG
경주 여행	70	대릉원	NNG
경주 여행	70	인근	NNG
경주 여행	70	시내	NNG
경주 여행	70	정도	NNG
경주 여행	70	입니다	VCP+EF
경주 여행	70	여기	NP
경주 여행	70	운전	NNG
경주 여행	70	는데	EC
경주 여행	71	주말	NNG
경주 여행	71	코스	NNG
경주 여행	71	드립니다	VV+EF
경주 여행	71	엄마	NNG
경주 여행	71	아빠	NNG
경주 여행	71	같이	MAG
경주 여행	71	건데요	NNB+VCP+EF
경주 여행	71	경주로	NNG
경주 여행	71	수학여행	NNG
경주 여행	71	다녀온	VV+ETM
경주 여행	71	너무	MAG
경주 여행	71	오래	MAG
경주 여행	71	엄마	NNG
경주 여행	71	아빠	NNG
경주 여행	71	처음	NNG
경주 여행	71	라서요	EF
경주 여행	71	그리고	MAJ
경주 여행	71	맛집	NNG
경주 여행	71	으면	EC
경주 여행	71	추도	NNG
경주 여행	71	부탁	NNG
경주 여행	71	드려	VV+EF
경주 여행	71	주말	NNG
경주 여행	71	코스	NNG
경주 여행	71	드립니다	VV+EC
경주 여행	71	답변	NNG
경주 여행	71	드릴게요	VV+EC
경주 여행	72	숙소	NNG
경주 여행	72	11	SN
경주 여행	72	20	SN
경주 여행	72	토요일	NNG
경주 여행	72	려고	EC
경주 여행	72	는데	EC
경주 여행	72	숙소	NNG
경주 여행	72	정하	VV
경주 여행	72	힘드	VA
경주 여행	72	네요	EC
경주 여행	72	2021	SN
경주 여행	72	가을	NNG
경주 여행	72	즐기	VV
경주 여행	72	다면	EC
경주 여행	72	신상	NNG
경주 여행	72	세요	EP+EF
경주 여행	72	어요	EF
경주 여행	72	펜션	NNG
경주 여행	72	빌라	NNP
경주 여행	72	숙소	NNG
경주 여행	72	신축	NNG
경주 여행	72	펜션	NNG
경주 여행	73	택시	NNG
경주 여행	73	투어	NNG
경주 여행	73	렌트카	NNG
경주 여행	73	이용	NNG
경주 여행	73	12	SN
경주 여행	73	지인	NNG
경주 여행	73	는데	EC
경주 여행	73	질문	NNG
경주 여행	73	택시	NNG
경주 여행	73	투어	NNG
경주 여행	73	관련	NNG
경주 여행	73	답변	NNG
경주 여행	73	드리	VV
경주 여행	73	습니다	EF
경주 여행	73	택시	NNG
경주 여행	73	투어	NNG
경주 여행	73	편안	NNG
경주 여행	73	최근	NNG
경주 여행	73	택시	NNG
경주 여행	73	투어	NNG
경주 여행	73	이용	NNG
경주 여행	73	는데요	EC
경주 여행	74	갑니다	VV+EC
경주 여행	74	갑니다	VV+EC
경주 여행	74	천군동	NNP
경주 여행	74	위치	NNG
경주 여행	74	빌라	NNG
경주 여행	74	입실	NNG
경주 여행	74	인데	VCP+EC
경주 여행	74	12	SN
경주 여행	74	도착	NNG
경주 여행	74	예정	NNG
경주 여행	74	라서	EC
경주 여행	74	그동안	NNG
경주 여행	74	안녕	NNG
경주 여행	74	세요	EP+EF
경주 여행	74	계획	NNG
경주 여행	74	없이	MAG
경주 여행	74	루트	NNG
경주 여행	74	실패	NNG
경주 여행	74	소개	NNG
경주 여행	74	볼까	VX+EC
경주 여행	74	합니다	VX+EF
경주 여행	74	한번	MAG
경주 여행	74	마음	NNG
경주 여행	74	신다면	EP+EC
경주 여행	75	빠질	VV+ETM
경주 여행	75	빵집	NNG
경주 여행	75	빠질	VV+ETM
경주 여행	75	빵집	NNG
경주 여행	75	알려	VV+EC
경주 여행	75	세요	EP+EF
경주 여행	75	주말	NNG
경주 여행	75	남편	NNG
경주 여행	75	갑니다	VV+EC
경주 여행	75	너무	MAG
경주 여행	75	는데	EC
경주 여행	75	에서	NNG
경주 여행	75	빵집	NNG
경주 여행	75	어딘가요	NP+VCP+EF
경주 여행	75	계절	NNG
경주 여행	75	입니다	VCP+EF
경주 여행	75	이맘때	NNG
경주 여행	75	아이	NNG
경주 여행	75	거든요	EF
경주 여행	76	코스	NNG
경주 여행	76	동선	NNG
경주 여행	76	어떻게	MAG
경주 여행	76	될까요	VV+EF
경주 여행	76	자차	NNG
경주 여행	76	이용	NNG
경주 여행	76	해서	XSV+EC
경주 여행	76	려고	EC
경주 여행	76	합니다	VX+EF
경주 여행	76	코스	NNG
경주 여행	76	동선	NNG
경주 여행	76	어떻게	MAG
경주 여행	76	될까요	VV+EC
경주 여행	76	문제	NNG
경주 여행	76	대한	VV+ETM
경주 여행	76	해결책	NNG
경주 여행	76	제시	NNG
경주 여행	76	드리	VX
경주 여행	76	도록	EC
경주 여행	76	습니다	EF
경주 여행	76	Step	SL
경주 여행	76	이처럼	MAG
경주 여행	76	코스	NNG
경주 여행	76	동선	NNG
경주 여행	76	메인	VV+ETM
경주 여행	76	으로	JKB
경주 여행	76	장소	NNG
경주 여행	77	추천	NNG
경주 여행	77	중학	NNG
경주 여행	77	친구	NNG
경주 여행	77	당일치기	NNG
경주 여행	77	할려고	VV+EC
경주 여행	77	는데	EC
경주 여행	77	저번	NNG
경주 여행	77	다녀온	VV+ETM
경주 여행	77	코스	NNG
경주 여행	77	같이	MAG
경주 여행	77	추천	NNG
경주 여행	77	드릴	VV+ETM
경주 여행	77	참고	NNG
경주 여행	77	으로	JKB
경주 여행	77	tistory	SL
경주 여행	77	com	SL
경주 여행	77	46	SN
경주 여행	77	도움	NNG
경주 여행	77	즐거운	VA+ETM
경주 여행	77	보내	VV
경주 여행	77	네요	EC
경주 여행	78	어르신	NNG
경주 여행	78	함께	MAG
경주 여행	78	숙소	NNG
경주 여행	78	..	SY
경주 여행	78	어르신	NNG
경주 여행	78	추천	NNG
경주 여행	78	세요	EP+EF
경주 여행	78	인원	NNG
경주 여행	78	20	SN
경주 여행	78	25	SN
경주 여행	78	숙소	NNG
경주 여행	78	식사	NNG
경주 여행	78	함께	MAG
경주 여행	78	추천	NNG
경주 여행	78	안녕	NNG
경주 여행	78	세요	EP+EF
경주 여행	78	관심	NNG
경주 여행	78	으신	EP+ETM
경주 여행	78	아서	EC
경주 여행	78	저희	NP
경주 여행	78	함께	MAG
경주 여행	78	에서	JKB
경주 여행	78	역사	NNG
경주 여행	78	문화	NNG
경주 여행	78	경험	NNG
경주 여행	78	명소	NNG
경주 여행	78	추천	NNG
경주 여행	78	합니다	XSV+EC
경주 여행	79	무엇	NP
경주 여행	79	인가요	VCP+EF
경주 여행	79	안녕	IC
경주 여행	79	세요	EP+EF
경주 여행	79	려고	EC
경주 여행	79	알아보	VV
경주 여행	79	습니다	EF
경주 여행	79	알아보	VV
경주 여행	79	황리	NNG
경주 여행	79	황동	NNG
경주 여행	79	황지	NNG
경주 여행	79	이렇게	MAG
경주 여행	79	는데	EC
경주 여행	79	지역민	NNG
경주 여행	79	에서	JKB
경주 여행	79	자주	MAG
경주 여행	79	관광객	NNG
경주 여행	79	황리	NNG
경주 여행	79	에서	JKB
경주 여행	79	논다는	VV+ETM
경주 여행	79	더라고요	EC
경주 여행	79	황동	NNG
경주 여행	79	라는	ETM
경주 여행	79	아예	MAG
경주 여행	79	던데	EC
경주 여행	80	돌아볼	VV+ETM
경주 여행	80	코스	NNG
경주 여행	80	알아보	VV
경주 여행	80	는데	EC
경주 여행	80	마땅히	MAG
경주 여행	80	갈만	NNG
경주 여행	80	을까	EF
경주 여행	80	안녕	NNG
경주 여행	80	세요	EP+EF
경주 여행	80	취향	NNG
경주 여행	80	대로	JKB
경주 여행	80	머물	VV
경주 여행	80	여기	VV
경주 여행	80	입니다	VCP+EF
경주 여행	80	질문	NNG
경주 여행	80	관련	NNG
경주 여행	80	답변	NNG
경주 여행	80	드리	VV
경주 여행	80	도록	EC
경주 여행	80	습니다	EF
경주 여행	80	봅니다	VX+EC
경주 여행	80	가지	NNBC
경주 여행	80	알려	VV+EC
경주 여행	80	드리	VX
경주 여행	80	도록	EC
경주 여행	81	할머니	NNG
경주 여행	81	12	SN
경주 여행	81	할머니	NNG
경주 여행	81	갈려고	VV+EC
경주 여행	81	는데	EC
경주 여행	81	코스	NNG
경주 여행	81	어떻게	MAG
경주 여행	81	을까요	EC
경주 여행	81	질문	NNG
경주 여행	81	관련	NNG
경주 여행	81	답변	NNG
경주 여행	81	드리	VV
경주 여행	81	습니다	EF
경주 여행	81	할머니	NNG
경주 여행	81	요즘	NNG
경주 여행	81	택시	NNG
경주 여행	81	투어	NNG
경주 여행	81	통해	VV+EC
경주 여행	81	보다	MAG
경주 여행	81	편안	NNG
경주 여행	81	즐겨	VV+EC
경주 여행	82	알찬	VA+ETM
경주 여행	82	코스	NNG
경주 여행	82	추천	NNG
경주 여행	82	세요	EP+EF
경주 여행	82	^^	SY
경주 여행	82	알찬	VA+ETM
경주 여행	82	코스	NNG
경주 여행	82	추천	NNG
경주 여행	82	세요	EP+EF
경주 여행	82	지만	EC
경주 여행	82	질문	NNG
경주 여행	82	관련	NNG
경주 여행	82	답변	NNG
경주 여행	82	드리	VV
경주 여행	82	도록	EC
경주 여행	82	습니다	EF
경주 여행	82	다녀오	VV
경주 여행	82	예정	NNG
경주 여행	82	군요	EC
경주 여행	82	으니	EC
경주 여행	82	는데	EC
경주 여행	82	참고	NNG
경주 여행	82	바랍니다	VV+EF
경주 여행	82	도움	NNG
경주 여행	83	사월	NNG
경주 여행	83	가족	NNG
경주 여행	83	계획	NNG
경주 여행	83	인데	VCP+EC
경주 여행	83	사월	NNG
경주 여행	83	가족	NNG
경주 여행	83	계획	NNG
경주 여행	83	인데	VCP+EC
경주 여행	83	처음	MAG
경주 여행	83	네요	EC
경주 여행	83	가족	NNG
경주 여행	83	소개	NNG
경주 여행	83	세요	EP+EF
경주 여행	83	경경	NNG
경주 여행	83	가족	NNG
경주 여행	83	함께	MAG
경주 여행	83	계획	NNG
경주 여행	83	계시	VX
경주 여행	83	군요	EC
경주 여행	83	한화	NNG
경주 여행	83	리조트	NNG
경주 여행	83	에서	JKB
경주 여행	83	즐거운	VA+ETM
경주 여행	83	추억	NNG
경주 여행	83	만드실	VV+EP+ETM
경주 여행	84	지금	MAG
경주 여행	84	가지	NNBC
경주 여행	84	세요	EP+EF
경주 여행	84	지금	MAG
경주 여행	84	많이	MAG
경주 여행	84	까요	EF
경주 여행	84	쪄죽	VV
경주 여행	84	정도	NNG
경주 여행	84	돌아다니	VV
경주 여행	84	나요	EC
경주 여행	84	고속버스	NNG
경주 여행	84	지금	MAG
경주 여행	84	많이	MAG
경주 여행	84	까요	EF
경주 여행	84	가장	MAG
경주 여행	84	더운	VA+ETM
경주 여행	84	시기	NNG
경주 여행	84	입니다	VCP+EF
경주 여행	84	30	SN
경주 여행	84	34	SN
경주 여행	84	까지	JX
경주 여행	84	습니다	EF
경주 여행	85	가족	NNG
경주 여행	85	코스	NNG
경주 여행	85	추천	NNG
경주 여행	85	부탁드려요	VV+EF
경주 여행	85	코스	NNG
경주 여행	85	추천	NNG
경주 여행	85	부탁	NNG
경주 여행	85	드려요	VV+EC
경주 여행	85	이번	NNG
경주 여행	85	추석	NNG
경주 여행	85	기간	NNG
경주 여행	85	가족	NNG
경주 여행	85	아이	NNG
경주 여행	85	어요	EF
경주 여행	85	함께	MAG
경주 여행	85	고자	EC
경주 여행	85	가족	NNG
경주 여행	85	코스	NNG
경주 여행	85	추천	NNG
경주 여행	85	드릴게요	VX+EF
경주 여행	85	여러분	NP
경주 여행	85	위해	VV+EC
경주 여행	85	직접	MAG
경주 여행	85	조사	NNG
경주 여행	85	결과	NNG
경주 여행	85	바탕	NNG
경주 여행	85	으로	JKB
경주 여행	85	최적	NNG
경주 여행	85	코스	NNG
경주 여행	85	제안	NNG
경주 여행	86	초등학생	NNG
경주 여행	86	전남	NNP
경주 여행	86	에서	JKB
경주 여행	86	초등학생	NNG
경주 여행	86	데리	VV
경주 여행	86	가져	VV+EC
경주 여행	86	고하	VV
경주 여행	86	는데요	EF
경주 여행	86	코스	NNG
경주 여행	86	네요	EF
경주 여행	86	숙소	NNG
경주 여행	86	질문	NNG
경주 여행	86	관련	NNG
경주 여행	86	답변	NNG
경주 여행	86	드리	VV
경주 여행	86	도록	EC
경주 여행	86	습니다	EF
경주 여행	86	다녀올	VV+ETM
경주 여행	86	으로	JKB
경주 여행	86	계시	VX
경주 여행	86	봅니다	VX+EC
경주 여행	87	코스	NNG
경주 여행	87	동선	NNG
경주 여행	87	추천	NNG
경주 여행	87	세요	EP+EF
경주 여행	87	코스	NNG
경주 여행	87	동선	NNG
경주 여행	87	어서	EC
경주 여행	87	다음	NNG
경주 여행	87	하루	NNG
경주 여행	87	정도	NNG
경주 여행	87	려고	EC
경주 여행	87	는데	EC
경주 여행	87	일단	MAG
경주 여행	87	석굴암	NNG
경주 여행	87	불국사	NNP
경주 여행	87	질문	NNG
경주 여행	87	일정	NNG
경주 여행	87	관련	NNG
경주 여행	87	답변	NNG
경주 여행	87	드리	VV
경주 여행	87	도록	EC
경주 여행	87	습니다	EF
경주 여행	87	비록	MAG
경주 여행	87	지만	EC
경주 여행	87	사실상	MAG
경주 여행	87	당일치기	NNG
경주 여행	87	준비	NNG
경주 여행	88	초보	NNG
경주 여행	88	운전	NNG
경주 여행	88	코스	NNG
경주 여행	88	코스	NNG
경주 여행	88	세요	EP+EF
경주 여행	88	아무래도	MAG
경주 여행	88	어려움	NNG
경주 여행	88	아요	EF
경주 여행	88	벚꽃	NNG
경주 여행	88	서서히	MAG
경주 여행	88	개화	NNG
경주 여행	88	참고	NNG
경주 여행	88	쭈니	NNP
경주 여행	88	아빠	NNG
경주 여행	88	블로그	NNG
경주 여행	88	방문	NNG
경주 여행	88	카테고리	NNG
경주 여행	88	습니다	EF
경주 여행	89	아들	NNG
경주 여행	89	일정	NNG
경주 여행	89	아들	NNG
경주 여행	89	가려	VV+EC
경주 여행	89	합니다	VX+EF
경주 여행	89	선배	NNG
경주 여행	89	조언	NNG
경주 여행	89	코스	NNG
경주 여행	89	추천	NNG
경주 여행	89	드립니다	VV+EF
경주 여행	89	안녕	IC
경주 여행	89	세요	EP+EF
경주 여행	89	전문	NNG
경주 여행	89	블로거	NNP
경주 여행	89	초등	NNG
경주 여행	89	학교	NNG
경주 여행	89	학년	NNG
경주 여행	89	아들	NNG
경주 여행	89	함께	MAG
경주 여행	89	라면	EC
경주 여행	89	역사	NNG
경주 여행	89	하루	NNG
경주 여행	89	코스	NNG
경주 여행	89	남산	NNP
경주 여행	89	정복	NNG
경주 여행	89	코스	NNG
경주 여행	89	에서	JKB
경주 여행	90	려고	EC
경주 여행	90	니다	VCP+EF
경주 여행	90	,!	SY
경주 여행	90	저희	NP
경주 여행	90	가족	NNG
경주 여행	90	려고	EC
경주 여행	90	합니다	VX+EF
경주 여행	90	가족	NNG
경주 여행	90	가족	NNG
경주 여행	90	학년	NNG
경주 여행	90	학년	NNG
경주 여행	90	구요	EF
경주 여행	90	문화재	NNG
경주 여행	90	작년	NNG
경주 여행	90	여름	NNG
경주 여행	90	방학	NNG
경주 여행	90	했었	VV+EP
경주 여행	90	갔다온	VV+ETM
경주 여행	90	아니	VCN
경주 여행	90	당일	NNG
경주 여행	90	갔다왔	VV+EP
경주 여행	90	습니다	EF
경주 여행	90	성심껏	MAG
경주 여행	90	답변	NNG
경주 여행	91	포항	NNP
경주 여행	91	에서	JKB
경주 여행	91	기차	NNG
경주 여행	91	요금	NNG
경주 여행	91	그리고	MAJ
경주 여행	91	..	SY
경주 여행	91	포항	NNP
경주 여행	91	에서	JKB
경주 여행	91	기차	NNG
경주 여행	91	요금	NNG
경주 여행	91	그리고	MAJ
경주 여행	91	아야	EC
경주 여행	91	코스	NNG
경주 여행	91	그리고	MAJ
경주 여행	91	맛집	NNG
경주 여행	91	그리고	MAJ
경주 여행	91	아야	EC
경주 여행	91	답변	NNG
경주 여행	91	드릴게요	VV+EC
경주 여행	91	포항	NNP
경주 여행	91	에서	JKB
경주 여행	91	가시	NNG
경주 여행	91	열차	NNG
경주 여행	91	시간	NNG
경주 여행	91	가격	NNG
경주 여행	91	아야	EC
경주 여행	92	갈만	NNG
경주 여행	92	알려	VV+EC
경주 여행	92	세요	EP+EF
경주 여행	92	려고	EC
경주 여행	92	합니다	VX+EC
경주 여행	92	관광	NNG
경주 여행	92	문화	NNG
경주 여행	92	정서	NNG
경주 여행	92	배워	VV+EC
경주 여행	92	체험	NNG
경주 여행	92	고자	EC
경주 여행	92	계획	NNG
경주 여행	92	세우	VV
경주 여행	92	는데요	EC
경주 여행	92	어떤	MM
경주 여행	92	으로	JKB
경주 여행	92	계획	NNG
경주 여행	92	세워야할지	VV+EC+VX+EC
경주 여행	92	궁금	XR
경주 여행	92	합니다	XSA+EF
경주 여행	92	가족	NNG
경주 여행	92	함께	MAG
경주 여행	93	질문	NNG
경주 여행	93	안녕	NNG
경주 여행	93	세요	EP+EF
경주 여행	93	준비	NNG
경주 여행	93	인데요	VCP+EF
경주 여행	93	출발지	NNG
경주 여행	93	서울	NNP
경주 여행	93	구요	EF
경주 여행	93	22	SN
경주 여행	93	오전	NNG
경주 여행	93	서울	NNP
경주 여행	93	에서	JKB
경주 여행	93	출발	NNG
경주 여행	93	려고	EC
경주 여행	93	고요	EC
경주 여행	93	부탁드려요	VV+EF
경주 여행	93	일정	NNG
경주 여행	93	형편	NNG
경주 여행	93	아래	NNG
경주 여행	93	코스	NNG
경주 여행	93	에서	JKB
경주 여행	93	조절	NNG
경주 여행	93	됩니다	VV+EF
경주 여행	93	시내버스	NNG
경주 여행	93	투어	NNG
경주 여행	93	도보	NNG
경주 여행	93	자전거	NNG
경주 여행	94	역사	NNG
경주 여행	94	무지	MAG
경주 여행	94	코스	NNG
경주 여행	94	부탁	NNG
경주 여행	94	드려요	VV+EC
경주 여행	94	이번	NNG
경주 여행	94	여동생	NNG
경주 여행	94	이랑	JC
경주 여행	94	려고	EC
경주 여행	94	는데요	EF
경주 여행	94	부끄럽	VA
경주 여행	94	지만	EC
경주 여행	94	고등학생	NNG
경주 여행	94	역사	NNG
경주 여행	94	해서	VV+EC
경주 여행	94	역사	NNG
경주 여행	94	몰라요	VV+EC
경주 여행	94	안내소	NNG
경주 여행	94	책자	NNG
경주 여행	94	사이트	NNG
경주 여행	94	활용	NNG
경주 여행	94	됩니다	VV+EF
경주 여행	94	책자	NNG
경주 여행	94	진짜	MAG
경주 여행	94	나와	VV+EC
경주 여행	94	어서	EC
경주 여행	94	그리고	MAJ
경주 여행	94	어디	NP
경주 여행	94	가시	VV
경주 여행	95	코스	NNG
경주 여행	95	추천	NNG
경주 여행	95	려고	EC
경주 여행	95	합니다	VX+EC
경주 여행	95	우러	VV+EC
경주 여행	95	30	SN
경주 여행	95	새벽	NNG
경주 여행	95	출발	MAG
경주 여행	95	해서	VV+EC
경주 여행	95	대명	NNG
경주 여행	95	콘도	NNG
경주 여행	95	예정	NNG
경주 여행	95	인데	VCP+EC
경주 여행	95	동안	NNG
경주 여행	95	예정	NNG
경주 여행	95	기림사	NNG
경주 여행	95	분황사	NNG
경주 여행	95	부처	NNG
경주 여행	95	무열왕릉	NNG
경주 여행	95	석굴암	NNG
경주 여행	95	황룡	NNG
경주 여행	95	사지	NNG
경주 여행	95	오릉	NNG
경주 여행	95	국립	NNG
경주 여행	95	박물관	NNG
경주 여행	95	참고	NNG
경주 여행	95	유쾌	XR
경주 여행	96	날씨	NNG
경주 여행	96	10	SN
경주 여행	96	려는데	EC
경주 여행	96	날씨	NNG
경주 여행	96	어떤	MM
경주 여행	96	가요	NNG
경주 여행	96	10	SN
경주 여행	96	날씨	NNG
경주 여행	96	대체로	MAG
경주 여행	96	흐릴	VV+ETM
경주 여행	96	가능	NNG
경주 여행	96	으며	EC
경주 여행	96	기온	NNG
경주 여행	96	18	SN
경주 여행	96	22	SN
경주 여행	96	정도	NNG
경주 여행	96	예상	NNG
경주 여행	96	돼요	XSV+EC
경주 여행	96	내릴	VV+ETM
경주 여행	96	가능	NNG
경주 여행	96	지만	EC
경주 여행	96	흐린	VV+ETM
경주 여행	96	날씨	NNG
경주 여행	96	이어질	VV+ETM
경주 여행	96	으니	EC
경주 여행	96	계획	NNG
경주 여행	96	참고	NNG
경주 여행	97	코스	NNG
경주 여행	97	23	SN
경주 여행	97	25	SN
경주 여행	97	코스	NNG
경주 여행	97	추천	NNG
경주 여행	97	세요	EP+EF
경주 여행	97	대상	NNG
경주 여행	97	어머니	NNG
경주 여행	97	자녀	NNG
경주 여행	97	본인	NNG
경주 여행	97	코스	NNG
경주 여행	97	답변	NNG
경주 여행	97	드립니다	VV+EF
경주 여행	97	안녕	IC
경주 여행	97	세요	EP+EF
경주 여행	97	전문	NNG
경주 여행	97	블로거	NNP
경주 여행	97	어머님	NNG
경주 여행	97	모시	VV
경주 여행	97	떠나	VV
경주 여행	97	즐거운	VA+ETM
경주 여행	97	추억	NNG
경주 여행	97	으로	JKB
경주 여행	97	도록	EC
경주 여행	97	경험	NNG
경주 여행	98	려구요	EC
경주 여행	98	려고	EC
경주 여행	98	11	SN
경주 여행	98	아요	EF
경주 여행	98	날씨	NNG
경주 여행	98	많이	MAG
경주 여행	98	추울	VA+ETM
경주 여행	98	은데	EC
경주 여행	98	시즌	NNG
경주 여행	98	다니	VV
경주 여행	98	괜찮	VA
경주 여행	98	을까요	EC
경주 여행	98	11	SN
경주 여행	98	가을	NNG
경주 여행	98	무르익	VV
경주 여행	98	무렵	NNB
경주 여행	98	그리	MAG
경주 여행	98	아서	EC
경주 여행	99	코스	NNG
경주 여행	99	신경주역	NNP
경주 여행	99	경주역	NNP
경주 여행	99	질문	NNG
경주 여행	99	드려요	VV+EC
경주 여행	99	안녕	NNG
경주 여행	99	세요	EP+EF
경주 여행	99	20	SN
경주 여행	99	여성	NNG
경주 여행	99	고요	NNG
경주 여행	99	친구	NNG
경주 여행	99	려고	EC
경주 여행	99	계획	NNG
경주 여행	99	는데	EC
경주 여행	99	처음	NNG
경주 여행	99	질문	NNG
경주 여행	99	드려요	VV+EC
경주 여행	99	어디	NP
경주 여행	99	이동	NNG
경주 여행	99	을까요	EC
경주 여행	99	바다	NNG
경주 여행	99	위주	NNG
경주 여행	99	야경	NNG
경주 여행	99	아직	MAG
경주 여행	99	숙소	NNG
경주 여행	99	입니다	VCP+EF
경주 여행	100	계획	NNG
경주 여행	100	는데	EF
경주 여행	100	비피	NNG
경주 여행	100	어떤	MM
경주 여행	100	가요	NNG
경주 여행	100	계획	NNG
경주 여행	100	는데	EC
경주 여행	100	뉴스	NNG
경주 여행	100	계속	MAG
경주 여행	100	많이	MAG
경주 여행	100	더라구요	EF
경주 여행	100	미뤄야	VV+EC
경주 여행	100	하나	NR
경주 여행	100	고민	NNG
경주 여행	100	입니다	VCP+EF
경주 여행	100	기상	NNG
경주 여행	100	예보	NNG
경주 여행	100	확인	NNG
경주 여행	100	기상	NNG
경주 여행	100	예보	NNG
경주 여행	100	확인	NNG
경주 여행	100	중요	NNG
경주 여행	100	합니다	XSV+EF
경주 여행	100	기상청	NNG
경주 여행	100	이나	JC
경주 여행	100	날씨	NNG
경주 여행	100	통해	VV+EC
경주 여행	101	어머니	NNG
경주 여행	101	이제	MAG
경주 여행	101	어버이날	NNP
경주 여행	101	위해	VV+EC
경주 여행	101	어머니	NNG
경주 여행	101	할려고	VV+EC
경주 여행	101	합니다	VX+EF
경주 여행	101	정했	VV+EP
경주 여행	101	는데	EC
경주 여행	101	펜션	NNG
경주 여행	101	안녕	NNG
경주 여행	101	세요	EP+EF
경주 여행	101	어버이날	NNP
경주 여행	101	어머니	NNG
경주 여행	101	함께	MAG
경주 여행	101	계획	NNG
경주 여행	101	군요	EF
경주 여행	101	특별	NNG
경주 여행	101	시간	NNG
경주 여행	101	보내	VV
경주 여행	101	려는	ETM
경주 여행	101	마음	NNG
경주 여행	101	느껴져서	VV+EC+VX+EC
경주 여행	101	더욱	MAG
경주 여행	102	는데요	EC
경주 여행	102	동궁	NNG
경주 여행	102	월지	NNG
경주 여행	102	정교	NNG
경주 여행	102	야경	NNG
경주 여행	102	은데	EC
경주 여행	102	정상	NNG
경주 여행	102	운영	NNG
경주 여행	102	나요	EC
경주 여행	102	휴무일	NNG
경주 여행	102	따로	MAG
경주 여행	102	어서	EC
경주 여행	102	관람	NNG
경주 여행	102	방해	NNG
경주 여행	102	정도	NNG
경주 여행	102	날씨	NNG
경주 여행	102	나쁜	VA+ETM
경주 여행	102	상황	NNG
경주 여행	102	생겨서	VV+EC
경주 여행	102	통제	NNG
경주 여행	102	경우	NNG
경주 여행	102	아니	VCN
경주 여행	102	라면	EC
경주 여행	102	관람	NNG
경주 여행	102	가능	NNG
경주 여행	102	습니다	EF
경주 여행	103	30	SN
경주 여행	103	남자	NNG
경주 여행	103	친구	NNG
경주 여행	103	는데	EC
경주 여행	103	숙소	NNG
경주 여행	103	ktx	SL
경주 여행	103	개인	NNG
경주 여행	103	으로	JKB
경주 여행	103	30	SN
경주 여행	103	부족	NNG
경주 여행	103	할까요	XSV+EC
경주 여행	103	30	SN
경주 여행	103	으로	JKB
경주 여행	103	계획	NNG
경주 여행	103	계신다면	VX+EC
경주 여행	103	예산	NNG
경주 여행	103	어떻게	MAG
경주 여행	103	집행	NNG
경주 여행	103	느냐	EC
경주 여행	103	따라	VV+EC
경주 여행	103	충분	XR
경주 여행	103	부족	NNG
경주 여행	103	습니다	EF
경주 여행	104	맛집	NNG
경주 여행	104	은데	EC
경주 여행	104	맛집	NNG
경주 여행	104	추천	NNG
경주 여행	104	부탁	NNG
경주 여행	104	려뇨	EC
경주 여행	104	가이드	NNG
경주 여행	104	교통편	NNG
경주 여행	104	맛집	NNG
경주 여행	104	볼거리	NNG
경주 여행	104	까지	JX
경주 여행	104	모두	MAG
경주 여행	104	알려	VV+EC
경주 여행	104	한국	NNP
경주 여행	104	역사	NNG
경주 여행	104	문화	NNG
경주 여행	104	도시	NNG
경주 여행	104	명소	NNG
경주 여행	104	아요	EC
경주 여행	104	2025	SN
경주 여행	104	떠나	VV
경주 여행	105	추천	NNG
경주 여행	105	추천	NNG
경주 여행	105	세요	EP+EF
경주 여행	105	추천	NNG
경주 여행	105	입니다	VCP+EF
경주 여행	105	월드	NNG
경주 여행	105	국립	NNG
경주 여행	105	박물관	NNG
경주 여행	105	황리	NNG
경주 여행	105	첨성대	NNG
경주 여행	105	불국사	NNP
경주 여행	105	엑스포	NNG
경주 여행	105	공원	NNG
경주 여행	105	등등	NNB
경주 여행	105	입니다	VCP+EC
경주 여행	106	날씨	NNG
경주 여행	106	는데	EC
경주 여행	106	현재	MAG
경주 여행	106	날씨	NNG
경주 여행	106	어떤	MM
경주 여행	106	가요	NNG
경주 여행	106	쌓였	VV+EP
경주 여행	106	나요	EF
경주 여행	106	시외버스	NNG
경주 여행	106	는데	EC
경주 여행	106	빙판길	NNG
경주 여행	106	일까봐	VCP+EC+VX+EC
경주 여행	106	불안	NNG
경주 여행	106	해요	XSA+EF
경주 여행	106	그렇게	MAG
경주 여행	106	많이	MAG
경주 여행	106	날씨	NNG
경주 여행	106	많이	MAG
경주 여행	106	아요	EF
경주 여행	106	주말	NNG
경주 여행	106	다고	EC
경주 여행	106	해도	VV+EC
경주 여행	106	그때	NNG
경주 여행	106	예보	NNG
경주 여행	107	놓치	VV
경주 여행	107	아야	EC
경주 여행	107	맛집	NNG
경주 여행	107	카페	NNG
경주 여행	107	알려	VV+EC
경주 여행	107	세요	EP+EF
경주 여행	107	계획	NNG
경주 여행	107	맛집	NNG
경주 여행	107	카페	NNG
경주 여행	107	에서	JKB
경주 여행	107	특별	NNG
경주 여행	107	경험	NNG
경주 여행	107	습니다	EF
경주 여행	107	독특	XR
경주 여행	107	메뉴	NNG
경주 여행	107	특별	NNG
경주 여행	107	제공	NNG
경주 여행	107	혹은	MAJ
경주 여행	107	전통	NNG
경주 여행	107	분위기	NNG
경주 여행	107	현대	NNG
경주 여행	107	요소	NNG
경주 여행	107	조화	NNG
경주 여행	107	이루	VV
경주 여행	107	장소	NNG
경주 여행	107	대해	VV+EC
경주 여행	107	습니다	EF
경주 여행	107	황남빵	NNP
경주 여행	108	일정	NNG
경주 여행	108	어떻게	MAG
경주 여행	108	할지	VX+EC
경주 여행	108	고민	NNG
경주 여행	108	입니다	VCP+EF
경주 여행	108	아빠	NNG
경주 여행	108	엄마	NNG
경주 여행	108	아들	NNG
경주 여행	108	ktx	SL
경주 여행	108	역하	NNG
경주 여행	108	11	SN
경주 여행	108	숙소	NNG
경주 여행	108	황리	NNG
경주 여행	108	황남	NNG
경주 여행	108	고택	NNG
경주 여행	108	드린	VV+ETM
경주 여행	108	답변	NNG
경주 여행	108	도움	NNG
경주 여행	108	바래요	VV+EF
경주 여행	108	말씀	NNG
경주 여행	108	질문	NNG
경주 여행	108	아빠	NNG
경주 여행	108	엄마	NNG
경주 여행	108	아들	NNG
경주 여행	108	ktx	SL
경주 여행	109	아래	NNG
경주 여행	109	참조	NNG
경주 여행	109	도움	NNG
경주 여행	109	에요	VCP+EF
경주 여행	109	https	SL
경주 여행	109	valina	SL
경주 여행	109	8342	SN
경주 여행	109	tistory	SL
경주 여행	109	com	SL
경주 여행	109	entry	SL
경주 여행	109	EC	SL
경주 여행	109	EB	SL
경주 여행	109	85	SN
경주 여행	109	84	SN
경주 여행	109	EC	SL
경주 여행	109	98	SN
경주 여행	109	EC	SL
경주 여행	109	97	SN
경주 여행	109	AD	SL
경주 여행	109	EC	SL
경주 여행	109	82	SN
경주 여행	109	AC	SL
경주 여행	109	EC	SL
경주 여행	109	99	SN
경주 여행	109	80	SN
경주 여행	109	EA	SL
경주 여행	109	90	SN
경주 여행	109	EC	SL
경주 여행	109	84	SN
경주 여행	109	EC	SL
경주 여행	109	97	SN
경주 여행	109	AC	SL
경주 여행	109	ED	SL
경주 여행	109	96	SN
경주 여행	109	89	SN
경주 여행	109	EA	SL
경주 여행	109	BD	SL
경주 여행	109	EC	SL
경주 여행	109	BC	SL
경주 여행	109	ED	SL
경주 여행	109	95	SN
경주 여행	109	84	SN
경주 여행	109	EC	SL
경주 여행	109	88	SN
경주 여행	109	98	SN
경주 여행	109	EC	SL
경주 여행	109	BD	SL
경주 여행	109	94	SN
경주 여행	109	EC	SL
경주 여행	109	EC	SL
경주 여행	110	질문	NNG
경주 여행	110	코스	NNG
경주 여행	110	는데요	EF
경주 여행	110	이렇게	MAG
경주 여행	110	나요	EF
경주 여행	110	그리고	MAJ
경주 여행	110	시내	NNG
경주 여행	110	숙소	NNG
경주 여행	110	인데	VCP+EC
경주 여행	110	첨성대	NNG
경주 여행	110	코스	NNG
경주 여행	110	황리	NNG
경주 여행	110	도보이	NNP
경주 여행	110	가능	NNG
경주 여행	110	가요	NNG
경주 여행	110	아니	VCN
경주 여행	110	하나	NR
경주 여행	110	불국사	NNG
경주 여행	110	숙소	NNG
경주 여행	110	불국사	NNG
경주 여행	110	석굴암	NNG
경주 여행	110	바람	NNG
경주 여행	110	언덕	NNG
경주 여행	110	숙소	NNG
경주 여행	110	체크인	NNG
경주 여행	111	려고	EC
경주 여행	111	는데	EC
경주 여행	111	펜션	NNG
경주 여행	111	이나	JC
경주 여행	111	호텔	NNG
경주 여행	111	예약	NNG
경주 여행	111	부터	JX
경주 여행	111	을까요	EC
경주 여행	111	제일	MAG
경주 여행	111	습니다	EF
경주 여행	111	날짜	NNG
경주 여행	111	성수기	NNG
경주 여행	111	라면	VCP+EC
경주 여행	112	당일치기	NNG
경주 여행	112	질문	NNG
경주 여행	112	인데	VCP+EC
경주 여행	112	할지	VV+EC
경주 여행	112	당일	NNG
경주 여행	112	올지	VX+EC
경주 여행	112	모르	VV
경주 여행	112	는데	EC
경주 여행	112	우선	MAG
경주 여행	112	당일	NNG
경주 여행	112	아요	EF
경주 여행	112	오전	NNG
경주 여행	112	11	SN
경주 여행	112	터미널	NNG
경주 여행	112	도착	NNG
경주 여행	112	오후	NNG
경주 여행	112	터미널	NNG
경주 여행	112	에서	JKB
경주 여행	112	버스	NNG
경주 여행	112	11	SN
경주 여행	112	버스	NNG
경주 여행	112	터미널	NNG
경주 여행	112	도착	NNG
경주 여행	112	한다고	XSV+EC
경주 여행	112	황리	NNG
경주 여행	112	대릉원	NNG
경주 여행	112	첨성대	NNG
경주 여행	112	정교	NNG
경주 여행	112	동궁	NNG
경주 여행	112	월지	NNG
경주 여행	113	볼까	EC+VX+EC
경주 여행	113	는데요	EF
경주 여행	113	다른	MM
경주 여행	113	특별히	MAG
경주 여행	113	려고요	EC
경주 여행	113	준비	NNG
경주 여행	113	면서	EC
경주 여행	113	진짜	MAG
경주 여행	113	헤맸	VV+EP
경주 여행	113	는데요	EF
경주 여행	113	시티투어	NNP
경주 여행	113	탈까	VV+EC
경주 여행	113	그냥	MAG
경주 여행	113	블로그	NNG
경주 여행	113	시작	NNG
경주 여행	113	세요	EP+EF
경주 여행	113	걸음	NNG
경주 여행	113	없이	MAG
경주 여행	113	즐기	VV
경주 여행	113	다면	EC
경주 여행	113	여기	NP
경주 여행	113	부터	JX
경주 여행	113	추천	NNG
경주 여행	113	드립니다	VV+EC
경주 여행	114	어때요	VA+EF
경주 여행	114	고등학생	NNG
경주 여행	114	시절	NNG
경주 여행	114	추억	NNG
경주 여행	114	만들	VV
경주 여행	114	해요	VX+EF
경주 여행	114	..	SY
경주 여행	114	어때요	VA+EF
경주 여행	114	고등학생	NNG
경주 여행	114	시절	NNG
경주 여행	114	추억	NNG
경주 여행	114	만들	VV
경주 여행	114	해요	VX+EF
경주 여행	114	로또	NNP
경주 여행	114	는데	EC
경주 여행	114	해몽	NNG
경주 여행	114	해줘요	XSV+EC+VX+EC
경주 여행	114	컴퓨터	NNG
경주 여행	114	조립식	NNG
경주 여행	114	얼마	NNG
경주 여행	114	고등학생	NNG
경주 여행	114	시절	NNG
경주 여행	114	추억	NNG
경주 여행	114	만들	VV
경주 여행	114	아주	MAG
경주 여행	114	선택	NNG
경주 여행	114	입니다	VCP+EF
경주 여행	114	한국	NNP
경주 여행	114	역사	NNG
경주 여행	114	문화	NNG
경주 여행	114	느낄	VV+ETM
경주 여행	114	도시	NNG
경주 여행	115	남자	NNG
경주 여행	115	혼자	NNG
경주 여행	115	일정	NNG
경주 여행	115	숙소	NNG
경주 여행	115	예약	NNG
경주 여행	115	혼자	NNG
경주 여행	115	멋지	VA
경주 여행	115	계획	NNG
경주 여행	115	네요	EC
경주 여행	115	여유	NNG
경주 여행	115	제대로	MAG
경주 여행	115	느낄	VV+ETM
경주 여행	115	일정	NNG
경주 여행	115	에요	EF
경주 여행	115	가성	NNG
경주 여행	115	숙소	NNG
경주 여행	115	경주역	NNP
경주 여행	115	근처	NNG
경주 여행	115	게스트	NNP
경주 여행	115	하우스	NNP
경주 여행	115	황리	NNG
경주 여행	115	한옥	NNP
경주 여행	115	게스트	NNP
경주 여행	115	하우스	NNP
경주 여행	115	가격	NNG
경주 여행	115	접근성	NNG
경주 여행	115	아요	EF
경주 여행	115	바닷가	NNG
경주 여행	115	이동	NNG
경주 여행	116	루트	NNG
경주 여행	116	천마총	NNG
경주 여행	116	중앙	NNG
경주 여행	116	시장	NNG
경주 여행	116	일정	NNG
경주 여행	116	천마총	NNG
경주 여행	116	다가	EC
경주 여행	116	중앙	NNG
경주 여행	116	시장	NNG
경주 여행	116	려고	EC
경주 여행	116	는데	EC
경주 여행	116	네이버	NNP
경주 여행	116	지도	NNG
경주 여행	116	검색	NNG
경주 여행	116	니까	EC
경주 여행	116	다시	MAG
경주 여행	116	으로	JKB
경주 여행	116	내려갔	VV+EP
경주 여행	116	다가	EC
경주 여행	116	올라가	VV
경주 여행	116	라고	EC
경주 여행	116	네요	EC
경주 여행	116	동선	NNG
경주 여행	116	낭비	NNG
경주 여행	116	너무	MAG
경주 여행	116	심한	VA+ETM
경주 여행	116	지도	NNG
경주 여행	116	나온	VV+ETM
경주 여행	116	처럼	JKB
경주 여행	116	돌아가	VV
경주 여행	116	하나	NR
경주 여행	116	중간	NNG
경주 여행	116	나가	VV
경주 여행	116	나요	EC
경주 여행	116	천마총	NNG
경주 여행	117	20	SN
경주 여행	117	중반	NNG
경주 여행	117	여성	NNG
경주 여행	117	식당	NNG
경주 여행	117	술집	NNG
경주 여행	117	추천	NNG
경주 여행	117	세요	EP+EF
경주 여행	117	친구	NNG
경주 여행	117	이랑	JC
경주 여행	117	는데	EC
경주 여행	117	대해서	VV+EC
경주 여행	117	마땅히	MAG
경주 여행	117	못해서	VX+EC
경주 여행	117	막막	XR
경주 여행	117	네요	EC
경주 여행	117	20	SN
경주 여행	117	여자	NNG
경주 여행	117	좋아합니다	VV+EC
경주 여행	117	황리	NNG
경주 여행	117	이랑	JC
경주 여행	117	보문	NNG
경주 여행	117	단지	MAG
경주 여행	117	추천	NNG
경주 여행	117	세요	EP+EF
경주 여행	117	그리고	MAJ
경주 여행	117	맛있	VA
경주 여행	117	식당	NNG
경주 여행	117	추천	NNG
경주 여행	117	부탁	NNG
경주 여행	117	드립니다	VV+EC
경주 여행	117	하루	NNG
경주 여행	117	시내	NNG
경주 여행	118	경비	NNG
경주 여행	118	어느	MM
경주 여행	118	정도	NNG
경주 여행	118	나올까요	VV+EF
경주 여행	118	숙소	NNG
경주 여행	118	교통비	NNG
경주 여행	118	고요	EC
경주 여행	118	나름	NNB
경주 여행	118	지만	EC
경주 여행	118	식대	NNG
경주 여행	118	입장료	NNG
경주 여행	118	간식	NNG
경주 여행	118	정도	NNG
경주 여행	118	본인	NNG
경주 여행	118	주머니	NNG
경주 여행	118	만큼	NNB
경주 여행	118	생각	NNG
경주 여행	118	해서	XSV+EC
경주 여행	118	조절	NNG
경주 여행	118	네요	EF
경주 여행	118	여유	NNG
경주 여행	118	다면	EC
경주 여행	118	맛있	VA
경주 여행	118	해도	VV+EC
경주 여행	119	추천	NNG
경주 여행	119	이번	NNG
경주 여행	119	남자	NNG
경주 여행	119	친구	NNG
경주 여행	119	전역	NNG
경주 여행	119	직전	NNG
경주 여행	119	으로	JKB
경주 여행	119	는데요	EF
경주 여행	119	황리	NNG
경주 여행	119	어서요	EC
경주 여행	119	어서	EC
경주 여행	119	계획	NNG
경주 여행	119	계시	VX
경주 여행	119	는군요	EC
경주 여행	119	다섯	NR
경주 여행	119	코스	NNG
경주 여행	119	공유	NNG
경주 여행	119	내용	NNG
경주 여행	119	참고	NNG
경주 여행	119	습니다	EF
경주 여행	120	아이	NNG
경주 여행	120	코스	NNG
경주 여행	120	다섯	NR
경주 여행	120	아이	NNG
경주 여행	120	함께	MAG
경주 여행	120	가족	NNG
경주 여행	120	갑니다	VV+EC
경주 여행	120	첫날	NNG
경주 여행	120	점심	NNG
경주 여행	120	경주역	NNP
경주 여행	120	도착	NNG
경주 여행	120	예정	NNG
경주 여행	120	숙소	NNG
경주 여행	120	보문관광단지	NNP
경주 여행	120	근처	NNG
경주 여행	120	입니다	VCP+EF
경주 여행	120	둘째	NR
경주 여행	120	월드	NNG
경주 여행	120	다녀오	VV
경주 여행	120	오후	NNG
경주 여행	120	떠날	VV+ETM
경주 여행	120	계획	NNG
경주 여행	120	입니다	VCP+EF
경주 여행	120	직접	MAG
경주 여행	120	운전	NNG
경주 여행	120	예정	NNG
경주 여행	120	인데	VCP+EC
경주 여행	120	코스	NNG
경주 여행	120	어떻게	MAG
경주 여행	121	추천	NNG
경주 여행	121	안녕	NNG
경주 여행	121	세영	NNP
경주 여행	121	할려고	VV+EC
경주 여행	121	10	SN
경주 여행	121	인데	VCP+EC
경주 여행	121	황리	NNG
경주 여행	121	근처	NNG
경주 여행	121	어둑	XR
경주 여행	121	분위기	NNG
경주 여행	121	어요	EF
경주 여행	121	가이드	NNG
경주 여행	121	교통편	NNG
경주 여행	121	맛집	NNG
경주 여행	121	볼거리	NNG
경주 여행	121	까지	JX
경주 여행	121	모두	MAG
경주 여행	121	알려	VV+EC
경주 여행	121	가이드	NNG
경주 여행	121	교통편	NNG
경주 여행	121	맛집	NNG
경주 여행	121	볼거리	NNG
경주 여행	121	까지	JX
경주 여행	121	모두	MAG
경주 여행	121	알려	VV+EC
경주 여행	121	게요	NNB+VCP+EC
경주 여행	122	동선	NNG
경주 여행	122	부탁	NNG
경주 여행	122	드려요	VV+EC
경주 여행	122	으로	JKB
경주 여행	122	어린애	NNG
경주 여행	122	데리	VV
경주 여행	122	에요	VCP+EF
경주 여행	122	숙소	NNG
경주 여행	122	보문	NNG
경주 여행	122	단지	NNG
경주 여행	122	구요	EF
경주 여행	122	우선	MAG
경주 여행	122	정도	NNG
경주 여행	122	다녀온	VV+ETM
경주 여행	122	은데요	EC
경주 여행	122	아이	NNG
경주 여행	122	면서	EC
경주 여행	122	체험	NNG
경주 여행	122	코스	NNG
경주 여행	122	맛집	NNG
경주 여행	122	TIP	SL
경주 여행	122	코스	NNG
경주 여행	122	시내	NNG
경주 여행	122	보문관광단지	NNP
경주 여행	122	토함산	NNP
경주 여행	122	남산	NNG
경주 여행	123	갈려고	VV+EC
경주 여행	123	24	SN
경주 여행	123	괜찮	VA
경주 여행	123	을까요	EC
경주 여행	123	애인	NNG
경주 여행	123	이랑	JC
경주 여행	123	갈려고	VV+EC
경주 여행	123	는데	EC
경주 여행	123	쓸려고	VV+EC
경주 여행	123	맘먹	VV
경주 여행	123	는데	EC
경주 여행	123	24	SN
경주 여행	123	충분	XR
경주 여행	123	할까요	XSA+EC
경주 여행	123	갈려고	VV+EC
경주 여행	123	245000	SN
경주 여행	123	괜찮	VA
경주 여행	123	을까	EC
경주 여행	123	애인	NNG
경주 여행	123	이랑	JC
경주 여행	123	갈려고	VV+EC
경주 여행	123	는데	EC
경주 여행	123	쓸려고	VV+EC
경주 여행	123	맘먹	VV
경주 여행	123	는데	EC
경주 여행	123	24	SN
경주 여행	124	코스	NNG
경주 여행	124	코스	NNG
경주 여행	124	계획	NNG
경주 여행	124	계신	VX+ETM
경주 여행	124	다니	VCP+EC
경주 여행	124	정말	MAG
경주 여행	124	흥미	NNG
경주 여행	124	로운	XSA+ETM
경주 여행	124	습니다	EF
경주 여행	124	신라	NNP
경주 여행	124	역사	NNG
경주 여행	124	문화	NNG
경주 여행	124	아름다운	VA+ETM
경주 여행	124	자연	NNG
경주 여행	124	경관	NNG
경주 여행	124	느낄	VV+ETM
경주 여행	124	대한민국	NNP
경주 여행	124	대표	NNG
경주 여행	124	관광	NNG
경주 여행	124	도시	NNG
경주 여행	124	입니다	VCP+EC
경주 여행	124	동안	NNG
경주 여행	124	방문	NNG
경주 여행	124	추천	NNG
경주 여행	125	실내	NNG
경주 여행	125	관광	NNG
경주 여행	125	는데	EC
경주 여행	125	많이	MAG
경주 여행	125	더라고요	EC
경주 여행	125	실내	NNG
경주 여행	125	추천	NNG
경주 여행	125	세요	EP+EF
경주 여행	125	검색	NNG
경주 여행	125	기반	NNG
경주 여행	125	에서	JKB
경주 여행	125	실제	NNG
경주 여행	125	방문	NNG
경주 여행	125	날씨	NNG
경주 여행	125	일정	NNG
경주 여행	125	따라	VV+EC
경주 여행	125	운영	NNG
경주 여행	125	시간	NNG
경주 여행	125	확인	NNG
경주 여행	125	즐거운	VA+ETM
경주 여행	125	바랍니다	VV+EF
경주 여행	125	채택	NNG
경주 여행	126	운전	NNG
경주 여행	126	평상시	NNG
경주 여행	126	운전	NNG
경주 여행	126	제주	NNP
경주 여행	126	입니다	VCP+EF
경주 여행	126	텍스	NNG
경주 여행	126	렌트	NNG
경주 여행	126	은데	EC
경주 여행	126	초보	NNG
경주 여행	126	운전	NNG
경주 여행	126	돌아다니	VV
경주 여행	126	어렵	VA
경주 여행	126	을까요	EC
경주 여행	126	그렇게	MAG
경주 여행	126	복잡	XR
경주 여행	126	지만	EC
경주 여행	126	운전	NNG
경주 여행	126	자신	NNG
경주 여행	126	다면	EC
경주 여행	126	조심	NNG
경주 여행	126	운전	NNG
경주 여행	127	질문	NNG
경주 여행	127	거나	EC
경주 여행	127	의견	NNG
경주 여행	127	부탁	NNG
경주 여행	127	드립니다	VV+EC
경주 여행	127	바퀴	NNBC
경주 여행	127	버스	NNG
경주 여행	127	거나	EC
경주 여행	127	택시	NNG
경주 여행	127	세용	EP+EF
경주 여행	127	걸어서	VV+EC
경주 여행	127	에요	VCP+EF
경주 여행	127	택시	NNG
경주 여행	127	힘들	VA
경주 여행	127	어요	EF
경주 여행	127	부터	JX
경주 여행	127	택시	NNG
경주 여행	127	관광지	NNG
경주 여행	127	에서	JKB
경주 여행	127	택시	NNG
경주 여행	127	거나	EC
경주 여행	127	카카오	NNP
경주 여행	127	택시	NNG
경주 여행	128	식당	NNG
경주 여행	128	추천	NNG
경주 여행	128	부탁	NNG
경주 여행	128	드립니다	VV+EC
경주 여행	128	시간	NNG
경주 여행	128	도착	NNG
경주 여행	128	는데	EC
경주 여행	128	여기	NP
경주 여행	128	봐야	VX+EC
경주 여행	128	한다	VX+EC
경주 여행	128	식당	NNG
경주 여행	128	에서	JKB
경주 여행	128	특별	NNG
경주 여행	128	대접	NNG
경주 여행	128	식당	NNG
경주 여행	128	추천	NNG
경주 여행	128	드리	VX
경주 여행	128	습니다	EF
경주 여행	128	식당	NNG
경주 여행	128	하나	NR
경주 여행	128	선택	NNG
경주 여행	128	에서	JKB
경주 여행	128	특별	NNG
경주 여행	128	대접	NNG
경주 여행	129	코스	NNG
경주 여행	129	당일치기	NNG
경주 여행	129	학생	NNG
경주 여행	129	코스	NNG
경주 여행	129	알려	VV+EC
경주 여행	129	세요	EP+EF
경주 여행	129	첨성대	NNG
경주 여행	129	근처	NNG
경주 여행	129	한복	NNG
경주 여행	129	나드리	NNG
경주 여행	129	에서	JKB
경주 여행	129	질문	NNG
경주 여행	129	일정	NNG
경주 여행	129	관련	NNG
경주 여행	129	답변	NNG
경주 여행	129	드리	VV
경주 여행	129	도록	EC
경주 여행	129	습니다	EF
경주 여행	129	황리	NNG
경주 여행	129	맞춤	NNG
경주 여행	129	일정	NNG
경주 여행	129	준비	NNG
경주 여행	129	어요	EF
경주 여행	129	아래	NNG
경주 여행	129	첨부	NNG
경주 여행	129	일정	NNG
경주 여행	129	참고	NNG
경주 여행	130	역사	NNG
경주 여행	130	의미	NNG
경주 여행	130	다녀왔	VV+EP
경주 여행	130	는데요	EF
경주 여행	130	생각	NNG
경주 여행	130	보다	JKB
경주 여행	130	재미	NNG
경주 여행	130	어요	EF
경주 여행	130	너무	MAG
경주 여행	130	진지	XR
경주 여행	130	공부	NNG
경주 여행	130	느낌	NNG
경주 여행	130	으로	JKB
경주 여행	130	질문	NNG
경주 여행	130	관련	NNG
경주 여행	130	답변	NNG
경주 여행	130	드리	VV
경주 여행	130	도록	EC
경주 여행	130	습니다	EF
경주 여행	130	에서	JKB
경주 여행	130	동궁	NNG
경주 여행	130	월지	NNG
경주 여행	131	코스	NNG
경주 여행	131	추천	NNG
경주 여행	131	뚜벅	MAG
경주 여행	131	위한	VV+ETM
경주 여행	131	코스	NNG
경주 여행	131	추천	NNG
경주 여행	131	부탁	NNG
경주 여행	131	드려요	VV+EC
경주 여행	131	오붓	XR
경주 여행	131	계획	NNG
경주 여행	131	계시	VX
경주 여행	131	는군요	EC
경주 여행	131	대중교통	NNG
경주 여행	131	이용	NNG
경주 여행	131	해서	XSV+EC
경주 여행	131	돌아볼	VV+ETM
경주 여행	131	생각	NNG
경주 여행	131	라면	EC
경주 여행	131	가볍	VA
경주 여행	131	코스	NNG
경주 여행	131	습니다	EF
경주 여행	132	코스	NNG
경주 여행	132	추천	NNG
경주 여행	132	코스	NNG
경주 여행	132	추천	NNG
경주 여행	132	가족	NNG
경주 여행	132	안녕	NNG
경주 여행	132	세요	EP+EF
경주 여행	132	계획	NNG
경주 여행	132	루트	NNG
경주 여행	132	실행	NNG
경주 여행	132	실패	NNG
경주 여행	132	소개	NNG
경주 여행	132	드릴까	VX+EC
경주 여행	132	합니다	VX+EF
경주 여행	132	한번	MAG
경주 여행	132	마음	NNG
경주 여행	132	드신	VV+EP+ETM
경주 여행	132	다면	NNG
경주 여행	132	채택	NNG
경주 여행	132	부탁	NNG
경주 여행	132	드립니다	VV+EC
경주 여행	133	봐야	VX+EC
경주 여행	133	맛집	NNG
경주 여행	133	리스트	NNG
경주 여행	133	무엇	NP
경주 여행	133	인가요	VCP+EF
경주 여행	133	계획	NNG
경주 여행	133	필수	NNG
경주 여행	133	방문	NNG
경주 여행	133	맛집	NNG
경주 여행	133	플레이스	NNG
경주 여행	133	습니다	EF
경주 여행	133	현지인	NNG
경주 여행	133	추천	NNG
경주 여행	133	명소	NNG
경주 여행	133	봐야	VX+EC
경주 여행	133	맛집	NNG
경주 여행	133	황남빵	NNP
경주 여행	133	식당	NNG
경주 여행	133	잔치국수	NNP
경주 여행	133	교동	NNP
경주 여행	133	법주	NNP
경주 여행	133	신라	NNP
경주 여행	133	밀면	NNP
경주 여행	133	에요	EF
경주 여행	133	플레이스	NNG
경주 여행	133	불국사	NNP
경주 여행	134	일정	NNG
경주 여행	134	도와	VV+EC
경주 여행	134	세요	EP+EF
경주 여행	134	그냥	MAG
경주 여행	134	최소한	NNG
경주 여행	134	움직임	NNG
경주 여행	134	으로	JKB
경주 여행	134	이틀	NNG
경주 여행	134	동안	NNG
경주 여행	134	다녀올	VV+ETM
경주 여행	134	코스	NNG
경주 여행	134	알려	VV+EC
경주 여행	134	세요	EP+EF
경주 여행	134	예쁜	VA+ETM
경주 여행	134	카페	NNP
경주 여행	134	추천	NNG
경주 여행	134	질문	NNG
경주 여행	134	일정	NNG
경주 여행	134	관련	NNG
경주 여행	134	답변	NNG
경주 여행	134	드리	VV
경주 여행	134	도록	EC
경주 여행	134	습니다	EF
경주 여행	134	문자	NNG
경주 여행	134	께서	JKS
경주 여행	134	대로	NNB
경주 여행	134	최대한	NNG
경주 여행	134	여유	NNG
경주 여행	134	로운	XSA+ETM
경주 여행	134	일정	NNG
경주 여행	134	준비	NNG
경주 여행	135	려는데	EC
경주 여행	135	추천	NNG
경주 여행	135	엄마	NNG
경주 여행	135	혼자	NNG
경주 여행	135	아들	NNG
경주 여행	135	데리	VV
경주 여행	135	정도	NNG
경주 여행	135	다녀온	VV+ETM
경주 여행	135	은데요	EC
경주 여행	135	구체	NNG
경주 여행	135	일정	NNG
경주 여행	135	어서	EC
경주 여행	135	코스	NNG
경주 여행	135	맛집	NNG
경주 여행	135	숙소	NNG
경주 여행	135	대한	VV+ETM
경주 여행	135	경험담	NNG
경주 여행	135	어서	EC
경주 여행	135	소개	NNG
경주 여행	135	할게요	XSV+EC
경주 여행	135	TIP	SL
경주 여행	135	코스	NNG
경주 여행	136	추천	NNG
경주 여행	136	추천	NNG
경주 여행	136	세요	EP+EF
경주 여행	136	주신	NNG
경주 여행	136	추천	NNG
경주 여행	136	드릴게요	VV+EC
경주 여행	136	즐거운	VA+ETM
경주 여행	136	으면	EC
경주 여행	136	어요	EF
경주 여행	136	경북	NNP
경주 여행	136	황성	NNG
경주 여행	136	공원	NNG
경주 여행	136	양남	NNG
경주 여행	136	주상	NNG
경주 여행	136	절리	NNG
경주 여행	136	동궁	NNG
경주 여행	136	월지	NNG
경주 여행	136	궁원	NNG
경주 여행	136	황리	NNG
경주 여행	136	첨성대	NNG
경주 여행	137	코스	NNG
경주 여행	137	질문	NNG
경주 여행	137	는데	EC
경주 여행	137	예전	NNG
경주 여행	137	가본적	NNG
경주 여행	137	어서	EC
경주 여행	137	대충	MAG
경주 여행	137	지리	NNG
경주 여행	137	는데	EC
경주 여행	137	질문	NNG
경주 여행	137	코스	NNG
경주 여행	137	관련	NNG
경주 여행	137	답변	NNG
경주 여행	137	드리	VV
경주 여행	137	습니다	EF
경주 여행	137	경주로	NNG
경주 여행	137	일정	NNG
경주 여행	137	준비	NNG
경주 여행	137	어요	EF
경주 여행	137	아래	NNG
경주 여행	137	첨부	NNG
경주 여행	137	일정	NNG
경주 여행	137	참고	NNG
경주 여행	137	즐거운	VA+ETM
경주 여행	138	는데	EC
경주 여행	138	코스	NNG
경주 여행	138	추천	NNG
경주 여행	138	인데	VCP+EC
경주 여행	138	코스	NNG
경주 여행	138	추천	NNG
경주 여행	138	주신	NNG
경주 여행	138	코스	NNG
경주 여행	138	추천	NNG
경주 여행	138	드릴게요	VV+EC
경주 여행	138	재밌	VA
경주 여행	138	으면	EC
경주 여행	138	어요	EF
경주 여행	138	경북	NNP
경주 여행	138	황성	NNG
경주 여행	138	공원	NNG
경주 여행	138	양남	NNG
경주 여행	138	주상	NNG
경주 여행	138	절리	NNG
경주 여행	138	동궁	NNG
경주 여행	138	월지	NNG
경주 여행	138	궁원	NNG
경주 여행	139	엄마	NNG
경주 여행	139	엄마	NNG
경주 여행	139	평일	NNG
경주 여행	139	대중교통	NNG
경주 여행	139	려고	EC
경주 여행	139	는데요	EF
경주 여행	139	일단	MAG
경주 여행	139	불국사	NNG
경주 여행	139	도보	NNG
경주 여행	139	대중교통	NNG
경주 여행	139	이용	NNG
경주 여행	139	코스	NNG
경주 여행	139	의견	NNG
경주 여행	139	드려	VV+EC
경주 여행	139	볼께요	VX+EF
경주 여행	139	먼저	MAG
경주 여행	139	평일	NNG
경주 여행	139	어머니	NNG
경주 여행	139	어머니	NNG
경주 여행	139	행복	NNG
경주 여행	139	세요	EP+EF
경주 여행	139	주요	NNG
경주 여행	139	관광지	NNG
경주 여행	139	교통편	NNG
경주 여행	139	도보	NNG
경주 여행	139	포함	NNG
경주 여행	140	뚜벅	MAG
경주 여행	140	코스	NNG
경주 여행	140	추천	NNG
경주 여행	140	여자	NNG
경주 여행	140	친구	NNG
경주 여행	140	려고	EC
경주 여행	140	는데	EC
경주 여행	140	뚜벅	MAG
경주 여행	140	돌아다닐	VV+ETM
경주 여행	140	코스	NNG
경주 여행	140	추천	NNG
경주 여행	140	세요	EP+EF
경주 여행	140	월드	NNG
경주 여행	140	제외	NNG
경주 여행	140	고요	EC
경주 여행	140	여자	NNG
경주 여행	140	친구	NNG
경주 여행	140	코스	NNG
경주 여행	140	추천	NNG
경주 여행	140	드릴게요	VV+EC
경주 여행	140	하루	NNG
경주 여행	140	세요	EP+EF
경주 여행	141	HELP	SL
경주 여행	141	18	SN
경주 여행	141	부터	JX
경주 여행	141	20	SN
경주 여행	141	까지	JX
경주 여행	141	가족	NNG
경주 여행	141	이랑	JC
경주 여행	141	려고	EC
경주 여행	141	는데	EC
경주 여행	141	어딜	NP+JKO
경주 여행	141	할지	VX+EC
경주 여행	141	모르	VV
경주 여행	141	어요	EF
경주 여행	141	도와	VV+EC
경주 여행	141	세요	EP+EF
경주 여행	141	추천	NNG
경주 여행	141	입니다	VCP+EF
경주 여행	141	월드	NNG
경주 여행	141	테마파크	NNG
경주 여행	141	엑스포	NNG
경주 여행	141	대공원	NNG
경주 여행	141	국립	NNG
경주 여행	141	박물관	NNG
경주 여행	141	원릉	NNG
경주 여행	141	동굴	NNG
경주 여행	141	월지	NNG
경주 여행	142	뚜벅	MAG
경주 여행	142	다음	NNG
경주 여행	142	평일	NNG
경주 여행	142	려고	EC
경주 여행	142	는데	EC
경주 여행	142	시기	NNG
경주 여행	142	별로	MAG
경주 여행	142	아서	EC
경주 여행	142	고민	NNG
경주 여행	142	입니다	VCP+EF
경주 여행	142	혼자	NNG
경주 여행	142	뚜벅	MAG
경주 여행	142	봄바람	NNG
경주 여행	142	살랑살랑	MAG
경주 여행	142	오푸스	NNG
경주 여행	142	에서	JKB
경주 여행	142	즐겨	VV+EC
경주 여행	142	세요	EP+EF
경주 여행	142	객실	NNG
경주 여행	142	개별	NNG
경주 여행	142	바베큐	NNG
경주 여행	142	으로	JKB
경주 여행	143	추천	NNG
경주 여행	143	50	SN
경주 여행	143	부부	NNG
경주 여행	143	10	SN
경주 여행	143	코스	NNG
경주 여행	143	야경	NNG
경주 여행	143	숙소	NNG
경주 여행	143	먹거리	NNG
경주 여행	143	추천	NNG
경주 여행	143	부탁	NNG
경주 여행	143	합니다	XSV+EF
경주 여행	143	계획	NNG
경주 여행	143	군요	EF
경주 여행	143	그럼	MAJ
경주 여행	143	에서	JKB
경주 여행	143	추천	NNG
경주 여행	143	드리	VX
경주 여행	143	습니다	EF
경주 여행	143	첨성대	NNG
경주 여행	143	동궁	NNG
경주 여행	143	월지	NNG
경주 여행	143	대릉원	NNG
경주 여행	144	코스	NNG
경주 여행	144	부탁	NNG
경주 여행	144	드려요	VV+EC
경주 여행	144	출발	NNG
경주 여행	144	합니다	XSV+EF
경주 여행	144	코스	NNG
경주 여행	144	부탁	NNG
경주 여행	144	드립니다	VV+EC
경주 여행	144	숙소	NNG
경주 여행	144	아직	MAG
경주 여행	144	예약	NNG
경주 여행	144	어요	EF
경주 여행	144	코스	NNG
경주 여행	144	보고	JKB
경주 여행	144	근처	NNG
경주 여행	144	게스트	NNP
경주 여행	144	하우스	NNP
경주 여행	144	으려고요	EF
경주 여행	144	안녕	IC
경주 여행	144	세요	EP+EF
경주 여행	144	계획	NNG
경주 여행	144	없이	MAG
경주 여행	144	루트	NNG
경주 여행	144	실패	NNG
경주 여행	145	아이	NNG
경주 여행	145	코스	NNG
경주 여행	145	려고	EC
경주 여행	145	는데	EC
경주 여행	145	동선	NNG
경주 여행	145	ㅠㅠㅠ어렵네요	UNKNOWN
경주 여행	145	가족	NNG
경주 여행	145	계획	NNG
경주 여행	145	입니다	VCP+EF
경주 여행	145	구성원	NNG
경주 여행	145	남편	NNG
경주 여행	145	아이	NNG
경주 여행	145	함께	MAG
경주 여행	145	합니다	VV+EF
경주 여행	145	첫째	NR
경주 여행	145	강동	MAG
경주 여행	145	워터	NNG
경주 여행	145	파크	NNG
경주 여행	145	까지	JX
경주 여행	145	보낼	VV+ETM
경주 여행	145	아이	NNG
경주 여행	145	함께	MAG
경주 여행	145	정말	MAG
경주 여행	145	습니다	EF
경주 여행	145	동안	NNG
경주 여행	145	필요	NNG
경주 여행	145	정보	NNG
경주 여행	145	확인	NNG
경주 여행	145	정보	NNG
경주 여행	146	코스	NNG
경주 여행	146	질문	NNG
경주 여행	146	어요	EF
경주 여행	146	23	SN
경주 여행	146	25	SN
경주 여행	146	코스	NNG
경주 여행	146	추천	NNG
경주 여행	146	세요	EP+EF
경주 여행	146	대상	NNG
경주 여행	146	어머니	NNG
경주 여행	146	코스	NNG
경주 여행	146	답변	NNG
경주 여행	146	드릴게요	VV+EC
경주 여행	146	코스	NNG
경주 여행	146	답변	NNG
경주 여행	146	드립니다	VV+EC
경주 여행	146	어머님	NNG
경주 여행	146	모시	VV
경주 여행	146	떠나	VV
경주 여행	146	즐거운	VA+ETM
경주 여행	146	추억	NNG
경주 여행	146	으로	JKB
경주 여행	146	도록	EC
경주 여행	147	10	SN
경주 여행	147	코스	NNG
경주 여행	147	식당	NNG
경주 여행	147	추천	NNG
경주 여행	147	부탁	NNG
경주 여행	147	드립니다	VV+EC
경주 여행	147	숙소	NNG
경주 여행	147	가실	NNG
경주 여행	147	방문	NNG
경주 여행	147	예쁜	VA+ETM
경주 여행	147	카페	NNG
경주 여행	147	입니다	VCP+EF
경주 여행	147	포토	NNG
경주 여행	147	다양	XR
경주 여행	147	작품	NNG
경주 여행	147	함께	MAG
경주 여행	147	감상	NNG
경주 여행	147	카페	NNG
경주 여행	147	라서	VCP+EC
경주 여행	147	참고	NNG
경주 여행	147	수면	NNG
경주 여행	147	아요	EC
경주 여행	148	질문	NNG
경주 여행	148	안녕	NNG
경주 여행	148	세요	EP+EF
경주 여행	148	는데	EC
경주 여행	148	이번	NNG
경주 여행	148	려고	EC
경주 여행	148	거든요	EF
경주 여행	148	정도	NNG
경주 여행	148	돌아다닐	VV+ETM
경주 여행	148	은데	EC
경주 여행	148	버스	NNG
경주 여행	148	렌트카	NNG
경주 여행	148	반갑	VA
경주 여행	148	습니다	EF
경주 여행	148	문화	NNG
경주 여행	148	유산	NNG
경주 여행	148	도시	NNG
경주 여행	148	당일	NNG
경주 여행	148	준비	NNG
경주 여행	148	네요	EF
경주 여행	148	방문	NNG
경주 여행	148	처음	NNG
경주 여행	148	라면	EC
경주 여행	149	코스	NNG
경주 여행	149	어디	NP
경주 여행	149	가족	NNG
경주 여행	149	이랑	JC
경주 여행	149	려고	EC
경주 여행	149	는데	EC
경주 여행	149	코스	NNG
경주 여행	149	어떻게	MAG
경주 여행	149	해야	VV+EC
경주 여행	149	할지	VX+EC
경주 여행	149	모르	VV
경주 여행	149	네요	EF
경주 여행	149	코스	NNG
경주 여행	149	어디	NP
경주 여행	149	을까요	EF
경주 여행	149	사실	MAG
경주 여행	149	중학교	NNG
경주 여행	149	어요	EF
경주 여행	149	코스	NNG
경주 여행	149	가장	MAG
경주 여행	149	플레이스	NNG
경주 여행	149	어요	EF
경주 여행	149	혹시	MAG
경주 여행	149	코스	NNG
경주 여행	150	엄마	NNG
경주 여행	150	아빠	NNG
경주 여행	150	언니	NNG
경주 여행	150	는데요	EC
경주 여행	150	추천	NNG
경주 여행	150	세요	EP+EF
경주 여행	150	너무	MAG
경주 여행	150	유명	XR
경주 여행	150	아니	VCN
경주 여행	150	네요	EF
경주 여행	150	계획	NNG
경주 여행	150	네요	EF
경주 여행	150	여러분	NP
경주 여행	150	즐길	VV+ETM
경주 여행	150	장소	NNG
경주 여행	150	활동	NNG
경주 여행	150	추천	NNG
경주 여행	150	드릴게요	VX+EC
경주 여행	150	월드컵	NNG
경주 여행	151	추천	NNG
경주 여행	151	세요	EP+EF
경주 여행	151	계획	NNG
경주 여행	151	어요	EF
경주 여행	151	일정	NNG
경주 여행	151	으로	JKB
경주 여행	151	려고	EC
경주 여행	151	해요	VX+EF
경주 여행	151	질문	NNG
경주 여행	151	관련	NNG
경주 여행	151	답변	NNG
경주 여행	151	드리	VV
경주 여행	151	도록	EC
경주 여행	151	습니다	EF
경주 여행	151	가시	VV
경주 여행	151	군요	EC
경주 여행	151	대부분	NNG
경주 여행	151	평지	NNG
경주 여행	151	으니	EC
경주 여행	151	알아보	VV
경주 여행	151	조금	NNG
경주 여행	151	라도	EC
경주 여행	151	참고	NNG
경주 여행	151	으면	EC
경주 여행	152	추천	NNG
경주 여행	152	세요	EP+EF
경주 여행	152	지도	NNG
경주 여행	152	추천	NNG
경주 여행	152	부탁	NNG
경주 여행	152	합니다	XSV+EF
경주 여행	152	보문	NNG
경주 여행	152	단지	NNG
경주 여행	152	위치	NNG
경주 여행	152	우양	NNG
경주 여행	152	미술관	NNG
경주 여행	152	국내	NNG
경주 여행	152	최초	NNG
경주 여행	152	에서	JKB
경주 여행	152	추천	NNG
경주 여행	152	드리	VV
경주 여행	152	장소	NNG
경주 여행	152	동궁	NNG
경주 여행	152	월지	NNG
경주 여행	152	인데요	VCP+EF
경주 여행	152	신라	NNP
경주 여행	152	시대	NNG
경주 여행	152	궁터	NNG
경주 여행	152	였었	VCP+EP
경주 여행	152	왕자	NNG
경주 여행	152	생활	NNG
경주 여행	152	장소	NNG
경주 여행	152	다고	EC
경주 여행	152	합니다	VX+EC
경주 여행	153	코스	NNG
경주 여행	153	지도	NNG
경주 여행	153	숙소	NNG
경주 여행	153	여자	NNG
경주 여행	153	친구	NNG
경주 여행	153	같이	MAG
경주 여행	153	어요	EF
경주 여행	153	가지	VV
경주 여행	153	예정	NNG
경주 여행	153	인데요	VCP+EF
경주 여행	153	어떤	MM
경주 여행	153	으로	JKB
경주 여행	153	코스	NNG
경주 여행	153	을까요	EF
경주 여행	153	그리고	MAJ
경주 여행	153	코스	NNG
경주 여행	153	지도	NNG
경주 여행	153	알아보	VV
경주 여행	153	면서	EC
경주 여행	153	군데	NNBC
경주 여행	153	알려	VV+EC
경주 여행	153	세요	EP+EF
경주 여행	154	코스	NNG
경주 여행	154	조언	NNG
경주 여행	154	부탁	NNG
경주 여행	154	드립니다	VV+EF
경주 여행	154	저희	NP
경주 여행	154	가족	NNG
경주 여행	154	저희	NP
경주 여행	154	부모	NNG
경주 여행	154	모시	VV
경주 여행	154	질문	NNG
경주 여행	154	코스	NNG
경주 여행	154	관련	NNG
경주 여행	154	답변	NNG
경주 여행	154	드리	VV
경주 여행	154	습니다	EF
경주 여행	154	가족	NNG
경주 여행	154	함께	MAG
경주 여행	154	계획	NNG
경주 여행	154	계시	VX
경주 여행	154	는군요	EC
경주 여행	154	가족	NNG
경주 여행	154	일정	NNG
경주 여행	154	준비	NNG
경주 여행	154	어요	EF
경주 여행	154	아래	NNG
경주 여행	154	첨부	NNG
경주 여행	154	일정	NNG
경주 여행	154	참고	NNG
경주 여행	155	친정	NNG
경주 여행	155	엄마	NNG
경주 여행	155	코스	NNG
경주 여행	155	10	SN
경주 여행	155	70	SN
경주 여행	155	초반	NNG
경주 여행	155	아주	MAG
경주 여행	155	건강	NNG
경주 여행	155	친정	NNG
경주 여행	155	엄마	NNG
경주 여행	155	질문	NNG
경주 여행	155	코스	NNG
경주 여행	155	관련	NNG
경주 여행	155	답변	NNG
경주 여행	155	드리	VV
경주 여행	155	습니다	EF
경주 여행	155	부모	NNG
경주 여행	155	함께	MAG
경주 여행	155	계획	NNG
경주 여행	155	군요	EF
경주 여행	155	숙소	NNG
경주 여행	155	맞춤	NNG
경주 여행	155	일정	NNG
경주 여행	155	준비	NNG
경주 여행	155	어요	EF
경주 여행	155	아래	NNG
경주 여행	155	첨부	NNG
경주 여행	155	일정	NNG
경주 여행	156	황리	NNG
경주 여행	156	맛집	NNG
경주 여행	156	추천	NNG
경주 여행	156	이번	NNG
경주 여행	156	는데	EC
경주 여행	156	황리	NNG
경주 여행	156	근처	NNG
경주 여행	156	맛집	NNG
경주 여행	156	많이	MAG
경주 여행	156	추천	NNG
경주 여행	156	세요	EP+EF
경주 여행	156	뚜벅	MAG
경주 여행	156	거리	NNG
경주 여행	156	힘들	VA
경주 여행	156	어요	EF
경주 여행	156	위한	VV+ETM
경주 여행	156	황리	NNG
경주 여행	156	맛집	NNG
경주 여행	156	추천	NNG
경주 여행	156	황리	NNG
경주 여행	156	맛집	NNG
경주 여행	156	맛집	NNG
경주 여행	156	매일	MAG
경주 여행	156	오랫동안	NNG
경주 여행	156	기다려	VV+EC
경주 여행	156	배달	NNG
경주 여행	157	숙소	NNG
경주 여행	157	추천	NNG
경주 여행	157	안녕	NNG
경주 여행	157	세요	EP+EF
경주 여행	157	경기도	NNP
경주 여행	157	사람	NNG
경주 여행	157	입니다	VCP+EF
경주 여행	157	내년	NNG
경주 여행	157	중순	NNG
경주 여행	157	예정	NNG
경주 여행	157	입니다	VCP+EF
경주 여행	157	인원	NNG
경주 여행	157	엄마	NNG
경주 여행	157	초등	NNG
경주 여행	157	근데	MAJ
경주 여행	157	추운	VA+ETM
경주 여행	157	겨울	NNG
경주 여행	157	비추	NNG
경주 여행	157	입니다	VCP+EF
경주 여행	157	가까운	VA+ETM
경주 여행	157	거리	NNG
경주 여행	157	택시	NNG
경주 여행	157	다니	VV
경주 여행	157	세요	EP+EF
경주 여행	157	즐거운	VA+ETM
경주 여행	158	여자	NNG
경주 여행	158	친구	NNG
경주 여행	158	갈려고	VV+EC
경주 여행	158	는데요	EF
경주 여행	158	혹시	MAG
경주 여행	158	이나	JC
경주 여행	158	경치	NNG
경주 여행	158	을까요	EC
경주 여행	158	이동	NNG
경주 여행	158	구요	EF
경주 여행	158	계획	NNG
경주 여행	158	계시	VX
경주 여행	158	는군요	EF
경주 여행	158	요즘	MAG
경주 여행	158	가시	VV
경주 여행	158	정말	MAG
경주 여행	158	은데	EC
경주 여행	158	그만큼	MAG
경주 여행	159	감성	NNG
경주 여행	159	쿠지	NNP
경주 여행	159	숙소	NNG
경주 여행	159	추천	NNG
경주 여행	159	부탁	NNG
경주 여행	159	드립니다	VV+EF
경주 여행	159	마지막	NNG
경주 여행	159	계획	NNG
경주 여행	159	습니다	EF
경주 여행	159	어른	NNG
경주 여행	159	아이	NNG
경주 여행	159	가능	NNG
경주 여행	159	독채	NNG
경주 여행	159	쿠지	NNP
경주 여행	159	숙소	NNG
경주 여행	159	괜찮	VA
경주 여행	159	으면	EC
경주 여행	159	추천	NNG
경주 여행	159	휴식	NNG
경주 여행	159	취하	VV
경주 여행	159	고자	EC
경주 여행	159	최적	NNG
경주 여행	159	선택	NNG
경주 여행	159	입니다	VCP+EF
경주 여행	159	즐거운	VA+ETM
경주 여행	159	바랍니다	VV+EF
경주 여행	159	http	SL
경주 여행	159	itta	SL
경주 여행	159	stay	SL
경주 여행	159	kr	SL
경주 여행	159	html	SL
경주 여행	159	index	SL
경주 여행	159	html	SL
경주 여행	160	11	SN
경주 여행	160	11	SN
경주 여행	160	건데	NNB+VCP+EC
경주 여행	160	코스	NNG
경주 여행	160	추천	NNG
경주 여행	160	부탁	NNG
경주 여행	160	드립니다	VV+EC
경주 여행	160	군요	NNG
경주 여행	160	코스	NNG
경주 여행	160	에다가	JKB
경주 여행	160	11	SN
경주 여행	160	그래도	MAJ
경주 여행	160	패딩	NNG
경주 여행	160	느낌	NNG
경주 여행	160	아니	VCN
경주 여행	160	두꺼운	VA+ETM
경주 여행	160	코트	NNG
경주 여행	160	경량	NNG
경주 여행	160	패딩	NNG
경주 여행	160	정도	NNG
경주 여행	160	추천	NNG
경주 여행	160	드려요	VV+EC
경주 여행	160	즐거운	VA+ETM
경주 여행	160	세요	EP+EF
경주 여행	161	추천	NNG
경주 여행	161	부탁	NNG
경주 여행	161	드려요	VV+EC
경주 여행	161	~^^	SY
경주 여행	161	다녀오	VV
경주 여행	161	은데	EC
경주 여행	161	기본	NNG
경주 여행	161	으로	JKB
경주 여행	161	특별히	MAG
경주 여행	161	을까요	EC
경주 여행	161	맛집	NNG
경주 여행	161	이나	JC
경주 여행	161	주신	NNG
경주 여행	161	추천	NNG
경주 여행	161	드릴게요	VV+EC
경주 여행	161	즐거운	VA+ETM
경주 여행	161	으면	EC
경주 여행	161	어요	EF
경주 여행	161	경북	NNP
경주 여행	162	코스	NNG
경주 여행	162	추천	NNG
경주 여행	162	요번	NNG
경주 여행	162	색다른	VA+ETM
경주 여행	162	주제	NNG
경주 여행	162	어요	EF
경주 여행	162	문화재	NNG
경주 여행	162	위주	NNG
경주 여행	162	아닌	VCN+ETM
경주 여행	162	다른	MM
경주 여행	162	위주	NNG
경주 여행	162	갈만	NNG
경주 여행	162	추천	NNG
경주 여행	162	세요	EP+EF
경주 여행	162	야경	NNG
경주 여행	162	코스	NNG
경주 여행	162	추천	NNG
경주 여행	162	답변	NNG
경주 여행	162	드릴게요	VV+EC
경주 여행	162	안녕	NNG
경주 여행	162	세요	EP+EF
경주 여행	162	저번	NNG
경주 여행	162	사람	NNG
경주 여행	162	입니다	VCP+EF
경주 여행	163	추천	NNG
경주 여행	163	세요	EP+EF+VCP
경주 여행	163	추천	NNG
경주 여행	163	세요	EP+EF
경주 여행	163	안녕	NNG
경주 여행	163	세요	EP+EF
경주 여행	163	계획	NNG
경주 여행	163	루트	NNG
경주 여행	163	용시	NNG
경주 여행	163	실패	NNG
경주 여행	163	소개	NNG
경주 여행	163	드릴까	VX+EC
경주 여행	163	합니다	VX+EF
경주 여행	163	한번	MAG
경주 여행	163	마음	NNG
경주 여행	163	드신	VV+EP+ETM
경주 여행	163	다면	NNG
경주 여행	163	채택	NNG
경주 여행	163	부탁	NNG
경주 여행	163	드립니다	VV+EC
경주 여행	164	캐리	NNP
경주 여행	164	어사이즈	NNP
경주 여행	164	추천	NNP
경주 여행	164	이번	NNG
경주 여행	164	아버지	NNG
경주 여행	164	습니다	EF
경주 여행	164	캐리어	NNG
경주 여행	164	겸사겸사	MAG
경주 여행	164	하나	NR
경주 여행	164	살까	VV+EC
경주 여행	164	합니다	VX+EF
경주 여행	164	캐리	NNP
경주 여행	164	어사이즈	NNP
경주 여행	164	추천	NNG
경주 여행	164	부탁	NNG
경주 여행	164	드립니다	VV+EC
경주 여행	164	20	SN
경주 여행	164	인치	NNBC
경주 여행	164	캐리어	NNG
경주 여행	164	추천	NNG
경주 여행	164	합니다	XSV+EF
경주 여행	164	매일	NNG
경주 여행	164	즐거우	VV
경주 여행	164	으면	EC
경주 여행	164	습니당	EF
경주 여행	165	려고	EC
경주 여행	165	는데	EC
경주 여행	165	혹시	MAG
경주 여행	165	폴라로이드	NNG
경주 여행	165	카메라	NNG
경주 여행	165	대여	NNG
경주 여행	165	이나	JX
경주 여행	165	구매	NNG
경주 여행	165	그리고	MAJ
경주 여행	165	온다고	VV+EC
경주 여행	165	숙소	NNG
경주 여행	165	제일	MAG
경주 여행	165	중요	NNG
경주 여행	165	잖아요	EC+VX+EF
경주 여행	165	그래서	MAJ
경주 여행	165	저희	NP
경주 여행	165	오푸스	NNG
경주 여행	165	11	SN
경주 여행	165	빌라	NNG
경주 여행	165	펜션	NNG
경주 여행	165	추천	NNG
경주 여행	165	드리	VX
경주 여행	165	려고	EC
경주 여행	166	렌터카	NNG
경주 여행	166	려고	EC
경주 여행	166	합니다	VX+EF
경주 여행	166	우선	MAG
경주 여행	166	숙소	NNG
경주 여행	166	터미널	NNG
경주 여행	166	주요	NNG
경주 여행	166	관광지	NNG
경주 여행	166	도보	NNG
경주 여행	166	10	SN
경주 여행	166	관광지	NNG
경주 여행	166	추천	NNG
경주 여행	166	드리	VX
경주 여행	166	습니다	EF
경주 여행	166	말씀	NNG
경주 여행	166	터미널	NNG
경주 여행	166	에서	JKB
경주 여행	166	주요	NNG
경주 여행	166	관광지	NNG
경주 여행	166	황리	NNG
경주 여행	166	에서	JKB
경주 여행	166	시작	NNG
경주 여행	166	한다고	XSV+EC
경주 여행	166	됩니다	VV+EF
경주 여행	166	황리	NNG
경주 여행	166	시작	NNG
경주 여행	166	으로	JKB
경주 여행	167	코스	NNG
경주 여행	167	추천	NNG
경주 여행	167	요번	NNG
경주 여행	167	색다른	VA+ETM
경주 여행	167	주제	NNG
경주 여행	167	어요	EF
경주 여행	167	코스	NNG
경주 여행	167	추천	NNG
경주 여행	167	입니다	VCP+EF
경주 여행	167	안녕	IC
경주 여행	167	세요	EP+EF
경주 여행	167	코스	NNG
경주 여행	167	남산	NNP
경주 여행	167	정복	NNG
경주 여행	167	코스	NNG
경주 여행	167	에서	JKB
경주 여행	167	코스	NNG
경주 여행	167	불국사	NNG
경주 여행	167	석굴암	NNG
경주 여행	167	관람	NNG
경주 여행	167	랜드마크	NNP
경주 여행	168	내공	NNP
경주 여행	168	100	SN
경주 여행	168	당일치기	NNG
경주 여행	168	일찍	MAG
경주 여행	168	아침	NNG
경주 여행	168	저녁	NNG
경주 여행	168	시간	NNG
경주 여행	168	갈려는	VV+ETM
경주 여행	168	이랑	JC
경주 여행	168	반려	NNG
경주 여행	168	동반	NNG
경주 여행	168	입장	NNG
경주 여행	168	는지	EC
경주 여행	168	궁금	XR
경주 여행	168	합니다	XSA+EF
경주 여행	168	반려	NNG
경주 여행	168	동반	NNG
경주 여행	168	추천	NNG
경주 여행	168	드려요	VV+EC
경주 여행	169	렌트	NNG
경주 여행	169	렌트	NNG
경주 여행	169	해서	XSV+EC
경주 여행	169	할려	VV+EC
경주 여행	169	는데	EC
경주 여행	169	부산	NNP
경주 여행	169	처럼	JKB
경주 여행	169	운전	NNG
경주 여행	169	많이	MAG
경주 여행	169	빡센	VA+ETM
경주 여행	169	가여	NNG
경주 여행	169	부산	NNP
경주 여행	169	종종	MAG
경주 여행	169	는데	EC
경주 여행	169	일단	MAG
경주 여행	169	많이	MAG
경주 여행	169	몰리	VV
경주 여행	169	황리	NNG
경주 여행	169	첨성대	NNG
경주 여행	169	인근	NNG
경주 여행	169	대릉원	NNG
경주 여행	169	인근	NNG
경주 여행	169	시내	NNG
경주 여행	169	정도	NNG
경주 여행	169	입니다	VCP+EF
경주 여행	169	여기	NP
경주 여행	169	운전	NNG
경주 여행	169	는데	EC
경주 여행	170	주말	NNG
경주 여행	170	코스	NNG
경주 여행	170	드립니다	VV+EF
경주 여행	170	엄마	NNG
경주 여행	170	아빠	NNG
경주 여행	170	같이	MAG
경주 여행	170	건데요	NNB+VCP+EF
경주 여행	170	경주로	NNG
경주 여행	170	수학여행	NNG
경주 여행	170	다녀온	VV+ETM
경주 여행	170	너무	MAG
경주 여행	170	오래	MAG
경주 여행	170	엄마	NNG
경주 여행	170	아빠	NNG
경주 여행	170	처음	NNG
경주 여행	170	라서요	EF
경주 여행	170	그리고	MAJ
경주 여행	170	맛집	NNG
경주 여행	170	으면	EC
경주 여행	170	추도	NNG
경주 여행	170	부탁	NNG
경주 여행	170	드려	VV+EF
경주 여행	170	주말	NNG
경주 여행	170	코스	NNG
경주 여행	170	드립니다	VV+EC
경주 여행	170	답변	NNG
경주 여행	170	드릴게요	VV+EC
경주 여행	171	숙소	NNG
경주 여행	171	11	SN
경주 여행	171	20	SN
경주 여행	171	토요일	NNG
경주 여행	171	려고	EC
경주 여행	171	는데	EC
경주 여행	171	숙소	NNG
경주 여행	171	정하	VV
경주 여행	171	힘드	VA
경주 여행	171	네요	EC
경주 여행	171	2021	SN
경주 여행	171	가을	NNG
경주 여행	171	즐기	VV
경주 여행	171	다면	EC
경주 여행	171	신상	NNG
경주 여행	171	세요	EP+EF
경주 여행	171	어요	EF
경주 여행	171	펜션	NNG
경주 여행	171	빌라	NNP
경주 여행	171	숙소	NNG
경주 여행	171	신축	NNG
경주 여행	171	펜션	NNG
경주 여행	172	택시	NNG
경주 여행	172	투어	NNG
경주 여행	172	렌트카	NNG
경주 여행	172	이용	NNG
경주 여행	172	12	SN
경주 여행	172	지인	NNG
경주 여행	172	는데	EC
경주 여행	172	질문	NNG
경주 여행	172	택시	NNG
경주 여행	172	투어	NNG
경주 여행	172	관련	NNG
경주 여행	172	답변	NNG
경주 여행	172	드리	VV
경주 여행	172	습니다	EF
경주 여행	172	택시	NNG
경주 여행	172	투어	NNG
경주 여행	172	편안	NNG
경주 여행	172	최근	NNG
경주 여행	172	택시	NNG
경주 여행	172	투어	NNG
경주 여행	172	이용	NNG
경주 여행	172	는데요	EC
경주 여행	173	갑니다	VV+EC
경주 여행	173	갑니다	VV+EC
경주 여행	173	천군동	NNP
경주 여행	173	위치	NNG
경주 여행	173	빌라	NNG
경주 여행	173	입실	NNG
경주 여행	173	인데	VCP+EC
경주 여행	173	12	SN
경주 여행	173	도착	NNG
경주 여행	173	예정	NNG
경주 여행	173	라서	EC
경주 여행	173	그동안	NNG
경주 여행	173	안녕	NNG
경주 여행	173	세요	EP+EF
경주 여행	173	계획	NNG
경주 여행	173	없이	MAG
경주 여행	173	루트	NNG
경주 여행	173	실패	NNG
경주 여행	173	소개	NNG
경주 여행	173	볼까	VX+EC
경주 여행	173	합니다	VX+EF
경주 여행	173	한번	MAG
경주 여행	173	마음	NNG
경주 여행	173	신다면	EP+EC
경주 여행	174	빠질	VV+ETM
경주 여행	174	빵집	NNG
경주 여행	174	빠질	VV+ETM
경주 여행	174	빵집	NNG
경주 여행	174	알려	VV+EC
경주 여행	174	세요	EP+EF
경주 여행	174	주말	NNG
경주 여행	174	남편	NNG
경주 여행	174	갑니다	VV+EC
경주 여행	174	너무	MAG
경주 여행	174	는데	EC
경주 여행	174	에서	NNG
경주 여행	174	빵집	NNG
경주 여행	174	어딘가요	NP+VCP+EF
경주 여행	174	계절	NNG
경주 여행	174	입니다	VCP+EF
경주 여행	174	이맘때	NNG
경주 여행	174	아이	NNG
경주 여행	174	거든요	EF
경주 여행	175	코스	NNG
경주 여행	175	동선	NNG
경주 여행	175	어떻게	MAG
경주 여행	175	될까요	VV+EF
경주 여행	175	자차	NNG
경주 여행	175	이용	NNG
경주 여행	175	해서	XSV+EC
경주 여행	175	려고	EC
경주 여행	175	합니다	VX+EF
경주 여행	175	코스	NNG
경주 여행	175	동선	NNG
경주 여행	175	어떻게	MAG
경주 여행	175	될까요	VV+EC
경주 여행	175	문제	NNG
경주 여행	175	대한	VV+ETM
경주 여행	175	해결책	NNG
경주 여행	175	제시	NNG
경주 여행	175	드리	VX
경주 여행	175	도록	EC
경주 여행	175	습니다	EF
경주 여행	175	Step	SL
경주 여행	175	이처럼	MAG
경주 여행	175	코스	NNG
경주 여행	175	동선	NNG
경주 여행	175	메인	VV+ETM
경주 여행	175	으로	JKB
경주 여행	175	장소	NNG
경주 여행	176	추천	NNG
경주 여행	176	중학	NNG
경주 여행	176	친구	NNG
경주 여행	176	당일치기	NNG
경주 여행	176	할려고	VV+EC
경주 여행	176	는데	EC
경주 여행	176	저번	NNG
경주 여행	176	다녀온	VV+ETM
경주 여행	176	코스	NNG
경주 여행	176	같이	MAG
경주 여행	176	추천	NNG
경주 여행	176	드릴	VV+ETM
경주 여행	176	참고	NNG
경주 여행	176	으로	JKB
경주 여행	176	tistory	SL
경주 여행	176	com	SL
경주 여행	176	46	SN
경주 여행	176	도움	NNG
경주 여행	176	즐거운	VA+ETM
경주 여행	176	보내	VV
경주 여행	176	네요	EC
경주 여행	177	어르신	NNG
경주 여행	177	함께	MAG
경주 여행	177	숙소	NNG
경주 여행	177	..	SY
경주 여행	177	어르신	NNG
경주 여행	177	추천	NNG
경주 여행	177	세요	EP+EF
경주 여행	177	인원	NNG
경주 여행	177	20	SN
경주 여행	177	25	SN
경주 여행	177	숙소	NNG
경주 여행	177	식사	NNG
경주 여행	177	함께	MAG
경주 여행	177	추천	NNG
경주 여행	177	안녕	NNG
경주 여행	177	세요	EP+EF
경주 여행	177	관심	NNG
경주 여행	177	으신	EP+ETM
경주 여행	177	아서	EC
경주 여행	177	저희	NP
경주 여행	177	함께	MAG
경주 여행	177	에서	JKB
경주 여행	177	역사	NNG
경주 여행	177	문화	NNG
경주 여행	177	경험	NNG
경주 여행	177	명소	NNG
경주 여행	177	추천	NNG
경주 여행	177	합니다	XSV+EC
경주 여행	178	무엇	NP
경주 여행	178	인가요	VCP+EF
경주 여행	178	안녕	IC
경주 여행	178	세요	EP+EF
경주 여행	178	려고	EC
경주 여행	178	알아보	VV
경주 여행	178	습니다	EF
경주 여행	178	알아보	VV
경주 여행	178	황리	NNG
경주 여행	178	황동	NNG
경주 여행	178	황지	NNG
경주 여행	178	이렇게	MAG
경주 여행	178	는데	EC
경주 여행	178	지역민	NNG
경주 여행	178	에서	JKB
경주 여행	178	자주	MAG
경주 여행	178	관광객	NNG
경주 여행	178	황리	NNG
경주 여행	178	에서	JKB
경주 여행	178	논다는	VV+ETM
경주 여행	178	더라고요	EC
경주 여행	178	황동	NNG
경주 여행	178	라는	ETM
경주 여행	178	아예	MAG
경주 여행	178	던데	EC
경주 여행	179	돌아볼	VV+ETM
경주 여행	179	코스	NNG
경주 여행	179	알아보	VV
경주 여행	179	는데	EC
경주 여행	179	마땅히	MAG
경주 여행	179	갈만	NNG
경주 여행	179	을까	EF
경주 여행	179	안녕	NNG
경주 여행	179	세요	EP+EF
경주 여행	179	취향	NNG
경주 여행	179	대로	JKB
경주 여행	179	머물	VV
경주 여행	179	여기	VV
경주 여행	179	입니다	VCP+EF
경주 여행	179	질문	NNG
경주 여행	179	관련	NNG
경주 여행	179	답변	NNG
경주 여행	179	드리	VV
경주 여행	179	도록	EC
경주 여행	179	습니다	EF
경주 여행	179	봅니다	VX+EC
경주 여행	179	가지	NNBC
경주 여행	179	알려	VV+EC
경주 여행	179	드리	VX
경주 여행	179	도록	EC
경주 여행	180	할머니	NNG
경주 여행	180	12	SN
경주 여행	180	할머니	NNG
경주 여행	180	갈려고	VV+EC
경주 여행	180	는데	EC
경주 여행	180	코스	NNG
경주 여행	180	어떻게	MAG
경주 여행	180	을까요	EC
경주 여행	180	질문	NNG
경주 여행	180	관련	NNG
경주 여행	180	답변	NNG
경주 여행	180	드리	VV
경주 여행	180	습니다	EF
경주 여행	180	할머니	NNG
경주 여행	180	요즘	NNG
경주 여행	180	택시	NNG
경주 여행	180	투어	NNG
경주 여행	180	통해	VV+EC
경주 여행	180	보다	MAG
경주 여행	180	편안	NNG
경주 여행	180	즐겨	VV+EC
경주 여행	181	알찬	VA+ETM
경주 여행	181	코스	NNG
경주 여행	181	추천	NNG
경주 여행	181	세요	EP+EF
경주 여행	181	^^	SY
경주 여행	181	알찬	VA+ETM
경주 여행	181	코스	NNG
경주 여행	181	추천	NNG
경주 여행	181	세요	EP+EF
경주 여행	181	지만	EC
경주 여행	181	질문	NNG
경주 여행	181	관련	NNG
경주 여행	181	답변	NNG
경주 여행	181	드리	VV
경주 여행	181	도록	EC
경주 여행	181	습니다	EF
경주 여행	181	다녀오	VV
경주 여행	181	예정	NNG
경주 여행	181	군요	EC
경주 여행	181	으니	EC
경주 여행	181	는데	EC
경주 여행	181	참고	NNG
경주 여행	181	바랍니다	VV+EF
경주 여행	181	도움	NNG
경주 여행	182	사월	NNG
경주 여행	182	가족	NNG
경주 여행	182	계획	NNG
경주 여행	182	인데	VCP+EC
경주 여행	182	사월	NNG
경주 여행	182	가족	NNG
경주 여행	182	계획	NNG
경주 여행	182	인데	VCP+EC
경주 여행	182	처음	MAG
경주 여행	182	네요	EC
경주 여행	182	가족	NNG
경주 여행	182	소개	NNG
경주 여행	182	세요	EP+EF
경주 여행	182	경경	NNG
경주 여행	182	가족	NNG
경주 여행	182	함께	MAG
경주 여행	182	계획	NNG
경주 여행	182	계시	VX
경주 여행	182	군요	EC
경주 여행	182	한화	NNG
경주 여행	182	리조트	NNG
경주 여행	182	에서	JKB
경주 여행	182	즐거운	VA+ETM
경주 여행	182	추억	NNG
경주 여행	182	만드실	VV+EP+ETM
경주 여행	183	지금	MAG
경주 여행	183	가지	NNBC
경주 여행	183	세요	EP+EF
경주 여행	183	지금	MAG
경주 여행	183	많이	MAG
경주 여행	183	까요	EF
경주 여행	183	쪄죽	VV
경주 여행	183	정도	NNG
경주 여행	183	돌아다니	VV
경주 여행	183	나요	EC
경주 여행	183	고속버스	NNG
경주 여행	183	지금	MAG
경주 여행	183	많이	MAG
경주 여행	183	까요	EF
경주 여행	183	가장	MAG
경주 여행	183	더운	VA+ETM
경주 여행	183	시기	NNG
경주 여행	183	입니다	VCP+EF
경주 여행	183	30	SN
경주 여행	183	34	SN
경주 여행	183	까지	JX
경주 여행	183	습니다	EF
경주 여행	184	가족	NNG
경주 여행	184	코스	NNG
경주 여행	184	추천	NNG
경주 여행	184	부탁드려요	VV+EF
경주 여행	184	코스	NNG
경주 여행	184	추천	NNG
경주 여행	184	부탁	NNG
경주 여행	184	드려요	VV+EC
경주 여행	184	이번	NNG
경주 여행	184	추석	NNG
경주 여행	184	기간	NNG
경주 여행	184	가족	NNG
경주 여행	184	아이	NNG
경주 여행	184	어요	EF
경주 여행	184	함께	MAG
경주 여행	184	고자	EC
경주 여행	184	가족	NNG
경주 여행	184	코스	NNG
경주 여행	184	추천	NNG
경주 여행	184	드릴게요	VX+EF
경주 여행	184	여러분	NP
경주 여행	184	위해	VV+EC
경주 여행	184	직접	MAG
경주 여행	184	조사	NNG
경주 여행	184	결과	NNG
경주 여행	184	바탕	NNG
경주 여행	184	으로	JKB
경주 여행	184	최적	NNG
경주 여행	184	코스	NNG
경주 여행	184	제안	NNG
경주 여행	185	초등학생	NNG
경주 여행	185	전남	NNP
경주 여행	185	에서	JKB
경주 여행	185	초등학생	NNG
경주 여행	185	데리	VV
경주 여행	185	가져	VV+EC
경주 여행	185	고하	VV
경주 여행	185	는데요	EF
경주 여행	185	코스	NNG
경주 여행	185	네요	EF
경주 여행	185	숙소	NNG
경주 여행	185	질문	NNG
경주 여행	185	관련	NNG
경주 여행	185	답변	NNG
경주 여행	185	드리	VV
경주 여행	185	도록	EC
경주 여행	185	습니다	EF
경주 여행	185	다녀올	VV+ETM
경주 여행	185	으로	JKB
경주 여행	185	계시	VX
경주 여행	185	봅니다	VX+EC
경주 여행	186	코스	NNG
경주 여행	186	동선	NNG
경주 여행	186	추천	NNG
경주 여행	186	세요	EP+EF
경주 여행	186	코스	NNG
경주 여행	186	동선	NNG
경주 여행	186	어서	EC
경주 여행	186	다음	NNG
경주 여행	186	하루	NNG
경주 여행	186	정도	NNG
경주 여행	186	려고	EC
경주 여행	186	는데	EC
경주 여행	186	일단	MAG
경주 여행	186	석굴암	NNG
경주 여행	186	불국사	NNP
경주 여행	186	질문	NNG
경주 여행	186	일정	NNG
경주 여행	186	관련	NNG
경주 여행	186	답변	NNG
경주 여행	186	드리	VV
경주 여행	186	도록	EC
경주 여행	186	습니다	EF
경주 여행	186	비록	MAG
경주 여행	186	지만	EC
경주 여행	186	사실상	MAG
경주 여행	186	당일치기	NNG
경주 여행	186	준비	NNG
경주 여행	187	초보	NNG
경주 여행	187	운전	NNG
경주 여행	187	코스	NNG
경주 여행	187	코스	NNG
경주 여행	187	세요	EP+EF
경주 여행	187	아무래도	MAG
경주 여행	187	어려움	NNG
경주 여행	187	아요	EF
경주 여행	187	벚꽃	NNG
경주 여행	187	서서히	MAG
경주 여행	187	개화	NNG
경주 여행	187	참고	NNG
경주 여행	187	쭈니	NNP
경주 여행	187	아빠	NNG
경주 여행	187	블로그	NNG
경주 여행	187	방문	NNG
경주 여행	187	카테고리	NNG
경주 여행	187	습니다	EF
경주 여행	188	아들	NNG
경주 여행	188	일정	NNG
경주 여행	188	아들	NNG
경주 여행	188	가려	VV+EC
경주 여행	188	합니다	VX+EF
경주 여행	188	선배	NNG
경주 여행	188	조언	NNG
경주 여행	188	코스	NNG
경주 여행	188	추천	NNG
경주 여행	188	드립니다	VV+EF
경주 여행	188	안녕	IC
경주 여행	188	세요	EP+EF
경주 여행	188	전문	NNG
경주 여행	188	블로거	NNP
경주 여행	188	초등	NNG
경주 여행	188	학교	NNG
경주 여행	188	학년	NNG
경주 여행	188	아들	NNG
경주 여행	188	함께	MAG
경주 여행	188	라면	EC
경주 여행	188	역사	NNG
경주 여행	188	하루	NNG
경주 여행	188	코스	NNG
경주 여행	188	남산	NNP
경주 여행	188	정복	NNG
경주 여행	188	코스	NNG
경주 여행	188	에서	JKB
경주 여행	189	려고	EC
경주 여행	189	니다	VCP+EF
경주 여행	189	,!	SY
경주 여행	189	저희	NP
경주 여행	189	가족	NNG
경주 여행	189	려고	EC
경주 여행	189	합니다	VX+EF
경주 여행	189	가족	NNG
경주 여행	189	가족	NNG
경주 여행	189	학년	NNG
경주 여행	189	학년	NNG
경주 여행	189	구요	EF
경주 여행	189	문화재	NNG
경주 여행	189	작년	NNG
경주 여행	189	여름	NNG
경주 여행	189	방학	NNG
경주 여행	189	했었	VV+EP
경주 여행	189	갔다온	VV+ETM
경주 여행	189	아니	VCN
경주 여행	189	당일	NNG
경주 여행	189	갔다왔	VV+EP
경주 여행	189	습니다	EF
경주 여행	189	성심껏	MAG
경주 여행	189	답변	NNG
경주 여행	190	포항	NNP
경주 여행	190	에서	JKB
경주 여행	190	기차	NNG
경주 여행	190	요금	NNG
경주 여행	190	그리고	MAJ
경주 여행	190	..	SY
경주 여행	190	포항	NNP
경주 여행	190	에서	JKB
경주 여행	190	기차	NNG
경주 여행	190	요금	NNG
경주 여행	190	그리고	MAJ
경주 여행	190	아야	EC
경주 여행	190	코스	NNG
경주 여행	190	그리고	MAJ
경주 여행	190	맛집	NNG
경주 여행	190	그리고	MAJ
경주 여행	190	아야	EC
경주 여행	190	답변	NNG
경주 여행	190	드릴게요	VV+EC
경주 여행	190	포항	NNP
경주 여행	190	에서	JKB
경주 여행	190	가시	NNG
경주 여행	190	열차	NNG
경주 여행	190	시간	NNG
경주 여행	190	가격	NNG
경주 여행	190	아야	EC
경주 여행	191	갈만	NNG
경주 여행	191	알려	VV+EC
경주 여행	191	세요	EP+EF
경주 여행	191	려고	EC
경주 여행	191	합니다	VX+EC
경주 여행	191	관광	NNG
경주 여행	191	문화	NNG
경주 여행	191	정서	NNG
경주 여행	191	배워	VV+EC
경주 여행	191	체험	NNG
경주 여행	191	고자	EC
경주 여행	191	계획	NNG
경주 여행	191	세우	VV
경주 여행	191	는데요	EC
경주 여행	191	어떤	MM
경주 여행	191	으로	JKB
경주 여행	191	계획	NNG
경주 여행	191	세워야할지	VV+EC+VX+EC
경주 여행	191	궁금	XR
경주 여행	191	합니다	XSA+EF
경주 여행	191	가족	NNG
경주 여행	191	함께	MAG
경주 여행	192	질문	NNG
경주 여행	192	안녕	NNG
경주 여행	192	세요	EP+EF
경주 여행	192	준비	NNG
경주 여행	192	인데요	VCP+EF
경주 여행	192	출발지	NNG
경주 여행	192	서울	NNP
경주 여행	192	구요	EF
경주 여행	192	22	SN
경주 여행	192	오전	NNG
경주 여행	192	서울	NNP
경주 여행	192	에서	JKB
경주 여행	192	출발	NNG
경주 여행	192	려고	EC
경주 여행	192	고요	EC
경주 여행	192	부탁드려요	VV+EF
경주 여행	192	일정	NNG
경주 여행	192	형편	NNG
경주 여행	192	아래	NNG
경주 여행	192	코스	NNG
경주 여행	192	에서	JKB
경주 여행	192	조절	NNG
경주 여행	192	됩니다	VV+EF
경주 여행	192	시내버스	NNG
경주 여행	192	투어	NNG
경주 여행	192	도보	NNG
경주 여행	192	자전거	NNG
경주 여행	193	역사	NNG
경주 여행	193	무지	MAG
경주 여행	193	코스	NNG
경주 여행	193	부탁	NNG
경주 여행	193	드려요	VV+EC
경주 여행	193	이번	NNG
경주 여행	193	여동생	NNG
경주 여행	193	이랑	JC
경주 여행	193	려고	EC
경주 여행	193	는데요	EF
경주 여행	193	부끄럽	VA
경주 여행	193	지만	EC
경주 여행	193	고등학생	NNG
경주 여행	193	역사	NNG
경주 여행	193	해서	VV+EC
경주 여행	193	역사	NNG
경주 여행	193	몰라요	VV+EC
경주 여행	193	안내소	NNG
경주 여행	193	책자	NNG
경주 여행	193	사이트	NNG
경주 여행	193	활용	NNG
경주 여행	193	됩니다	VV+EF
경주 여행	193	책자	NNG
경주 여행	193	진짜	MAG
경주 여행	193	나와	VV+EC
경주 여행	193	어서	EC
경주 여행	193	그리고	MAJ
경주 여행	193	어디	NP
경주 여행	193	가시	VV
경주 여행	194	코스	NNG
경주 여행	194	추천	NNG
경주 여행	194	려고	EC
경주 여행	194	합니다	VX+EC
경주 여행	194	우러	VV+EC
경주 여행	194	30	SN
경주 여행	194	새벽	NNG
경주 여행	194	출발	MAG
경주 여행	194	해서	VV+EC
경주 여행	194	대명	NNG
경주 여행	194	콘도	NNG
경주 여행	194	예정	NNG
경주 여행	194	인데	VCP+EC
경주 여행	194	동안	NNG
경주 여행	194	예정	NNG
경주 여행	194	기림사	NNG
경주 여행	194	분황사	NNG
경주 여행	194	부처	NNG
경주 여행	194	무열왕릉	NNG
경주 여행	194	석굴암	NNG
경주 여행	194	황룡	NNG
경주 여행	194	사지	NNG
경주 여행	194	오릉	NNG
경주 여행	194	국립	NNG
경주 여행	194	박물관	NNG
경주 여행	194	참고	NNG
경주 여행	194	유쾌	XR
경주 여행	195	날씨	NNG
경주 여행	195	10	SN
경주 여행	195	려는데	EC
경주 여행	195	날씨	NNG
경주 여행	195	어떤	MM
경주 여행	195	가요	NNG
경주 여행	195	10	SN
경주 여행	195	날씨	NNG
경주 여행	195	대체로	MAG
경주 여행	195	흐릴	VV+ETM
경주 여행	195	가능	NNG
경주 여행	195	으며	EC
경주 여행	195	기온	NNG
경주 여행	195	18	SN
경주 여행	195	22	SN
경주 여행	195	정도	NNG
경주 여행	195	예상	NNG
경주 여행	195	돼요	XSV+EC
경주 여행	195	내릴	VV+ETM
경주 여행	195	가능	NNG
경주 여행	195	지만	EC
경주 여행	195	흐린	VV+ETM
경주 여행	195	날씨	NNG
경주 여행	195	이어질	VV+ETM
경주 여행	195	으니	EC
경주 여행	195	계획	NNG
경주 여행	195	참고	NNG
경주 여행	196	코스	NNG
경주 여행	196	23	SN
경주 여행	196	25	SN
경주 여행	196	코스	NNG
경주 여행	196	추천	NNG
경주 여행	196	세요	EP+EF
경주 여행	196	대상	NNG
경주 여행	196	어머니	NNG
경주 여행	196	자녀	NNG
경주 여행	196	본인	NNG
경주 여행	196	코스	NNG
경주 여행	196	답변	NNG
경주 여행	196	드립니다	VV+EF
경주 여행	196	안녕	IC
경주 여행	196	세요	EP+EF
경주 여행	196	전문	NNG
경주 여행	196	블로거	NNP
경주 여행	196	어머님	NNG
경주 여행	196	모시	VV
경주 여행	196	떠나	VV
경주 여행	196	즐거운	VA+ETM
경주 여행	196	추억	NNG
경주 여행	196	으로	JKB
경주 여행	196	도록	EC
경주 여행	196	경험	NNG
경주 여행	197	려구요	EC
경주 여행	197	려고	EC
경주 여행	197	11	SN
경주 여행	197	아요	EF
경주 여행	197	날씨	NNG
경주 여행	197	많이	MAG
경주 여행	197	추울	VA+ETM
경주 여행	197	은데	EC
경주 여행	197	시즌	NNG
경주 여행	197	다니	VV
경주 여행	197	괜찮	VA
경주 여행	197	을까요	EC
경주 여행	197	11	SN
경주 여행	197	가을	NNG
경주 여행	197	무르익	VV
경주 여행	197	무렵	NNB
경주 여행	197	그리	MAG
경주 여행	197	아서	EC
경주 여행	198	코스	NNG
경주 여행	198	신경주역	NNP
경주 여행	198	경주역	NNP
경주 여행	198	질문	NNG
경주 여행	198	드려요	VV+EC
경주 여행	198	안녕	NNG
경주 여행	198	세요	EP+EF
경주 여행	198	20	SN
경주 여행	198	여성	NNG
경주 여행	198	고요	NNG
경주 여행	198	친구	NNG
경주 여행	198	려고	EC
경주 여행	198	계획	NNG
경주 여행	198	는데	EC
경주 여행	198	처음	NNG
경주 여행	198	질문	NNG
경주 여행	198	드려요	VV+EC
경주 여행	198	어디	NP
경주 여행	198	이동	NNG
경주 여행	198	을까요	EC
경주 여행	198	바다	NNG
경주 여행	198	위주	NNG
경주 여행	198	야경	NNG
경주 여행	198	아직	MAG
경주 여행	198	숙소	NNG
경주 여행	198	입니다	VCP+EF
경주 여행	199	계획	NNG
경주 여행	199	는데	EF
경주 여행	199	비피	NNG
경주 여행	199	어떤	MM
경주 여행	199	가요	NNG
경주 여행	199	계획	NNG
경주 여행	199	는데	EC
경주 여행	199	뉴스	NNG
경주 여행	199	계속	MAG
경주 여행	199	많이	MAG
경주 여행	199	더라구요	EF
경주 여행	199	미뤄야	VV+EC
경주 여행	199	하나	NR
경주 여행	199	고민	NNG
경주 여행	199	입니다	VCP+EF
경주 여행	199	기상	NNG
경주 여행	199	예보	NNG
경주 여행	199	확인	NNG
경주 여행	199	기상	NNG
경주 여행	199	예보	NNG
경주 여행	199	확인	NNG
경주 여행	199	중요	NNG
경주 여행	199	합니다	XSV+EF
경주 여행	199	기상청	NNG
경주 여행	199	이나	JC
경주 여행	199	날씨	NNG
경주 여행	199	통해	VV+EC
경주 여행	200	11	SN
경주 여행	200	중순	NNG
경주 여행	200	남편	NNG
경주 여행	200	계획	NNG
경주 여행	200	는데요	EF
경주 여행	200	처음	MAG
경주 여행	200	첫날	NNG
경주 여행	200	황남	NNG
경주 여행	200	관한	VV+ETM
경주 여행	200	호텔	NNG
경주 여행	200	에서	JKB
경주 여행	200	이튿날	NNG
경주 여행	200	청공	NNG
경주 여행	200	옥스	NNP
경주 여행	200	테이	NNP
경주 여행	200	에서	JKB
경주 여행	200	계획	NNG
경주 여행	200	인데요	VCP+EC
경주 여행	200	어떻	VA
경주 여행	201	는데요	EC
경주 여행	201	동궁	NNG
경주 여행	201	월지	NNG
경주 여행	201	정교	NNG
경주 여행	201	야경	NNG
경주 여행	201	은데	EC
경주 여행	201	정상	NNG
경주 여행	201	운영	NNG
경주 여행	201	나요	EC
경주 여행	201	휴무일	NNG
경주 여행	201	따로	MAG
경주 여행	201	어서	EC
경주 여행	201	관람	NNG
경주 여행	201	방해	NNG
경주 여행	201	정도	NNG
경주 여행	201	날씨	NNG
경주 여행	201	나쁜	VA+ETM
경주 여행	201	상황	NNG
경주 여행	201	생겨서	VV+EC
경주 여행	201	통제	NNG
경주 여행	201	경우	NNG
경주 여행	201	아니	VCN
경주 여행	201	라면	EC
경주 여행	201	관람	NNG
경주 여행	201	가능	NNG
경주 여행	201	습니다	EF
경주 여행	202	30	SN
경주 여행	202	남자	NNG
경주 여행	202	친구	NNG
경주 여행	202	는데	EC
경주 여행	202	숙소	NNG
경주 여행	202	ktx	SL
경주 여행	202	개인	NNG
경주 여행	202	으로	JKB
경주 여행	202	30	SN
경주 여행	202	부족	NNG
경주 여행	202	할까요	XSV+EC
경주 여행	202	30	SN
경주 여행	202	으로	JKB
경주 여행	202	계획	NNG
경주 여행	202	계신다면	VX+EC
경주 여행	202	예산	NNG
경주 여행	202	어떻게	MAG
경주 여행	202	집행	NNG
경주 여행	202	느냐	EC
경주 여행	202	따라	VV+EC
경주 여행	202	충분	XR
경주 여행	202	부족	NNG
경주 여행	202	습니다	EF
경주 여행	203	맛집	NNG
경주 여행	203	은데	EC
경주 여행	203	맛집	NNG
경주 여행	203	추천	NNG
경주 여행	203	부탁	NNG
경주 여행	203	려뇨	EC
경주 여행	203	가이드	NNG
경주 여행	203	교통편	NNG
경주 여행	203	맛집	NNG
경주 여행	203	볼거리	NNG
경주 여행	203	까지	JX
경주 여행	203	모두	MAG
경주 여행	203	알려	VV+EC
경주 여행	203	한국	NNP
경주 여행	203	역사	NNG
경주 여행	203	문화	NNG
경주 여행	203	도시	NNG
경주 여행	203	명소	NNG
경주 여행	203	아요	EC
경주 여행	203	2025	SN
경주 여행	203	떠나	VV
경주 여행	204	추천	NNG
경주 여행	204	추천	NNG
경주 여행	204	세요	EP+EF
경주 여행	204	추천	NNG
경주 여행	204	입니다	VCP+EF
경주 여행	204	월드	NNG
경주 여행	204	국립	NNG
경주 여행	204	박물관	NNG
경주 여행	204	황리	NNG
경주 여행	204	첨성대	NNG
경주 여행	204	불국사	NNP
경주 여행	204	엑스포	NNG
경주 여행	204	공원	NNG
경주 여행	204	등등	NNB
경주 여행	204	입니다	VCP+EC
경주 여행	205	날씨	NNG
경주 여행	205	는데	EC
경주 여행	205	현재	MAG
경주 여행	205	날씨	NNG
경주 여행	205	어떤	MM
경주 여행	205	가요	NNG
경주 여행	205	쌓였	VV+EP
경주 여행	205	나요	EF
경주 여행	205	시외버스	NNG
경주 여행	205	는데	EC
경주 여행	205	빙판길	NNG
경주 여행	205	일까봐	VCP+EC+VX+EC
경주 여행	205	불안	NNG
경주 여행	205	해요	XSA+EF
경주 여행	205	그렇게	MAG
경주 여행	205	많이	MAG
경주 여행	205	날씨	NNG
경주 여행	205	많이	MAG
경주 여행	205	아요	EF
경주 여행	205	주말	NNG
경주 여행	205	다고	EC
경주 여행	205	해도	VV+EC
경주 여행	205	그때	NNG
경주 여행	205	예보	NNG
경주 여행	206	놓치	VV
경주 여행	206	아야	EC
경주 여행	206	맛집	NNG
경주 여행	206	카페	NNG
경주 여행	206	알려	VV+EC
경주 여행	206	세요	EP+EF
경주 여행	206	계획	NNG
경주 여행	206	맛집	NNG
경주 여행	206	카페	NNG
경주 여행	206	에서	JKB
경주 여행	206	특별	NNG
경주 여행	206	경험	NNG
경주 여행	206	습니다	EF
경주 여행	206	독특	XR
경주 여행	206	메뉴	NNG
경주 여행	206	특별	NNG
경주 여행	206	제공	NNG
경주 여행	206	혹은	MAJ
경주 여행	206	전통	NNG
경주 여행	206	분위기	NNG
경주 여행	206	현대	NNG
경주 여행	206	요소	NNG
경주 여행	206	조화	NNG
경주 여행	206	이루	VV
경주 여행	206	장소	NNG
경주 여행	206	대해	VV+EC
경주 여행	206	습니다	EF
경주 여행	206	황남빵	NNP
경주 여행	207	일정	NNG
경주 여행	207	어떻게	MAG
경주 여행	207	할지	VX+EC
경주 여행	207	고민	NNG
경주 여행	207	입니다	VCP+EF
경주 여행	207	아빠	NNG
경주 여행	207	엄마	NNG
경주 여행	207	아들	NNG
경주 여행	207	ktx	SL
경주 여행	207	역하	NNG
경주 여행	207	11	SN
경주 여행	207	숙소	NNG
경주 여행	207	황리	NNG
경주 여행	207	황남	NNG
경주 여행	207	고택	NNG
경주 여행	207	드린	VV+ETM
경주 여행	207	답변	NNG
경주 여행	207	도움	NNG
경주 여행	207	바래요	VV+EF
경주 여행	207	말씀	NNG
경주 여행	207	질문	NNG
경주 여행	207	아빠	NNG
경주 여행	207	엄마	NNG
경주 여행	207	아들	NNG
경주 여행	207	ktx	SL
경주 여행	208	아래	NNG
경주 여행	208	참조	NNG
경주 여행	208	도움	NNG
경주 여행	208	에요	VCP+EF
경주 여행	208	https	SL
경주 여행	208	valina	SL
경주 여행	208	8342	SN
경주 여행	208	tistory	SL
경주 여행	208	com	SL
경주 여행	208	entry	SL
경주 여행	208	EC	SL
경주 여행	208	EB	SL
경주 여행	208	85	SN
경주 여행	208	84	SN
경주 여행	208	EC	SL
경주 여행	208	98	SN
경주 여행	208	EC	SL
경주 여행	208	97	SN
경주 여행	208	AD	SL
경주 여행	208	EC	SL
경주 여행	208	82	SN
경주 여행	208	AC	SL
경주 여행	208	EC	SL
경주 여행	208	99	SN
경주 여행	208	80	SN
경주 여행	208	EA	SL
경주 여행	208	90	SN
경주 여행	208	EC	SL
경주 여행	208	84	SN
경주 여행	208	EC	SL
경주 여행	208	97	SN
경주 여행	208	AC	SL
경주 여행	208	ED	SL
경주 여행	208	96	SN
경주 여행	208	89	SN
경주 여행	208	EA	SL
경주 여행	208	BD	SL
경주 여행	208	EC	SL
경주 여행	208	BC	SL
경주 여행	208	ED	SL
경주 여행	208	95	SN
경주 여행	208	84	SN
경주 여행	208	EC	SL
경주 여행	208	88	SN
경주 여행	208	98	SN
경주 여행	208	EC	SL
경주 여행	208	BD	SL
경주 여행	208	94	SN
경주 여행	208	EC	SL
경주 여행	208	EC	SL
경주 여행	209	질문	NNG
경주 여행	209	코스	NNG
경주 여행	209	는데요	EF
경주 여행	209	이렇게	MAG
경주 여행	209	나요	EF
경주 여행	209	그리고	MAJ
경주 여행	209	시내	NNG
경주 여행	209	숙소	NNG
경주 여행	209	인데	VCP+EC
경주 여행	209	첨성대	NNG
경주 여행	209	코스	NNG
경주 여행	209	황리	NNG
경주 여행	209	도보이	NNP
경주 여행	209	가능	NNG
경주 여행	209	가요	NNG
경주 여행	209	아니	VCN
경주 여행	209	하나	NR
경주 여행	209	불국사	NNG
경주 여행	209	숙소	NNG
경주 여행	209	불국사	NNG
경주 여행	209	석굴암	NNG
경주 여행	209	바람	NNG
경주 여행	209	언덕	NNG
경주 여행	209	숙소	NNG
경주 여행	209	체크인	NNG
경주 여행	210	려고	EC
경주 여행	210	는데	EC
경주 여행	210	펜션	NNG
경주 여행	210	이나	JC
경주 여행	210	호텔	NNG
경주 여행	210	예약	NNG
경주 여행	210	부터	JX
경주 여행	210	을까요	EC
경주 여행	210	제일	MAG
경주 여행	210	습니다	EF
경주 여행	210	날짜	NNG
경주 여행	210	성수기	NNG
경주 여행	210	라면	VCP+EC
경주 여행	211	당일치기	NNG
경주 여행	211	질문	NNG
경주 여행	211	인데	VCP+EC
경주 여행	211	할지	VV+EC
경주 여행	211	당일	NNG
경주 여행	211	올지	VX+EC
경주 여행	211	모르	VV
경주 여행	211	는데	EC
경주 여행	211	우선	MAG
경주 여행	211	당일	NNG
경주 여행	211	아요	EF
경주 여행	211	오전	NNG
경주 여행	211	11	SN
경주 여행	211	터미널	NNG
경주 여행	211	도착	NNG
경주 여행	211	오후	NNG
경주 여행	211	터미널	NNG
경주 여행	211	에서	JKB
경주 여행	211	버스	NNG
경주 여행	211	11	SN
경주 여행	211	버스	NNG
경주 여행	211	터미널	NNG
경주 여행	211	도착	NNG
경주 여행	211	한다고	XSV+EC
경주 여행	211	황리	NNG
경주 여행	211	대릉원	NNG
경주 여행	211	첨성대	NNG
경주 여행	211	정교	NNG
경주 여행	211	동궁	NNG
경주 여행	211	월지	NNG
경주 여행	212	볼까	EC+VX+EC
경주 여행	212	는데요	EF
경주 여행	212	다른	MM
경주 여행	212	특별히	MAG
경주 여행	212	려고요	EC
경주 여행	212	준비	NNG
경주 여행	212	면서	EC
경주 여행	212	진짜	MAG
경주 여행	212	헤맸	VV+EP
경주 여행	212	는데요	EF
경주 여행	212	시티투어	NNP
경주 여행	212	탈까	VV+EC
경주 여행	212	그냥	MAG
경주 여행	212	블로그	NNG
경주 여행	212	시작	NNG
경주 여행	212	세요	EP+EF
경주 여행	212	걸음	NNG
경주 여행	212	없이	MAG
경주 여행	212	즐기	VV
경주 여행	212	다면	EC
경주 여행	212	여기	NP
경주 여행	212	부터	JX
경주 여행	212	추천	NNG
경주 여행	212	드립니다	VV+EC
경주 여행	213	어때요	VA+EF
경주 여행	213	고등학생	NNG
경주 여행	213	시절	NNG
경주 여행	213	추억	NNG
경주 여행	213	만들	VV
경주 여행	213	해요	VX+EF
경주 여행	213	..	SY
경주 여행	213	어때요	VA+EF
경주 여행	213	고등학생	NNG
경주 여행	213	시절	NNG
경주 여행	213	추억	NNG
경주 여행	213	만들	VV
경주 여행	213	해요	VX+EF
경주 여행	213	로또	NNP
경주 여행	213	는데	EC
경주 여행	213	해몽	NNG
경주 여행	213	해줘요	XSV+EC+VX+EC
경주 여행	213	컴퓨터	NNG
경주 여행	213	조립식	NNG
경주 여행	213	얼마	NNG
경주 여행	213	고등학생	NNG
경주 여행	213	시절	NNG
경주 여행	213	추억	NNG
경주 여행	213	만들	VV
경주 여행	213	아주	MAG
경주 여행	213	선택	NNG
경주 여행	213	입니다	VCP+EF
경주 여행	213	한국	NNP
경주 여행	213	역사	NNG
경주 여행	213	문화	NNG
경주 여행	213	느낄	VV+ETM
경주 여행	213	도시	NNG
경주 여행	214	남자	NNG
경주 여행	214	혼자	NNG
경주 여행	214	일정	NNG
경주 여행	214	숙소	NNG
경주 여행	214	예약	NNG
경주 여행	214	혼자	NNG
경주 여행	214	멋지	VA
경주 여행	214	계획	NNG
경주 여행	214	네요	EC
경주 여행	214	여유	NNG
경주 여행	214	제대로	MAG
경주 여행	214	느낄	VV+ETM
경주 여행	214	일정	NNG
경주 여행	214	에요	EF
경주 여행	214	가성	NNG
경주 여행	214	숙소	NNG
경주 여행	214	경주역	NNP
경주 여행	214	근처	NNG
경주 여행	214	게스트	NNP
경주 여행	214	하우스	NNP
경주 여행	214	황리	NNG
경주 여행	214	한옥	NNP
경주 여행	214	게스트	NNP
경주 여행	214	하우스	NNP
경주 여행	214	가격	NNG
경주 여행	214	접근성	NNG
경주 여행	214	아요	EF
경주 여행	214	바닷가	NNG
경주 여행	214	이동	NNG
경주 여행	215	루트	NNG
경주 여행	215	천마총	NNG
경주 여행	215	중앙	NNG
경주 여행	215	시장	NNG
경주 여행	215	일정	NNG
경주 여행	215	천마총	NNG
경주 여행	215	다가	EC
경주 여행	215	중앙	NNG
경주 여행	215	시장	NNG
경주 여행	215	려고	EC
경주 여행	215	는데	EC
경주 여행	215	네이버	NNP
경주 여행	215	지도	NNG
경주 여행	215	검색	NNG
경주 여행	215	니까	EC
경주 여행	215	다시	MAG
경주 여행	215	으로	JKB
경주 여행	215	내려갔	VV+EP
경주 여행	215	다가	EC
경주 여행	215	올라가	VV
경주 여행	215	라고	EC
경주 여행	215	네요	EC
경주 여행	215	동선	NNG
경주 여행	215	낭비	NNG
경주 여행	215	너무	MAG
경주 여행	215	심한	VA+ETM
경주 여행	215	지도	NNG
경주 여행	215	나온	VV+ETM
경주 여행	215	처럼	JKB
경주 여행	215	돌아가	VV
경주 여행	215	하나	NR
경주 여행	215	중간	NNG
경주 여행	215	나가	VV
경주 여행	215	나요	EC
경주 여행	215	천마총	NNG
경주 여행	216	20	SN
경주 여행	216	중반	NNG
경주 여행	216	여성	NNG
경주 여행	216	식당	NNG
경주 여행	216	술집	NNG
경주 여행	216	추천	NNG
경주 여행	216	세요	EP+EF
경주 여행	216	친구	NNG
경주 여행	216	이랑	JC
경주 여행	216	는데	EC
경주 여행	216	대해서	VV+EC
경주 여행	216	마땅히	MAG
경주 여행	216	못해서	VX+EC
경주 여행	216	막막	XR
경주 여행	216	네요	EC
경주 여행	216	20	SN
경주 여행	216	여자	NNG
경주 여행	216	좋아합니다	VV+EC
경주 여행	216	황리	NNG
경주 여행	216	이랑	JC
경주 여행	216	보문	NNG
경주 여행	216	단지	MAG
경주 여행	216	추천	NNG
경주 여행	216	세요	EP+EF
경주 여행	216	그리고	MAJ
경주 여행	216	맛있	VA
경주 여행	216	식당	NNG
경주 여행	216	추천	NNG
경주 여행	216	부탁	NNG
경주 여행	216	드립니다	VV+EC
경주 여행	216	하루	NNG
경주 여행	216	시내	NNG
경주 여행	217	경비	NNG
경주 여행	217	어느	MM
경주 여행	217	정도	NNG
경주 여행	217	나올까요	VV+EF
경주 여행	217	숙소	NNG
경주 여행	217	교통비	NNG
경주 여행	217	고요	EC
경주 여행	217	나름	NNB
경주 여행	217	지만	EC
경주 여행	217	식대	NNG
경주 여행	217	입장료	NNG
경주 여행	217	간식	NNG
경주 여행	217	정도	NNG
경주 여행	217	본인	NNG
경주 여행	217	주머니	NNG
경주 여행	217	만큼	NNB
경주 여행	217	생각	NNG
경주 여행	217	해서	XSV+EC
경주 여행	217	조절	NNG
경주 여행	217	네요	EF
경주 여행	217	여유	NNG
경주 여행	217	다면	EC
경주 여행	217	맛있	VA
경주 여행	217	해도	VV+EC
경주 여행	218	추천	NNG
경주 여행	218	이번	NNG
경주 여행	218	남자	NNG
경주 여행	218	친구	NNG
경주 여행	218	전역	NNG
경주 여행	218	직전	NNG
경주 여행	218	으로	JKB
경주 여행	218	는데요	EF
경주 여행	218	황리	NNG
경주 여행	218	어서요	EC
경주 여행	218	어서	EC
경주 여행	218	계획	NNG
경주 여행	218	계시	VX
경주 여행	218	는군요	EC
경주 여행	218	다섯	NR
경주 여행	218	코스	NNG
경주 여행	218	공유	NNG
경주 여행	218	내용	NNG
경주 여행	218	참고	NNG
경주 여행	218	습니다	EF
경주 여행	219	아이	NNG
경주 여행	219	코스	NNG
경주 여행	219	다섯	NR
경주 여행	219	아이	NNG
경주 여행	219	함께	MAG
경주 여행	219	가족	NNG
경주 여행	219	갑니다	VV+EC
경주 여행	219	첫날	NNG
경주 여행	219	점심	NNG
경주 여행	219	경주역	NNP
경주 여행	219	도착	NNG
경주 여행	219	예정	NNG
경주 여행	219	숙소	NNG
경주 여행	219	보문관광단지	NNP
경주 여행	219	근처	NNG
경주 여행	219	입니다	VCP+EF
경주 여행	219	둘째	NR
경주 여행	219	월드	NNG
경주 여행	219	다녀오	VV
경주 여행	219	오후	NNG
경주 여행	219	떠날	VV+ETM
경주 여행	219	계획	NNG
경주 여행	219	입니다	VCP+EF
경주 여행	219	직접	MAG
경주 여행	219	운전	NNG
경주 여행	219	예정	NNG
경주 여행	219	인데	VCP+EC
경주 여행	219	코스	NNG
경주 여행	219	어떻게	MAG
경주 여행	220	추천	NNG
경주 여행	220	안녕	NNG
경주 여행	220	세영	NNP
경주 여행	220	할려고	VV+EC
경주 여행	220	10	SN
경주 여행	220	인데	VCP+EC
경주 여행	220	황리	NNG
경주 여행	220	근처	NNG
경주 여행	220	어둑	XR
경주 여행	220	분위기	NNG
경주 여행	220	어요	EF
경주 여행	220	가이드	NNG
경주 여행	220	교통편	NNG
경주 여행	220	맛집	NNG
경주 여행	220	볼거리	NNG
경주 여행	220	까지	JX
경주 여행	220	모두	MAG
경주 여행	220	알려	VV+EC
경주 여행	220	가이드	NNG
경주 여행	220	교통편	NNG
경주 여행	220	맛집	NNG
경주 여행	220	볼거리	NNG
경주 여행	220	까지	JX
경주 여행	220	모두	MAG
경주 여행	220	알려	VV+EC
경주 여행	220	게요	NNB+VCP+EC
경주 여행	221	동선	NNG
경주 여행	221	부탁	NNG
경주 여행	221	드려요	VV+EC
경주 여행	221	으로	JKB
경주 여행	221	어린애	NNG
경주 여행	221	데리	VV
경주 여행	221	에요	VCP+EF
경주 여행	221	숙소	NNG
경주 여행	221	보문	NNG
경주 여행	221	단지	NNG
경주 여행	221	구요	EF
경주 여행	221	우선	MAG
경주 여행	221	정도	NNG
경주 여행	221	다녀온	VV+ETM
경주 여행	221	은데요	EC
경주 여행	221	아이	NNG
경주 여행	221	면서	EC
경주 여행	221	체험	NNG
경주 여행	221	코스	NNG
경주 여행	221	맛집	NNG
경주 여행	221	TIP	SL
경주 여행	221	코스	NNG
경주 여행	221	시내	NNG
경주 여행	221	보문관광단지	NNP
경주 여행	221	토함산	NNP
경주 여행	221	남산	NNG
경주 여행	222	갈려고	VV+EC
경주 여행	222	24	SN
경주 여행	222	괜찮	VA
경주 여행	222	을까요	EC
경주 여행	222	애인	NNG
경주 여행	222	이랑	JC
경주 여행	222	갈려고	VV+EC
경주 여행	222	는데	EC
경주 여행	222	쓸려고	VV+EC
경주 여행	222	맘먹	VV
경주 여행	222	는데	EC
경주 여행	222	24	SN
경주 여행	222	충분	XR
경주 여행	222	할까요	XSA+EC
경주 여행	222	갈려고	VV+EC
경주 여행	222	245000	SN
경주 여행	222	괜찮	VA
경주 여행	222	을까	EC
경주 여행	222	애인	NNG
경주 여행	222	이랑	JC
경주 여행	222	갈려고	VV+EC
경주 여행	222	는데	EC
경주 여행	222	쓸려고	VV+EC
경주 여행	222	맘먹	VV
경주 여행	222	는데	EC
경주 여행	222	24	SN
경주 여행	223	코스	NNG
경주 여행	223	코스	NNG
경주 여행	223	계획	NNG
경주 여행	223	계신	VX+ETM
경주 여행	223	다니	VCP+EC
경주 여행	223	정말	MAG
경주 여행	223	흥미	NNG
경주 여행	223	로운	XSA+ETM
경주 여행	223	습니다	EF
경주 여행	223	신라	NNP
경주 여행	223	역사	NNG
경주 여행	223	문화	NNG
경주 여행	223	아름다운	VA+ETM
경주 여행	223	자연	NNG
경주 여행	223	경관	NNG
경주 여행	223	느낄	VV+ETM
경주 여행	223	대한민국	NNP
경주 여행	223	대표	NNG
경주 여행	223	관광	NNG
경주 여행	223	도시	NNG
경주 여행	223	입니다	VCP+EC
경주 여행	223	동안	NNG
경주 여행	223	방문	NNG
경주 여행	223	추천	NNG
경주 여행	224	실내	NNG
경주 여행	224	관광	NNG
경주 여행	224	는데	EC
경주 여행	224	많이	MAG
경주 여행	224	더라고요	EC
경주 여행	224	실내	NNG
경주 여행	224	추천	NNG
경주 여행	224	세요	EP+EF
경주 여행	224	검색	NNG
경주 여행	224	기반	NNG
경주 여행	224	에서	JKB
경주 여행	224	실제	NNG
경주 여행	224	방문	NNG
경주 여행	224	날씨	NNG
경주 여행	224	일정	NNG
경주 여행	224	따라	VV+EC
경주 여행	224	운영	NNG
경주 여행	224	시간	NNG
경주 여행	224	확인	NNG
경주 여행	224	즐거운	VA+ETM
경주 여행	224	바랍니다	VV+EF
경주 여행	224	채택	NNG
경주 여행	225	운전	NNG
경주 여행	225	평상시	NNG
경주 여행	225	운전	NNG
경주 여행	225	제주	NNP
경주 여행	225	입니다	VCP+EF
경주 여행	225	텍스	NNG
경주 여행	225	렌트	NNG
경주 여행	225	은데	EC
경주 여행	225	초보	NNG
경주 여행	225	운전	NNG
경주 여행	225	돌아다니	VV
경주 여행	225	어렵	VA
경주 여행	225	을까요	EC
경주 여행	225	그렇게	MAG
경주 여행	225	복잡	XR
경주 여행	225	지만	EC
경주 여행	225	운전	NNG
경주 여행	225	자신	NNG
경주 여행	225	다면	EC
경주 여행	225	조심	NNG
경주 여행	225	운전	NNG
경주 여행	226	질문	NNG
경주 여행	226	거나	EC
경주 여행	226	의견	NNG
경주 여행	226	부탁	NNG
경주 여행	226	드립니다	VV+EC
경주 여행	226	바퀴	NNBC
경주 여행	226	버스	NNG
경주 여행	226	거나	EC
경주 여행	226	택시	NNG
경주 여행	226	세용	EP+EF
경주 여행	226	걸어서	VV+EC
경주 여행	226	에요	VCP+EF
경주 여행	226	택시	NNG
경주 여행	226	힘들	VA
경주 여행	226	어요	EF
경주 여행	226	부터	JX
경주 여행	226	택시	NNG
경주 여행	226	관광지	NNG
경주 여행	226	에서	JKB
경주 여행	226	택시	NNG
경주 여행	226	거나	EC
경주 여행	226	카카오	NNP
경주 여행	226	택시	NNG
경주 여행	227	식당	NNG
경주 여행	227	추천	NNG
경주 여행	227	부탁	NNG
경주 여행	227	드립니다	VV+EC
경주 여행	227	시간	NNG
경주 여행	227	도착	NNG
경주 여행	227	는데	EC
경주 여행	227	여기	NP
경주 여행	227	봐야	VX+EC
경주 여행	227	한다	VX+EC
경주 여행	227	식당	NNG
경주 여행	227	에서	JKB
경주 여행	227	특별	NNG
경주 여행	227	대접	NNG
경주 여행	227	식당	NNG
경주 여행	227	추천	NNG
경주 여행	227	드리	VX
경주 여행	227	습니다	EF
경주 여행	227	식당	NNG
경주 여행	227	하나	NR
경주 여행	227	선택	NNG
경주 여행	227	에서	JKB
경주 여행	227	특별	NNG
경주 여행	227	대접	NNG
경주 여행	228	코스	NNG
경주 여행	228	당일치기	NNG
경주 여행	228	학생	NNG
경주 여행	228	코스	NNG
경주 여행	228	알려	VV+EC
경주 여행	228	세요	EP+EF
경주 여행	228	첨성대	NNG
경주 여행	228	근처	NNG
경주 여행	228	한복	NNG
경주 여행	228	나드리	NNG
경주 여행	228	에서	JKB
경주 여행	228	질문	NNG
경주 여행	228	일정	NNG
경주 여행	228	관련	NNG
경주 여행	228	답변	NNG
경주 여행	228	드리	VV
경주 여행	228	도록	EC
경주 여행	228	습니다	EF
경주 여행	228	황리	NNG
경주 여행	228	맞춤	NNG
경주 여행	228	일정	NNG
경주 여행	228	준비	NNG
경주 여행	228	어요	EF
경주 여행	228	아래	NNG
경주 여행	228	첨부	NNG
경주 여행	228	일정	NNG
경주 여행	228	참고	NNG
경주 여행	229	역사	NNG
경주 여행	229	의미	NNG
경주 여행	229	다녀왔	VV+EP
경주 여행	229	는데요	EF
경주 여행	229	생각	NNG
경주 여행	229	보다	JKB
경주 여행	229	재미	NNG
경주 여행	229	어요	EF
경주 여행	229	너무	MAG
경주 여행	229	진지	XR
경주 여행	229	공부	NNG
경주 여행	229	느낌	NNG
경주 여행	229	으로	JKB
경주 여행	229	질문	NNG
경주 여행	229	관련	NNG
경주 여행	229	답변	NNG
경주 여행	229	드리	VV
경주 여행	229	도록	EC
경주 여행	229	습니다	EF
경주 여행	229	에서	JKB
경주 여행	229	동궁	NNG
경주 여행	229	월지	NNG
경주 여행	230	코스	NNG
경주 여행	230	추천	NNG
경주 여행	230	뚜벅	MAG
경주 여행	230	위한	VV+ETM
경주 여행	230	코스	NNG
경주 여행	230	추천	NNG
경주 여행	230	부탁	NNG
경주 여행	230	드려요	VV+EC
경주 여행	230	오붓	XR
경주 여행	230	계획	NNG
경주 여행	230	계시	VX
경주 여행	230	는군요	EC
경주 여행	230	대중교통	NNG
경주 여행	230	이용	NNG
경주 여행	230	해서	XSV+EC
경주 여행	230	돌아볼	VV+ETM
경주 여행	230	생각	NNG
경주 여행	230	라면	EC
경주 여행	230	가볍	VA
경주 여행	230	코스	NNG
경주 여행	230	습니다	EF
경주 여행	231	코스	NNG
경주 여행	231	추천	NNG
경주 여행	231	코스	NNG
경주 여행	231	추천	NNG
경주 여행	231	가족	NNG
경주 여행	231	안녕	NNG
경주 여행	231	세요	EP+EF
경주 여행	231	계획	NNG
경주 여행	231	루트	NNG
경주 여행	231	실행	NNG
경주 여행	231	실패	NNG
경주 여행	231	소개	NNG
경주 여행	231	드릴까	VX+EC
경주 여행	231	합니다	VX+EF
경주 여행	231	한번	MAG
경주 여행	231	마음	NNG
경주 여행	231	드신	VV+EP+ETM
경주 여행	231	다면	NNG
경주 여행	231	채택	NNG
경주 여행	231	부탁	NNG
경주 여행	231	드립니다	VV+EC
경주 여행	232	봐야	VX+EC
경주 여행	232	맛집	NNG
경주 여행	232	리스트	NNG
경주 여행	232	무엇	NP
경주 여행	232	인가요	VCP+EF
경주 여행	232	계획	NNG
경주 여행	232	필수	NNG
경주 여행	232	방문	NNG
경주 여행	232	맛집	NNG
경주 여행	232	플레이스	NNG
경주 여행	232	습니다	EF
경주 여행	232	현지인	NNG
경주 여행	232	추천	NNG
경주 여행	232	명소	NNG
경주 여행	232	봐야	VX+EC
경주 여행	232	맛집	NNG
경주 여행	232	황남빵	NNP
경주 여행	232	식당	NNG
경주 여행	232	잔치국수	NNP
경주 여행	232	교동	NNP
경주 여행	232	법주	NNP
경주 여행	232	신라	NNP
경주 여행	232	밀면	NNP
경주 여행	232	에요	EF
경주 여행	232	플레이스	NNG
경주 여행	232	불국사	NNP
경주 여행	233	일정	NNG
경주 여행	233	도와	VV+EC
경주 여행	233	세요	EP+EF
경주 여행	233	그냥	MAG
경주 여행	233	최소한	NNG
경주 여행	233	움직임	NNG
경주 여행	233	으로	JKB
경주 여행	233	이틀	NNG
경주 여행	233	동안	NNG
경주 여행	233	다녀올	VV+ETM
경주 여행	233	코스	NNG
경주 여행	233	알려	VV+EC
경주 여행	233	세요	EP+EF
경주 여행	233	예쁜	VA+ETM
경주 여행	233	카페	NNP
경주 여행	233	추천	NNG
경주 여행	233	질문	NNG
경주 여행	233	일정	NNG
경주 여행	233	관련	NNG
경주 여행	233	답변	NNG
경주 여행	233	드리	VV
경주 여행	233	도록	EC
경주 여행	233	습니다	EF
경주 여행	233	문자	NNG
경주 여행	233	께서	JKS
경주 여행	233	대로	NNB
경주 여행	233	최대한	NNG
경주 여행	233	여유	NNG
경주 여행	233	로운	XSA+ETM
경주 여행	233	일정	NNG
경주 여행	233	준비	NNG
경주 여행	234	려는데	EC
경주 여행	234	추천	NNG
경주 여행	234	엄마	NNG
경주 여행	234	혼자	NNG
경주 여행	234	아들	NNG
경주 여행	234	데리	VV
경주 여행	234	정도	NNG
경주 여행	234	다녀온	VV+ETM
경주 여행	234	은데요	EC
경주 여행	234	구체	NNG
경주 여행	234	일정	NNG
경주 여행	234	어서	EC
경주 여행	234	코스	NNG
경주 여행	234	맛집	NNG
경주 여행	234	숙소	NNG
경주 여행	234	대한	VV+ETM
경주 여행	234	경험담	NNG
경주 여행	234	어서	EC
경주 여행	234	소개	NNG
경주 여행	234	할게요	XSV+EC
경주 여행	234	TIP	SL
경주 여행	234	코스	NNG
경주 여행	235	추천	NNG
경주 여행	235	추천	NNG
경주 여행	235	세요	EP+EF
경주 여행	235	주신	NNG
경주 여행	235	추천	NNG
경주 여행	235	드릴게요	VV+EC
경주 여행	235	즐거운	VA+ETM
경주 여행	235	으면	EC
경주 여행	235	어요	EF
경주 여행	235	경북	NNP
경주 여행	235	황성	NNG
경주 여행	235	공원	NNG
경주 여행	235	양남	NNG
경주 여행	235	주상	NNG
경주 여행	235	절리	NNG
경주 여행	235	동궁	NNG
경주 여행	235	월지	NNG
경주 여행	235	궁원	NNG
경주 여행	235	황리	NNG
경주 여행	235	첨성대	NNG
경주 여행	236	코스	NNG
경주 여행	236	질문	NNG
경주 여행	236	는데	EC
경주 여행	236	예전	NNG
경주 여행	236	가본적	NNG
경주 여행	236	어서	EC
경주 여행	236	대충	MAG
경주 여행	236	지리	NNG
경주 여행	236	는데	EC
경주 여행	236	질문	NNG
경주 여행	236	코스	NNG
경주 여행	236	관련	NNG
경주 여행	236	답변	NNG
경주 여행	236	드리	VV
경주 여행	236	습니다	EF
경주 여행	236	경주로	NNG
경주 여행	236	일정	NNG
경주 여행	236	준비	NNG
경주 여행	236	어요	EF
경주 여행	236	아래	NNG
경주 여행	236	첨부	NNG
경주 여행	236	일정	NNG
경주 여행	236	참고	NNG
경주 여행	236	즐거운	VA+ETM
경주 여행	237	는데	EC
경주 여행	237	코스	NNG
경주 여행	237	추천	NNG
경주 여행	237	인데	VCP+EC
경주 여행	237	코스	NNG
경주 여행	237	추천	NNG
경주 여행	237	주신	NNG
경주 여행	237	코스	NNG
경주 여행	237	추천	NNG
경주 여행	237	드릴게요	VV+EC
경주 여행	237	재밌	VA
경주 여행	237	으면	EC
경주 여행	237	어요	EF
경주 여행	237	경북	NNP
경주 여행	237	황성	NNG
경주 여행	237	공원	NNG
경주 여행	237	양남	NNG
경주 여행	237	주상	NNG
경주 여행	237	절리	NNG
경주 여행	237	동궁	NNG
경주 여행	237	월지	NNG
경주 여행	237	궁원	NNG
경주 여행	238	엄마	NNG
경주 여행	238	엄마	NNG
경주 여행	238	평일	NNG
경주 여행	238	대중교통	NNG
경주 여행	238	려고	EC
경주 여행	238	는데요	EF
경주 여행	238	일단	MAG
경주 여행	238	불국사	NNG
경주 여행	238	도보	NNG
경주 여행	238	대중교통	NNG
경주 여행	238	이용	NNG
경주 여행	238	코스	NNG
경주 여행	238	의견	NNG
경주 여행	238	드려	VV+EC
경주 여행	238	볼께요	VX+EF
경주 여행	238	먼저	MAG
경주 여행	238	평일	NNG
경주 여행	238	어머니	NNG
경주 여행	238	어머니	NNG
경주 여행	238	행복	NNG
경주 여행	238	세요	EP+EF
경주 여행	238	주요	NNG
경주 여행	238	관광지	NNG
경주 여행	238	교통편	NNG
경주 여행	238	도보	NNG
경주 여행	238	포함	NNG
경주 여행	239	뚜벅	MAG
경주 여행	239	코스	NNG
경주 여행	239	추천	NNG
경주 여행	239	여자	NNG
경주 여행	239	친구	NNG
경주 여행	239	려고	EC
경주 여행	239	는데	EC
경주 여행	239	뚜벅	MAG
경주 여행	239	돌아다닐	VV+ETM
경주 여행	239	코스	NNG
경주 여행	239	추천	NNG
경주 여행	239	세요	EP+EF
경주 여행	239	월드	NNG
경주 여행	239	제외	NNG
경주 여행	239	고요	EC
경주 여행	239	여자	NNG
경주 여행	239	친구	NNG
경주 여행	239	코스	NNG
경주 여행	239	추천	NNG
경주 여행	239	드릴게요	VV+EC
경주 여행	239	하루	NNG
경주 여행	239	세요	EP+EF
경주 여행	240	HELP	SL
경주 여행	240	18	SN
경주 여행	240	부터	JX
경주 여행	240	20	SN
경주 여행	240	까지	JX
경주 여행	240	가족	NNG
경주 여행	240	이랑	JC
경주 여행	240	려고	EC
경주 여행	240	는데	EC
경주 여행	240	어딜	NP+JKO
경주 여행	240	할지	VX+EC
경주 여행	240	모르	VV
경주 여행	240	어요	EF
경주 여행	240	도와	VV+EC
경주 여행	240	세요	EP+EF
경주 여행	240	추천	NNG
경주 여행	240	입니다	VCP+EF
경주 여행	240	월드	NNG
경주 여행	240	테마파크	NNG
경주 여행	240	엑스포	NNG
경주 여행	240	대공원	NNG
경주 여행	240	국립	NNG
경주 여행	240	박물관	NNG
경주 여행	240	원릉	NNG
경주 여행	240	동굴	NNG
경주 여행	240	월지	NNG
경주 여행	241	뚜벅	MAG
경주 여행	241	다음	NNG
경주 여행	241	평일	NNG
경주 여행	241	려고	EC
경주 여행	241	는데	EC
경주 여행	241	시기	NNG
경주 여행	241	별로	MAG
경주 여행	241	아서	EC
경주 여행	241	고민	NNG
경주 여행	241	입니다	VCP+EF
경주 여행	241	혼자	NNG
경주 여행	241	뚜벅	MAG
경주 여행	241	봄바람	NNG
경주 여행	241	살랑살랑	MAG
경주 여행	241	오푸스	NNG
경주 여행	241	에서	JKB
경주 여행	241	즐겨	VV+EC
경주 여행	241	세요	EP+EF
경주 여행	241	객실	NNG
경주 여행	241	개별	NNG
경주 여행	241	바베큐	NNG
경주 여행	241	으로	JKB
경주 여행	242	추천	NNG
경주 여행	242	50	SN
경주 여행	242	부부	NNG
경주 여행	242	10	SN
경주 여행	242	코스	NNG
경주 여행	242	야경	NNG
경주 여행	242	숙소	NNG
경주 여행	242	먹거리	NNG
경주 여행	242	추천	NNG
경주 여행	242	부탁	NNG
경주 여행	242	합니다	XSV+EF
경주 여행	242	계획	NNG
경주 여행	242	군요	EF
경주 여행	242	그럼	MAJ
경주 여행	242	에서	JKB
경주 여행	242	추천	NNG
경주 여행	242	드리	VX
경주 여행	242	습니다	EF
경주 여행	242	첨성대	NNG
경주 여행	242	동궁	NNG
경주 여행	242	월지	NNG
경주 여행	242	대릉원	NNG
경주 여행	243	코스	NNG
경주 여행	243	부탁	NNG
경주 여행	243	드려요	VV+EC
경주 여행	243	출발	NNG
경주 여행	243	합니다	XSV+EF
경주 여행	243	코스	NNG
경주 여행	243	부탁	NNG
경주 여행	243	드립니다	VV+EC
경주 여행	243	숙소	NNG
경주 여행	243	아직	MAG
경주 여행	243	예약	NNG
경주 여행	243	어요	EF
경주 여행	243	코스	NNG
경주 여행	243	보고	JKB
경주 여행	243	근처	NNG
경주 여행	243	게스트	NNP
경주 여행	243	하우스	NNP
경주 여행	243	으려고요	EF
경주 여행	243	안녕	IC
경주 여행	243	세요	EP+EF
경주 여행	243	계획	NNG
경주 여행	243	없이	MAG
경주 여행	243	루트	NNG
경주 여행	243	실패	NNG
경주 여행	244	아이	NNG
경주 여행	244	코스	NNG
경주 여행	244	려고	EC
경주 여행	244	는데	EC
경주 여행	244	동선	NNG
경주 여행	244	ㅠㅠㅠ어렵네요	UNKNOWN
경주 여행	244	가족	NNG
경주 여행	244	계획	NNG
경주 여행	244	입니다	VCP+EF
경주 여행	244	구성원	NNG
경주 여행	244	남편	NNG
경주 여행	244	아이	NNG
경주 여행	244	함께	MAG
경주 여행	244	합니다	VV+EF
경주 여행	244	첫째	NR
경주 여행	244	강동	MAG
경주 여행	244	워터	NNG
경주 여행	244	파크	NNG
경주 여행	244	까지	JX
경주 여행	244	보낼	VV+ETM
경주 여행	244	아이	NNG
경주 여행	244	함께	MAG
경주 여행	244	정말	MAG
경주 여행	244	습니다	EF
경주 여행	244	동안	NNG
경주 여행	244	필요	NNG
경주 여행	244	정보	NNG
경주 여행	244	확인	NNG
경주 여행	244	정보	NNG
경주 여행	245	코스	NNG
경주 여행	245	질문	NNG
경주 여행	245	어요	EF
경주 여행	245	23	SN
경주 여행	245	25	SN
경주 여행	245	코스	NNG
경주 여행	245	추천	NNG
경주 여행	245	세요	EP+EF
경주 여행	245	대상	NNG
경주 여행	245	어머니	NNG
경주 여행	245	코스	NNG
경주 여행	245	답변	NNG
경주 여행	245	드릴게요	VV+EC
경주 여행	245	코스	NNG
경주 여행	245	답변	NNG
경주 여행	245	드립니다	VV+EC
경주 여행	245	어머님	NNG
경주 여행	245	모시	VV
경주 여행	245	떠나	VV
경주 여행	245	즐거운	VA+ETM
경주 여행	245	추억	NNG
경주 여행	245	으로	JKB
경주 여행	245	도록	EC
경주 여행	246	10	SN
경주 여행	246	코스	NNG
경주 여행	246	식당	NNG
경주 여행	246	추천	NNG
경주 여행	246	부탁	NNG
경주 여행	246	드립니다	VV+EC
경주 여행	246	숙소	NNG
경주 여행	246	가실	NNG
경주 여행	246	방문	NNG
경주 여행	246	예쁜	VA+ETM
경주 여행	246	카페	NNG
경주 여행	246	입니다	VCP+EF
경주 여행	246	포토	NNG
경주 여행	246	다양	XR
경주 여행	246	작품	NNG
경주 여행	246	함께	MAG
경주 여행	246	감상	NNG
경주 여행	246	카페	NNG
경주 여행	246	라서	VCP+EC
경주 여행	246	참고	NNG
경주 여행	246	수면	NNG
경주 여행	246	아요	EC
경주 여행	247	질문	NNG
경주 여행	247	안녕	NNG
경주 여행	247	세요	EP+EF
경주 여행	247	는데	EC
경주 여행	247	이번	NNG
경주 여행	247	려고	EC
경주 여행	247	거든요	EF
경주 여행	247	정도	NNG
경주 여행	247	돌아다닐	VV+ETM
경주 여행	247	은데	EC
경주 여행	247	버스	NNG
경주 여행	247	렌트카	NNG
경주 여행	247	반갑	VA
경주 여행	247	습니다	EF
경주 여행	247	문화	NNG
경주 여행	247	유산	NNG
경주 여행	247	도시	NNG
경주 여행	247	당일	NNG
경주 여행	247	준비	NNG
경주 여행	247	네요	EF
경주 여행	247	방문	NNG
경주 여행	247	처음	NNG
경주 여행	247	라면	EC
경주 여행	248	코스	NNG
경주 여행	248	어디	NP
경주 여행	248	가족	NNG
경주 여행	248	이랑	JC
경주 여행	248	려고	EC
경주 여행	248	는데	EC
경주 여행	248	코스	NNG
경주 여행	248	어떻게	MAG
경주 여행	248	해야	VV+EC
경주 여행	248	할지	VX+EC
경주 여행	248	모르	VV
경주 여행	248	네요	EF
경주 여행	248	코스	NNG
경주 여행	248	어디	NP
경주 여행	248	을까요	EF
경주 여행	248	사실	MAG
경주 여행	248	중학교	NNG
경주 여행	248	어요	EF
경주 여행	248	코스	NNG
경주 여행	248	가장	MAG
경주 여행	248	플레이스	NNG
경주 여행	248	어요	EF
경주 여행	248	혹시	MAG
경주 여행	248	코스	NNG
경주 여행	249	엄마	NNG
경주 여행	249	아빠	NNG
경주 여행	249	언니	NNG
경주 여행	249	는데요	EC
경주 여행	249	추천	NNG
경주 여행	249	세요	EP+EF
경주 여행	249	너무	MAG
경주 여행	249	유명	XR
경주 여행	249	아니	VCN
경주 여행	249	네요	EF
경주 여행	249	계획	NNG
경주 여행	249	네요	EF
경주 여행	249	여러분	NP
경주 여행	249	즐길	VV+ETM
경주 여행	249	장소	NNG
경주 여행	249	활동	NNG
경주 여행	249	추천	NNG
경주 여행	249	드릴게요	VX+EC
경주 여행	249	월드컵	NNG
경주 여행	250	추천	NNG
경주 여행	250	세요	EP+EF
경주 여행	250	계획	NNG
경주 여행	250	어요	EF
경주 여행	250	일정	NNG
경주 여행	250	으로	JKB
경주 여행	250	려고	EC
경주 여행	250	해요	VX+EF
경주 여행	250	질문	NNG
경주 여행	250	관련	NNG
경주 여행	250	답변	NNG
경주 여행	250	드리	VV
경주 여행	250	도록	EC
경주 여행	250	습니다	EF
경주 여행	250	가시	VV
경주 여행	250	군요	EC
경주 여행	250	대부분	NNG
경주 여행	250	평지	NNG
경주 여행	250	으니	EC
경주 여행	250	알아보	VV
경주 여행	250	조금	NNG
경주 여행	250	라도	EC
경주 여행	250	참고	NNG
경주 여행	250	으면	EC
경주 여행	251	추천	NNG
경주 여행	251	세요	EP+EF
경주 여행	251	지도	NNG
경주 여행	251	추천	NNG
경주 여행	251	부탁	NNG
경주 여행	251	합니다	XSV+EF
경주 여행	251	보문	NNG
경주 여행	251	단지	NNG
경주 여행	251	위치	NNG
경주 여행	251	우양	NNG
경주 여행	251	미술관	NNG
경주 여행	251	국내	NNG
경주 여행	251	최초	NNG
경주 여행	251	에서	JKB
경주 여행	251	추천	NNG
경주 여행	251	드리	VV
경주 여행	251	장소	NNG
경주 여행	251	동궁	NNG
경주 여행	251	월지	NNG
경주 여행	251	인데요	VCP+EF
경주 여행	251	신라	NNP
경주 여행	251	시대	NNG
경주 여행	251	궁터	NNG
경주 여행	251	였었	VCP+EP
경주 여행	251	왕자	NNG
경주 여행	251	생활	NNG
경주 여행	251	장소	NNG
경주 여행	251	다고	EC
경주 여행	251	합니다	VX+EC
경주 여행	252	코스	NNG
경주 여행	252	지도	NNG
경주 여행	252	숙소	NNG
경주 여행	252	여자	NNG
경주 여행	252	친구	NNG
경주 여행	252	같이	MAG
경주 여행	252	어요	EF
경주 여행	252	가지	VV
경주 여행	252	예정	NNG
경주 여행	252	인데요	VCP+EF
경주 여행	252	어떤	MM
경주 여행	252	으로	JKB
경주 여행	252	코스	NNG
경주 여행	252	을까요	EF
경주 여행	252	그리고	MAJ
경주 여행	252	코스	NNG
경주 여행	252	지도	NNG
경주 여행	252	알아보	VV
경주 여행	252	면서	EC
경주 여행	252	군데	NNBC
경주 여행	252	알려	VV+EC
경주 여행	252	세요	EP+EF
경주 여행	253	코스	NNG
경주 여행	253	조언	NNG
경주 여행	253	부탁	NNG
경주 여행	253	드립니다	VV+EF
경주 여행	253	저희	NP
경주 여행	253	가족	NNG
경주 여행	253	저희	NP
경주 여행	253	부모	NNG
경주 여행	253	모시	VV
경주 여행	253	질문	NNG
경주 여행	253	코스	NNG
경주 여행	253	관련	NNG
경주 여행	253	답변	NNG
경주 여행	253	드리	VV
경주 여행	253	습니다	EF
경주 여행	253	가족	NNG
경주 여행	253	함께	MAG
경주 여행	253	계획	NNG
경주 여행	253	계시	VX
경주 여행	253	는군요	EC
경주 여행	253	가족	NNG
경주 여행	253	일정	NNG
경주 여행	253	준비	NNG
경주 여행	253	어요	EF
경주 여행	253	아래	NNG
경주 여행	253	첨부	NNG
경주 여행	253	일정	NNG
경주 여행	253	참고	NNG
경주 여행	254	친정	NNG
경주 여행	254	엄마	NNG
경주 여행	254	코스	NNG
경주 여행	254	10	SN
경주 여행	254	70	SN
경주 여행	254	초반	NNG
경주 여행	254	아주	MAG
경주 여행	254	건강	NNG
경주 여행	254	친정	NNG
경주 여행	254	엄마	NNG
경주 여행	254	질문	NNG
경주 여행	254	코스	NNG
경주 여행	254	관련	NNG
경주 여행	254	답변	NNG
경주 여행	254	드리	VV
경주 여행	254	습니다	EF
경주 여행	254	부모	NNG
경주 여행	254	함께	MAG
경주 여행	254	계획	NNG
경주 여행	254	군요	EF
경주 여행	254	숙소	NNG
경주 여행	254	맞춤	NNG
경주 여행	254	일정	NNG
경주 여행	254	준비	NNG
경주 여행	254	어요	EF
경주 여행	254	아래	NNG
경주 여행	254	첨부	NNG
경주 여행	254	일정	NNG
경주 여행	255	황리	NNG
경주 여행	255	맛집	NNG
경주 여행	255	추천	NNG
경주 여행	255	이번	NNG
경주 여행	255	는데	EC
경주 여행	255	황리	NNG
경주 여행	255	근처	NNG
경주 여행	255	맛집	NNG
경주 여행	255	많이	MAG
경주 여행	255	추천	NNG
경주 여행	255	세요	EP+EF
경주 여행	255	뚜벅	MAG
경주 여행	255	거리	NNG
경주 여행	255	힘들	VA
경주 여행	255	어요	EF
경주 여행	255	위한	VV+ETM
경주 여행	255	황리	NNG
경주 여행	255	맛집	NNG
경주 여행	255	추천	NNG
경주 여행	255	황리	NNG
경주 여행	255	맛집	NNG
경주 여행	255	맛집	NNG
경주 여행	255	매일	MAG
경주 여행	255	오랫동안	NNG
경주 여행	255	기다려	VV+EC
경주 여행	255	배달	NNG
경주 여행	256	숙소	NNG
경주 여행	256	추천	NNG
경주 여행	256	안녕	NNG
경주 여행	256	세요	EP+EF
경주 여행	256	경기도	NNP
경주 여행	256	사람	NNG
경주 여행	256	입니다	VCP+EF
경주 여행	256	내년	NNG
경주 여행	256	중순	NNG
경주 여행	256	예정	NNG
경주 여행	256	입니다	VCP+EF
경주 여행	256	인원	NNG
경주 여행	256	엄마	NNG
경주 여행	256	초등	NNG
경주 여행	256	근데	MAJ
경주 여행	256	추운	VA+ETM
경주 여행	256	겨울	NNG
경주 여행	256	비추	NNG
경주 여행	256	입니다	VCP+EF
경주 여행	256	가까운	VA+ETM
경주 여행	256	거리	NNG
경주 여행	256	택시	NNG
경주 여행	256	다니	VV
경주 여행	256	세요	EP+EF
경주 여행	256	즐거운	VA+ETM
경주 여행	257	여자	NNG
경주 여행	257	친구	NNG
경주 여행	257	갈려고	VV+EC
경주 여행	257	는데요	EF
경주 여행	257	혹시	MAG
경주 여행	257	이나	JC
경주 여행	257	경치	NNG
경주 여행	257	을까요	EC
경주 여행	257	이동	NNG
경주 여행	257	구요	EF
경주 여행	257	계획	NNG
경주 여행	257	계시	VX
경주 여행	257	는군요	EF
경주 여행	257	요즘	MAG
경주 여행	257	가시	VV
경주 여행	257	정말	MAG
경주 여행	257	은데	EC
경주 여행	257	그만큼	MAG
경주 여행	258	감성	NNG
경주 여행	258	쿠지	NNP
경주 여행	258	숙소	NNG
경주 여행	258	추천	NNG
경주 여행	258	부탁	NNG
경주 여행	258	드립니다	VV+EF
경주 여행	258	마지막	NNG
경주 여행	258	계획	NNG
경주 여행	258	습니다	EF
경주 여행	258	어른	NNG
경주 여행	258	아이	NNG
경주 여행	258	가능	NNG
경주 여행	258	독채	NNG
경주 여행	258	쿠지	NNP
경주 여행	258	숙소	NNG
경주 여행	258	괜찮	VA
경주 여행	258	으면	EC
경주 여행	258	추천	NNG
경주 여행	258	휴식	NNG
경주 여행	258	취하	VV
경주 여행	258	고자	EC
경주 여행	258	최적	NNG
경주 여행	258	선택	NNG
경주 여행	258	입니다	VCP+EF
경주 여행	258	즐거운	VA+ETM
경주 여행	258	바랍니다	VV+EF
경주 여행	258	http	SL
경주 여행	258	itta	SL
경주 여행	258	stay	SL
경주 여행	258	kr	SL
경주 여행	258	html	SL
경주 여행	258	index	SL
경주 여행	258	html	SL
경주 여행	259	11	SN
경주 여행	259	11	SN
경주 여행	259	건데	NNB+VCP+EC
경주 여행	259	코스	NNG
경주 여행	259	추천	NNG
경주 여행	259	부탁	NNG
경주 여행	259	드립니다	VV+EC
경주 여행	259	군요	NNG
경주 여행	259	코스	NNG
경주 여행	259	에다가	JKB
경주 여행	259	11	SN
경주 여행	259	그래도	MAJ
경주 여행	259	패딩	NNG
경주 여행	259	느낌	NNG
경주 여행	259	아니	VCN
경주 여행	259	두꺼운	VA+ETM
경주 여행	259	코트	NNG
경주 여행	259	경량	NNG
경주 여행	259	패딩	NNG
경주 여행	259	정도	NNG
경주 여행	259	추천	NNG
경주 여행	259	드려요	VV+EC
경주 여행	259	즐거운	VA+ETM
경주 여행	259	세요	EP+EF
경주 여행	260	추천	NNG
경주 여행	260	부탁	NNG
경주 여행	260	드려요	VV+EC
경주 여행	260	~^^	SY
경주 여행	260	다녀오	VV
경주 여행	260	은데	EC
경주 여행	260	기본	NNG
경주 여행	260	으로	JKB
경주 여행	260	특별히	MAG
경주 여행	260	을까요	EC
경주 여행	260	맛집	NNG
경주 여행	260	이나	JC
경주 여행	260	주신	NNG
경주 여행	260	추천	NNG
경주 여행	260	드릴게요	VV+EC
경주 여행	260	즐거운	VA+ETM
경주 여행	260	으면	EC
경주 여행	260	어요	EF
경주 여행	260	경북	NNP
경주 여행	261	코스	NNG
경주 여행	261	추천	NNG
경주 여행	261	요번	NNG
경주 여행	261	색다른	VA+ETM
경주 여행	261	주제	NNG
경주 여행	261	어요	EF
경주 여행	261	문화재	NNG
경주 여행	261	위주	NNG
경주 여행	261	아닌	VCN+ETM
경주 여행	261	다른	MM
경주 여행	261	위주	NNG
경주 여행	261	갈만	NNG
경주 여행	261	추천	NNG
경주 여행	261	세요	EP+EF
경주 여행	261	야경	NNG
경주 여행	261	코스	NNG
경주 여행	261	추천	NNG
경주 여행	261	답변	NNG
경주 여행	261	드릴게요	VV+EC
경주 여행	261	안녕	NNG
경주 여행	261	세요	EP+EF
경주 여행	261	저번	NNG
경주 여행	261	사람	NNG
경주 여행	261	입니다	VCP+EF
경주 여행	262	추천	NNG
경주 여행	262	세요	EP+EF+VCP
경주 여행	262	추천	NNG
경주 여행	262	세요	EP+EF
경주 여행	262	안녕	NNG
경주 여행	262	세요	EP+EF
경주 여행	262	계획	NNG
경주 여행	262	루트	NNG
경주 여행	262	용시	NNG
경주 여행	262	실패	NNG
경주 여행	262	소개	NNG
경주 여행	262	드릴까	VX+EC
경주 여행	262	합니다	VX+EF
경주 여행	262	한번	MAG
경주 여행	262	마음	NNG
경주 여행	262	드신	VV+EP+ETM
경주 여행	262	다면	NNG
경주 여행	262	채택	NNG
경주 여행	262	부탁	NNG
경주 여행	262	드립니다	VV+EC
경주 여행	263	캐리	NNP
경주 여행	263	어사이즈	NNP
경주 여행	263	추천	NNP
경주 여행	263	이번	NNG
경주 여행	263	아버지	NNG
경주 여행	263	습니다	EF
경주 여행	263	캐리어	NNG
경주 여행	263	겸사겸사	MAG
경주 여행	263	하나	NR
경주 여행	263	살까	VV+EC
경주 여행	263	합니다	VX+EF
경주 여행	263	캐리	NNP
경주 여행	263	어사이즈	NNP
경주 여행	263	추천	NNG
경주 여행	263	부탁	NNG
경주 여행	263	드립니다	VV+EC
경주 여행	263	20	SN
경주 여행	263	인치	NNBC
경주 여행	263	캐리어	NNG
경주 여행	263	추천	NNG
경주 여행	263	합니다	XSV+EF
경주 여행	263	매일	NNG
경주 여행	263	즐거우	VV
경주 여행	263	으면	EC
경주 여행	263	습니당	EF
경주 여행	264	려고	EC
경주 여행	264	는데	EC
경주 여행	264	혹시	MAG
경주 여행	264	폴라로이드	NNG
경주 여행	264	카메라	NNG
경주 여행	264	대여	NNG
경주 여행	264	이나	JX
경주 여행	264	구매	NNG
경주 여행	264	그리고	MAJ
경주 여행	264	온다고	VV+EC
경주 여행	264	숙소	NNG
경주 여행	264	제일	MAG
경주 여행	264	중요	NNG
경주 여행	264	잖아요	EC+VX+EF
경주 여행	264	그래서	MAJ
경주 여행	264	저희	NP
경주 여행	264	오푸스	NNG
경주 여행	264	11	SN
경주 여행	264	빌라	NNG
경주 여행	264	펜션	NNG
경주 여행	264	추천	NNG
경주 여행	264	드리	VX
경주 여행	264	려고	EC
경주 여행	265	렌터카	NNG
경주 여행	265	려고	EC
경주 여행	265	합니다	VX+EF
경주 여행	265	우선	MAG
경주 여행	265	숙소	NNG
경주 여행	265	터미널	NNG
경주 여행	265	주요	NNG
경주 여행	265	관광지	NNG
경주 여행	265	도보	NNG
경주 여행	265	10	SN
경주 여행	265	관광지	NNG
경주 여행	265	추천	NNG
경주 여행	265	드리	VX
경주 여행	265	습니다	EF
경주 여행	265	말씀	NNG
경주 여행	265	터미널	NNG
경주 여행	265	에서	JKB
경주 여행	265	주요	NNG
경주 여행	265	관광지	NNG
경주 여행	265	황리	NNG
경주 여행	265	에서	JKB
경주 여행	265	시작	NNG
경주 여행	265	한다고	XSV+EC
경주 여행	265	됩니다	VV+EF
경주 여행	265	황리	NNG
경주 여행	265	시작	NNG
경주 여행	265	으로	JKB
경주 여행	266	코스	NNG
경주 여행	266	추천	NNG
경주 여행	266	요번	NNG
경주 여행	266	색다른	VA+ETM
경주 여행	266	주제	NNG
경주 여행	266	어요	EF
경주 여행	266	코스	NNG
경주 여행	266	추천	NNG
경주 여행	266	입니다	VCP+EF
경주 여행	266	안녕	IC
경주 여행	266	세요	EP+EF
경주 여행	266	코스	NNG
경주 여행	266	남산	NNP
경주 여행	266	정복	NNG
경주 여행	266	코스	NNG
경주 여행	266	에서	JKB
경주 여행	266	코스	NNG
경주 여행	266	불국사	NNG
경주 여행	266	석굴암	NNG
경주 여행	266	관람	NNG
경주 여행	266	랜드마크	NNP
경주 여행	267	내공	NNP
경주 여행	267	100	SN
경주 여행	267	당일치기	NNG
경주 여행	267	일찍	MAG
경주 여행	267	아침	NNG
경주 여행	267	저녁	NNG
경주 여행	267	시간	NNG
경주 여행	267	갈려는	VV+ETM
경주 여행	267	이랑	JC
경주 여행	267	반려	NNG
경주 여행	267	동반	NNG
경주 여행	267	입장	NNG
경주 여행	267	는지	EC
경주 여행	267	궁금	XR
경주 여행	267	합니다	XSA+EF
경주 여행	267	반려	NNG
경주 여행	267	동반	NNG
경주 여행	267	추천	NNG
경주 여행	267	드려요	VV+EC
경주 여행	268	렌트	NNG
경주 여행	268	렌트	NNG
경주 여행	268	해서	XSV+EC
경주 여행	268	할려	VV+EC
경주 여행	268	는데	EC
경주 여행	268	부산	NNP
경주 여행	268	처럼	JKB
경주 여행	268	운전	NNG
경주 여행	268	많이	MAG
경주 여행	268	빡센	VA+ETM
경주 여행	268	가여	NNG
경주 여행	268	부산	NNP
경주 여행	268	종종	MAG
경주 여행	268	는데	EC
경주 여행	268	일단	MAG
경주 여행	268	많이	MAG
경주 여행	268	몰리	VV
경주 여행	268	황리	NNG
경주 여행	268	첨성대	NNG
경주 여행	268	인근	NNG
경주 여행	268	대릉원	NNG
경주 여행	268	인근	NNG
경주 여행	268	시내	NNG
경주 여행	268	정도	NNG
경주 여행	268	입니다	VCP+EF
경주 여행	268	여기	NP
경주 여행	268	운전	NNG
경주 여행	268	는데	EC
경주 여행	269	주말	NNG
경주 여행	269	코스	NNG
경주 여행	269	드립니다	VV+EF
경주 여행	269	엄마	NNG
경주 여행	269	아빠	NNG
경주 여행	269	같이	MAG
경주 여행	269	건데요	NNB+VCP+EF
경주 여행	269	경주로	NNG
경주 여행	269	수학여행	NNG
경주 여행	269	다녀온	VV+ETM
경주 여행	269	너무	MAG
경주 여행	269	오래	MAG
경주 여행	269	엄마	NNG
경주 여행	269	아빠	NNG
경주 여행	269	처음	NNG
경주 여행	269	라서요	EF
경주 여행	269	그리고	MAJ
경주 여행	269	맛집	NNG
경주 여행	269	으면	EC
경주 여행	269	추도	NNG
경주 여행	269	부탁	NNG
경주 여행	269	드려	VV+EF
경주 여행	269	주말	NNG
경주 여행	269	코스	NNG
경주 여행	269	드립니다	VV+EC
경주 여행	269	답변	NNG
경주 여행	269	드릴게요	VV+EC
경주 여행	270	숙소	NNG
경주 여행	270	11	SN
경주 여행	270	20	SN
경주 여행	270	토요일	NNG
경주 여행	270	려고	EC
경주 여행	270	는데	EC
경주 여행	270	숙소	NNG
경주 여행	270	정하	VV
경주 여행	270	힘드	VA
경주 여행	270	네요	EC
경주 여행	270	2021	SN
경주 여행	270	가을	NNG
경주 여행	270	즐기	VV
경주 여행	270	다면	EC
경주 여행	270	신상	NNG
경주 여행	270	세요	EP+EF
경주 여행	270	어요	EF
경주 여행	270	펜션	NNG
경주 여행	270	빌라	NNP
경주 여행	270	숙소	NNG
경주 여행	270	신축	NNG
경주 여행	270	펜션	NNG
경주 여행	271	택시	NNG
경주 여행	271	투어	NNG
경주 여행	271	렌트카	NNG
경주 여행	271	이용	NNG
경주 여행	271	12	SN
경주 여행	271	지인	NNG
경주 여행	271	는데	EC
경주 여행	271	질문	NNG
경주 여행	271	택시	NNG
경주 여행	271	투어	NNG
경주 여행	271	관련	NNG
경주 여행	271	답변	NNG
경주 여행	271	드리	VV
경주 여행	271	습니다	EF
경주 여행	271	택시	NNG
경주 여행	271	투어	NNG
경주 여행	271	편안	NNG
경주 여행	271	최근	NNG
경주 여행	271	택시	NNG
경주 여행	271	투어	NNG
경주 여행	271	이용	NNG
경주 여행	271	는데요	EC
경주 여행	272	갑니다	VV+EC
경주 여행	272	갑니다	VV+EC
경주 여행	272	천군동	NNP
경주 여행	272	위치	NNG
경주 여행	272	빌라	NNG
경주 여행	272	입실	NNG
경주 여행	272	인데	VCP+EC
경주 여행	272	12	SN
경주 여행	272	도착	NNG
경주 여행	272	예정	NNG
경주 여행	272	라서	EC
경주 여행	272	그동안	NNG
경주 여행	272	안녕	NNG
경주 여행	272	세요	EP+EF
경주 여행	272	계획	NNG
경주 여행	272	없이	MAG
경주 여행	272	루트	NNG
경주 여행	272	실패	NNG
경주 여행	272	소개	NNG
경주 여행	272	볼까	VX+EC
경주 여행	272	합니다	VX+EF
경주 여행	272	한번	MAG
경주 여행	272	마음	NNG
경주 여행	272	신다면	EP+EC
경주 여행	273	빠질	VV+ETM
경주 여행	273	빵집	NNG
경주 여행	273	빠질	VV+ETM
경주 여행	273	빵집	NNG
경주 여행	273	알려	VV+EC
경주 여행	273	세요	EP+EF
경주 여행	273	주말	NNG
경주 여행	273	남편	NNG
경주 여행	273	갑니다	VV+EC
경주 여행	273	너무	MAG
경주 여행	273	는데	EC
경주 여행	273	에서	NNG
경주 여행	273	빵집	NNG
경주 여행	273	어딘가요	NP+VCP+EF
경주 여행	273	계절	NNG
경주 여행	273	입니다	VCP+EF
경주 여행	273	이맘때	NNG
경주 여행	273	아이	NNG
경주 여행	273	거든요	EF
경주 여행	274	코스	NNG
경주 여행	274	동선	NNG
경주 여행	274	어떻게	MAG
경주 여행	274	될까요	VV+EF
경주 여행	274	자차	NNG
경주 여행	274	이용	NNG
경주 여행	274	해서	XSV+EC
경주 여행	274	려고	EC
경주 여행	274	합니다	VX+EF
경주 여행	274	코스	NNG
경주 여행	274	동선	NNG
경주 여행	274	어떻게	MAG
경주 여행	274	될까요	VV+EC
경주 여행	274	문제	NNG
경주 여행	274	대한	VV+ETM
경주 여행	274	해결책	NNG
경주 여행	274	제시	NNG
경주 여행	274	드리	VX
경주 여행	274	도록	EC
경주 여행	274	습니다	EF
경주 여행	274	Step	SL
경주 여행	274	이처럼	MAG
경주 여행	274	코스	NNG
경주 여행	274	동선	NNG
경주 여행	274	메인	VV+ETM
경주 여행	274	으로	JKB
경주 여행	274	장소	NNG
경주 여행	275	추천	NNG
경주 여행	275	중학	NNG
경주 여행	275	친구	NNG
경주 여행	275	당일치기	NNG
경주 여행	275	할려고	VV+EC
경주 여행	275	는데	EC
경주 여행	275	저번	NNG
경주 여행	275	다녀온	VV+ETM
경주 여행	275	코스	NNG
경주 여행	275	같이	MAG
경주 여행	275	추천	NNG
경주 여행	275	드릴	VV+ETM
경주 여행	275	참고	NNG
경주 여행	275	으로	JKB
경주 여행	275	tistory	SL
경주 여행	275	com	SL
경주 여행	275	46	SN
경주 여행	275	도움	NNG
경주 여행	275	즐거운	VA+ETM
경주 여행	275	보내	VV
경주 여행	275	네요	EC
경주 여행	276	어르신	NNG
경주 여행	276	함께	MAG
경주 여행	276	숙소	NNG
경주 여행	276	..	SY
경주 여행	276	어르신	NNG
경주 여행	276	추천	NNG
경주 여행	276	세요	EP+EF
경주 여행	276	인원	NNG
경주 여행	276	20	SN
경주 여행	276	25	SN
경주 여행	276	숙소	NNG
경주 여행	276	식사	NNG
경주 여행	276	함께	MAG
경주 여행	276	추천	NNG
경주 여행	276	안녕	NNG
경주 여행	276	세요	EP+EF
경주 여행	276	관심	NNG
경주 여행	276	으신	EP+ETM
경주 여행	276	아서	EC
경주 여행	276	저희	NP
경주 여행	276	함께	MAG
경주 여행	276	에서	JKB
경주 여행	276	역사	NNG
경주 여행	276	문화	NNG
경주 여행	276	경험	NNG
경주 여행	276	명소	NNG
경주 여행	276	추천	NNG
경주 여행	276	합니다	XSV+EC
경주 여행	277	무엇	NP
경주 여행	277	인가요	VCP+EF
경주 여행	277	안녕	IC
경주 여행	277	세요	EP+EF
경주 여행	277	려고	EC
경주 여행	277	알아보	VV
경주 여행	277	습니다	EF
경주 여행	277	알아보	VV
경주 여행	277	황리	NNG
경주 여행	277	황동	NNG
경주 여행	277	황지	NNG
경주 여행	277	이렇게	MAG
경주 여행	277	는데	EC
경주 여행	277	지역민	NNG
경주 여행	277	에서	JKB
경주 여행	277	자주	MAG
경주 여행	277	관광객	NNG
경주 여행	277	황리	NNG
경주 여행	277	에서	JKB
경주 여행	277	논다는	VV+ETM
경주 여행	277	더라고요	EC
경주 여행	277	황동	NNG
경주 여행	277	라는	ETM
경주 여행	277	아예	MAG
경주 여행	277	던데	EC
경주 여행	278	돌아볼	VV+ETM
경주 여행	278	코스	NNG
경주 여행	278	알아보	VV
경주 여행	278	는데	EC
경주 여행	278	마땅히	MAG
경주 여행	278	갈만	NNG
경주 여행	278	을까	EF
경주 여행	278	안녕	NNG
경주 여행	278	세요	EP+EF
경주 여행	278	취향	NNG
경주 여행	278	대로	JKB
경주 여행	278	머물	VV
경주 여행	278	여기	VV
경주 여행	278	입니다	VCP+EF
경주 여행	278	질문	NNG
경주 여행	278	관련	NNG
경주 여행	278	답변	NNG
경주 여행	278	드리	VV
경주 여행	278	도록	EC
경주 여행	278	습니다	EF
경주 여행	278	봅니다	VX+EC
경주 여행	278	가지	NNBC
경주 여행	278	알려	VV+EC
경주 여행	278	드리	VX
경주 여행	278	도록	EC
경주 여행	279	할머니	NNG
경주 여행	279	12	SN
경주 여행	279	할머니	NNG
경주 여행	279	갈려고	VV+EC
경주 여행	279	는데	EC
경주 여행	279	코스	NNG
경주 여행	279	어떻게	MAG
경주 여행	279	을까요	EC
경주 여행	279	질문	NNG
경주 여행	279	관련	NNG
경주 여행	279	답변	NNG
경주 여행	279	드리	VV
경주 여행	279	습니다	EF
경주 여행	279	할머니	NNG
경주 여행	279	요즘	NNG
경주 여행	279	택시	NNG
경주 여행	279	투어	NNG
경주 여행	279	통해	VV+EC
경주 여행	279	보다	MAG
경주 여행	279	편안	NNG
경주 여행	279	즐겨	VV+EC
경주 여행	280	알찬	VA+ETM
경주 여행	280	코스	NNG
경주 여행	280	추천	NNG
경주 여행	280	세요	EP+EF
경주 여행	280	^^	SY
경주 여행	280	알찬	VA+ETM
경주 여행	280	코스	NNG
경주 여행	280	추천	NNG
경주 여행	280	세요	EP+EF
경주 여행	280	지만	EC
경주 여행	280	질문	NNG
경주 여행	280	관련	NNG
경주 여행	280	답변	NNG
경주 여행	280	드리	VV
경주 여행	280	도록	EC
경주 여행	280	습니다	EF
경주 여행	280	다녀오	VV
경주 여행	280	예정	NNG
경주 여행	280	군요	EC
경주 여행	280	으니	EC
경주 여행	280	는데	EC
경주 여행	280	참고	NNG
경주 여행	280	바랍니다	VV+EF
경주 여행	280	도움	NNG
경주 여행	281	사월	NNG
경주 여행	281	가족	NNG
경주 여행	281	계획	NNG
경주 여행	281	인데	VCP+EC
경주 여행	281	사월	NNG
경주 여행	281	가족	NNG
경주 여행	281	계획	NNG
경주 여행	281	인데	VCP+EC
경주 여행	281	처음	MAG
경주 여행	281	네요	EC
경주 여행	281	가족	NNG
경주 여행	281	소개	NNG
경주 여행	281	세요	EP+EF
경주 여행	281	경경	NNG
경주 여행	281	가족	NNG
경주 여행	281	함께	MAG
경주 여행	281	계획	NNG
경주 여행	281	계시	VX
경주 여행	281	군요	EC
경주 여행	281	한화	NNG
경주 여행	281	리조트	NNG
경주 여행	281	에서	JKB
경주 여행	281	즐거운	VA+ETM
경주 여행	281	추억	NNG
경주 여행	281	만드실	VV+EP+ETM
경주 여행	282	지금	MAG
경주 여행	282	가지	NNBC
경주 여행	282	세요	EP+EF
경주 여행	282	지금	MAG
경주 여행	282	많이	MAG
경주 여행	282	까요	EF
경주 여행	282	쪄죽	VV
경주 여행	282	정도	NNG
경주 여행	282	돌아다니	VV
경주 여행	282	나요	EC
경주 여행	282	고속버스	NNG
경주 여행	282	지금	MAG
경주 여행	282	많이	MAG
경주 여행	282	까요	EF
경주 여행	282	가장	MAG
경주 여행	282	더운	VA+ETM
경주 여행	282	시기	NNG
경주 여행	282	입니다	VCP+EF
경주 여행	282	30	SN
경주 여행	282	34	SN
경주 여행	282	까지	JX
경주 여행	282	습니다	EF
경주 여행	283	가족	NNG
경주 여행	283	코스	NNG
경주 여행	283	추천	NNG
경주 여행	283	부탁드려요	VV+EF
경주 여행	283	코스	NNG
경주 여행	283	추천	NNG
경주 여행	283	부탁	NNG
경주 여행	283	드려요	VV+EC
경주 여행	283	이번	NNG
경주 여행	283	추석	NNG
경주 여행	283	기간	NNG
경주 여행	283	가족	NNG
경주 여행	283	아이	NNG
경주 여행	283	어요	EF
경주 여행	283	함께	MAG
경주 여행	283	고자	EC
경주 여행	283	가족	NNG
경주 여행	283	코스	NNG
경주 여행	283	추천	NNG
경주 여행	283	드릴게요	VX+EF
경주 여행	283	여러분	NP
경주 여행	283	위해	VV+EC
경주 여행	283	직접	MAG
경주 여행	283	조사	NNG
경주 여행	283	결과	NNG
경주 여행	283	바탕	NNG
경주 여행	283	으로	JKB
경주 여행	283	최적	NNG
경주 여행	283	코스	NNG
경주 여행	283	제안	NNG
경주 여행	284	초등학생	NNG
경주 여행	284	전남	NNP
경주 여행	284	에서	JKB
경주 여행	284	초등학생	NNG
경주 여행	284	데리	VV
경주 여행	284	가져	VV+EC
경주 여행	284	고하	VV
경주 여행	284	는데요	EF
경주 여행	284	코스	NNG
경주 여행	284	네요	EF
경주 여행	284	숙소	NNG
경주 여행	284	질문	NNG
경주 여행	284	관련	NNG
경주 여행	284	답변	NNG
경주 여행	284	드리	VV
경주 여행	284	도록	EC
경주 여행	284	습니다	EF
경주 여행	284	다녀올	VV+ETM
경주 여행	284	으로	JKB
경주 여행	284	계시	VX
경주 여행	284	봅니다	VX+EC
경주 여행	285	코스	NNG
경주 여행	285	동선	NNG
경주 여행	285	추천	NNG
경주 여행	285	세요	EP+EF
경주 여행	285	코스	NNG
경주 여행	285	동선	NNG
경주 여행	285	어서	EC
경주 여행	285	다음	NNG
경주 여행	285	하루	NNG
경주 여행	285	정도	NNG
경주 여행	285	려고	EC
경주 여행	285	는데	EC
경주 여행	285	일단	MAG
경주 여행	285	석굴암	NNG
경주 여행	285	불국사	NNP
경주 여행	285	질문	NNG
경주 여행	285	일정	NNG
경주 여행	285	관련	NNG
경주 여행	285	답변	NNG
경주 여행	285	드리	VV
경주 여행	285	도록	EC
경주 여행	285	습니다	EF
경주 여행	285	비록	MAG
경주 여행	285	지만	EC
경주 여행	285	사실상	MAG
경주 여행	285	당일치기	NNG
경주 여행	285	준비	NNG
경주 여행	286	초보	NNG
경주 여행	286	운전	NNG
경주 여행	286	코스	NNG
경주 여행	286	코스	NNG
경주 여행	286	세요	EP+EF
경주 여행	286	아무래도	MAG
경주 여행	286	어려움	NNG
경주 여행	286	아요	EF
경주 여행	286	벚꽃	NNG
경주 여행	286	서서히	MAG
경주 여행	286	개화	NNG
경주 여행	286	참고	NNG
경주 여행	286	쭈니	NNP
경주 여행	286	아빠	NNG
경주 여행	286	블로그	NNG
경주 여행	286	방문	NNG
경주 여행	286	카테고리	NNG
경주 여행	286	습니다	EF
경주 여행	287	아들	NNG
경주 여행	287	일정	NNG
경주 여행	287	아들	NNG
경주 여행	287	가려	VV+EC
경주 여행	287	합니다	VX+EF
경주 여행	287	선배	NNG
경주 여행	287	조언	NNG
경주 여행	287	코스	NNG
경주 여행	287	추천	NNG
경주 여행	287	드립니다	VV+EF
경주 여행	287	안녕	IC
경주 여행	287	세요	EP+EF
경주 여행	287	전문	NNG
경주 여행	287	블로거	NNP
경주 여행	287	초등	NNG
경주 여행	287	학교	NNG
경주 여행	287	학년	NNG
경주 여행	287	아들	NNG
경주 여행	287	함께	MAG
경주 여행	287	라면	EC
경주 여행	287	역사	NNG
경주 여행	287	하루	NNG
경주 여행	287	코스	NNG
경주 여행	287	남산	NNP
경주 여행	287	정복	NNG
경주 여행	287	코스	NNG
경주 여행	287	에서	JKB
경주 여행	288	려고	EC
경주 여행	288	니다	VCP+EF
경주 여행	288	,!	SY
경주 여행	288	저희	NP
경주 여행	288	가족	NNG
경주 여행	288	려고	EC
경주 여행	288	합니다	VX+EF
경주 여행	288	가족	NNG
경주 여행	288	가족	NNG
경주 여행	288	학년	NNG
경주 여행	288	학년	NNG
경주 여행	288	구요	EF
경주 여행	288	문화재	NNG
경주 여행	288	작년	NNG
경주 여행	288	여름	NNG
경주 여행	288	방학	NNG
경주 여행	288	했었	VV+EP
경주 여행	288	갔다온	VV+ETM
경주 여행	288	아니	VCN
경주 여행	288	당일	NNG
경주 여행	288	갔다왔	VV+EP
경주 여행	288	습니다	EF
경주 여행	288	성심껏	MAG
경주 여행	288	답변	NNG
경주 여행	289	포항	NNP
경주 여행	289	에서	JKB
경주 여행	289	기차	NNG
경주 여행	289	요금	NNG
경주 여행	289	그리고	MAJ
경주 여행	289	..	SY
경주 여행	289	포항	NNP
경주 여행	289	에서	JKB
경주 여행	289	기차	NNG
경주 여행	289	요금	NNG
경주 여행	289	그리고	MAJ
경주 여행	289	아야	EC
경주 여행	289	코스	NNG
경주 여행	289	그리고	MAJ
경주 여행	289	맛집	NNG
경주 여행	289	그리고	MAJ
경주 여행	289	아야	EC
경주 여행	289	답변	NNG
경주 여행	289	드릴게요	VV+EC
경주 여행	289	포항	NNP
경주 여행	289	에서	JKB
경주 여행	289	가시	NNG
경주 여행	289	열차	NNG
경주 여행	289	시간	NNG
경주 여행	289	가격	NNG
경주 여행	289	아야	EC
경주 여행	290	갈만	NNG
경주 여행	290	알려	VV+EC
경주 여행	290	세요	EP+EF
경주 여행	290	려고	EC
경주 여행	290	합니다	VX+EC
경주 여행	290	관광	NNG
경주 여행	290	문화	NNG
경주 여행	290	정서	NNG
경주 여행	290	배워	VV+EC
경주 여행	290	체험	NNG
경주 여행	290	고자	EC
경주 여행	290	계획	NNG
경주 여행	290	세우	VV
경주 여행	290	는데요	EC
경주 여행	290	어떤	MM
경주 여행	290	으로	JKB
경주 여행	290	계획	NNG
경주 여행	290	세워야할지	VV+EC+VX+EC
경주 여행	290	궁금	XR
경주 여행	290	합니다	XSA+EF
경주 여행	290	가족	NNG
경주 여행	290	함께	MAG
경주 여행	291	질문	NNG
경주 여행	291	안녕	NNG
경주 여행	291	세요	EP+EF
경주 여행	291	준비	NNG
경주 여행	291	인데요	VCP+EF
경주 여행	291	출발지	NNG
경주 여행	291	서울	NNP
경주 여행	291	구요	EF
경주 여행	291	22	SN
경주 여행	291	오전	NNG
경주 여행	291	서울	NNP
경주 여행	291	에서	JKB
경주 여행	291	출발	NNG
경주 여행	291	려고	EC
경주 여행	291	고요	EC
경주 여행	291	부탁드려요	VV+EF
경주 여행	291	일정	NNG
경주 여행	291	형편	NNG
경주 여행	291	아래	NNG
경주 여행	291	코스	NNG
경주 여행	291	에서	JKB
경주 여행	291	조절	NNG
경주 여행	291	됩니다	VV+EF
경주 여행	291	시내버스	NNG
경주 여행	291	투어	NNG
경주 여행	291	도보	NNG
경주 여행	291	자전거	NNG
경주 여행	292	역사	NNG
경주 여행	292	무지	MAG
경주 여행	292	코스	NNG
경주 여행	292	부탁	NNG
경주 여행	292	드려요	VV+EC
경주 여행	292	이번	NNG
경주 여행	292	여동생	NNG
경주 여행	292	이랑	JC
경주 여행	292	려고	EC
경주 여행	292	는데요	EF
경주 여행	292	부끄럽	VA
경주 여행	292	지만	EC
경주 여행	292	고등학생	NNG
경주 여행	292	역사	NNG
경주 여행	292	해서	VV+EC
경주 여행	292	역사	NNG
경주 여행	292	몰라요	VV+EC
경주 여행	292	안내소	NNG
경주 여행	292	책자	NNG
경주 여행	292	사이트	NNG
경주 여행	292	활용	NNG
경주 여행	292	됩니다	VV+EF
경주 여행	292	책자	NNG
경주 여행	292	진짜	MAG
경주 여행	292	나와	VV+EC
경주 여행	292	어서	EC
경주 여행	292	그리고	MAJ
경주 여행	292	어디	NP
경주 여행	292	가시	VV
경주 여행	293	코스	NNG
경주 여행	293	추천	NNG
경주 여행	293	려고	EC
경주 여행	293	합니다	VX+EC
경주 여행	293	우러	VV+EC
경주 여행	293	30	SN
경주 여행	293	새벽	NNG
경주 여행	293	출발	MAG
경주 여행	293	해서	VV+EC
경주 여행	293	대명	NNG
경주 여행	293	콘도	NNG
경주 여행	293	예정	NNG
경주 여행	293	인데	VCP+EC
경주 여행	293	동안	NNG
경주 여행	293	예정	NNG
경주 여행	293	기림사	NNG
경주 여행	293	분황사	NNG
경주 여행	293	부처	NNG
경주 여행	293	무열왕릉	NNG
경주 여행	293	석굴암	NNG
경주 여행	293	황룡	NNG
경주 여행	293	사지	NNG
경주 여행	293	오릉	NNG
경주 여행	293	국립	NNG
경주 여행	293	박물관	NNG
경주 여행	293	참고	NNG
경주 여행	293	유쾌	XR
경주 여행	294	날씨	NNG
경주 여행	294	10	SN
경주 여행	294	려는데	EC
경주 여행	294	날씨	NNG
경주 여행	294	어떤	MM
경주 여행	294	가요	NNG
경주 여행	294	10	SN
경주 여행	294	날씨	NNG
경주 여행	294	대체로	MAG
경주 여행	294	흐릴	VV+ETM
경주 여행	294	가능	NNG
경주 여행	294	으며	EC
경주 여행	294	기온	NNG
경주 여행	294	18	SN
경주 여행	294	22	SN
경주 여행	294	정도	NNG
경주 여행	294	예상	NNG
경주 여행	294	돼요	XSV+EC
경주 여행	294	내릴	VV+ETM
경주 여행	294	가능	NNG
경주 여행	294	지만	EC
경주 여행	294	흐린	VV+ETM
경주 여행	294	날씨	NNG
경주 여행	294	이어질	VV+ETM
경주 여행	294	으니	EC
경주 여행	294	계획	NNG
경주 여행	294	참고	NNG
경주 여행	295	코스	NNG
경주 여행	295	23	SN
경주 여행	295	25	SN
경주 여행	295	코스	NNG
경주 여행	295	추천	NNG
경주 여행	295	세요	EP+EF
경주 여행	295	대상	NNG
경주 여행	295	어머니	NNG
경주 여행	295	자녀	NNG
경주 여행	295	본인	NNG
경주 여행	295	코스	NNG
경주 여행	295	답변	NNG
경주 여행	295	드립니다	VV+EF
경주 여행	295	안녕	IC
경주 여행	295	세요	EP+EF
경주 여행	295	전문	NNG
경주 여행	295	블로거	NNP
경주 여행	295	어머님	NNG
경주 여행	295	모시	VV
경주 여행	295	떠나	VV
경주 여행	295	즐거운	VA+ETM
경주 여행	295	추억	NNG
경주 여행	295	으로	JKB
경주 여행	295	도록	EC
경주 여행	295	경험	NNG
경주 여행	296	려구요	EC
경주 여행	296	려고	EC
경주 여행	296	11	SN
경주 여행	296	아요	EF
경주 여행	296	날씨	NNG
경주 여행	296	많이	MAG
경주 여행	296	추울	VA+ETM
경주 여행	296	은데	EC
경주 여행	296	시즌	NNG
경주 여행	296	다니	VV
경주 여행	296	괜찮	VA
경주 여행	296	을까요	EC
경주 여행	296	11	SN
경주 여행	296	가을	NNG
경주 여행	296	무르익	VV
경주 여행	296	무렵	NNB
경주 여행	296	그리	MAG
경주 여행	296	아서	EC
경주 여행	297	코스	NNG
경주 여행	297	신경주역	NNP
경주 여행	297	경주역	NNP
경주 여행	297	질문	NNG
경주 여행	297	드려요	VV+EC
경주 여행	297	안녕	NNG
경주 여행	297	세요	EP+EF
경주 여행	297	20	SN
경주 여행	297	여성	NNG
경주 여행	297	고요	NNG
경주 여행	297	친구	NNG
경주 여행	297	려고	EC
경주 여행	297	계획	NNG
경주 여행	297	는데	EC
경주 여행	297	처음	NNG
경주 여행	297	질문	NNG
경주 여행	297	드려요	VV+EC
경주 여행	297	어디	NP
경주 여행	297	이동	NNG
경주 여행	297	을까요	EC
경주 여행	297	바다	NNG
경주 여행	297	위주	NNG
경주 여행	297	야경	NNG
경주 여행	297	아직	MAG
경주 여행	297	숙소	NNG
경주 여행	297	입니다	VCP+EF
경주 여행	298	계획	NNG
경주 여행	298	는데	EF
경주 여행	298	비피	NNG
경주 여행	298	어떤	MM
경주 여행	298	가요	NNG
경주 여행	298	계획	NNG
경주 여행	298	는데	EC
경주 여행	298	뉴스	NNG
경주 여행	298	계속	MAG
경주 여행	298	많이	MAG
경주 여행	298	더라구요	EF
경주 여행	298	미뤄야	VV+EC
경주 여행	298	하나	NR
경주 여행	298	고민	NNG
경주 여행	298	입니다	VCP+EF
경주 여행	298	기상	NNG
경주 여행	298	예보	NNG
경주 여행	298	확인	NNG
경주 여행	298	기상	NNG
경주 여행	298	예보	NNG
경주 여행	298	확인	NNG
경주 여행	298	중요	NNG
경주 여행	298	합니다	XSV+EF
경주 여행	298	기상청	NNG
경주 여행	298	이나	JC
경주 여행	298	날씨	NNG
경주 여행	298	통해	VV+EC
경주 여행	299	11	SN
경주 여행	299	중순	NNG
경주 여행	299	남편	NNG
경주 여행	299	계획	NNG
경주 여행	299	는데요	EF
경주 여행	299	처음	MAG
경주 여행	299	첫날	NNG
경주 여행	299	황남	NNG
경주 여행	299	관한	VV+ETM
경주 여행	299	호텔	NNG
경주 여행	299	에서	JKB
경주 여행	299	이튿날	NNG
경주 여행	299	청공	NNG
경주 여행	299	옥스	NNP
경주 여행	299	테이	NNP
경주 여행	299	에서	JKB
경주 여행	299	계획	NNG
경주 여행	299	인데요	VCP+EC
경주 여행	299	어떻	VA
경주 여행	300	추천	NNG
경주 여행	300	부산	NNP
경주 여행	300	벗어난	VV+ETM
경주 여행	300	알려	VV+EC
경주 여행	300	세요	EP+EF
경주 여행	300	당일	NNG
경주 여행	300	코스	NNG
경주 여행	300	자세	XR
경주 여행	300	권역	NNG
경주 여행	300	코스	NNG
경주 여행	300	소개	NNG
경주 여행	300	습니다	EF
경주 여행	300	처음	NNG
경주 여행	300	라면	EC
경주 여행	300	대릉원	NNG
경주 여행	300	첨성대	NNG
경주 여행	300	참고	NNG
경주 여행	300	쭈니	NNP
경주 여행	300	아빠	NNG
경주 여행	300	블로그	NNG
경주 여행	300	방문	NNG
경주 여행	301	30	SN
경주 여행	301	남자	NNG
경주 여행	301	친구	NNG
경주 여행	301	는데	EC
경주 여행	301	숙소	NNG
경주 여행	301	ktx	SL
경주 여행	301	개인	NNG
경주 여행	301	으로	JKB
경주 여행	301	30	SN
경주 여행	301	부족	NNG
경주 여행	301	할까요	XSV+EC
경주 여행	301	30	SN
경주 여행	301	으로	JKB
경주 여행	301	계획	NNG
경주 여행	301	계신다면	VX+EC
경주 여행	301	예산	NNG
경주 여행	301	어떻게	MAG
경주 여행	301	집행	NNG
경주 여행	301	느냐	EC
경주 여행	301	따라	VV+EC
경주 여행	301	충분	XR
경주 여행	301	부족	NNG
경주 여행	301	습니다	EF
경주 여행	302	맛집	NNG
경주 여행	302	은데	EC
경주 여행	302	맛집	NNG
경주 여행	302	추천	NNG
경주 여행	302	부탁	NNG
경주 여행	302	려뇨	EC
경주 여행	302	가이드	NNG
경주 여행	302	교통편	NNG
경주 여행	302	맛집	NNG
경주 여행	302	볼거리	NNG
경주 여행	302	까지	JX
경주 여행	302	모두	MAG
경주 여행	302	알려	VV+EC
경주 여행	302	한국	NNP
경주 여행	302	역사	NNG
경주 여행	302	문화	NNG
경주 여행	302	도시	NNG
경주 여행	302	명소	NNG
경주 여행	302	아요	EC
경주 여행	302	2025	SN
경주 여행	302	떠나	VV
경주 여행	303	추천	NNG
경주 여행	303	추천	NNG
경주 여행	303	세요	EP+EF
경주 여행	303	추천	NNG
경주 여행	303	입니다	VCP+EF
경주 여행	303	월드	NNG
경주 여행	303	국립	NNG
경주 여행	303	박물관	NNG
경주 여행	303	황리	NNG
경주 여행	303	첨성대	NNG
경주 여행	303	불국사	NNP
경주 여행	303	엑스포	NNG
경주 여행	303	공원	NNG
경주 여행	303	등등	NNB
경주 여행	303	입니다	VCP+EC
경주 여행	304	날씨	NNG
경주 여행	304	는데	EC
경주 여행	304	현재	MAG
경주 여행	304	날씨	NNG
경주 여행	304	어떤	MM
경주 여행	304	가요	NNG
경주 여행	304	쌓였	VV+EP
경주 여행	304	나요	EF
경주 여행	304	시외버스	NNG
경주 여행	304	는데	EC
경주 여행	304	빙판길	NNG
경주 여행	304	일까봐	VCP+EC+VX+EC
경주 여행	304	불안	NNG
경주 여행	304	해요	XSA+EF
경주 여행	304	그렇게	MAG
경주 여행	304	많이	MAG
경주 여행	304	날씨	NNG
경주 여행	304	많이	MAG
경주 여행	304	아요	EF
경주 여행	304	주말	NNG
경주 여행	304	다고	EC
경주 여행	304	해도	VV+EC
경주 여행	304	그때	NNG
경주 여행	304	예보	NNG
경주 여행	305	놓치	VV
경주 여행	305	아야	EC
경주 여행	305	맛집	NNG
경주 여행	305	카페	NNG
경주 여행	305	알려	VV+EC
경주 여행	305	세요	EP+EF
경주 여행	305	계획	NNG
경주 여행	305	맛집	NNG
경주 여행	305	카페	NNG
경주 여행	305	에서	JKB
경주 여행	305	특별	NNG
경주 여행	305	경험	NNG
경주 여행	305	습니다	EF
경주 여행	305	독특	XR
경주 여행	305	메뉴	NNG
경주 여행	305	특별	NNG
경주 여행	305	제공	NNG
경주 여행	305	혹은	MAJ
경주 여행	305	전통	NNG
경주 여행	305	분위기	NNG
경주 여행	305	현대	NNG
경주 여행	305	요소	NNG
경주 여행	305	조화	NNG
경주 여행	305	이루	VV
경주 여행	305	장소	NNG
경주 여행	305	대해	VV+EC
경주 여행	305	습니다	EF
경주 여행	305	황남빵	NNP
경주 여행	306	일정	NNG
경주 여행	306	어떻게	MAG
경주 여행	306	할지	VX+EC
경주 여행	306	고민	NNG
경주 여행	306	입니다	VCP+EF
경주 여행	306	아빠	NNG
경주 여행	306	엄마	NNG
경주 여행	306	아들	NNG
경주 여행	306	ktx	SL
경주 여행	306	역하	NNG
경주 여행	306	11	SN
경주 여행	306	숙소	NNG
경주 여행	306	황리	NNG
경주 여행	306	황남	NNG
경주 여행	306	고택	NNG
경주 여행	306	드린	VV+ETM
경주 여행	306	답변	NNG
경주 여행	306	도움	NNG
경주 여행	306	바래요	VV+EF
경주 여행	306	말씀	NNG
경주 여행	306	질문	NNG
경주 여행	306	아빠	NNG
경주 여행	306	엄마	NNG
경주 여행	306	아들	NNG
경주 여행	306	ktx	SL
경주 여행	307	아래	NNG
경주 여행	307	참조	NNG
경주 여행	307	도움	NNG
경주 여행	307	에요	VCP+EF
경주 여행	307	https	SL
경주 여행	307	valina	SL
경주 여행	307	8342	SN
경주 여행	307	tistory	SL
경주 여행	307	com	SL
경주 여행	307	entry	SL
경주 여행	307	EC	SL
경주 여행	307	EB	SL
경주 여행	307	85	SN
경주 여행	307	84	SN
경주 여행	307	EC	SL
경주 여행	307	98	SN
경주 여행	307	EC	SL
경주 여행	307	97	SN
경주 여행	307	AD	SL
경주 여행	307	EC	SL
경주 여행	307	82	SN
경주 여행	307	AC	SL
경주 여행	307	EC	SL
경주 여행	307	99	SN
경주 여행	307	80	SN
경주 여행	307	EA	SL
경주 여행	307	90	SN
경주 여행	307	EC	SL
경주 여행	307	84	SN
경주 여행	307	EC	SL
경주 여행	307	97	SN
경주 여행	307	AC	SL
경주 여행	307	ED	SL
경주 여행	307	96	SN
경주 여행	307	89	SN
경주 여행	307	EA	SL
경주 여행	307	BD	SL
경주 여행	307	EC	SL
경주 여행	307	BC	SL
경주 여행	307	ED	SL
경주 여행	307	95	SN
경주 여행	307	84	SN
경주 여행	307	EC	SL
경주 여행	307	88	SN
경주 여행	307	98	SN
경주 여행	307	EC	SL
경주 여행	307	BD	SL
경주 여행	307	94	SN
경주 여행	307	EC	SL
경주 여행	307	EC	SL
경주 여행	308	질문	NNG
경주 여행	308	코스	NNG
경주 여행	308	는데요	EF
경주 여행	308	이렇게	MAG
경주 여행	308	나요	EF
경주 여행	308	그리고	MAJ
경주 여행	308	시내	NNG
경주 여행	308	숙소	NNG
경주 여행	308	인데	VCP+EC
경주 여행	308	첨성대	NNG
경주 여행	308	코스	NNG
경주 여행	308	황리	NNG
경주 여행	308	도보이	NNP
경주 여행	308	가능	NNG
경주 여행	308	가요	NNG
경주 여행	308	아니	VCN
경주 여행	308	하나	NR
경주 여행	308	불국사	NNG
경주 여행	308	숙소	NNG
경주 여행	308	불국사	NNG
경주 여행	308	석굴암	NNG
경주 여행	308	바람	NNG
경주 여행	308	언덕	NNG
경주 여행	308	숙소	NNG
경주 여행	308	체크인	NNG
경주 여행	309	려고	EC
경주 여행	309	는데	EC
경주 여행	309	펜션	NNG
경주 여행	309	이나	JC
경주 여행	309	호텔	NNG
경주 여행	309	예약	NNG
경주 여행	309	부터	JX
경주 여행	309	을까요	EC
경주 여행	309	제일	MAG
경주 여행	309	습니다	EF
경주 여행	309	날짜	NNG
경주 여행	309	성수기	NNG
경주 여행	309	라면	VCP+EC
경주 여행	310	당일치기	NNG
경주 여행	310	질문	NNG
경주 여행	310	인데	VCP+EC
경주 여행	310	할지	VV+EC
경주 여행	310	당일	NNG
경주 여행	310	올지	VX+EC
경주 여행	310	모르	VV
경주 여행	310	는데	EC
경주 여행	310	우선	MAG
경주 여행	310	당일	NNG
경주 여행	310	아요	EF
경주 여행	310	오전	NNG
경주 여행	310	11	SN
경주 여행	310	터미널	NNG
경주 여행	310	도착	NNG
경주 여행	310	오후	NNG
경주 여행	310	터미널	NNG
경주 여행	310	에서	JKB
경주 여행	310	버스	NNG
경주 여행	310	11	SN
경주 여행	310	버스	NNG
경주 여행	310	터미널	NNG
경주 여행	310	도착	NNG
경주 여행	310	한다고	XSV+EC
경주 여행	310	황리	NNG
경주 여행	310	대릉원	NNG
경주 여행	310	첨성대	NNG
경주 여행	310	정교	NNG
경주 여행	310	동궁	NNG
경주 여행	310	월지	NNG
경주 여행	311	볼까	EC+VX+EC
경주 여행	311	는데요	EF
경주 여행	311	다른	MM
경주 여행	311	특별히	MAG
경주 여행	311	려고요	EC
경주 여행	311	준비	NNG
경주 여행	311	면서	EC
경주 여행	311	진짜	MAG
경주 여행	311	헤맸	VV+EP
경주 여행	311	는데요	EF
경주 여행	311	시티투어	NNP
경주 여행	311	탈까	VV+EC
경주 여행	311	그냥	MAG
경주 여행	311	블로그	NNG
경주 여행	311	시작	NNG
경주 여행	311	세요	EP+EF
경주 여행	311	걸음	NNG
경주 여행	311	없이	MAG
경주 여행	311	즐기	VV
경주 여행	311	다면	EC
경주 여행	311	여기	NP
경주 여행	311	부터	JX
경주 여행	311	추천	NNG
경주 여행	311	드립니다	VV+EC
경주 여행	312	어때요	VA+EF
경주 여행	312	고등학생	NNG
경주 여행	312	시절	NNG
경주 여행	312	추억	NNG
경주 여행	312	만들	VV
경주 여행	312	해요	VX+EF
경주 여행	312	..	SY
경주 여행	312	어때요	VA+EF
경주 여행	312	고등학생	NNG
경주 여행	312	시절	NNG
경주 여행	312	추억	NNG
경주 여행	312	만들	VV
경주 여행	312	해요	VX+EF
경주 여행	312	로또	NNP
경주 여행	312	는데	EC
경주 여행	312	해몽	NNG
경주 여행	312	해줘요	XSV+EC+VX+EC
경주 여행	312	컴퓨터	NNG
경주 여행	312	조립식	NNG
경주 여행	312	얼마	NNG
경주 여행	312	고등학생	NNG
경주 여행	312	시절	NNG
경주 여행	312	추억	NNG
경주 여행	312	만들	VV
경주 여행	312	아주	MAG
경주 여행	312	선택	NNG
경주 여행	312	입니다	VCP+EF
경주 여행	312	한국	NNP
경주 여행	312	역사	NNG
경주 여행	312	문화	NNG
경주 여행	312	느낄	VV+ETM
경주 여행	312	도시	NNG
경주 여행	313	남자	NNG
경주 여행	313	혼자	NNG
경주 여행	313	일정	NNG
경주 여행	313	숙소	NNG
경주 여행	313	예약	NNG
경주 여행	313	혼자	NNG
경주 여행	313	멋지	VA
경주 여행	313	계획	NNG
경주 여행	313	네요	EC
경주 여행	313	여유	NNG
경주 여행	313	제대로	MAG
경주 여행	313	느낄	VV+ETM
경주 여행	313	일정	NNG
경주 여행	313	에요	EF
경주 여행	313	가성	NNG
경주 여행	313	숙소	NNG
경주 여행	313	경주역	NNP
경주 여행	313	근처	NNG
경주 여행	313	게스트	NNP
경주 여행	313	하우스	NNP
경주 여행	313	황리	NNG
경주 여행	313	한옥	NNP
경주 여행	313	게스트	NNP
경주 여행	313	하우스	NNP
경주 여행	313	가격	NNG
경주 여행	313	접근성	NNG
경주 여행	313	아요	EF
경주 여행	313	바닷가	NNG
경주 여행	313	이동	NNG
경주 여행	314	루트	NNG
경주 여행	314	천마총	NNG
경주 여행	314	중앙	NNG
경주 여행	314	시장	NNG
경주 여행	314	일정	NNG
경주 여행	314	천마총	NNG
경주 여행	314	다가	EC
경주 여행	314	중앙	NNG
경주 여행	314	시장	NNG
경주 여행	314	려고	EC
경주 여행	314	는데	EC
경주 여행	314	네이버	NNP
경주 여행	314	지도	NNG
경주 여행	314	검색	NNG
경주 여행	314	니까	EC
경주 여행	314	다시	MAG
경주 여행	314	으로	JKB
경주 여행	314	내려갔	VV+EP
경주 여행	314	다가	EC
경주 여행	314	올라가	VV
경주 여행	314	라고	EC
경주 여행	314	네요	EC
경주 여행	314	동선	NNG
경주 여행	314	낭비	NNG
경주 여행	314	너무	MAG
경주 여행	314	심한	VA+ETM
경주 여행	314	지도	NNG
경주 여행	314	나온	VV+ETM
경주 여행	314	처럼	JKB
경주 여행	314	돌아가	VV
경주 여행	314	하나	NR
경주 여행	314	중간	NNG
경주 여행	314	나가	VV
경주 여행	314	나요	EC
경주 여행	314	천마총	NNG
경주 여행	315	20	SN
경주 여행	315	중반	NNG
경주 여행	315	여성	NNG
경주 여행	315	식당	NNG
경주 여행	315	술집	NNG
경주 여행	315	추천	NNG
경주 여행	315	세요	EP+EF
경주 여행	315	친구	NNG
경주 여행	315	이랑	JC
경주 여행	315	는데	EC
경주 여행	315	대해서	VV+EC
경주 여행	315	마땅히	MAG
경주 여행	315	못해서	VX+EC
경주 여행	315	막막	XR
경주 여행	315	네요	EC
경주 여행	315	20	SN
경주 여행	315	여자	NNG
경주 여행	315	좋아합니다	VV+EC
경주 여행	315	황리	NNG
경주 여행	315	이랑	JC
경주 여행	315	보문	NNG
경주 여행	315	단지	MAG
경주 여행	315	추천	NNG
경주 여행	315	세요	EP+EF
경주 여행	315	그리고	MAJ
경주 여행	315	맛있	VA
경주 여행	315	식당	NNG
경주 여행	315	추천	NNG
경주 여행	315	부탁	NNG
경주 여행	315	드립니다	VV+EC
경주 여행	315	하루	NNG
경주 여행	315	시내	NNG
경주 여행	316	경비	NNG
경주 여행	316	어느	MM
경주 여행	316	정도	NNG
경주 여행	316	나올까요	VV+EF
경주 여행	316	숙소	NNG
경주 여행	316	교통비	NNG
경주 여행	316	고요	EC
경주 여행	316	나름	NNB
경주 여행	316	지만	EC
경주 여행	316	식대	NNG
경주 여행	316	입장료	NNG
경주 여행	316	간식	NNG
경주 여행	316	정도	NNG
경주 여행	316	본인	NNG
경주 여행	316	주머니	NNG
경주 여행	316	만큼	NNB
경주 여행	316	생각	NNG
경주 여행	316	해서	XSV+EC
경주 여행	316	조절	NNG
경주 여행	316	네요	EF
경주 여행	316	여유	NNG
경주 여행	316	다면	EC
경주 여행	316	맛있	VA
경주 여행	316	해도	VV+EC
경주 여행	317	추천	NNG
경주 여행	317	이번	NNG
경주 여행	317	남자	NNG
경주 여행	317	친구	NNG
경주 여행	317	전역	NNG
경주 여행	317	직전	NNG
경주 여행	317	으로	JKB
경주 여행	317	는데요	EF
경주 여행	317	황리	NNG
경주 여행	317	어서요	EC
경주 여행	317	어서	EC
경주 여행	317	계획	NNG
경주 여행	317	계시	VX
경주 여행	317	는군요	EC
경주 여행	317	다섯	NR
경주 여행	317	코스	NNG
경주 여행	317	공유	NNG
경주 여행	317	내용	NNG
경주 여행	317	참고	NNG
경주 여행	317	습니다	EF
경주 여행	318	아이	NNG
경주 여행	318	코스	NNG
경주 여행	318	다섯	NR
경주 여행	318	아이	NNG
경주 여행	318	함께	MAG
경주 여행	318	가족	NNG
경주 여행	318	갑니다	VV+EC
경주 여행	318	첫날	NNG
경주 여행	318	점심	NNG
경주 여행	318	경주역	NNP
경주 여행	318	도착	NNG
경주 여행	318	예정	NNG
경주 여행	318	숙소	NNG
경주 여행	318	보문관광단지	NNP
경주 여행	318	근처	NNG
경주 여행	318	입니다	VCP+EF
경주 여행	318	둘째	NR
경주 여행	318	월드	NNG
경주 여행	318	다녀오	VV
경주 여행	318	오후	NNG
경주 여행	318	떠날	VV+ETM
경주 여행	318	계획	NNG
경주 여행	318	입니다	VCP+EF
경주 여행	318	직접	MAG
경주 여행	318	운전	NNG
경주 여행	318	예정	NNG
경주 여행	318	인데	VCP+EC
경주 여행	318	코스	NNG
경주 여행	318	어떻게	MAG
경주 여행	319	추천	NNG
경주 여행	319	안녕	NNG
경주 여행	319	세영	NNP
경주 여행	319	할려고	VV+EC
경주 여행	319	10	SN
경주 여행	319	인데	VCP+EC
경주 여행	319	황리	NNG
경주 여행	319	근처	NNG
경주 여행	319	어둑	XR
경주 여행	319	분위기	NNG
경주 여행	319	어요	EF
경주 여행	319	가이드	NNG
경주 여행	319	교통편	NNG
경주 여행	319	맛집	NNG
경주 여행	319	볼거리	NNG
경주 여행	319	까지	JX
경주 여행	319	모두	MAG
경주 여행	319	알려	VV+EC
경주 여행	319	가이드	NNG
경주 여행	319	교통편	NNG
경주 여행	319	맛집	NNG
경주 여행	319	볼거리	NNG
경주 여행	319	까지	JX
경주 여행	319	모두	MAG
경주 여행	319	알려	VV+EC
경주 여행	319	게요	NNB+VCP+EC
경주 여행	320	동선	NNG
경주 여행	320	부탁	NNG
경주 여행	320	드려요	VV+EC
경주 여행	320	으로	JKB
경주 여행	320	어린애	NNG
경주 여행	320	데리	VV
경주 여행	320	에요	VCP+EF
경주 여행	320	숙소	NNG
경주 여행	320	보문	NNG
경주 여행	320	단지	NNG
경주 여행	320	구요	EF
경주 여행	320	우선	MAG
경주 여행	320	정도	NNG
경주 여행	320	다녀온	VV+ETM
경주 여행	320	은데요	EC
경주 여행	320	아이	NNG
경주 여행	320	면서	EC
경주 여행	320	체험	NNG
경주 여행	320	코스	NNG
경주 여행	320	맛집	NNG
경주 여행	320	TIP	SL
경주 여행	320	코스	NNG
경주 여행	320	시내	NNG
경주 여행	320	보문관광단지	NNP
경주 여행	320	토함산	NNP
경주 여행	320	남산	NNG
경주 여행	321	갈려고	VV+EC
경주 여행	321	24	SN
경주 여행	321	괜찮	VA
경주 여행	321	을까요	EC
경주 여행	321	애인	NNG
경주 여행	321	이랑	JC
경주 여행	321	갈려고	VV+EC
경주 여행	321	는데	EC
경주 여행	321	쓸려고	VV+EC
경주 여행	321	맘먹	VV
경주 여행	321	는데	EC
경주 여행	321	24	SN
경주 여행	321	충분	XR
경주 여행	321	할까요	XSA+EC
경주 여행	321	갈려고	VV+EC
경주 여행	321	245000	SN
경주 여행	321	괜찮	VA
경주 여행	321	을까	EC
경주 여행	321	애인	NNG
경주 여행	321	이랑	JC
경주 여행	321	갈려고	VV+EC
경주 여행	321	는데	EC
경주 여행	321	쓸려고	VV+EC
경주 여행	321	맘먹	VV
경주 여행	321	는데	EC
경주 여행	321	24	SN
경주 여행	322	코스	NNG
경주 여행	322	코스	NNG
경주 여행	322	계획	NNG
경주 여행	322	계신	VX+ETM
경주 여행	322	다니	VCP+EC
경주 여행	322	정말	MAG
경주 여행	322	흥미	NNG
경주 여행	322	로운	XSA+ETM
경주 여행	322	습니다	EF
경주 여행	322	신라	NNP
경주 여행	322	역사	NNG
경주 여행	322	문화	NNG
경주 여행	322	아름다운	VA+ETM
경주 여행	322	자연	NNG
경주 여행	322	경관	NNG
경주 여행	322	느낄	VV+ETM
경주 여행	322	대한민국	NNP
경주 여행	322	대표	NNG
경주 여행	322	관광	NNG
경주 여행	322	도시	NNG
경주 여행	322	입니다	VCP+EC
경주 여행	322	동안	NNG
경주 여행	322	방문	NNG
경주 여행	322	추천	NNG
경주 여행	323	실내	NNG
경주 여행	323	관광	NNG
경주 여행	323	는데	EC
경주 여행	323	많이	MAG
경주 여행	323	더라고요	EC
경주 여행	323	실내	NNG
경주 여행	323	추천	NNG
경주 여행	323	세요	EP+EF
경주 여행	323	검색	NNG
경주 여행	323	기반	NNG
경주 여행	323	에서	JKB
경주 여행	323	실제	NNG
경주 여행	323	방문	NNG
경주 여행	323	날씨	NNG
경주 여행	323	일정	NNG
경주 여행	323	따라	VV+EC
경주 여행	323	운영	NNG
경주 여행	323	시간	NNG
경주 여행	323	확인	NNG
경주 여행	323	즐거운	VA+ETM
경주 여행	323	바랍니다	VV+EF
경주 여행	323	채택	NNG
경주 여행	324	운전	NNG
경주 여행	324	평상시	NNG
경주 여행	324	운전	NNG
경주 여행	324	제주	NNP
경주 여행	324	입니다	VCP+EF
경주 여행	324	텍스	NNG
경주 여행	324	렌트	NNG
경주 여행	324	은데	EC
경주 여행	324	초보	NNG
경주 여행	324	운전	NNG
경주 여행	324	돌아다니	VV
경주 여행	324	어렵	VA
경주 여행	324	을까요	EC
경주 여행	324	그렇게	MAG
경주 여행	324	복잡	XR
경주 여행	324	지만	EC
경주 여행	324	운전	NNG
경주 여행	324	자신	NNG
경주 여행	324	다면	EC
경주 여행	324	조심	NNG
경주 여행	324	운전	NNG
경주 여행	325	질문	NNG
경주 여행	325	거나	EC
경주 여행	325	의견	NNG
경주 여행	325	부탁	NNG
경주 여행	325	드립니다	VV+EC
경주 여행	325	바퀴	NNBC
경주 여행	325	버스	NNG
경주 여행	325	거나	EC
경주 여행	325	택시	NNG
경주 여행	325	세용	EP+EF
경주 여행	325	걸어서	VV+EC
경주 여행	325	에요	VCP+EF
경주 여행	325	택시	NNG
경주 여행	325	힘들	VA
경주 여행	325	어요	EF
경주 여행	325	부터	JX
경주 여행	325	택시	NNG
경주 여행	325	관광지	NNG
경주 여행	325	에서	JKB
경주 여행	325	택시	NNG
경주 여행	325	거나	EC
경주 여행	325	카카오	NNP
경주 여행	325	택시	NNG
경주 여행	326	식당	NNG
경주 여행	326	추천	NNG
경주 여행	326	부탁	NNG
경주 여행	326	드립니다	VV+EC
경주 여행	326	시간	NNG
경주 여행	326	도착	NNG
경주 여행	326	는데	EC
경주 여행	326	여기	NP
경주 여행	326	봐야	VX+EC
경주 여행	326	한다	VX+EC
경주 여행	326	식당	NNG
경주 여행	326	에서	JKB
경주 여행	326	특별	NNG
경주 여행	326	대접	NNG
경주 여행	326	식당	NNG
경주 여행	326	추천	NNG
경주 여행	326	드리	VX
경주 여행	326	습니다	EF
경주 여행	326	식당	NNG
경주 여행	326	하나	NR
경주 여행	326	선택	NNG
경주 여행	326	에서	JKB
경주 여행	326	특별	NNG
경주 여행	326	대접	NNG
경주 여행	327	코스	NNG
경주 여행	327	당일치기	NNG
경주 여행	327	학생	NNG
경주 여행	327	코스	NNG
경주 여행	327	알려	VV+EC
경주 여행	327	세요	EP+EF
경주 여행	327	첨성대	NNG
경주 여행	327	근처	NNG
경주 여행	327	한복	NNG
경주 여행	327	나드리	NNG
경주 여행	327	에서	JKB
경주 여행	327	질문	NNG
경주 여행	327	일정	NNG
경주 여행	327	관련	NNG
경주 여행	327	답변	NNG
경주 여행	327	드리	VV
경주 여행	327	도록	EC
경주 여행	327	습니다	EF
경주 여행	327	황리	NNG
경주 여행	327	맞춤	NNG
경주 여행	327	일정	NNG
경주 여행	327	준비	NNG
경주 여행	327	어요	EF
경주 여행	327	아래	NNG
경주 여행	327	첨부	NNG
경주 여행	327	일정	NNG
경주 여행	327	참고	NNG
경주 여행	328	역사	NNG
경주 여행	328	의미	NNG
경주 여행	328	다녀왔	VV+EP
경주 여행	328	는데요	EF
경주 여행	328	생각	NNG
경주 여행	328	보다	JKB
경주 여행	328	재미	NNG
경주 여행	328	어요	EF
경주 여행	328	너무	MAG
경주 여행	328	진지	XR
경주 여행	328	공부	NNG
경주 여행	328	느낌	NNG
경주 여행	328	으로	JKB
경주 여행	328	질문	NNG
경주 여행	328	관련	NNG
경주 여행	328	답변	NNG
경주 여행	328	드리	VV
경주 여행	328	도록	EC
경주 여행	328	습니다	EF
경주 여행	328	에서	JKB
경주 여행	328	동궁	NNG
경주 여행	328	월지	NNG
경주 여행	329	코스	NNG
경주 여행	329	추천	NNG
경주 여행	329	뚜벅	MAG
경주 여행	329	위한	VV+ETM
경주 여행	329	코스	NNG
경주 여행	329	추천	NNG
경주 여행	329	부탁	NNG
경주 여행	329	드려요	VV+EC
경주 여행	329	오붓	XR
경주 여행	329	계획	NNG
경주 여행	329	계시	VX
경주 여행	329	는군요	EC
경주 여행	329	대중교통	NNG
경주 여행	329	이용	NNG
경주 여행	329	해서	XSV+EC
경주 여행	329	돌아볼	VV+ETM
경주 여행	329	생각	NNG
경주 여행	329	라면	EC
경주 여행	329	가볍	VA
경주 여행	329	코스	NNG
경주 여행	329	습니다	EF
경주 여행	330	코스	NNG
경주 여행	330	추천	NNG
경주 여행	330	코스	NNG
경주 여행	330	추천	NNG
경주 여행	330	가족	NNG
경주 여행	330	안녕	NNG
경주 여행	330	세요	EP+EF
경주 여행	330	계획	NNG
경주 여행	330	루트	NNG
경주 여행	330	실행	NNG
경주 여행	330	실패	NNG
경주 여행	330	소개	NNG
경주 여행	330	드릴까	VX+EC
경주 여행	330	합니다	VX+EF
경주 여행	330	한번	MAG
경주 여행	330	마음	NNG
경주 여행	330	드신	VV+EP+ETM
경주 여행	330	다면	NNG
경주 여행	330	채택	NNG
경주 여행	330	부탁	NNG
경주 여행	330	드립니다	VV+EC
경주 여행	331	봐야	VX+EC
경주 여행	331	맛집	NNG
경주 여행	331	리스트	NNG
경주 여행	331	무엇	NP
경주 여행	331	인가요	VCP+EF
경주 여행	331	계획	NNG
경주 여행	331	필수	NNG
경주 여행	331	방문	NNG
경주 여행	331	맛집	NNG
경주 여행	331	플레이스	NNG
경주 여행	331	습니다	EF
경주 여행	331	현지인	NNG
경주 여행	331	추천	NNG
경주 여행	331	명소	NNG
경주 여행	331	봐야	VX+EC
경주 여행	331	맛집	NNG
경주 여행	331	황남빵	NNP
경주 여행	331	식당	NNG
경주 여행	331	잔치국수	NNP
경주 여행	331	교동	NNP
경주 여행	331	법주	NNP
경주 여행	331	신라	NNP
경주 여행	331	밀면	NNP
경주 여행	331	에요	EF
경주 여행	331	플레이스	NNG
경주 여행	331	불국사	NNP
경주 여행	332	일정	NNG
경주 여행	332	도와	VV+EC
경주 여행	332	세요	EP+EF
경주 여행	332	그냥	MAG
경주 여행	332	최소한	NNG
경주 여행	332	움직임	NNG
경주 여행	332	으로	JKB
경주 여행	332	이틀	NNG
경주 여행	332	동안	NNG
경주 여행	332	다녀올	VV+ETM
경주 여행	332	코스	NNG
경주 여행	332	알려	VV+EC
경주 여행	332	세요	EP+EF
경주 여행	332	예쁜	VA+ETM
경주 여행	332	카페	NNP
경주 여행	332	추천	NNG
경주 여행	332	질문	NNG
경주 여행	332	일정	NNG
경주 여행	332	관련	NNG
경주 여행	332	답변	NNG
경주 여행	332	드리	VV
경주 여행	332	도록	EC
경주 여행	332	습니다	EF
경주 여행	332	문자	NNG
경주 여행	332	께서	JKS
경주 여행	332	대로	NNB
경주 여행	332	최대한	NNG
경주 여행	332	여유	NNG
경주 여행	332	로운	XSA+ETM
경주 여행	332	일정	NNG
경주 여행	332	준비	NNG
경주 여행	333	려는데	EC
경주 여행	333	추천	NNG
경주 여행	333	엄마	NNG
경주 여행	333	혼자	NNG
경주 여행	333	아들	NNG
경주 여행	333	데리	VV
경주 여행	333	정도	NNG
경주 여행	333	다녀온	VV+ETM
경주 여행	333	은데요	EC
경주 여행	333	구체	NNG
경주 여행	333	일정	NNG
경주 여행	333	어서	EC
경주 여행	333	코스	NNG
경주 여행	333	맛집	NNG
경주 여행	333	숙소	NNG
경주 여행	333	대한	VV+ETM
경주 여행	333	경험담	NNG
경주 여행	333	어서	EC
경주 여행	333	소개	NNG
경주 여행	333	할게요	XSV+EC
경주 여행	333	TIP	SL
경주 여행	333	코스	NNG
경주 여행	334	추천	NNG
경주 여행	334	추천	NNG
경주 여행	334	세요	EP+EF
경주 여행	334	주신	NNG
경주 여행	334	추천	NNG
경주 여행	334	드릴게요	VV+EC
경주 여행	334	즐거운	VA+ETM
경주 여행	334	으면	EC
경주 여행	334	어요	EF
경주 여행	334	경북	NNP
경주 여행	334	황성	NNG
경주 여행	334	공원	NNG
경주 여행	334	양남	NNG
경주 여행	334	주상	NNG
경주 여행	334	절리	NNG
경주 여행	334	동궁	NNG
경주 여행	334	월지	NNG
경주 여행	334	궁원	NNG
경주 여행	334	황리	NNG
경주 여행	334	첨성대	NNG
경주 여행	335	코스	NNG
경주 여행	335	질문	NNG
경주 여행	335	는데	EC
경주 여행	335	예전	NNG
경주 여행	335	가본적	NNG
경주 여행	335	어서	EC
경주 여행	335	대충	MAG
경주 여행	335	지리	NNG
경주 여행	335	는데	EC
경주 여행	335	질문	NNG
경주 여행	335	코스	NNG
경주 여행	335	관련	NNG
경주 여행	335	답변	NNG
경주 여행	335	드리	VV
경주 여행	335	습니다	EF
경주 여행	335	경주로	NNG
경주 여행	335	일정	NNG
경주 여행	335	준비	NNG
경주 여행	335	어요	EF
경주 여행	335	아래	NNG
경주 여행	335	첨부	NNG
경주 여행	335	일정	NNG
경주 여행	335	참고	NNG
경주 여행	335	즐거운	VA+ETM
경주 여행	336	는데	EC
경주 여행	336	코스	NNG
경주 여행	336	추천	NNG
경주 여행	336	인데	VCP+EC
경주 여행	336	코스	NNG
경주 여행	336	추천	NNG
경주 여행	336	주신	NNG
경주 여행	336	코스	NNG
경주 여행	336	추천	NNG
경주 여행	336	드릴게요	VV+EC
경주 여행	336	재밌	VA
경주 여행	336	으면	EC
경주 여행	336	어요	EF
경주 여행	336	경북	NNP
경주 여행	336	황성	NNG
경주 여행	336	공원	NNG
경주 여행	336	양남	NNG
경주 여행	336	주상	NNG
경주 여행	336	절리	NNG
경주 여행	336	동궁	NNG
경주 여행	336	월지	NNG
경주 여행	336	궁원	NNG
경주 여행	337	엄마	NNG
경주 여행	337	엄마	NNG
경주 여행	337	평일	NNG
경주 여행	337	대중교통	NNG
경주 여행	337	려고	EC
경주 여행	337	는데요	EF
경주 여행	337	일단	MAG
경주 여행	337	불국사	NNG
경주 여행	337	도보	NNG
경주 여행	337	대중교통	NNG
경주 여행	337	이용	NNG
경주 여행	337	코스	NNG
경주 여행	337	의견	NNG
경주 여행	337	드려	VV+EC
경주 여행	337	볼께요	VX+EF
경주 여행	337	먼저	MAG
경주 여행	337	평일	NNG
경주 여행	337	어머니	NNG
경주 여행	337	어머니	NNG
경주 여행	337	행복	NNG
경주 여행	337	세요	EP+EF
경주 여행	337	주요	NNG
경주 여행	337	관광지	NNG
경주 여행	337	교통편	NNG
경주 여행	337	도보	NNG
경주 여행	337	포함	NNG
경주 여행	338	뚜벅	MAG
경주 여행	338	코스	NNG
경주 여행	338	추천	NNG
경주 여행	338	여자	NNG
경주 여행	338	친구	NNG
경주 여행	338	려고	EC
경주 여행	338	는데	EC
경주 여행	338	뚜벅	MAG
경주 여행	338	돌아다닐	VV+ETM
경주 여행	338	코스	NNG
경주 여행	338	추천	NNG
경주 여행	338	세요	EP+EF
경주 여행	338	월드	NNG
경주 여행	338	제외	NNG
경주 여행	338	고요	EC
경주 여행	338	여자	NNG
경주 여행	338	친구	NNG
경주 여행	338	코스	NNG
경주 여행	338	추천	NNG
경주 여행	338	드릴게요	VV+EC
경주 여행	338	하루	NNG
경주 여행	338	세요	EP+EF
경주 여행	339	HELP	SL
경주 여행	339	18	SN
경주 여행	339	부터	JX
경주 여행	339	20	SN
경주 여행	339	까지	JX
경주 여행	339	가족	NNG
경주 여행	339	이랑	JC
경주 여행	339	려고	EC
경주 여행	339	는데	EC
경주 여행	339	어딜	NP+JKO
경주 여행	339	할지	VX+EC
경주 여행	339	모르	VV
경주 여행	339	어요	EF
경주 여행	339	도와	VV+EC
경주 여행	339	세요	EP+EF
경주 여행	339	추천	NNG
경주 여행	339	입니다	VCP+EF
경주 여행	339	월드	NNG
경주 여행	339	테마파크	NNG
경주 여행	339	엑스포	NNG
경주 여행	339	대공원	NNG
경주 여행	339	국립	NNG
경주 여행	339	박물관	NNG
경주 여행	339	원릉	NNG
경주 여행	339	동굴	NNG
경주 여행	339	월지	NNG
경주 여행	340	뚜벅	MAG
경주 여행	340	다음	NNG
경주 여행	340	평일	NNG
경주 여행	340	려고	EC
경주 여행	340	는데	EC
경주 여행	340	시기	NNG
경주 여행	340	별로	MAG
경주 여행	340	아서	EC
경주 여행	340	고민	NNG
경주 여행	340	입니다	VCP+EF
경주 여행	340	혼자	NNG
경주 여행	340	뚜벅	MAG
경주 여행	340	봄바람	NNG
경주 여행	340	살랑살랑	MAG
경주 여행	340	오푸스	NNG
경주 여행	340	에서	JKB
경주 여행	340	즐겨	VV+EC
경주 여행	340	세요	EP+EF
경주 여행	340	객실	NNG
경주 여행	340	개별	NNG
경주 여행	340	바베큐	NNG
경주 여행	340	으로	JKB
경주 여행	341	추천	NNG
경주 여행	341	50	SN
경주 여행	341	부부	NNG
경주 여행	341	10	SN
경주 여행	341	코스	NNG
경주 여행	341	야경	NNG
경주 여행	341	숙소	NNG
경주 여행	341	먹거리	NNG
경주 여행	341	추천	NNG
경주 여행	341	부탁	NNG
경주 여행	341	합니다	XSV+EF
경주 여행	341	계획	NNG
경주 여행	341	군요	EF
경주 여행	341	그럼	MAJ
경주 여행	341	에서	JKB
경주 여행	341	추천	NNG
경주 여행	341	드리	VX
경주 여행	341	습니다	EF
경주 여행	341	첨성대	NNG
경주 여행	341	동궁	NNG
경주 여행	341	월지	NNG
경주 여행	341	대릉원	NNG
경주 여행	342	코스	NNG
경주 여행	342	부탁	NNG
경주 여행	342	드려요	VV+EC
경주 여행	342	출발	NNG
경주 여행	342	합니다	XSV+EF
경주 여행	342	코스	NNG
경주 여행	342	부탁	NNG
경주 여행	342	드립니다	VV+EC
경주 여행	342	숙소	NNG
경주 여행	342	아직	MAG
경주 여행	342	예약	NNG
경주 여행	342	어요	EF
경주 여행	342	코스	NNG
경주 여행	342	보고	JKB
경주 여행	342	근처	NNG
경주 여행	342	게스트	NNP
경주 여행	342	하우스	NNP
경주 여행	342	으려고요	EF
경주 여행	342	안녕	IC
경주 여행	342	세요	EP+EF
경주 여행	342	계획	NNG
경주 여행	342	없이	MAG
경주 여행	342	루트	NNG
경주 여행	342	실패	NNG
경주 여행	343	아이	NNG
경주 여행	343	코스	NNG
경주 여행	343	려고	EC
경주 여행	343	는데	EC
경주 여행	343	동선	NNG
경주 여행	343	ㅠㅠㅠ어렵네요	UNKNOWN
경주 여행	343	가족	NNG
경주 여행	343	계획	NNG
경주 여행	343	입니다	VCP+EF
경주 여행	343	구성원	NNG
경주 여행	343	남편	NNG
경주 여행	343	아이	NNG
경주 여행	343	함께	MAG
경주 여행	343	합니다	VV+EF
경주 여행	343	첫째	NR
경주 여행	343	강동	MAG
경주 여행	343	워터	NNG
경주 여행	343	파크	NNG
경주 여행	343	까지	JX
경주 여행	343	보낼	VV+ETM
경주 여행	343	아이	NNG
경주 여행	343	함께	MAG
경주 여행	343	정말	MAG
경주 여행	343	습니다	EF
경주 여행	343	동안	NNG
경주 여행	343	필요	NNG
경주 여행	343	정보	NNG
경주 여행	343	확인	NNG
경주 여행	343	정보	NNG
경주 여행	344	코스	NNG
경주 여행	344	질문	NNG
경주 여행	344	어요	EF
경주 여행	344	23	SN
경주 여행	344	25	SN
경주 여행	344	코스	NNG
경주 여행	344	추천	NNG
경주 여행	344	세요	EP+EF
경주 여행	344	대상	NNG
경주 여행	344	어머니	NNG
경주 여행	344	코스	NNG
경주 여행	344	답변	NNG
경주 여행	344	드릴게요	VV+EC
경주 여행	344	코스	NNG
경주 여행	344	답변	NNG
경주 여행	344	드립니다	VV+EC
경주 여행	344	어머님	NNG
경주 여행	344	모시	VV
경주 여행	344	떠나	VV
경주 여행	344	즐거운	VA+ETM
경주 여행	344	추억	NNG
경주 여행	344	으로	JKB
경주 여행	344	도록	EC
경주 여행	345	10	SN
경주 여행	345	코스	NNG
경주 여행	345	식당	NNG
경주 여행	345	추천	NNG
경주 여행	345	부탁	NNG
경주 여행	345	드립니다	VV+EC
경주 여행	345	숙소	NNG
경주 여행	345	가실	NNG
경주 여행	345	방문	NNG
경주 여행	345	예쁜	VA+ETM
경주 여행	345	카페	NNG
경주 여행	345	입니다	VCP+EF
경주 여행	345	포토	NNG
경주 여행	345	다양	XR
경주 여행	345	작품	NNG
경주 여행	345	함께	MAG
경주 여행	345	감상	NNG
경주 여행	345	카페	NNG
경주 여행	345	라서	VCP+EC
경주 여행	345	참고	NNG
경주 여행	345	수면	NNG
경주 여행	345	아요	EC
경주 여행	346	질문	NNG
경주 여행	346	안녕	NNG
경주 여행	346	세요	EP+EF
경주 여행	346	는데	EC
경주 여행	346	이번	NNG
경주 여행	346	려고	EC
경주 여행	346	거든요	EF
경주 여행	346	정도	NNG
경주 여행	346	돌아다닐	VV+ETM
경주 여행	346	은데	EC
경주 여행	346	버스	NNG
경주 여행	346	렌트카	NNG
경주 여행	346	반갑	VA
경주 여행	346	습니다	EF
경주 여행	346	문화	NNG
경주 여행	346	유산	NNG
경주 여행	346	도시	NNG
경주 여행	346	당일	NNG
경주 여행	346	준비	NNG
경주 여행	346	네요	EF
경주 여행	346	방문	NNG
경주 여행	346	처음	NNG
경주 여행	346	라면	EC
경주 여행	347	코스	NNG
경주 여행	347	어디	NP
경주 여행	347	가족	NNG
경주 여행	347	이랑	JC
경주 여행	347	려고	EC
경주 여행	347	는데	EC
경주 여행	347	코스	NNG
경주 여행	347	어떻게	MAG
경주 여행	347	해야	VV+EC
경주 여행	347	할지	VX+EC
경주 여행	347	모르	VV
경주 여행	347	네요	EF
경주 여행	347	코스	NNG
경주 여행	347	어디	NP
경주 여행	347	을까요	EF
경주 여행	347	사실	MAG
경주 여행	347	중학교	NNG
경주 여행	347	어요	EF
경주 여행	347	코스	NNG
경주 여행	347	가장	MAG
경주 여행	347	플레이스	NNG
경주 여행	347	어요	EF
경주 여행	347	혹시	MAG
경주 여행	347	코스	NNG
경주 여행	348	엄마	NNG
경주 여행	348	아빠	NNG
경주 여행	348	언니	NNG
경주 여행	348	는데요	EC
경주 여행	348	추천	NNG
경주 여행	348	세요	EP+EF
경주 여행	348	너무	MAG
경주 여행	348	유명	XR
경주 여행	348	아니	VCN
경주 여행	348	네요	EF
경주 여행	348	계획	NNG
경주 여행	348	네요	EF
경주 여행	348	여러분	NP
경주 여행	348	즐길	VV+ETM
경주 여행	348	장소	NNG
경주 여행	348	활동	NNG
경주 여행	348	추천	NNG
경주 여행	348	드릴게요	VX+EC
경주 여행	348	월드컵	NNG
경주 여행	349	추천	NNG
경주 여행	349	세요	EP+EF
경주 여행	349	계획	NNG
경주 여행	349	어요	EF
경주 여행	349	일정	NNG
경주 여행	349	으로	JKB
경주 여행	349	려고	EC
경주 여행	349	해요	VX+EF
경주 여행	349	질문	NNG
경주 여행	349	관련	NNG
경주 여행	349	답변	NNG
경주 여행	349	드리	VV
경주 여행	349	도록	EC
경주 여행	349	습니다	EF
경주 여행	349	가시	VV
경주 여행	349	군요	EC
경주 여행	349	대부분	NNG
경주 여행	349	평지	NNG
경주 여행	349	으니	EC
경주 여행	349	알아보	VV
경주 여행	349	조금	NNG
경주 여행	349	라도	EC
경주 여행	349	참고	NNG
경주 여행	349	으면	EC
경주 여행	350	추천	NNG
경주 여행	350	세요	EP+EF
경주 여행	350	지도	NNG
경주 여행	350	추천	NNG
경주 여행	350	부탁	NNG
경주 여행	350	합니다	XSV+EF
경주 여행	350	보문	NNG
경주 여행	350	단지	NNG
경주 여행	350	위치	NNG
경주 여행	350	우양	NNG
경주 여행	350	미술관	NNG
경주 여행	350	국내	NNG
경주 여행	350	최초	NNG
경주 여행	350	에서	JKB
경주 여행	350	추천	NNG
경주 여행	350	드리	VV
경주 여행	350	장소	NNG
경주 여행	350	동궁	NNG
경주 여행	350	월지	NNG
경주 여행	350	인데요	VCP+EF
경주 여행	350	신라	NNP
경주 여행	350	시대	NNG
경주 여행	350	궁터	NNG
경주 여행	350	였었	VCP+EP
경주 여행	350	왕자	NNG
경주 여행	350	생활	NNG
경주 여행	350	장소	NNG
경주 여행	350	다고	EC
경주 여행	350	합니다	VX+EC
경주 여행	351	코스	NNG
경주 여행	351	지도	NNG
경주 여행	351	숙소	NNG
경주 여행	351	여자	NNG
경주 여행	351	친구	NNG
경주 여행	351	같이	MAG
경주 여행	351	어요	EF
경주 여행	351	가지	VV
경주 여행	351	예정	NNG
경주 여행	351	인데요	VCP+EF
경주 여행	351	어떤	MM
경주 여행	351	으로	JKB
경주 여행	351	코스	NNG
경주 여행	351	을까요	EF
경주 여행	351	그리고	MAJ
경주 여행	351	코스	NNG
경주 여행	351	지도	NNG
경주 여행	351	알아보	VV
경주 여행	351	면서	EC
경주 여행	351	군데	NNBC
경주 여행	351	알려	VV+EC
경주 여행	351	세요	EP+EF
경주 여행	352	코스	NNG
경주 여행	352	조언	NNG
경주 여행	352	부탁	NNG
경주 여행	352	드립니다	VV+EF
경주 여행	352	저희	NP
경주 여행	352	가족	NNG
경주 여행	352	저희	NP
경주 여행	352	부모	NNG
경주 여행	352	모시	VV
경주 여행	352	질문	NNG
경주 여행	352	코스	NNG
경주 여행	352	관련	NNG
경주 여행	352	답변	NNG
경주 여행	352	드리	VV
경주 여행	352	습니다	EF
경주 여행	352	가족	NNG
경주 여행	352	함께	MAG
경주 여행	352	계획	NNG
경주 여행	352	계시	VX
경주 여행	352	는군요	EC
경주 여행	352	가족	NNG
경주 여행	352	일정	NNG
경주 여행	352	준비	NNG
경주 여행	352	어요	EF
경주 여행	352	아래	NNG
경주 여행	352	첨부	NNG
경주 여행	352	일정	NNG
경주 여행	352	참고	NNG
경주 여행	353	친정	NNG
경주 여행	353	엄마	NNG
경주 여행	353	코스	NNG
경주 여행	353	10	SN
경주 여행	353	70	SN
경주 여행	353	초반	NNG
경주 여행	353	아주	MAG
경주 여행	353	건강	NNG
경주 여행	353	친정	NNG
경주 여행	353	엄마	NNG
경주 여행	353	질문	NNG
경주 여행	353	코스	NNG
경주 여행	353	관련	NNG
경주 여행	353	답변	NNG
경주 여행	353	드리	VV
경주 여행	353	습니다	EF
경주 여행	353	부모	NNG
경주 여행	353	함께	MAG
경주 여행	353	계획	NNG
경주 여행	353	군요	EF
경주 여행	353	숙소	NNG
경주 여행	353	맞춤	NNG
경주 여행	353	일정	NNG
경주 여행	353	준비	NNG
경주 여행	353	어요	EF
경주 여행	353	아래	NNG
경주 여행	353	첨부	NNG
경주 여행	353	일정	NNG
경주 여행	354	황리	NNG
경주 여행	354	맛집	NNG
경주 여행	354	추천	NNG
경주 여행	354	이번	NNG
경주 여행	354	는데	EC
경주 여행	354	황리	NNG
경주 여행	354	근처	NNG
경주 여행	354	맛집	NNG
경주 여행	354	많이	MAG
경주 여행	354	추천	NNG
경주 여행	354	세요	EP+EF
경주 여행	354	뚜벅	MAG
경주 여행	354	거리	NNG
경주 여행	354	힘들	VA
경주 여행	354	어요	EF
경주 여행	354	위한	VV+ETM
경주 여행	354	황리	NNG
경주 여행	354	맛집	NNG
경주 여행	354	추천	NNG
경주 여행	354	황리	NNG
경주 여행	354	맛집	NNG
경주 여행	354	맛집	NNG
경주 여행	354	매일	MAG
경주 여행	354	오랫동안	NNG
경주 여행	354	기다려	VV+EC
경주 여행	354	배달	NNG
경주 여행	355	숙소	NNG
경주 여행	355	추천	NNG
경주 여행	355	안녕	NNG
경주 여행	355	세요	EP+EF
경주 여행	355	경기도	NNP
경주 여행	355	사람	NNG
경주 여행	355	입니다	VCP+EF
경주 여행	355	내년	NNG
경주 여행	355	중순	NNG
경주 여행	355	예정	NNG
경주 여행	355	입니다	VCP+EF
경주 여행	355	인원	NNG
경주 여행	355	엄마	NNG
경주 여행	355	초등	NNG
경주 여행	355	근데	MAJ
경주 여행	355	추운	VA+ETM
경주 여행	355	겨울	NNG
경주 여행	355	비추	NNG
경주 여행	355	입니다	VCP+EF
경주 여행	355	가까운	VA+ETM
경주 여행	355	거리	NNG
경주 여행	355	택시	NNG
경주 여행	355	다니	VV
경주 여행	355	세요	EP+EF
경주 여행	355	즐거운	VA+ETM
경주 여행	356	여자	NNG
경주 여행	356	친구	NNG
경주 여행	356	갈려고	VV+EC
경주 여행	356	는데요	EF
경주 여행	356	혹시	MAG
경주 여행	356	이나	JC
경주 여행	356	경치	NNG
경주 여행	356	을까요	EC
경주 여행	356	이동	NNG
경주 여행	356	구요	EF
경주 여행	356	계획	NNG
경주 여행	356	계시	VX
경주 여행	356	는군요	EF
경주 여행	356	요즘	MAG
경주 여행	356	가시	VV
경주 여행	356	정말	MAG
경주 여행	356	은데	EC
경주 여행	356	그만큼	MAG
경주 여행	357	감성	NNG
경주 여행	357	쿠지	NNP
경주 여행	357	숙소	NNG
경주 여행	357	추천	NNG
경주 여행	357	부탁	NNG
경주 여행	357	드립니다	VV+EF
경주 여행	357	마지막	NNG
경주 여행	357	계획	NNG
경주 여행	357	습니다	EF
경주 여행	357	어른	NNG
경주 여행	357	아이	NNG
경주 여행	357	가능	NNG
경주 여행	357	독채	NNG
경주 여행	357	쿠지	NNP
경주 여행	357	숙소	NNG
경주 여행	357	괜찮	VA
경주 여행	357	으면	EC
경주 여행	357	추천	NNG
경주 여행	357	휴식	NNG
경주 여행	357	취하	VV
경주 여행	357	고자	EC
경주 여행	357	최적	NNG
경주 여행	357	선택	NNG
경주 여행	357	입니다	VCP+EF
경주 여행	357	즐거운	VA+ETM
경주 여행	357	바랍니다	VV+EF
경주 여행	357	http	SL
경주 여행	357	itta	SL
경주 여행	357	stay	SL
경주 여행	357	kr	SL
경주 여행	357	html	SL
경주 여행	357	index	SL
경주 여행	357	html	SL
경주 여행	358	11	SN
경주 여행	358	11	SN
경주 여행	358	건데	NNB+VCP+EC
경주 여행	358	코스	NNG
경주 여행	358	추천	NNG
경주 여행	358	부탁	NNG
경주 여행	358	드립니다	VV+EC
경주 여행	358	군요	NNG
경주 여행	358	코스	NNG
경주 여행	358	에다가	JKB
경주 여행	358	11	SN
경주 여행	358	그래도	MAJ
경주 여행	358	패딩	NNG
경주 여행	358	느낌	NNG
경주 여행	358	아니	VCN
경주 여행	358	두꺼운	VA+ETM
경주 여행	358	코트	NNG
경주 여행	358	경량	NNG
경주 여행	358	패딩	NNG
경주 여행	358	정도	NNG
경주 여행	358	추천	NNG
경주 여행	358	드려요	VV+EC
경주 여행	358	즐거운	VA+ETM
경주 여행	358	세요	EP+EF
경주 여행	359	추천	NNG
경주 여행	359	부탁	NNG
경주 여행	359	드려요	VV+EC
경주 여행	359	~^^	SY
경주 여행	359	다녀오	VV
경주 여행	359	은데	EC
경주 여행	359	기본	NNG
경주 여행	359	으로	JKB
경주 여행	359	특별히	MAG
경주 여행	359	을까요	EC
경주 여행	359	맛집	NNG
경주 여행	359	이나	JC
경주 여행	359	주신	NNG
경주 여행	359	추천	NNG
경주 여행	359	드릴게요	VV+EC
경주 여행	359	즐거운	VA+ETM
경주 여행	359	으면	EC
경주 여행	359	어요	EF
경주 여행	359	경북	NNP
경주 여행	360	코스	NNG
경주 여행	360	추천	NNG
경주 여행	360	요번	NNG
경주 여행	360	색다른	VA+ETM
경주 여행	360	주제	NNG
경주 여행	360	어요	EF
경주 여행	360	문화재	NNG
경주 여행	360	위주	NNG
경주 여행	360	아닌	VCN+ETM
경주 여행	360	다른	MM
경주 여행	360	위주	NNG
경주 여행	360	갈만	NNG
경주 여행	360	추천	NNG
경주 여행	360	세요	EP+EF
경주 여행	360	야경	NNG
경주 여행	360	코스	NNG
경주 여행	360	추천	NNG
경주 여행	360	답변	NNG
경주 여행	360	드릴게요	VV+EC
경주 여행	360	안녕	NNG
경주 여행	360	세요	EP+EF
경주 여행	360	저번	NNG
경주 여행	360	사람	NNG
경주 여행	360	입니다	VCP+EF
경주 여행	361	추천	NNG
경주 여행	361	세요	EP+EF+VCP
경주 여행	361	추천	NNG
경주 여행	361	세요	EP+EF
경주 여행	361	안녕	NNG
경주 여행	361	세요	EP+EF
경주 여행	361	계획	NNG
경주 여행	361	루트	NNG
경주 여행	361	용시	NNG
경주 여행	361	실패	NNG
경주 여행	361	소개	NNG
경주 여행	361	드릴까	VX+EC
경주 여행	361	합니다	VX+EF
경주 여행	361	한번	MAG
경주 여행	361	마음	NNG
경주 여행	361	드신	VV+EP+ETM
경주 여행	361	다면	NNG
경주 여행	361	채택	NNG
경주 여행	361	부탁	NNG
경주 여행	361	드립니다	VV+EC
경주 여행	362	캐리	NNP
경주 여행	362	어사이즈	NNP
경주 여행	362	추천	NNP
경주 여행	362	이번	NNG
경주 여행	362	아버지	NNG
경주 여행	362	습니다	EF
경주 여행	362	캐리어	NNG
경주 여행	362	겸사겸사	MAG
경주 여행	362	하나	NR
경주 여행	362	살까	VV+EC
경주 여행	362	합니다	VX+EF
경주 여행	362	캐리	NNP
경주 여행	362	어사이즈	NNP
경주 여행	362	추천	NNG
경주 여행	362	부탁	NNG
경주 여행	362	드립니다	VV+EC
경주 여행	362	20	SN
경주 여행	362	인치	NNBC
경주 여행	362	캐리어	NNG
경주 여행	362	추천	NNG
경주 여행	362	합니다	XSV+EF
경주 여행	362	매일	NNG
경주 여행	362	즐거우	VV
경주 여행	362	으면	EC
경주 여행	362	습니당	EF
경주 여행	363	려고	EC
경주 여행	363	는데	EC
경주 여행	363	혹시	MAG
경주 여행	363	폴라로이드	NNG
경주 여행	363	카메라	NNG
경주 여행	363	대여	NNG
경주 여행	363	이나	JX
경주 여행	363	구매	NNG
경주 여행	363	그리고	MAJ
경주 여행	363	온다고	VV+EC
경주 여행	363	숙소	NNG
경주 여행	363	제일	MAG
경주 여행	363	중요	NNG
경주 여행	363	잖아요	EC+VX+EF
경주 여행	363	그래서	MAJ
경주 여행	363	저희	NP
경주 여행	363	오푸스	NNG
경주 여행	363	11	SN
경주 여행	363	빌라	NNG
경주 여행	363	펜션	NNG
경주 여행	363	추천	NNG
경주 여행	363	드리	VX
경주 여행	363	려고	EC
경주 여행	364	렌터카	NNG
경주 여행	364	려고	EC
경주 여행	364	합니다	VX+EF
경주 여행	364	우선	MAG
경주 여행	364	숙소	NNG
경주 여행	364	터미널	NNG
경주 여행	364	주요	NNG
경주 여행	364	관광지	NNG
경주 여행	364	도보	NNG
경주 여행	364	10	SN
경주 여행	364	관광지	NNG
경주 여행	364	추천	NNG
경주 여행	364	드리	VX
경주 여행	364	습니다	EF
경주 여행	364	말씀	NNG
경주 여행	364	터미널	NNG
경주 여행	364	에서	JKB
경주 여행	364	주요	NNG
경주 여행	364	관광지	NNG
경주 여행	364	황리	NNG
경주 여행	364	에서	JKB
경주 여행	364	시작	NNG
경주 여행	364	한다고	XSV+EC
경주 여행	364	됩니다	VV+EF
경주 여행	364	황리	NNG
경주 여행	364	시작	NNG
경주 여행	364	으로	JKB
경주 여행	365	코스	NNG
경주 여행	365	추천	NNG
경주 여행	365	요번	NNG
경주 여행	365	색다른	VA+ETM
경주 여행	365	주제	NNG
경주 여행	365	어요	EF
경주 여행	365	코스	NNG
경주 여행	365	추천	NNG
경주 여행	365	입니다	VCP+EF
경주 여행	365	안녕	IC
경주 여행	365	세요	EP+EF
경주 여행	365	코스	NNG
경주 여행	365	남산	NNP
경주 여행	365	정복	NNG
경주 여행	365	코스	NNG
경주 여행	365	에서	JKB
경주 여행	365	코스	NNG
경주 여행	365	불국사	NNG
경주 여행	365	석굴암	NNG
경주 여행	365	관람	NNG
경주 여행	365	랜드마크	NNP
경주 여행	366	내공	NNP
경주 여행	366	100	SN
경주 여행	366	당일치기	NNG
경주 여행	366	일찍	MAG
경주 여행	366	아침	NNG
경주 여행	366	저녁	NNG
경주 여행	366	시간	NNG
경주 여행	366	갈려는	VV+ETM
경주 여행	366	이랑	JC
경주 여행	366	반려	NNG
경주 여행	366	동반	NNG
경주 여행	366	입장	NNG
경주 여행	366	는지	EC
경주 여행	366	궁금	XR
경주 여행	366	합니다	XSA+EF
경주 여행	366	반려	NNG
경주 여행	366	동반	NNG
경주 여행	366	추천	NNG
경주 여행	366	드려요	VV+EC
경주 여행	367	렌트	NNG
경주 여행	367	렌트	NNG
경주 여행	367	해서	XSV+EC
경주 여행	367	할려	VV+EC
경주 여행	367	는데	EC
경주 여행	367	부산	NNP
경주 여행	367	처럼	JKB
경주 여행	367	운전	NNG
경주 여행	367	많이	MAG
경주 여행	367	빡센	VA+ETM
경주 여행	367	가여	NNG
경주 여행	367	부산	NNP
경주 여행	367	종종	MAG
경주 여행	367	는데	EC
경주 여행	367	일단	MAG
경주 여행	367	많이	MAG
경주 여행	367	몰리	VV
경주 여행	367	황리	NNG
경주 여행	367	첨성대	NNG
경주 여행	367	인근	NNG
경주 여행	367	대릉원	NNG
경주 여행	367	인근	NNG
경주 여행	367	시내	NNG
경주 여행	367	정도	NNG
경주 여행	367	입니다	VCP+EF
경주 여행	367	여기	NP
경주 여행	367	운전	NNG
경주 여행	367	는데	EC
경주 여행	368	주말	NNG
경주 여행	368	코스	NNG
경주 여행	368	드립니다	VV+EF
경주 여행	368	엄마	NNG
경주 여행	368	아빠	NNG
경주 여행	368	같이	MAG
경주 여행	368	건데요	NNB+VCP+EF
경주 여행	368	경주로	NNG
경주 여행	368	수학여행	NNG
경주 여행	368	다녀온	VV+ETM
경주 여행	368	너무	MAG
경주 여행	368	오래	MAG
경주 여행	368	엄마	NNG
경주 여행	368	아빠	NNG
경주 여행	368	처음	NNG
경주 여행	368	라서요	EF
경주 여행	368	그리고	MAJ
경주 여행	368	맛집	NNG
경주 여행	368	으면	EC
경주 여행	368	추도	NNG
경주 여행	368	부탁	NNG
경주 여행	368	드려	VV+EF
경주 여행	368	주말	NNG
경주 여행	368	코스	NNG
경주 여행	368	드립니다	VV+EC
경주 여행	368	답변	NNG
경주 여행	368	드릴게요	VV+EC
경주 여행	369	숙소	NNG
경주 여행	369	11	SN
경주 여행	369	20	SN
경주 여행	369	토요일	NNG
경주 여행	369	려고	EC
경주 여행	369	는데	EC
경주 여행	369	숙소	NNG
경주 여행	369	정하	VV
경주 여행	369	힘드	VA
경주 여행	369	네요	EC
경주 여행	369	2021	SN
경주 여행	369	가을	NNG
경주 여행	369	즐기	VV
경주 여행	369	다면	EC
경주 여행	369	신상	NNG
경주 여행	369	세요	EP+EF
경주 여행	369	어요	EF
경주 여행	369	펜션	NNG
경주 여행	369	빌라	NNP
경주 여행	369	숙소	NNG
경주 여행	369	신축	NNG
경주 여행	369	펜션	NNG
경주 여행	370	택시	NNG
경주 여행	370	투어	NNG
경주 여행	370	렌트카	NNG
경주 여행	370	이용	NNG
경주 여행	370	12	SN
경주 여행	370	지인	NNG
경주 여행	370	는데	EC
경주 여행	370	질문	NNG
경주 여행	370	택시	NNG
경주 여행	370	투어	NNG
경주 여행	370	관련	NNG
경주 여행	370	답변	NNG
경주 여행	370	드리	VV
경주 여행	370	습니다	EF
경주 여행	370	택시	NNG
경주 여행	370	투어	NNG
경주 여행	370	편안	NNG
경주 여행	370	최근	NNG
경주 여행	370	택시	NNG
경주 여행	370	투어	NNG
경주 여행	370	이용	NNG
경주 여행	370	는데요	EC
경주 여행	371	갑니다	VV+EC
경주 여행	371	갑니다	VV+EC
경주 여행	371	천군동	NNP
경주 여행	371	위치	NNG
경주 여행	371	빌라	NNG
경주 여행	371	입실	NNG
경주 여행	371	인데	VCP+EC
경주 여행	371	12	SN
경주 여행	371	도착	NNG
경주 여행	371	예정	NNG
경주 여행	371	라서	EC
경주 여행	371	그동안	NNG
경주 여행	371	안녕	NNG
경주 여행	371	세요	EP+EF
경주 여행	371	계획	NNG
경주 여행	371	없이	MAG
경주 여행	371	루트	NNG
경주 여행	371	실패	NNG
경주 여행	371	소개	NNG
경주 여행	371	볼까	VX+EC
경주 여행	371	합니다	VX+EF
경주 여행	371	한번	MAG
경주 여행	371	마음	NNG
경주 여행	371	신다면	EP+EC
경주 여행	372	빠질	VV+ETM
경주 여행	372	빵집	NNG
경주 여행	372	빠질	VV+ETM
경주 여행	372	빵집	NNG
경주 여행	372	알려	VV+EC
경주 여행	372	세요	EP+EF
경주 여행	372	주말	NNG
경주 여행	372	남편	NNG
경주 여행	372	갑니다	VV+EC
경주 여행	372	너무	MAG
경주 여행	372	는데	EC
경주 여행	372	에서	NNG
경주 여행	372	빵집	NNG
경주 여행	372	어딘가요	NP+VCP+EF
경주 여행	372	계절	NNG
경주 여행	372	입니다	VCP+EF
경주 여행	372	이맘때	NNG
경주 여행	372	아이	NNG
경주 여행	372	거든요	EF
경주 여행	373	코스	NNG
경주 여행	373	동선	NNG
경주 여행	373	어떻게	MAG
경주 여행	373	될까요	VV+EF
경주 여행	373	자차	NNG
경주 여행	373	이용	NNG
경주 여행	373	해서	XSV+EC
경주 여행	373	려고	EC
경주 여행	373	합니다	VX+EF
경주 여행	373	코스	NNG
경주 여행	373	동선	NNG
경주 여행	373	어떻게	MAG
경주 여행	373	될까요	VV+EC
경주 여행	373	문제	NNG
경주 여행	373	대한	VV+ETM
경주 여행	373	해결책	NNG
경주 여행	373	제시	NNG
경주 여행	373	드리	VX
경주 여행	373	도록	EC
경주 여행	373	습니다	EF
경주 여행	373	Step	SL
경주 여행	373	이처럼	MAG
경주 여행	373	코스	NNG
경주 여행	373	동선	NNG
경주 여행	373	메인	VV+ETM
경주 여행	373	으로	JKB
경주 여행	373	장소	NNG
경주 여행	374	추천	NNG
경주 여행	374	중학	NNG
경주 여행	374	친구	NNG
경주 여행	374	당일치기	NNG
경주 여행	374	할려고	VV+EC
경주 여행	374	는데	EC
경주 여행	374	저번	NNG
경주 여행	374	다녀온	VV+ETM
경주 여행	374	코스	NNG
경주 여행	374	같이	MAG
경주 여행	374	추천	NNG
경주 여행	374	드릴	VV+ETM
경주 여행	374	참고	NNG
경주 여행	374	으로	JKB
경주 여행	374	tistory	SL
경주 여행	374	com	SL
경주 여행	374	46	SN
경주 여행	374	도움	NNG
경주 여행	374	즐거운	VA+ETM
경주 여행	374	보내	VV
경주 여행	374	네요	EC
경주 여행	375	어르신	NNG
경주 여행	375	함께	MAG
경주 여행	375	숙소	NNG
경주 여행	375	..	SY
경주 여행	375	어르신	NNG
경주 여행	375	추천	NNG
경주 여행	375	세요	EP+EF
경주 여행	375	인원	NNG
경주 여행	375	20	SN
경주 여행	375	25	SN
경주 여행	375	숙소	NNG
경주 여행	375	식사	NNG
경주 여행	375	함께	MAG
경주 여행	375	추천	NNG
경주 여행	375	안녕	NNG
경주 여행	375	세요	EP+EF
경주 여행	375	관심	NNG
경주 여행	375	으신	EP+ETM
경주 여행	375	아서	EC
경주 여행	375	저희	NP
경주 여행	375	함께	MAG
경주 여행	375	에서	JKB
경주 여행	375	역사	NNG
경주 여행	375	문화	NNG
경주 여행	375	경험	NNG
경주 여행	375	명소	NNG
경주 여행	375	추천	NNG
경주 여행	375	합니다	XSV+EC
경주 여행	376	무엇	NP
경주 여행	376	인가요	VCP+EF
경주 여행	376	안녕	IC
경주 여행	376	세요	EP+EF
경주 여행	376	려고	EC
경주 여행	376	알아보	VV
경주 여행	376	습니다	EF
경주 여행	376	알아보	VV
경주 여행	376	황리	NNG
경주 여행	376	황동	NNG
경주 여행	376	황지	NNG
경주 여행	376	이렇게	MAG
경주 여행	376	는데	EC
경주 여행	376	지역민	NNG
경주 여행	376	에서	JKB
경주 여행	376	자주	MAG
경주 여행	376	관광객	NNG
경주 여행	376	황리	NNG
경주 여행	376	에서	JKB
경주 여행	376	논다는	VV+ETM
경주 여행	376	더라고요	EC
경주 여행	376	황동	NNG
경주 여행	376	라는	ETM
경주 여행	376	아예	MAG
경주 여행	376	던데	EC
경주 여행	377	돌아볼	VV+ETM
경주 여행	377	코스	NNG
경주 여행	377	알아보	VV
경주 여행	377	는데	EC
경주 여행	377	마땅히	MAG
경주 여행	377	갈만	NNG
경주 여행	377	을까	EF
경주 여행	377	안녕	NNG
경주 여행	377	세요	EP+EF
경주 여행	377	취향	NNG
경주 여행	377	대로	JKB
경주 여행	377	머물	VV
경주 여행	377	여기	VV
경주 여행	377	입니다	VCP+EF
경주 여행	377	질문	NNG
경주 여행	377	관련	NNG
경주 여행	377	답변	NNG
경주 여행	377	드리	VV
경주 여행	377	도록	EC
경주 여행	377	습니다	EF
경주 여행	377	봅니다	VX+EC
경주 여행	377	가지	NNBC
경주 여행	377	알려	VV+EC
경주 여행	377	드리	VX
경주 여행	377	도록	EC
경주 여행	378	할머니	NNG
경주 여행	378	12	SN
경주 여행	378	할머니	NNG
경주 여행	378	갈려고	VV+EC
경주 여행	378	는데	EC
경주 여행	378	코스	NNG
경주 여행	378	어떻게	MAG
경주 여행	378	을까요	EC
경주 여행	378	질문	NNG
경주 여행	378	관련	NNG
경주 여행	378	답변	NNG
경주 여행	378	드리	VV
경주 여행	378	습니다	EF
경주 여행	378	할머니	NNG
경주 여행	378	요즘	NNG
경주 여행	378	택시	NNG
경주 여행	378	투어	NNG
경주 여행	378	통해	VV+EC
경주 여행	378	보다	MAG
경주 여행	378	편안	NNG
경주 여행	378	즐겨	VV+EC
경주 여행	379	알찬	VA+ETM
경주 여행	379	코스	NNG
경주 여행	379	추천	NNG
경주 여행	379	세요	EP+EF
경주 여행	379	^^	SY
경주 여행	379	알찬	VA+ETM
경주 여행	379	코스	NNG
경주 여행	379	추천	NNG
경주 여행	379	세요	EP+EF
경주 여행	379	지만	EC
경주 여행	379	질문	NNG
경주 여행	379	관련	NNG
경주 여행	379	답변	NNG
경주 여행	379	드리	VV
경주 여행	379	도록	EC
경주 여행	379	습니다	EF
경주 여행	379	다녀오	VV
경주 여행	379	예정	NNG
경주 여행	379	군요	EC
경주 여행	379	으니	EC
경주 여행	379	는데	EC
경주 여행	379	참고	NNG
경주 여행	379	바랍니다	VV+EF
경주 여행	379	도움	NNG
경주 여행	380	사월	NNG
경주 여행	380	가족	NNG
경주 여행	380	계획	NNG
경주 여행	380	인데	VCP+EC
경주 여행	380	사월	NNG
경주 여행	380	가족	NNG
경주 여행	380	계획	NNG
경주 여행	380	인데	VCP+EC
경주 여행	380	처음	MAG
경주 여행	380	네요	EC
경주 여행	380	가족	NNG
경주 여행	380	소개	NNG
경주 여행	380	세요	EP+EF
경주 여행	380	경경	NNG
경주 여행	380	가족	NNG
경주 여행	380	함께	MAG
경주 여행	380	계획	NNG
경주 여행	380	계시	VX
경주 여행	380	군요	EC
경주 여행	380	한화	NNG
경주 여행	380	리조트	NNG
경주 여행	380	에서	JKB
경주 여행	380	즐거운	VA+ETM
경주 여행	380	추억	NNG
경주 여행	380	만드실	VV+EP+ETM
경주 여행	381	지금	MAG
경주 여행	381	가지	NNBC
경주 여행	381	세요	EP+EF
경주 여행	381	지금	MAG
경주 여행	381	많이	MAG
경주 여행	381	까요	EF
경주 여행	381	쪄죽	VV
경주 여행	381	정도	NNG
경주 여행	381	돌아다니	VV
경주 여행	381	나요	EC
경주 여행	381	고속버스	NNG
경주 여행	381	지금	MAG
경주 여행	381	많이	MAG
경주 여행	381	까요	EF
경주 여행	381	가장	MAG
경주 여행	381	더운	VA+ETM
경주 여행	381	시기	NNG
경주 여행	381	입니다	VCP+EF
경주 여행	381	30	SN
경주 여행	381	34	SN
경주 여행	381	까지	JX
경주 여행	381	습니다	EF
경주 여행	382	가족	NNG
경주 여행	382	코스	NNG
경주 여행	382	추천	NNG
경주 여행	382	부탁드려요	VV+EF
경주 여행	382	코스	NNG
경주 여행	382	추천	NNG
경주 여행	382	부탁	NNG
경주 여행	382	드려요	VV+EC
경주 여행	382	이번	NNG
경주 여행	382	추석	NNG
경주 여행	382	기간	NNG
경주 여행	382	가족	NNG
경주 여행	382	아이	NNG
경주 여행	382	어요	EF
경주 여행	382	함께	MAG
경주 여행	382	고자	EC
경주 여행	382	가족	NNG
경주 여행	382	코스	NNG
경주 여행	382	추천	NNG
경주 여행	382	드릴게요	VX+EF
경주 여행	382	여러분	NP
경주 여행	382	위해	VV+EC
경주 여행	382	직접	MAG
경주 여행	382	조사	NNG
경주 여행	382	결과	NNG
경주 여행	382	바탕	NNG
경주 여행	382	으로	JKB
경주 여행	382	최적	NNG
경주 여행	382	코스	NNG
경주 여행	382	제안	NNG
경주 여행	383	초등학생	NNG
경주 여행	383	전남	NNP
경주 여행	383	에서	JKB
경주 여행	383	초등학생	NNG
경주 여행	383	데리	VV
경주 여행	383	가져	VV+EC
경주 여행	383	고하	VV
경주 여행	383	는데요	EF
경주 여행	383	코스	NNG
경주 여행	383	네요	EF
경주 여행	383	숙소	NNG
경주 여행	383	질문	NNG
경주 여행	383	관련	NNG
경주 여행	383	답변	NNG
경주 여행	383	드리	VV
경주 여행	383	도록	EC
경주 여행	383	습니다	EF
경주 여행	383	다녀올	VV+ETM
경주 여행	383	으로	JKB
경주 여행	383	계시	VX
경주 여행	383	봅니다	VX+EC
경주 여행	384	코스	NNG
경주 여행	384	동선	NNG
경주 여행	384	추천	NNG
경주 여행	384	세요	EP+EF
경주 여행	384	코스	NNG
경주 여행	384	동선	NNG
경주 여행	384	어서	EC
경주 여행	384	다음	NNG
경주 여행	384	하루	NNG
경주 여행	384	정도	NNG
경주 여행	384	려고	EC
경주 여행	384	는데	EC
경주 여행	384	일단	MAG
경주 여행	384	석굴암	NNG
경주 여행	384	불국사	NNP
경주 여행	384	질문	NNG
경주 여행	384	일정	NNG
경주 여행	384	관련	NNG
경주 여행	384	답변	NNG
경주 여행	384	드리	VV
경주 여행	384	도록	EC
경주 여행	384	습니다	EF
경주 여행	384	비록	MAG
경주 여행	384	지만	EC
경주 여행	384	사실상	MAG
경주 여행	384	당일치기	NNG
경주 여행	384	준비	NNG
경주 여행	385	초보	NNG
경주 여행	385	운전	NNG
경주 여행	385	코스	NNG
경주 여행	385	코스	NNG
경주 여행	385	세요	EP+EF
경주 여행	385	아무래도	MAG
경주 여행	385	어려움	NNG
경주 여행	385	아요	EF
경주 여행	385	벚꽃	NNG
경주 여행	385	서서히	MAG
경주 여행	385	개화	NNG
경주 여행	385	참고	NNG
경주 여행	385	쭈니	NNP
경주 여행	385	아빠	NNG
경주 여행	385	블로그	NNG
경주 여행	385	방문	NNG
경주 여행	385	카테고리	NNG
경주 여행	385	습니다	EF
경주 여행	386	아들	NNG
경주 여행	386	일정	NNG
경주 여행	386	아들	NNG
경주 여행	386	가려	VV+EC
경주 여행	386	합니다	VX+EF
경주 여행	386	선배	NNG
경주 여행	386	조언	NNG
경주 여행	386	코스	NNG
경주 여행	386	추천	NNG
경주 여행	386	드립니다	VV+EF
경주 여행	386	안녕	IC
경주 여행	386	세요	EP+EF
경주 여행	386	전문	NNG
경주 여행	386	블로거	NNP
경주 여행	386	초등	NNG
경주 여행	386	학교	NNG
경주 여행	386	학년	NNG
경주 여행	386	아들	NNG
경주 여행	386	함께	MAG
경주 여행	386	라면	EC
경주 여행	386	역사	NNG
경주 여행	386	하루	NNG
경주 여행	386	코스	NNG
경주 여행	386	남산	NNP
경주 여행	386	정복	NNG
경주 여행	386	코스	NNG
경주 여행	386	에서	JKB
경주 여행	387	려고	EC
경주 여행	387	니다	VCP+EF
경주 여행	387	,!	SY
경주 여행	387	저희	NP
경주 여행	387	가족	NNG
경주 여행	387	려고	EC
경주 여행	387	합니다	VX+EF
경주 여행	387	가족	NNG
경주 여행	387	가족	NNG
경주 여행	387	학년	NNG
경주 여행	387	학년	NNG
경주 여행	387	구요	EF
경주 여행	387	문화재	NNG
경주 여행	387	작년	NNG
경주 여행	387	여름	NNG
경주 여행	387	방학	NNG
경주 여행	387	했었	VV+EP
경주 여행	387	갔다온	VV+ETM
경주 여행	387	아니	VCN
경주 여행	387	당일	NNG
경주 여행	387	갔다왔	VV+EP
경주 여행	387	습니다	EF
경주 여행	387	성심껏	MAG
경주 여행	387	답변	NNG
경주 여행	388	포항	NNP
경주 여행	388	에서	JKB
경주 여행	388	기차	NNG
경주 여행	388	요금	NNG
경주 여행	388	그리고	MAJ
경주 여행	388	..	SY
경주 여행	388	포항	NNP
경주 여행	388	에서	JKB
경주 여행	388	기차	NNG
경주 여행	388	요금	NNG
경주 여행	388	그리고	MAJ
경주 여행	388	아야	EC
경주 여행	388	코스	NNG
경주 여행	388	그리고	MAJ
경주 여행	388	맛집	NNG
경주 여행	388	그리고	MAJ
경주 여행	388	아야	EC
경주 여행	388	답변	NNG
경주 여행	388	드릴게요	VV+EC
경주 여행	388	포항	NNP
경주 여행	388	에서	JKB
경주 여행	388	가시	NNG
경주 여행	388	열차	NNG
경주 여행	388	시간	NNG
경주 여행	388	가격	NNG
경주 여행	388	아야	EC
경주 여행	389	갈만	NNG
경주 여행	389	알려	VV+EC
경주 여행	389	세요	EP+EF
경주 여행	389	려고	EC
경주 여행	389	합니다	VX+EC
경주 여행	389	관광	NNG
경주 여행	389	문화	NNG
경주 여행	389	정서	NNG
경주 여행	389	배워	VV+EC
경주 여행	389	체험	NNG
경주 여행	389	고자	EC
경주 여행	389	계획	NNG
경주 여행	389	세우	VV
경주 여행	389	는데요	EC
경주 여행	389	어떤	MM
경주 여행	389	으로	JKB
경주 여행	389	계획	NNG
경주 여행	389	세워야할지	VV+EC+VX+EC
경주 여행	389	궁금	XR
경주 여행	389	합니다	XSA+EF
경주 여행	389	가족	NNG
경주 여행	389	함께	MAG
경주 여행	390	질문	NNG
경주 여행	390	안녕	NNG
경주 여행	390	세요	EP+EF
경주 여행	390	준비	NNG
경주 여행	390	인데요	VCP+EF
경주 여행	390	출발지	NNG
경주 여행	390	서울	NNP
경주 여행	390	구요	EF
경주 여행	390	22	SN
경주 여행	390	오전	NNG
경주 여행	390	서울	NNP
경주 여행	390	에서	JKB
경주 여행	390	출발	NNG
경주 여행	390	려고	EC
경주 여행	390	고요	EC
경주 여행	390	부탁드려요	VV+EF
경주 여행	390	일정	NNG
경주 여행	390	형편	NNG
경주 여행	390	아래	NNG
경주 여행	390	코스	NNG
경주 여행	390	에서	JKB
경주 여행	390	조절	NNG
경주 여행	390	됩니다	VV+EF
경주 여행	390	시내버스	NNG
경주 여행	390	투어	NNG
경주 여행	390	도보	NNG
경주 여행	390	자전거	NNG
경주 여행	391	역사	NNG
경주 여행	391	무지	MAG
경주 여행	391	코스	NNG
경주 여행	391	부탁	NNG
경주 여행	391	드려요	VV+EC
경주 여행	391	이번	NNG
경주 여행	391	여동생	NNG
경주 여행	391	이랑	JC
경주 여행	391	려고	EC
경주 여행	391	는데요	EF
경주 여행	391	부끄럽	VA
경주 여행	391	지만	EC
경주 여행	391	고등학생	NNG
경주 여행	391	역사	NNG
경주 여행	391	해서	VV+EC
경주 여행	391	역사	NNG
경주 여행	391	몰라요	VV+EC
경주 여행	391	안내소	NNG
경주 여행	391	책자	NNG
경주 여행	391	사이트	NNG
경주 여행	391	활용	NNG
경주 여행	391	됩니다	VV+EF
경주 여행	391	책자	NNG
경주 여행	391	진짜	MAG
경주 여행	391	나와	VV+EC
경주 여행	391	어서	EC
경주 여행	391	그리고	MAJ
경주 여행	391	어디	NP
경주 여행	391	가시	VV
경주 여행	392	코스	NNG
경주 여행	392	추천	NNG
경주 여행	392	려고	EC
경주 여행	392	합니다	VX+EC
경주 여행	392	우러	VV+EC
경주 여행	392	30	SN
경주 여행	392	새벽	NNG
경주 여행	392	출발	MAG
경주 여행	392	해서	VV+EC
경주 여행	392	대명	NNG
경주 여행	392	콘도	NNG
경주 여행	392	예정	NNG
경주 여행	392	인데	VCP+EC
경주 여행	392	동안	NNG
경주 여행	392	예정	NNG
경주 여행	392	기림사	NNG
경주 여행	392	분황사	NNG
경주 여행	392	부처	NNG
경주 여행	392	무열왕릉	NNG
경주 여행	392	석굴암	NNG
경주 여행	392	황룡	NNG
경주 여행	392	사지	NNG
경주 여행	392	오릉	NNG
경주 여행	392	국립	NNG
경주 여행	392	박물관	NNG
경주 여행	392	참고	NNG
경주 여행	392	유쾌	XR
경주 여행	393	날씨	NNG
경주 여행	393	10	SN
경주 여행	393	려는데	EC
경주 여행	393	날씨	NNG
경주 여행	393	어떤	MM
경주 여행	393	가요	NNG
경주 여행	393	10	SN
경주 여행	393	날씨	NNG
경주 여행	393	대체로	MAG
경주 여행	393	흐릴	VV+ETM
경주 여행	393	가능	NNG
경주 여행	393	으며	EC
경주 여행	393	기온	NNG
경주 여행	393	18	SN
경주 여행	393	22	SN
경주 여행	393	정도	NNG
경주 여행	393	예상	NNG
경주 여행	393	돼요	XSV+EC
경주 여행	393	내릴	VV+ETM
경주 여행	393	가능	NNG
경주 여행	393	지만	EC
경주 여행	393	흐린	VV+ETM
경주 여행	393	날씨	NNG
경주 여행	393	이어질	VV+ETM
경주 여행	393	으니	EC
경주 여행	393	계획	NNG
경주 여행	393	참고	NNG
경주 여행	394	코스	NNG
경주 여행	394	23	SN
경주 여행	394	25	SN
경주 여행	394	코스	NNG
경주 여행	394	추천	NNG
경주 여행	394	세요	EP+EF
경주 여행	394	대상	NNG
경주 여행	394	어머니	NNG
경주 여행	394	자녀	NNG
경주 여행	394	본인	NNG
경주 여행	394	코스	NNG
경주 여행	394	답변	NNG
경주 여행	394	드립니다	VV+EF
경주 여행	394	안녕	IC
경주 여행	394	세요	EP+EF
경주 여행	394	전문	NNG
경주 여행	394	블로거	NNP
경주 여행	394	어머님	NNG
경주 여행	394	모시	VV
경주 여행	394	떠나	VV
경주 여행	394	즐거운	VA+ETM
경주 여행	394	추억	NNG
경주 여행	394	으로	JKB
경주 여행	394	도록	EC
경주 여행	394	경험	NNG
경주 여행	395	려구요	EC
경주 여행	395	려고	EC
경주 여행	395	11	SN
경주 여행	395	아요	EF
경주 여행	395	날씨	NNG
경주 여행	395	많이	MAG
경주 여행	395	추울	VA+ETM
경주 여행	395	은데	EC
경주 여행	395	시즌	NNG
경주 여행	395	다니	VV
경주 여행	395	괜찮	VA
경주 여행	395	을까요	EC
경주 여행	395	11	SN
경주 여행	395	가을	NNG
경주 여행	395	무르익	VV
경주 여행	395	무렵	NNB
경주 여행	395	그리	MAG
경주 여행	395	아서	EC
경주 여행	396	코스	NNG
경주 여행	396	신경주역	NNP
경주 여행	396	경주역	NNP
경주 여행	396	질문	NNG
경주 여행	396	드려요	VV+EC
경주 여행	396	안녕	NNG
경주 여행	396	세요	EP+EF
경주 여행	396	20	SN
경주 여행	396	여성	NNG
경주 여행	396	고요	NNG
경주 여행	396	친구	NNG
경주 여행	396	려고	EC
경주 여행	396	계획	NNG
경주 여행	396	는데	EC
경주 여행	396	처음	NNG
경주 여행	396	질문	NNG
경주 여행	396	드려요	VV+EC
경주 여행	396	어디	NP
경주 여행	396	이동	NNG
경주 여행	396	을까요	EC
경주 여행	396	바다	NNG
경주 여행	396	위주	NNG
경주 여행	396	야경	NNG
경주 여행	396	아직	MAG
경주 여행	396	숙소	NNG
경주 여행	396	입니다	VCP+EF
경주 여행	397	계획	NNG
경주 여행	397	는데	EF
경주 여행	397	비피	NNG
경주 여행	397	어떤	MM
경주 여행	397	가요	NNG
경주 여행	397	계획	NNG
경주 여행	397	는데	EC
경주 여행	397	뉴스	NNG
경주 여행	397	계속	MAG
경주 여행	397	많이	MAG
경주 여행	397	더라구요	EF
경주 여행	397	미뤄야	VV+EC
경주 여행	397	하나	NR
경주 여행	397	고민	NNG
경주 여행	397	입니다	VCP+EF
경주 여행	397	기상	NNG
경주 여행	397	예보	NNG
경주 여행	397	확인	NNG
경주 여행	397	기상	NNG
경주 여행	397	예보	NNG
경주 여행	397	확인	NNG
경주 여행	397	중요	NNG
경주 여행	397	합니다	XSV+EF
경주 여행	397	기상청	NNG
경주 여행	397	이나	JC
경주 여행	397	날씨	NNG
경주 여행	397	통해	VV+EC
경주 여행	398	11	SN
경주 여행	398	중순	NNG
경주 여행	398	남편	NNG
경주 여행	398	계획	NNG
경주 여행	398	는데요	EF
경주 여행	398	처음	MAG
경주 여행	398	첫날	NNG
경주 여행	398	황남	NNG
경주 여행	398	관한	VV+ETM
경주 여행	398	호텔	NNG
경주 여행	398	에서	JKB
경주 여행	398	이튿날	NNG
경주 여행	398	청공	NNG
경주 여행	398	옥스	NNP
경주 여행	398	테이	NNP
경주 여행	398	에서	JKB
경주 여행	398	계획	NNG
경주 여행	398	인데요	VCP+EC
경주 여행	398	어떻	VA
경주 여행	399	추천	NNG
경주 여행	399	부산	NNP
경주 여행	399	벗어난	VV+ETM
경주 여행	399	알려	VV+EC
경주 여행	399	세요	EP+EF
경주 여행	399	당일	NNG
경주 여행	399	코스	NNG
경주 여행	399	자세	XR
경주 여행	399	권역	NNG
경주 여행	399	코스	NNG
경주 여행	399	소개	NNG
경주 여행	399	습니다	EF
경주 여행	399	처음	NNG
경주 여행	399	라면	EC
경주 여행	399	대릉원	NNG
경주 여행	399	첨성대	NNG
경주 여행	399	참고	NNG
경주 여행	399	쭈니	NNP
경주 여행	399	아빠	NNG
경주 여행	399	블로그	NNG
경주 여행	399	방문	NNG
경주 여행	400	관련	NNG
경주 여행	400	질문	NNG
경주 여행	400	이번	NNG
경주 여행	400	는데	EC
경주 여행	400	학생	NNG
경주 여행	400	입니다	VCP+EF
경주 여행	400	KTX	SL
경주 여행	400	부산	NNP
경주 여행	400	에서	JKB
경주 여행	400	까지	JX
경주 여행	400	려고	EC
경주 여행	400	해요	VX+EF
경주 여행	400	기차표	NNG
경주 여행	400	예매	NNG
경주 여행	400	나이	NNG
경주 여행	400	제한	NNG
경주 여행	400	을까요	EC
경주 여행	400	기차표	NNG
경주 여행	400	여권	NNG
경주 여행	400	청소년	NNG
경주 여행	400	필요	NNG
경주 여행	400	할까요	XSA+EC
경주 여행	400	코레	NNG
경주 여행	400	으로	JKB
경주 여행	400	예매	NNG
경주 여행	400	어디	NP
경주 여행	400	건가요	NNB+VCP+EC
경주 여행	401	맛집	NNG
경주 여행	401	은데	EC
경주 여행	401	맛집	NNG
경주 여행	401	추천	NNG
경주 여행	401	부탁	NNG
경주 여행	401	려뇨	EC
경주 여행	401	가이드	NNG
경주 여행	401	교통편	NNG
경주 여행	401	맛집	NNG
경주 여행	401	볼거리	NNG
경주 여행	401	까지	JX
경주 여행	401	모두	MAG
경주 여행	401	알려	VV+EC
경주 여행	401	한국	NNP
경주 여행	401	역사	NNG
경주 여행	401	문화	NNG
경주 여행	401	도시	NNG
경주 여행	401	명소	NNG
경주 여행	401	아요	EC
경주 여행	401	2025	SN
경주 여행	401	떠나	VV
경주 여행	402	추천	NNG
경주 여행	402	추천	NNG
경주 여행	402	세요	EP+EF
경주 여행	402	추천	NNG
경주 여행	402	입니다	VCP+EF
경주 여행	402	월드	NNG
경주 여행	402	국립	NNG
경주 여행	402	박물관	NNG
경주 여행	402	황리	NNG
경주 여행	402	첨성대	NNG
경주 여행	402	불국사	NNP
경주 여행	402	엑스포	NNG
경주 여행	402	공원	NNG
경주 여행	402	등등	NNB
경주 여행	402	입니다	VCP+EC
경주 여행	403	날씨	NNG
경주 여행	403	는데	EC
경주 여행	403	현재	MAG
경주 여행	403	날씨	NNG
경주 여행	403	어떤	MM
경주 여행	403	가요	NNG
경주 여행	403	쌓였	VV+EP
경주 여행	403	나요	EF
경주 여행	403	시외버스	NNG
경주 여행	403	는데	EC
경주 여행	403	빙판길	NNG
경주 여행	403	일까봐	VCP+EC+VX+EC
경주 여행	403	불안	NNG
경주 여행	403	해요	XSA+EF
경주 여행	403	그렇게	MAG
경주 여행	403	많이	MAG
경주 여행	403	날씨	NNG
경주 여행	403	많이	MAG
경주 여행	403	아요	EF
경주 여행	403	주말	NNG
경주 여행	403	다고	EC
경주 여행	403	해도	VV+EC
경주 여행	403	그때	NNG
경주 여행	403	예보	NNG
경주 여행	404	놓치	VV
경주 여행	404	아야	EC
경주 여행	404	맛집	NNG
경주 여행	404	카페	NNG
경주 여행	404	알려	VV+EC
경주 여행	404	세요	EP+EF
경주 여행	404	계획	NNG
경주 여행	404	맛집	NNG
경주 여행	404	카페	NNG
경주 여행	404	에서	JKB
경주 여행	404	특별	NNG
경주 여행	404	경험	NNG
경주 여행	404	습니다	EF
경주 여행	404	독특	XR
경주 여행	404	메뉴	NNG
경주 여행	404	특별	NNG
경주 여행	404	제공	NNG
경주 여행	404	혹은	MAJ
경주 여행	404	전통	NNG
경주 여행	404	분위기	NNG
경주 여행	404	현대	NNG
경주 여행	404	요소	NNG
경주 여행	404	조화	NNG
경주 여행	404	이루	VV
경주 여행	404	장소	NNG
경주 여행	404	대해	VV+EC
경주 여행	404	습니다	EF
경주 여행	404	황남빵	NNP
경주 여행	405	일정	NNG
경주 여행	405	어떻게	MAG
경주 여행	405	할지	VX+EC
경주 여행	405	고민	NNG
경주 여행	405	입니다	VCP+EF
경주 여행	405	아빠	NNG
경주 여행	405	엄마	NNG
경주 여행	405	아들	NNG
경주 여행	405	ktx	SL
경주 여행	405	역하	NNG
경주 여행	405	11	SN
경주 여행	405	숙소	NNG
경주 여행	405	황리	NNG
경주 여행	405	황남	NNG
경주 여행	405	고택	NNG
경주 여행	405	드린	VV+ETM
경주 여행	405	답변	NNG
경주 여행	405	도움	NNG
경주 여행	405	바래요	VV+EF
경주 여행	405	말씀	NNG
경주 여행	405	질문	NNG
경주 여행	405	아빠	NNG
경주 여행	405	엄마	NNG
경주 여행	405	아들	NNG
경주 여행	405	ktx	SL
경주 여행	406	아래	NNG
경주 여행	406	참조	NNG
경주 여행	406	도움	NNG
경주 여행	406	에요	VCP+EF
경주 여행	406	https	SL
경주 여행	406	valina	SL
경주 여행	406	8342	SN
경주 여행	406	tistory	SL
경주 여행	406	com	SL
경주 여행	406	entry	SL
경주 여행	406	EC	SL
경주 여행	406	EB	SL
경주 여행	406	85	SN
경주 여행	406	84	SN
경주 여행	406	EC	SL
경주 여행	406	98	SN
경주 여행	406	EC	SL
경주 여행	406	97	SN
경주 여행	406	AD	SL
경주 여행	406	EC	SL
경주 여행	406	82	SN
경주 여행	406	AC	SL
경주 여행	406	EC	SL
경주 여행	406	99	SN
경주 여행	406	80	SN
경주 여행	406	EA	SL
경주 여행	406	90	SN
경주 여행	406	EC	SL
경주 여행	406	84	SN
경주 여행	406	EC	SL
경주 여행	406	97	SN
경주 여행	406	AC	SL
경주 여행	406	ED	SL
경주 여행	406	96	SN
경주 여행	406	89	SN
경주 여행	406	EA	SL
경주 여행	406	BD	SL
경주 여행	406	EC	SL
경주 여행	406	BC	SL
경주 여행	406	ED	SL
경주 여행	406	95	SN
경주 여행	406	84	SN
경주 여행	406	EC	SL
경주 여행	406	88	SN
경주 여행	406	98	SN
경주 여행	406	EC	SL
경주 여행	406	BD	SL
경주 여행	406	94	SN
경주 여행	406	EC	SL
경주 여행	406	EC	SL
경주 여행	407	질문	NNG
경주 여행	407	코스	NNG
경주 여행	407	는데요	EF
경주 여행	407	이렇게	MAG
경주 여행	407	나요	EF
경주 여행	407	그리고	MAJ
경주 여행	407	시내	NNG
경주 여행	407	숙소	NNG
경주 여행	407	인데	VCP+EC
경주 여행	407	첨성대	NNG
경주 여행	407	코스	NNG
경주 여행	407	황리	NNG
경주 여행	407	도보이	NNP
경주 여행	407	가능	NNG
경주 여행	407	가요	NNG
경주 여행	407	아니	VCN
경주 여행	407	하나	NR
경주 여행	407	불국사	NNG
경주 여행	407	숙소	NNG
경주 여행	407	불국사	NNG
경주 여행	407	석굴암	NNG
경주 여행	407	바람	NNG
경주 여행	407	언덕	NNG
경주 여행	407	숙소	NNG
경주 여행	407	체크인	NNG
경주 여행	408	려고	EC
경주 여행	408	는데	EC
경주 여행	408	펜션	NNG
경주 여행	408	이나	JC
경주 여행	408	호텔	NNG
경주 여행	408	예약	NNG
경주 여행	408	부터	JX
경주 여행	408	을까요	EC
경주 여행	408	제일	MAG
경주 여행	408	습니다	EF
경주 여행	408	날짜	NNG
경주 여행	408	성수기	NNG
경주 여행	408	라면	VCP+EC
경주 여행	409	당일치기	NNG
경주 여행	409	질문	NNG
경주 여행	409	인데	VCP+EC
경주 여행	409	할지	VV+EC
경주 여행	409	당일	NNG
경주 여행	409	올지	VX+EC
경주 여행	409	모르	VV
경주 여행	409	는데	EC
경주 여행	409	우선	MAG
경주 여행	409	당일	NNG
경주 여행	409	아요	EF
경주 여행	409	오전	NNG
경주 여행	409	11	SN
경주 여행	409	터미널	NNG
경주 여행	409	도착	NNG
경주 여행	409	오후	NNG
경주 여행	409	터미널	NNG
경주 여행	409	에서	JKB
경주 여행	409	버스	NNG
경주 여행	409	11	SN
경주 여행	409	버스	NNG
경주 여행	409	터미널	NNG
경주 여행	409	도착	NNG
경주 여행	409	한다고	XSV+EC
경주 여행	409	황리	NNG
경주 여행	409	대릉원	NNG
경주 여행	409	첨성대	NNG
경주 여행	409	정교	NNG
경주 여행	409	동궁	NNG
경주 여행	409	월지	NNG
경주 여행	410	볼까	EC+VX+EC
경주 여행	410	는데요	EF
경주 여행	410	다른	MM
경주 여행	410	특별히	MAG
경주 여행	410	려고요	EC
경주 여행	410	준비	NNG
경주 여행	410	면서	EC
경주 여행	410	진짜	MAG
경주 여행	410	헤맸	VV+EP
경주 여행	410	는데요	EF
경주 여행	410	시티투어	NNP
경주 여행	410	탈까	VV+EC
경주 여행	410	그냥	MAG
경주 여행	410	블로그	NNG
경주 여행	410	시작	NNG
경주 여행	410	세요	EP+EF
경주 여행	410	걸음	NNG
경주 여행	410	없이	MAG
경주 여행	410	즐기	VV
경주 여행	410	다면	EC
경주 여행	410	여기	NP
경주 여행	410	부터	JX
경주 여행	410	추천	NNG
경주 여행	410	드립니다	VV+EC
경주 여행	411	어때요	VA+EF
경주 여행	411	고등학생	NNG
경주 여행	411	시절	NNG
경주 여행	411	추억	NNG
경주 여행	411	만들	VV
경주 여행	411	해요	VX+EF
경주 여행	411	..	SY
경주 여행	411	어때요	VA+EF
경주 여행	411	고등학생	NNG
경주 여행	411	시절	NNG
경주 여행	411	추억	NNG
경주 여행	411	만들	VV
경주 여행	411	해요	VX+EF
경주 여행	411	로또	NNP
경주 여행	411	는데	EC
경주 여행	411	해몽	NNG
경주 여행	411	해줘요	XSV+EC+VX+EC
경주 여행	411	컴퓨터	NNG
경주 여행	411	조립식	NNG
경주 여행	411	얼마	NNG
경주 여행	411	고등학생	NNG
경주 여행	411	시절	NNG
경주 여행	411	추억	NNG
경주 여행	411	만들	VV
경주 여행	411	아주	MAG
경주 여행	411	선택	NNG
경주 여행	411	입니다	VCP+EF
경주 여행	411	한국	NNP
경주 여행	411	역사	NNG
경주 여행	411	문화	NNG
경주 여행	411	느낄	VV+ETM
경주 여행	411	도시	NNG
경주 여행	412	남자	NNG
경주 여행	412	혼자	NNG
경주 여행	412	일정	NNG
경주 여행	412	숙소	NNG
경주 여행	412	예약	NNG
경주 여행	412	혼자	NNG
경주 여행	412	멋지	VA
경주 여행	412	계획	NNG
경주 여행	412	네요	EC
경주 여행	412	여유	NNG
경주 여행	412	제대로	MAG
경주 여행	412	느낄	VV+ETM
경주 여행	412	일정	NNG
경주 여행	412	에요	EF
경주 여행	412	가성	NNG
경주 여행	412	숙소	NNG
경주 여행	412	경주역	NNP
경주 여행	412	근처	NNG
경주 여행	412	게스트	NNP
경주 여행	412	하우스	NNP
경주 여행	412	황리	NNG
경주 여행	412	한옥	NNP
경주 여행	412	게스트	NNP
경주 여행	412	하우스	NNP
경주 여행	412	가격	NNG
경주 여행	412	접근성	NNG
경주 여행	412	아요	EF
경주 여행	412	바닷가	NNG
경주 여행	412	이동	NNG
경주 여행	413	루트	NNG
경주 여행	413	천마총	NNG
경주 여행	413	중앙	NNG
경주 여행	413	시장	NNG
경주 여행	413	일정	NNG
경주 여행	413	천마총	NNG
경주 여행	413	다가	EC
경주 여행	413	중앙	NNG
경주 여행	413	시장	NNG
경주 여행	413	려고	EC
경주 여행	413	는데	EC
경주 여행	413	네이버	NNP
경주 여행	413	지도	NNG
경주 여행	413	검색	NNG
경주 여행	413	니까	EC
경주 여행	413	다시	MAG
경주 여행	413	으로	JKB
경주 여행	413	내려갔	VV+EP
경주 여행	413	다가	EC
경주 여행	413	올라가	VV
경주 여행	413	라고	EC
경주 여행	413	네요	EC
경주 여행	413	동선	NNG
경주 여행	413	낭비	NNG
경주 여행	413	너무	MAG
경주 여행	413	심한	VA+ETM
경주 여행	413	지도	NNG
경주 여행	413	나온	VV+ETM
경주 여행	413	처럼	JKB
경주 여행	413	돌아가	VV
경주 여행	413	하나	NR
경주 여행	413	중간	NNG
경주 여행	413	나가	VV
경주 여행	413	나요	EC
경주 여행	413	천마총	NNG
경주 여행	414	20	SN
경주 여행	414	중반	NNG
경주 여행	414	여성	NNG
경주 여행	414	식당	NNG
경주 여행	414	술집	NNG
경주 여행	414	추천	NNG
경주 여행	414	세요	EP+EF
경주 여행	414	친구	NNG
경주 여행	414	이랑	JC
경주 여행	414	는데	EC
경주 여행	414	대해서	VV+EC
경주 여행	414	마땅히	MAG
경주 여행	414	못해서	VX+EC
경주 여행	414	막막	XR
경주 여행	414	네요	EC
경주 여행	414	20	SN
경주 여행	414	여자	NNG
경주 여행	414	좋아합니다	VV+EC
경주 여행	414	황리	NNG
경주 여행	414	이랑	JC
경주 여행	414	보문	NNG
경주 여행	414	단지	MAG
경주 여행	414	추천	NNG
경주 여행	414	세요	EP+EF
경주 여행	414	그리고	MAJ
경주 여행	414	맛있	VA
경주 여행	414	식당	NNG
경주 여행	414	추천	NNG
경주 여행	414	부탁	NNG
경주 여행	414	드립니다	VV+EC
경주 여행	414	하루	NNG
경주 여행	414	시내	NNG
경주 여행	415	경비	NNG
경주 여행	415	어느	MM
경주 여행	415	정도	NNG
경주 여행	415	나올까요	VV+EF
경주 여행	415	숙소	NNG
경주 여행	415	교통비	NNG
경주 여행	415	고요	EC
경주 여행	415	나름	NNB
경주 여행	415	지만	EC
경주 여행	415	식대	NNG
경주 여행	415	입장료	NNG
경주 여행	415	간식	NNG
경주 여행	415	정도	NNG
경주 여행	415	본인	NNG
경주 여행	415	주머니	NNG
경주 여행	415	만큼	NNB
경주 여행	415	생각	NNG
경주 여행	415	해서	XSV+EC
경주 여행	415	조절	NNG
경주 여행	415	네요	EF
경주 여행	415	여유	NNG
경주 여행	415	다면	EC
경주 여행	415	맛있	VA
경주 여행	415	해도	VV+EC
경주 여행	416	추천	NNG
경주 여행	416	이번	NNG
경주 여행	416	남자	NNG
경주 여행	416	친구	NNG
경주 여행	416	전역	NNG
경주 여행	416	직전	NNG
경주 여행	416	으로	JKB
경주 여행	416	는데요	EF
경주 여행	416	황리	NNG
경주 여행	416	어서요	EC
경주 여행	416	어서	EC
경주 여행	416	계획	NNG
경주 여행	416	계시	VX
경주 여행	416	는군요	EC
경주 여행	416	다섯	NR
경주 여행	416	코스	NNG
경주 여행	416	공유	NNG
경주 여행	416	내용	NNG
경주 여행	416	참고	NNG
경주 여행	416	습니다	EF
경주 여행	417	아이	NNG
경주 여행	417	코스	NNG
경주 여행	417	다섯	NR
경주 여행	417	아이	NNG
경주 여행	417	함께	MAG
경주 여행	417	가족	NNG
경주 여행	417	갑니다	VV+EC
경주 여행	417	첫날	NNG
경주 여행	417	점심	NNG
경주 여행	417	경주역	NNP
경주 여행	417	도착	NNG
경주 여행	417	예정	NNG
경주 여행	417	숙소	NNG
경주 여행	417	보문관광단지	NNP
경주 여행	417	근처	NNG
경주 여행	417	입니다	VCP+EF
경주 여행	417	둘째	NR
경주 여행	417	월드	NNG
경주 여행	417	다녀오	VV
경주 여행	417	오후	NNG
경주 여행	417	떠날	VV+ETM
경주 여행	417	계획	NNG
경주 여행	417	입니다	VCP+EF
경주 여행	417	직접	MAG
경주 여행	417	운전	NNG
경주 여행	417	예정	NNG
경주 여행	417	인데	VCP+EC
경주 여행	417	코스	NNG
경주 여행	417	어떻게	MAG
경주 여행	418	추천	NNG
경주 여행	418	안녕	NNG
경주 여행	418	세영	NNP
경주 여행	418	할려고	VV+EC
경주 여행	418	10	SN
경주 여행	418	인데	VCP+EC
경주 여행	418	황리	NNG
경주 여행	418	근처	NNG
경주 여행	418	어둑	XR
경주 여행	418	분위기	NNG
경주 여행	418	어요	EF
경주 여행	418	가이드	NNG
경주 여행	418	교통편	NNG
경주 여행	418	맛집	NNG
경주 여행	418	볼거리	NNG
경주 여행	418	까지	JX
경주 여행	418	모두	MAG
경주 여행	418	알려	VV+EC
경주 여행	418	가이드	NNG
경주 여행	418	교통편	NNG
경주 여행	418	맛집	NNG
경주 여행	418	볼거리	NNG
경주 여행	418	까지	JX
경주 여행	418	모두	MAG
경주 여행	418	알려	VV+EC
경주 여행	418	게요	NNB+VCP+EC
경주 여행	419	동선	NNG
경주 여행	419	부탁	NNG
경주 여행	419	드려요	VV+EC
경주 여행	419	으로	JKB
경주 여행	419	어린애	NNG
경주 여행	419	데리	VV
경주 여행	419	에요	VCP+EF
경주 여행	419	숙소	NNG
경주 여행	419	보문	NNG
경주 여행	419	단지	NNG
경주 여행	419	구요	EF
경주 여행	419	우선	MAG
경주 여행	419	정도	NNG
경주 여행	419	다녀온	VV+ETM
경주 여행	419	은데요	EC
경주 여행	419	아이	NNG
경주 여행	419	면서	EC
경주 여행	419	체험	NNG
경주 여행	419	코스	NNG
경주 여행	419	맛집	NNG
경주 여행	419	TIP	SL
경주 여행	419	코스	NNG
경주 여행	419	시내	NNG
경주 여행	419	보문관광단지	NNP
경주 여행	419	토함산	NNP
경주 여행	419	남산	NNG
경주 여행	420	갈려고	VV+EC
경주 여행	420	24	SN
경주 여행	420	괜찮	VA
경주 여행	420	을까요	EC
경주 여행	420	애인	NNG
경주 여행	420	이랑	JC
경주 여행	420	갈려고	VV+EC
경주 여행	420	는데	EC
경주 여행	420	쓸려고	VV+EC
경주 여행	420	맘먹	VV
경주 여행	420	는데	EC
경주 여행	420	24	SN
경주 여행	420	충분	XR
경주 여행	420	할까요	XSA+EC
경주 여행	420	갈려고	VV+EC
경주 여행	420	245000	SN
경주 여행	420	괜찮	VA
경주 여행	420	을까	EC
경주 여행	420	애인	NNG
경주 여행	420	이랑	JC
경주 여행	420	갈려고	VV+EC
경주 여행	420	는데	EC
경주 여행	420	쓸려고	VV+EC
경주 여행	420	맘먹	VV
경주 여행	420	는데	EC
경주 여행	420	24	SN
경주 여행	421	코스	NNG
경주 여행	421	코스	NNG
경주 여행	421	계획	NNG
경주 여행	421	계신	VX+ETM
경주 여행	421	다니	VCP+EC
경주 여행	421	정말	MAG
경주 여행	421	흥미	NNG
경주 여행	421	로운	XSA+ETM
경주 여행	421	습니다	EF
경주 여행	421	신라	NNP
경주 여행	421	역사	NNG
경주 여행	421	문화	NNG
경주 여행	421	아름다운	VA+ETM
경주 여행	421	자연	NNG
경주 여행	421	경관	NNG
경주 여행	421	느낄	VV+ETM
경주 여행	421	대한민국	NNP
경주 여행	421	대표	NNG
경주 여행	421	관광	NNG
경주 여행	421	도시	NNG
경주 여행	421	입니다	VCP+EC
경주 여행	421	동안	NNG
경주 여행	421	방문	NNG
경주 여행	421	추천	NNG
경주 여행	422	실내	NNG
경주 여행	422	관광	NNG
경주 여행	422	는데	EC
경주 여행	422	많이	MAG
경주 여행	422	더라고요	EC
경주 여행	422	실내	NNG
경주 여행	422	추천	NNG
경주 여행	422	세요	EP+EF
경주 여행	422	검색	NNG
경주 여행	422	기반	NNG
경주 여행	422	에서	JKB
경주 여행	422	실제	NNG
경주 여행	422	방문	NNG
경주 여행	422	날씨	NNG
경주 여행	422	일정	NNG
경주 여행	422	따라	VV+EC
경주 여행	422	운영	NNG
경주 여행	422	시간	NNG
경주 여행	422	확인	NNG
경주 여행	422	즐거운	VA+ETM
경주 여행	422	바랍니다	VV+EF
경주 여행	422	채택	NNG
경주 여행	423	운전	NNG
경주 여행	423	평상시	NNG
경주 여행	423	운전	NNG
경주 여행	423	제주	NNP
경주 여행	423	입니다	VCP+EF
경주 여행	423	텍스	NNG
경주 여행	423	렌트	NNG
경주 여행	423	은데	EC
경주 여행	423	초보	NNG
경주 여행	423	운전	NNG
경주 여행	423	돌아다니	VV
경주 여행	423	어렵	VA
경주 여행	423	을까요	EC
경주 여행	423	그렇게	MAG
경주 여행	423	복잡	XR
경주 여행	423	지만	EC
경주 여행	423	운전	NNG
경주 여행	423	자신	NNG
경주 여행	423	다면	EC
경주 여행	423	조심	NNG
경주 여행	423	운전	NNG
경주 여행	424	질문	NNG
경주 여행	424	거나	EC
경주 여행	424	의견	NNG
경주 여행	424	부탁	NNG
경주 여행	424	드립니다	VV+EC
경주 여행	424	바퀴	NNBC
경주 여행	424	버스	NNG
경주 여행	424	거나	EC
경주 여행	424	택시	NNG
경주 여행	424	세용	EP+EF
경주 여행	424	걸어서	VV+EC
경주 여행	424	에요	VCP+EF
경주 여행	424	택시	NNG
경주 여행	424	힘들	VA
경주 여행	424	어요	EF
경주 여행	424	부터	JX
경주 여행	424	택시	NNG
경주 여행	424	관광지	NNG
경주 여행	424	에서	JKB
경주 여행	424	택시	NNG
경주 여행	424	거나	EC
경주 여행	424	카카오	NNP
경주 여행	424	택시	NNG
경주 여행	425	식당	NNG
경주 여행	425	추천	NNG
경주 여행	425	부탁	NNG
경주 여행	425	드립니다	VV+EC
경주 여행	425	시간	NNG
경주 여행	425	도착	NNG
경주 여행	425	는데	EC
경주 여행	425	여기	NP
경주 여행	425	봐야	VX+EC
경주 여행	425	한다	VX+EC
경주 여행	425	식당	NNG
경주 여행	425	에서	JKB
경주 여행	425	특별	NNG
경주 여행	425	대접	NNG
경주 여행	425	식당	NNG
경주 여행	425	추천	NNG
경주 여행	425	드리	VX
경주 여행	425	습니다	EF
경주 여행	425	식당	NNG
경주 여행	425	하나	NR
경주 여행	425	선택	NNG
경주 여행	425	에서	JKB
경주 여행	425	특별	NNG
경주 여행	425	대접	NNG
경주 여행	426	코스	NNG
경주 여행	426	당일치기	NNG
경주 여행	426	학생	NNG
경주 여행	426	코스	NNG
경주 여행	426	알려	VV+EC
경주 여행	426	세요	EP+EF
경주 여행	426	첨성대	NNG
경주 여행	426	근처	NNG
경주 여행	426	한복	NNG
경주 여행	426	나드리	NNG
경주 여행	426	에서	JKB
경주 여행	426	질문	NNG
경주 여행	426	일정	NNG
경주 여행	426	관련	NNG
경주 여행	426	답변	NNG
경주 여행	426	드리	VV
경주 여행	426	도록	EC
경주 여행	426	습니다	EF
경주 여행	426	황리	NNG
경주 여행	426	맞춤	NNG
경주 여행	426	일정	NNG
경주 여행	426	준비	NNG
경주 여행	426	어요	EF
경주 여행	426	아래	NNG
경주 여행	426	첨부	NNG
경주 여행	426	일정	NNG
경주 여행	426	참고	NNG
경주 여행	427	역사	NNG
경주 여행	427	의미	NNG
경주 여행	427	다녀왔	VV+EP
경주 여행	427	는데요	EF
경주 여행	427	생각	NNG
경주 여행	427	보다	JKB
경주 여행	427	재미	NNG
경주 여행	427	어요	EF
경주 여행	427	너무	MAG
경주 여행	427	진지	XR
경주 여행	427	공부	NNG
경주 여행	427	느낌	NNG
경주 여행	427	으로	JKB
경주 여행	427	질문	NNG
경주 여행	427	관련	NNG
경주 여행	427	답변	NNG
경주 여행	427	드리	VV
경주 여행	427	도록	EC
경주 여행	427	습니다	EF
경주 여행	427	에서	JKB
경주 여행	427	동궁	NNG
경주 여행	427	월지	NNG
경주 여행	428	코스	NNG
경주 여행	428	추천	NNG
경주 여행	428	뚜벅	MAG
경주 여행	428	위한	VV+ETM
경주 여행	428	코스	NNG
경주 여행	428	추천	NNG
경주 여행	428	부탁	NNG
경주 여행	428	드려요	VV+EC
경주 여행	428	오붓	XR
경주 여행	428	계획	NNG
경주 여행	428	계시	VX
경주 여행	428	는군요	EC
경주 여행	428	대중교통	NNG
경주 여행	428	이용	NNG
경주 여행	428	해서	XSV+EC
경주 여행	428	돌아볼	VV+ETM
경주 여행	428	생각	NNG
경주 여행	428	라면	EC
경주 여행	428	가볍	VA
경주 여행	428	코스	NNG
경주 여행	428	습니다	EF
경주 여행	429	코스	NNG
경주 여행	429	추천	NNG
경주 여행	429	코스	NNG
경주 여행	429	추천	NNG
경주 여행	429	가족	NNG
경주 여행	429	안녕	NNG
경주 여행	429	세요	EP+EF
경주 여행	429	계획	NNG
경주 여행	429	루트	NNG
경주 여행	429	실행	NNG
경주 여행	429	실패	NNG
경주 여행	429	소개	NNG
경주 여행	429	드릴까	VX+EC
경주 여행	429	합니다	VX+EF
경주 여행	429	한번	MAG
경주 여행	429	마음	NNG
경주 여행	429	드신	VV+EP+ETM
경주 여행	429	다면	NNG
경주 여행	429	채택	NNG
경주 여행	429	부탁	NNG
경주 여행	429	드립니다	VV+EC
경주 여행	430	봐야	VX+EC
경주 여행	430	맛집	NNG
경주 여행	430	리스트	NNG
경주 여행	430	무엇	NP
경주 여행	430	인가요	VCP+EF
경주 여행	430	계획	NNG
경주 여행	430	필수	NNG
경주 여행	430	방문	NNG
경주 여행	430	맛집	NNG
경주 여행	430	플레이스	NNG
경주 여행	430	습니다	EF
경주 여행	430	현지인	NNG
경주 여행	430	추천	NNG
경주 여행	430	명소	NNG
경주 여행	430	봐야	VX+EC
경주 여행	430	맛집	NNG
경주 여행	430	황남빵	NNP
경주 여행	430	식당	NNG
경주 여행	430	잔치국수	NNP
경주 여행	430	교동	NNP
경주 여행	430	법주	NNP
경주 여행	430	신라	NNP
경주 여행	430	밀면	NNP
경주 여행	430	에요	EF
경주 여행	430	플레이스	NNG
경주 여행	430	불국사	NNP
경주 여행	431	일정	NNG
경주 여행	431	도와	VV+EC
경주 여행	431	세요	EP+EF
경주 여행	431	그냥	MAG
경주 여행	431	최소한	NNG
경주 여행	431	움직임	NNG
경주 여행	431	으로	JKB
경주 여행	431	이틀	NNG
경주 여행	431	동안	NNG
경주 여행	431	다녀올	VV+ETM
경주 여행	431	코스	NNG
경주 여행	431	알려	VV+EC
경주 여행	431	세요	EP+EF
경주 여행	431	예쁜	VA+ETM
경주 여행	431	카페	NNP
경주 여행	431	추천	NNG
경주 여행	431	질문	NNG
경주 여행	431	일정	NNG
경주 여행	431	관련	NNG
경주 여행	431	답변	NNG
경주 여행	431	드리	VV
경주 여행	431	도록	EC
경주 여행	431	습니다	EF
경주 여행	431	문자	NNG
경주 여행	431	께서	JKS
경주 여행	431	대로	NNB
경주 여행	431	최대한	NNG
경주 여행	431	여유	NNG
경주 여행	431	로운	XSA+ETM
경주 여행	431	일정	NNG
경주 여행	431	준비	NNG
경주 여행	432	려는데	EC
경주 여행	432	추천	NNG
경주 여행	432	엄마	NNG
경주 여행	432	혼자	NNG
경주 여행	432	아들	NNG
경주 여행	432	데리	VV
경주 여행	432	정도	NNG
경주 여행	432	다녀온	VV+ETM
경주 여행	432	은데요	EC
경주 여행	432	구체	NNG
경주 여행	432	일정	NNG
경주 여행	432	어서	EC
경주 여행	432	코스	NNG
경주 여행	432	맛집	NNG
경주 여행	432	숙소	NNG
경주 여행	432	대한	VV+ETM
경주 여행	432	경험담	NNG
경주 여행	432	어서	EC
경주 여행	432	소개	NNG
경주 여행	432	할게요	XSV+EC
경주 여행	432	TIP	SL
경주 여행	432	코스	NNG
경주 여행	433	추천	NNG
경주 여행	433	추천	NNG
경주 여행	433	세요	EP+EF
경주 여행	433	주신	NNG
경주 여행	433	추천	NNG
경주 여행	433	드릴게요	VV+EC
경주 여행	433	즐거운	VA+ETM
경주 여행	433	으면	EC
경주 여행	433	어요	EF
경주 여행	433	경북	NNP
경주 여행	433	황성	NNG
경주 여행	433	공원	NNG
경주 여행	433	양남	NNG
경주 여행	433	주상	NNG
경주 여행	433	절리	NNG
경주 여행	433	동궁	NNG
경주 여행	433	월지	NNG
경주 여행	433	궁원	NNG
경주 여행	433	황리	NNG
경주 여행	433	첨성대	NNG
경주 여행	434	코스	NNG
경주 여행	434	질문	NNG
경주 여행	434	는데	EC
경주 여행	434	예전	NNG
경주 여행	434	가본적	NNG
경주 여행	434	어서	EC
경주 여행	434	대충	MAG
경주 여행	434	지리	NNG
경주 여행	434	는데	EC
경주 여행	434	질문	NNG
경주 여행	434	코스	NNG
경주 여행	434	관련	NNG
경주 여행	434	답변	NNG
경주 여행	434	드리	VV
경주 여행	434	습니다	EF
경주 여행	434	경주로	NNG
경주 여행	434	일정	NNG
경주 여행	434	준비	NNG
경주 여행	434	어요	EF
경주 여행	434	아래	NNG
경주 여행	434	첨부	NNG
경주 여행	434	일정	NNG
경주 여행	434	참고	NNG
경주 여행	434	즐거운	VA+ETM
경주 여행	435	는데	EC
경주 여행	435	코스	NNG
경주 여행	435	추천	NNG
경주 여행	435	인데	VCP+EC
경주 여행	435	코스	NNG
경주 여행	435	추천	NNG
경주 여행	435	주신	NNG
경주 여행	435	코스	NNG
경주 여행	435	추천	NNG
경주 여행	435	드릴게요	VV+EC
경주 여행	435	재밌	VA
경주 여행	435	으면	EC
경주 여행	435	어요	EF
경주 여행	435	경북	NNP
경주 여행	435	황성	NNG
경주 여행	435	공원	NNG
경주 여행	435	양남	NNG
경주 여행	435	주상	NNG
경주 여행	435	절리	NNG
경주 여행	435	동궁	NNG
경주 여행	435	월지	NNG
경주 여행	435	궁원	NNG
경주 여행	436	엄마	NNG
경주 여행	436	엄마	NNG
경주 여행	436	평일	NNG
경주 여행	436	대중교통	NNG
경주 여행	436	려고	EC
경주 여행	436	는데요	EF
경주 여행	436	일단	MAG
경주 여행	436	불국사	NNG
경주 여행	436	도보	NNG
경주 여행	436	대중교통	NNG
경주 여행	436	이용	NNG
경주 여행	436	코스	NNG
경주 여행	436	의견	NNG
경주 여행	436	드려	VV+EC
경주 여행	436	볼께요	VX+EF
경주 여행	436	먼저	MAG
경주 여행	436	평일	NNG
경주 여행	436	어머니	NNG
경주 여행	436	어머니	NNG
경주 여행	436	행복	NNG
경주 여행	436	세요	EP+EF
경주 여행	436	주요	NNG
경주 여행	436	관광지	NNG
경주 여행	436	교통편	NNG
경주 여행	436	도보	NNG
경주 여행	436	포함	NNG
경주 여행	437	뚜벅	MAG
경주 여행	437	코스	NNG
경주 여행	437	추천	NNG
경주 여행	437	여자	NNG
경주 여행	437	친구	NNG
경주 여행	437	려고	EC
경주 여행	437	는데	EC
경주 여행	437	뚜벅	MAG
경주 여행	437	돌아다닐	VV+ETM
경주 여행	437	코스	NNG
경주 여행	437	추천	NNG
경주 여행	437	세요	EP+EF
경주 여행	437	월드	NNG
경주 여행	437	제외	NNG
경주 여행	437	고요	EC
경주 여행	437	여자	NNG
경주 여행	437	친구	NNG
경주 여행	437	코스	NNG
경주 여행	437	추천	NNG
경주 여행	437	드릴게요	VV+EC
경주 여행	437	하루	NNG
경주 여행	437	세요	EP+EF
경주 여행	438	HELP	SL
경주 여행	438	18	SN
경주 여행	438	부터	JX
경주 여행	438	20	SN
경주 여행	438	까지	JX
경주 여행	438	가족	NNG
경주 여행	438	이랑	JC
경주 여행	438	려고	EC
경주 여행	438	는데	EC
경주 여행	438	어딜	NP+JKO
경주 여행	438	할지	VX+EC
경주 여행	438	모르	VV
경주 여행	438	어요	EF
경주 여행	438	도와	VV+EC
경주 여행	438	세요	EP+EF
경주 여행	438	추천	NNG
경주 여행	438	입니다	VCP+EF
경주 여행	438	월드	NNG
경주 여행	438	테마파크	NNG
경주 여행	438	엑스포	NNG
경주 여행	438	대공원	NNG
경주 여행	438	국립	NNG
경주 여행	438	박물관	NNG
경주 여행	438	원릉	NNG
경주 여행	438	동굴	NNG
경주 여행	438	월지	NNG
경주 여행	439	뚜벅	MAG
경주 여행	439	다음	NNG
경주 여행	439	평일	NNG
경주 여행	439	려고	EC
경주 여행	439	는데	EC
경주 여행	439	시기	NNG
경주 여행	439	별로	MAG
경주 여행	439	아서	EC
경주 여행	439	고민	NNG
경주 여행	439	입니다	VCP+EF
경주 여행	439	혼자	NNG
경주 여행	439	뚜벅	MAG
경주 여행	439	봄바람	NNG
경주 여행	439	살랑살랑	MAG
경주 여행	439	오푸스	NNG
경주 여행	439	에서	JKB
경주 여행	439	즐겨	VV+EC
경주 여행	439	세요	EP+EF
경주 여행	439	객실	NNG
경주 여행	439	개별	NNG
경주 여행	439	바베큐	NNG
경주 여행	439	으로	JKB
경주 여행	440	추천	NNG
경주 여행	440	50	SN
경주 여행	440	부부	NNG
경주 여행	440	10	SN
경주 여행	440	코스	NNG
경주 여행	440	야경	NNG
경주 여행	440	숙소	NNG
경주 여행	440	먹거리	NNG
경주 여행	440	추천	NNG
경주 여행	440	부탁	NNG
경주 여행	440	합니다	XSV+EF
경주 여행	440	계획	NNG
경주 여행	440	군요	EF
경주 여행	440	그럼	MAJ
경주 여행	440	에서	JKB
경주 여행	440	추천	NNG
경주 여행	440	드리	VX
경주 여행	440	습니다	EF
경주 여행	440	첨성대	NNG
경주 여행	440	동궁	NNG
경주 여행	440	월지	NNG
경주 여행	440	대릉원	NNG
경주 여행	441	코스	NNG
경주 여행	441	부탁	NNG
경주 여행	441	드려요	VV+EC
경주 여행	441	출발	NNG
경주 여행	441	합니다	XSV+EF
경주 여행	441	코스	NNG
경주 여행	441	부탁	NNG
경주 여행	441	드립니다	VV+EC
경주 여행	441	숙소	NNG
경주 여행	441	아직	MAG
경주 여행	441	예약	NNG
경주 여행	441	어요	EF
경주 여행	441	코스	NNG
경주 여행	441	보고	JKB
경주 여행	441	근처	NNG
경주 여행	441	게스트	NNP
경주 여행	441	하우스	NNP
경주 여행	441	으려고요	EF
경주 여행	441	안녕	IC
경주 여행	441	세요	EP+EF
경주 여행	441	계획	NNG
경주 여행	441	없이	MAG
경주 여행	441	루트	NNG
경주 여행	441	실패	NNG
경주 여행	442	아이	NNG
경주 여행	442	코스	NNG
경주 여행	442	려고	EC
경주 여행	442	는데	EC
경주 여행	442	동선	NNG
경주 여행	442	ㅠㅠㅠ어렵네요	UNKNOWN
경주 여행	442	가족	NNG
경주 여행	442	계획	NNG
경주 여행	442	입니다	VCP+EF
경주 여행	442	구성원	NNG
경주 여행	442	남편	NNG
경주 여행	442	아이	NNG
경주 여행	442	함께	MAG
경주 여행	442	합니다	VV+EF
경주 여행	442	첫째	NR
경주 여행	442	강동	MAG
경주 여행	442	워터	NNG
경주 여행	442	파크	NNG
경주 여행	442	까지	JX
경주 여행	442	보낼	VV+ETM
경주 여행	442	아이	NNG
경주 여행	442	함께	MAG
경주 여행	442	정말	MAG
경주 여행	442	습니다	EF
경주 여행	442	동안	NNG
경주 여행	442	필요	NNG
경주 여행	442	정보	NNG
경주 여행	442	확인	NNG
경주 여행	442	정보	NNG
경주 여행	443	코스	NNG
경주 여행	443	질문	NNG
경주 여행	443	어요	EF
경주 여행	443	23	SN
경주 여행	443	25	SN
경주 여행	443	코스	NNG
경주 여행	443	추천	NNG
경주 여행	443	세요	EP+EF
경주 여행	443	대상	NNG
경주 여행	443	어머니	NNG
경주 여행	443	코스	NNG
경주 여행	443	답변	NNG
경주 여행	443	드릴게요	VV+EC
경주 여행	443	코스	NNG
경주 여행	443	답변	NNG
경주 여행	443	드립니다	VV+EC
경주 여행	443	어머님	NNG
경주 여행	443	모시	VV
경주 여행	443	떠나	VV
경주 여행	443	즐거운	VA+ETM
경주 여행	443	추억	NNG
경주 여행	443	으로	JKB
경주 여행	443	도록	EC
경주 여행	444	10	SN
경주 여행	444	코스	NNG
경주 여행	444	식당	NNG
경주 여행	444	추천	NNG
경주 여행	444	부탁	NNG
경주 여행	444	드립니다	VV+EC
경주 여행	444	숙소	NNG
경주 여행	444	가실	NNG
경주 여행	444	방문	NNG
경주 여행	444	예쁜	VA+ETM
경주 여행	444	카페	NNG
경주 여행	444	입니다	VCP+EF
경주 여행	444	포토	NNG
경주 여행	444	다양	XR
경주 여행	444	작품	NNG
경주 여행	444	함께	MAG
경주 여행	444	감상	NNG
경주 여행	444	카페	NNG
경주 여행	444	라서	VCP+EC
경주 여행	444	참고	NNG
경주 여행	444	수면	NNG
경주 여행	444	아요	EC
경주 여행	445	질문	NNG
경주 여행	445	안녕	NNG
경주 여행	445	세요	EP+EF
경주 여행	445	는데	EC
경주 여행	445	이번	NNG
경주 여행	445	려고	EC
경주 여행	445	거든요	EF
경주 여행	445	정도	NNG
경주 여행	445	돌아다닐	VV+ETM
경주 여행	445	은데	EC
경주 여행	445	버스	NNG
경주 여행	445	렌트카	NNG
경주 여행	445	반갑	VA
경주 여행	445	습니다	EF
경주 여행	445	문화	NNG
경주 여행	445	유산	NNG
경주 여행	445	도시	NNG
경주 여행	445	당일	NNG
경주 여행	445	준비	NNG
경주 여행	445	네요	EF
경주 여행	445	방문	NNG
경주 여행	445	처음	NNG
경주 여행	445	라면	EC
경주 여행	446	코스	NNG
경주 여행	446	어디	NP
경주 여행	446	가족	NNG
경주 여행	446	이랑	JC
경주 여행	446	려고	EC
경주 여행	446	는데	EC
경주 여행	446	코스	NNG
경주 여행	446	어떻게	MAG
경주 여행	446	해야	VV+EC
경주 여행	446	할지	VX+EC
경주 여행	446	모르	VV
경주 여행	446	네요	EF
경주 여행	446	코스	NNG
경주 여행	446	어디	NP
경주 여행	446	을까요	EF
경주 여행	446	사실	MAG
경주 여행	446	중학교	NNG
경주 여행	446	어요	EF
경주 여행	446	코스	NNG
경주 여행	446	가장	MAG
경주 여행	446	플레이스	NNG
경주 여행	446	어요	EF
경주 여행	446	혹시	MAG
경주 여행	446	코스	NNG
경주 여행	447	엄마	NNG
경주 여행	447	아빠	NNG
경주 여행	447	언니	NNG
경주 여행	447	는데요	EC
경주 여행	447	추천	NNG
경주 여행	447	세요	EP+EF
경주 여행	447	너무	MAG
경주 여행	447	유명	XR
경주 여행	447	아니	VCN
경주 여행	447	네요	EF
경주 여행	447	계획	NNG
경주 여행	447	네요	EF
경주 여행	447	여러분	NP
경주 여행	447	즐길	VV+ETM
경주 여행	447	장소	NNG
경주 여행	447	활동	NNG
경주 여행	447	추천	NNG
경주 여행	447	드릴게요	VX+EC
경주 여행	447	월드컵	NNG
경주 여행	448	추천	NNG
경주 여행	448	세요	EP+EF
경주 여행	448	계획	NNG
경주 여행	448	어요	EF
경주 여행	448	일정	NNG
경주 여행	448	으로	JKB
경주 여행	448	려고	EC
경주 여행	448	해요	VX+EF
경주 여행	448	질문	NNG
경주 여행	448	관련	NNG
경주 여행	448	답변	NNG
경주 여행	448	드리	VV
경주 여행	448	도록	EC
경주 여행	448	습니다	EF
경주 여행	448	가시	VV
경주 여행	448	군요	EC
경주 여행	448	대부분	NNG
경주 여행	448	평지	NNG
경주 여행	448	으니	EC
경주 여행	448	알아보	VV
경주 여행	448	조금	NNG
경주 여행	448	라도	EC
경주 여행	448	참고	NNG
경주 여행	448	으면	EC
경주 여행	449	추천	NNG
경주 여행	449	세요	EP+EF
경주 여행	449	지도	NNG
경주 여행	449	추천	NNG
경주 여행	449	부탁	NNG
경주 여행	449	합니다	XSV+EF
경주 여행	449	보문	NNG
경주 여행	449	단지	NNG
경주 여행	449	위치	NNG
경주 여행	449	우양	NNG
경주 여행	449	미술관	NNG
경주 여행	449	국내	NNG
경주 여행	449	최초	NNG
경주 여행	449	에서	JKB
경주 여행	449	추천	NNG
경주 여행	449	드리	VV
경주 여행	449	장소	NNG
경주 여행	449	동궁	NNG
경주 여행	449	월지	NNG
경주 여행	449	인데요	VCP+EF
경주 여행	449	신라	NNP
경주 여행	449	시대	NNG
경주 여행	449	궁터	NNG
경주 여행	449	였었	VCP+EP
경주 여행	449	왕자	NNG
경주 여행	449	생활	NNG
경주 여행	449	장소	NNG
경주 여행	449	다고	EC
경주 여행	449	합니다	VX+EC
경주 여행	450	코스	NNG
경주 여행	450	지도	NNG
경주 여행	450	숙소	NNG
경주 여행	450	여자	NNG
경주 여행	450	친구	NNG
경주 여행	450	같이	MAG
경주 여행	450	어요	EF
경주 여행	450	가지	VV
경주 여행	450	예정	NNG
경주 여행	450	인데요	VCP+EF
경주 여행	450	어떤	MM
경주 여행	450	으로	JKB
경주 여행	450	코스	NNG
경주 여행	450	을까요	EF
경주 여행	450	그리고	MAJ
경주 여행	450	코스	NNG
경주 여행	450	지도	NNG
경주 여행	450	알아보	VV
경주 여행	450	면서	EC
경주 여행	450	군데	NNBC
경주 여행	450	알려	VV+EC
경주 여행	450	세요	EP+EF
경주 여행	451	코스	NNG
경주 여행	451	조언	NNG
경주 여행	451	부탁	NNG
경주 여행	451	드립니다	VV+EF
경주 여행	451	저희	NP
경주 여행	451	가족	NNG
경주 여행	451	저희	NP
경주 여행	451	부모	NNG
경주 여행	451	모시	VV
경주 여행	451	질문	NNG
경주 여행	451	코스	NNG
경주 여행	451	관련	NNG
경주 여행	451	답변	NNG
경주 여행	451	드리	VV
경주 여행	451	습니다	EF
경주 여행	451	가족	NNG
경주 여행	451	함께	MAG
경주 여행	451	계획	NNG
경주 여행	451	계시	VX
경주 여행	451	는군요	EC
경주 여행	451	가족	NNG
경주 여행	451	일정	NNG
경주 여행	451	준비	NNG
경주 여행	451	어요	EF
경주 여행	451	아래	NNG
경주 여행	451	첨부	NNG
경주 여행	451	일정	NNG
경주 여행	451	참고	NNG
경주 여행	452	친정	NNG
경주 여행	452	엄마	NNG
경주 여행	452	코스	NNG
경주 여행	452	10	SN
경주 여행	452	70	SN
경주 여행	452	초반	NNG
경주 여행	452	아주	MAG
경주 여행	452	건강	NNG
경주 여행	452	친정	NNG
경주 여행	452	엄마	NNG
경주 여행	452	질문	NNG
경주 여행	452	코스	NNG
경주 여행	452	관련	NNG
경주 여행	452	답변	NNG
경주 여행	452	드리	VV
경주 여행	452	습니다	EF
경주 여행	452	부모	NNG
경주 여행	452	함께	MAG
경주 여행	452	계획	NNG
경주 여행	452	군요	EF
경주 여행	452	숙소	NNG
경주 여행	452	맞춤	NNG
경주 여행	452	일정	NNG
경주 여행	452	준비	NNG
경주 여행	452	어요	EF
경주 여행	452	아래	NNG
경주 여행	452	첨부	NNG
경주 여행	452	일정	NNG
경주 여행	453	황리	NNG
경주 여행	453	맛집	NNG
경주 여행	453	추천	NNG
경주 여행	453	이번	NNG
경주 여행	453	는데	EC
경주 여행	453	황리	NNG
경주 여행	453	근처	NNG
경주 여행	453	맛집	NNG
경주 여행	453	많이	MAG
경주 여행	453	추천	NNG
경주 여행	453	세요	EP+EF
경주 여행	453	뚜벅	MAG
경주 여행	453	거리	NNG
경주 여행	453	힘들	VA
경주 여행	453	어요	EF
경주 여행	453	위한	VV+ETM
경주 여행	453	황리	NNG
경주 여행	453	맛집	NNG
경주 여행	453	추천	NNG
경주 여행	453	황리	NNG
경주 여행	453	맛집	NNG
경주 여행	453	맛집	NNG
경주 여행	453	매일	MAG
경주 여행	453	오랫동안	NNG
경주 여행	453	기다려	VV+EC
경주 여행	453	배달	NNG
경주 여행	454	숙소	NNG
경주 여행	454	추천	NNG
경주 여행	454	안녕	NNG
경주 여행	454	세요	EP+EF
경주 여행	454	경기도	NNP
경주 여행	454	사람	NNG
경주 여행	454	입니다	VCP+EF
경주 여행	454	내년	NNG
경주 여행	454	중순	NNG
경주 여행	454	예정	NNG
경주 여행	454	입니다	VCP+EF
경주 여행	454	인원	NNG
경주 여행	454	엄마	NNG
경주 여행	454	초등	NNG
경주 여행	454	근데	MAJ
경주 여행	454	추운	VA+ETM
경주 여행	454	겨울	NNG
경주 여행	454	비추	NNG
경주 여행	454	입니다	VCP+EF
경주 여행	454	가까운	VA+ETM
경주 여행	454	거리	NNG
경주 여행	454	택시	NNG
경주 여행	454	다니	VV
경주 여행	454	세요	EP+EF
경주 여행	454	즐거운	VA+ETM
경주 여행	455	여자	NNG
경주 여행	455	친구	NNG
경주 여행	455	갈려고	VV+EC
경주 여행	455	는데요	EF
경주 여행	455	혹시	MAG
경주 여행	455	이나	JC
경주 여행	455	경치	NNG
경주 여행	455	을까요	EC
경주 여행	455	이동	NNG
경주 여행	455	구요	EF
경주 여행	455	계획	NNG
경주 여행	455	계시	VX
경주 여행	455	는군요	EF
경주 여행	455	요즘	MAG
경주 여행	455	가시	VV
경주 여행	455	정말	MAG
경주 여행	455	은데	EC
경주 여행	455	그만큼	MAG
경주 여행	456	감성	NNG
경주 여행	456	쿠지	NNP
경주 여행	456	숙소	NNG
경주 여행	456	추천	NNG
경주 여행	456	부탁	NNG
경주 여행	456	드립니다	VV+EF
경주 여행	456	마지막	NNG
경주 여행	456	계획	NNG
경주 여행	456	습니다	EF
경주 여행	456	어른	NNG
경주 여행	456	아이	NNG
경주 여행	456	가능	NNG
경주 여행	456	독채	NNG
경주 여행	456	쿠지	NNP
경주 여행	456	숙소	NNG
경주 여행	456	괜찮	VA
경주 여행	456	으면	EC
경주 여행	456	추천	NNG
경주 여행	456	휴식	NNG
경주 여행	456	취하	VV
경주 여행	456	고자	EC
경주 여행	456	최적	NNG
경주 여행	456	선택	NNG
경주 여행	456	입니다	VCP+EF
경주 여행	456	즐거운	VA+ETM
경주 여행	456	바랍니다	VV+EF
경주 여행	456	http	SL
경주 여행	456	itta	SL
경주 여행	456	stay	SL
경주 여행	456	kr	SL
경주 여행	456	html	SL
경주 여행	456	index	SL
경주 여행	456	html	SL
경주 여행	457	11	SN
경주 여행	457	11	SN
경주 여행	457	건데	NNB+VCP+EC
경주 여행	457	코스	NNG
경주 여행	457	추천	NNG
경주 여행	457	부탁	NNG
경주 여행	457	드립니다	VV+EC
경주 여행	457	군요	NNG
경주 여행	457	코스	NNG
경주 여행	457	에다가	JKB
경주 여행	457	11	SN
경주 여행	457	그래도	MAJ
경주 여행	457	패딩	NNG
경주 여행	457	느낌	NNG
경주 여행	457	아니	VCN
경주 여행	457	두꺼운	VA+ETM
경주 여행	457	코트	NNG
경주 여행	457	경량	NNG
경주 여행	457	패딩	NNG
경주 여행	457	정도	NNG
경주 여행	457	추천	NNG
경주 여행	457	드려요	VV+EC
경주 여행	457	즐거운	VA+ETM
경주 여행	457	세요	EP+EF
경주 여행	458	추천	NNG
경주 여행	458	부탁	NNG
경주 여행	458	드려요	VV+EC
경주 여행	458	~^^	SY
경주 여행	458	다녀오	VV
경주 여행	458	은데	EC
경주 여행	458	기본	NNG
경주 여행	458	으로	JKB
경주 여행	458	특별히	MAG
경주 여행	458	을까요	EC
경주 여행	458	맛집	NNG
경주 여행	458	이나	JC
경주 여행	458	주신	NNG
경주 여행	458	추천	NNG
경주 여행	458	드릴게요	VV+EC
경주 여행	458	즐거운	VA+ETM
경주 여행	458	으면	EC
경주 여행	458	어요	EF
경주 여행	458	경북	NNP
경주 여행	459	코스	NNG
경주 여행	459	추천	NNG
경주 여행	459	요번	NNG
경주 여행	459	색다른	VA+ETM
경주 여행	459	주제	NNG
경주 여행	459	어요	EF
경주 여행	459	문화재	NNG
경주 여행	459	위주	NNG
경주 여행	459	아닌	VCN+ETM
경주 여행	459	다른	MM
경주 여행	459	위주	NNG
경주 여행	459	갈만	NNG
경주 여행	459	추천	NNG
경주 여행	459	세요	EP+EF
경주 여행	459	야경	NNG
경주 여행	459	코스	NNG
경주 여행	459	추천	NNG
경주 여행	459	답변	NNG
경주 여행	459	드릴게요	VV+EC
경주 여행	459	안녕	NNG
경주 여행	459	세요	EP+EF
경주 여행	459	저번	NNG
경주 여행	459	사람	NNG
경주 여행	459	입니다	VCP+EF
경주 여행	460	추천	NNG
경주 여행	460	세요	EP+EF+VCP
경주 여행	460	추천	NNG
경주 여행	460	세요	EP+EF
경주 여행	460	안녕	NNG
경주 여행	460	세요	EP+EF
경주 여행	460	계획	NNG
경주 여행	460	루트	NNG
경주 여행	460	용시	NNG
경주 여행	460	실패	NNG
경주 여행	460	소개	NNG
경주 여행	460	드릴까	VX+EC
경주 여행	460	합니다	VX+EF
경주 여행	460	한번	MAG
경주 여행	460	마음	NNG
경주 여행	460	드신	VV+EP+ETM
경주 여행	460	다면	NNG
경주 여행	460	채택	NNG
경주 여행	460	부탁	NNG
경주 여행	460	드립니다	VV+EC
경주 여행	461	캐리	NNP
경주 여행	461	어사이즈	NNP
경주 여행	461	추천	NNP
경주 여행	461	이번	NNG
경주 여행	461	아버지	NNG
경주 여행	461	습니다	EF
경주 여행	461	캐리어	NNG
경주 여행	461	겸사겸사	MAG
경주 여행	461	하나	NR
경주 여행	461	살까	VV+EC
경주 여행	461	합니다	VX+EF
경주 여행	461	캐리	NNP
경주 여행	461	어사이즈	NNP
경주 여행	461	추천	NNG
경주 여행	461	부탁	NNG
경주 여행	461	드립니다	VV+EC
경주 여행	461	20	SN
경주 여행	461	인치	NNBC
경주 여행	461	캐리어	NNG
경주 여행	461	추천	NNG
경주 여행	461	합니다	XSV+EF
경주 여행	461	매일	NNG
경주 여행	461	즐거우	VV
경주 여행	461	으면	EC
경주 여행	461	습니당	EF
경주 여행	462	려고	EC
경주 여행	462	는데	EC
경주 여행	462	혹시	MAG
경주 여행	462	폴라로이드	NNG
경주 여행	462	카메라	NNG
경주 여행	462	대여	NNG
경주 여행	462	이나	JX
경주 여행	462	구매	NNG
경주 여행	462	그리고	MAJ
경주 여행	462	온다고	VV+EC
경주 여행	462	숙소	NNG
경주 여행	462	제일	MAG
경주 여행	462	중요	NNG
경주 여행	462	잖아요	EC+VX+EF
경주 여행	462	그래서	MAJ
경주 여행	462	저희	NP
경주 여행	462	오푸스	NNG
경주 여행	462	11	SN
경주 여행	462	빌라	NNG
경주 여행	462	펜션	NNG
경주 여행	462	추천	NNG
경주 여행	462	드리	VX
경주 여행	462	려고	EC
경주 여행	463	렌터카	NNG
경주 여행	463	려고	EC
경주 여행	463	합니다	VX+EF
경주 여행	463	우선	MAG
경주 여행	463	숙소	NNG
경주 여행	463	터미널	NNG
경주 여행	463	주요	NNG
경주 여행	463	관광지	NNG
경주 여행	463	도보	NNG
경주 여행	463	10	SN
경주 여행	463	관광지	NNG
경주 여행	463	추천	NNG
경주 여행	463	드리	VX
경주 여행	463	습니다	EF
경주 여행	463	말씀	NNG
경주 여행	463	터미널	NNG
경주 여행	463	에서	JKB
경주 여행	463	주요	NNG
경주 여행	463	관광지	NNG
경주 여행	463	황리	NNG
경주 여행	463	에서	JKB
경주 여행	463	시작	NNG
경주 여행	463	한다고	XSV+EC
경주 여행	463	됩니다	VV+EF
경주 여행	463	황리	NNG
경주 여행	463	시작	NNG
경주 여행	463	으로	JKB
경주 여행	464	코스	NNG
경주 여행	464	추천	NNG
경주 여행	464	요번	NNG
경주 여행	464	색다른	VA+ETM
경주 여행	464	주제	NNG
경주 여행	464	어요	EF
경주 여행	464	코스	NNG
경주 여행	464	추천	NNG
경주 여행	464	입니다	VCP+EF
경주 여행	464	안녕	IC
경주 여행	464	세요	EP+EF
경주 여행	464	코스	NNG
경주 여행	464	남산	NNP
경주 여행	464	정복	NNG
경주 여행	464	코스	NNG
경주 여행	464	에서	JKB
경주 여행	464	코스	NNG
경주 여행	464	불국사	NNG
경주 여행	464	석굴암	NNG
경주 여행	464	관람	NNG
경주 여행	464	랜드마크	NNP
경주 여행	465	내공	NNP
경주 여행	465	100	SN
경주 여행	465	당일치기	NNG
경주 여행	465	일찍	MAG
경주 여행	465	아침	NNG
경주 여행	465	저녁	NNG
경주 여행	465	시간	NNG
경주 여행	465	갈려는	VV+ETM
경주 여행	465	이랑	JC
경주 여행	465	반려	NNG
경주 여행	465	동반	NNG
경주 여행	465	입장	NNG
경주 여행	465	는지	EC
경주 여행	465	궁금	XR
경주 여행	465	합니다	XSA+EF
경주 여행	465	반려	NNG
경주 여행	465	동반	NNG
경주 여행	465	추천	NNG
경주 여행	465	드려요	VV+EC
경주 여행	466	렌트	NNG
경주 여행	466	렌트	NNG
경주 여행	466	해서	XSV+EC
경주 여행	466	할려	VV+EC
경주 여행	466	는데	EC
경주 여행	466	부산	NNP
경주 여행	466	처럼	JKB
경주 여행	466	운전	NNG
경주 여행	466	많이	MAG
경주 여행	466	빡센	VA+ETM
경주 여행	466	가여	NNG
경주 여행	466	부산	NNP
경주 여행	466	종종	MAG
경주 여행	466	는데	EC
경주 여행	466	일단	MAG
경주 여행	466	많이	MAG
경주 여행	466	몰리	VV
경주 여행	466	황리	NNG
경주 여행	466	첨성대	NNG
경주 여행	466	인근	NNG
경주 여행	466	대릉원	NNG
경주 여행	466	인근	NNG
경주 여행	466	시내	NNG
경주 여행	466	정도	NNG
경주 여행	466	입니다	VCP+EF
경주 여행	466	여기	NP
경주 여행	466	운전	NNG
경주 여행	466	는데	EC
경주 여행	467	주말	NNG
경주 여행	467	코스	NNG
경주 여행	467	드립니다	VV+EF
경주 여행	467	엄마	NNG
경주 여행	467	아빠	NNG
경주 여행	467	같이	MAG
경주 여행	467	건데요	NNB+VCP+EF
경주 여행	467	경주로	NNG
경주 여행	467	수학여행	NNG
경주 여행	467	다녀온	VV+ETM
경주 여행	467	너무	MAG
경주 여행	467	오래	MAG
경주 여행	467	엄마	NNG
경주 여행	467	아빠	NNG
경주 여행	467	처음	NNG
경주 여행	467	라서요	EF
경주 여행	467	그리고	MAJ
경주 여행	467	맛집	NNG
경주 여행	467	으면	EC
경주 여행	467	추도	NNG
경주 여행	467	부탁	NNG
경주 여행	467	드려	VV+EF
경주 여행	467	주말	NNG
경주 여행	467	코스	NNG
경주 여행	467	드립니다	VV+EC
경주 여행	467	답변	NNG
경주 여행	467	드릴게요	VV+EC
경주 여행	468	숙소	NNG
경주 여행	468	11	SN
경주 여행	468	20	SN
경주 여행	468	토요일	NNG
경주 여행	468	려고	EC
경주 여행	468	는데	EC
경주 여행	468	숙소	NNG
경주 여행	468	정하	VV
경주 여행	468	힘드	VA
경주 여행	468	네요	EC
경주 여행	468	2021	SN
경주 여행	468	가을	NNG
경주 여행	468	즐기	VV
경주 여행	468	다면	EC
경주 여행	468	신상	NNG
경주 여행	468	세요	EP+EF
경주 여행	468	어요	EF
경주 여행	468	펜션	NNG
경주 여행	468	빌라	NNP
경주 여행	468	숙소	NNG
경주 여행	468	신축	NNG
경주 여행	468	펜션	NNG
경주 여행	469	택시	NNG
경주 여행	469	투어	NNG
경주 여행	469	렌트카	NNG
경주 여행	469	이용	NNG
경주 여행	469	12	SN
경주 여행	469	지인	NNG
경주 여행	469	는데	EC
경주 여행	469	질문	NNG
경주 여행	469	택시	NNG
경주 여행	469	투어	NNG
경주 여행	469	관련	NNG
경주 여행	469	답변	NNG
경주 여행	469	드리	VV
경주 여행	469	습니다	EF
경주 여행	469	택시	NNG
경주 여행	469	투어	NNG
경주 여행	469	편안	NNG
경주 여행	469	최근	NNG
경주 여행	469	택시	NNG
경주 여행	469	투어	NNG
경주 여행	469	이용	NNG
경주 여행	469	는데요	EC
경주 여행	470	갑니다	VV+EC
경주 여행	470	갑니다	VV+EC
경주 여행	470	천군동	NNP
경주 여행	470	위치	NNG
경주 여행	470	빌라	NNG
경주 여행	470	입실	NNG
경주 여행	470	인데	VCP+EC
경주 여행	470	12	SN
경주 여행	470	도착	NNG
경주 여행	470	예정	NNG
경주 여행	470	라서	EC
경주 여행	470	그동안	NNG
경주 여행	470	안녕	NNG
경주 여행	470	세요	EP+EF
경주 여행	470	계획	NNG
경주 여행	470	없이	MAG
경주 여행	470	루트	NNG
경주 여행	470	실패	NNG
경주 여행	470	소개	NNG
경주 여행	470	볼까	VX+EC
경주 여행	470	합니다	VX+EF
경주 여행	470	한번	MAG
경주 여행	470	마음	NNG
경주 여행	470	신다면	EP+EC
경주 여행	471	빠질	VV+ETM
경주 여행	471	빵집	NNG
경주 여행	471	빠질	VV+ETM
경주 여행	471	빵집	NNG
경주 여행	471	알려	VV+EC
경주 여행	471	세요	EP+EF
경주 여행	471	주말	NNG
경주 여행	471	남편	NNG
경주 여행	471	갑니다	VV+EC
경주 여행	471	너무	MAG
경주 여행	471	는데	EC
경주 여행	471	에서	NNG
경주 여행	471	빵집	NNG
경주 여행	471	어딘가요	NP+VCP+EF
경주 여행	471	계절	NNG
경주 여행	471	입니다	VCP+EF
경주 여행	471	이맘때	NNG
경주 여행	471	아이	NNG
경주 여행	471	거든요	EF
경주 여행	472	코스	NNG
경주 여행	472	동선	NNG
경주 여행	472	어떻게	MAG
경주 여행	472	될까요	VV+EF
경주 여행	472	자차	NNG
경주 여행	472	이용	NNG
경주 여행	472	해서	XSV+EC
경주 여행	472	려고	EC
경주 여행	472	합니다	VX+EF
경주 여행	472	코스	NNG
경주 여행	472	동선	NNG
경주 여행	472	어떻게	MAG
경주 여행	472	될까요	VV+EC
경주 여행	472	문제	NNG
경주 여행	472	대한	VV+ETM
경주 여행	472	해결책	NNG
경주 여행	472	제시	NNG
경주 여행	472	드리	VX
경주 여행	472	도록	EC
경주 여행	472	습니다	EF
경주 여행	472	Step	SL
경주 여행	472	이처럼	MAG
경주 여행	472	코스	NNG
경주 여행	472	동선	NNG
경주 여행	472	메인	VV+ETM
경주 여행	472	으로	JKB
경주 여행	472	장소	NNG
경주 여행	473	추천	NNG
경주 여행	473	중학	NNG
경주 여행	473	친구	NNG
경주 여행	473	당일치기	NNG
경주 여행	473	할려고	VV+EC
경주 여행	473	는데	EC
경주 여행	473	저번	NNG
경주 여행	473	다녀온	VV+ETM
경주 여행	473	코스	NNG
경주 여행	473	같이	MAG
경주 여행	473	추천	NNG
경주 여행	473	드릴	VV+ETM
경주 여행	473	참고	NNG
경주 여행	473	으로	JKB
경주 여행	473	tistory	SL
경주 여행	473	com	SL
경주 여행	473	46	SN
경주 여행	473	도움	NNG
경주 여행	473	즐거운	VA+ETM
경주 여행	473	보내	VV
경주 여행	473	네요	EC
경주 여행	474	어르신	NNG
경주 여행	474	함께	MAG
경주 여행	474	숙소	NNG
경주 여행	474	..	SY
경주 여행	474	어르신	NNG
경주 여행	474	추천	NNG
경주 여행	474	세요	EP+EF
경주 여행	474	인원	NNG
경주 여행	474	20	SN
경주 여행	474	25	SN
경주 여행	474	숙소	NNG
경주 여행	474	식사	NNG
경주 여행	474	함께	MAG
경주 여행	474	추천	NNG
경주 여행	474	안녕	NNG
경주 여행	474	세요	EP+EF
경주 여행	474	관심	NNG
경주 여행	474	으신	EP+ETM
경주 여행	474	아서	EC
경주 여행	474	저희	NP
경주 여행	474	함께	MAG
경주 여행	474	에서	JKB
경주 여행	474	역사	NNG
경주 여행	474	문화	NNG
경주 여행	474	경험	NNG
경주 여행	474	명소	NNG
경주 여행	474	추천	NNG
경주 여행	474	합니다	XSV+EC
경주 여행	475	무엇	NP
경주 여행	475	인가요	VCP+EF
경주 여행	475	안녕	IC
경주 여행	475	세요	EP+EF
경주 여행	475	려고	EC
경주 여행	475	알아보	VV
경주 여행	475	습니다	EF
경주 여행	475	알아보	VV
경주 여행	475	황리	NNG
경주 여행	475	황동	NNG
경주 여행	475	황지	NNG
경주 여행	475	이렇게	MAG
경주 여행	475	는데	EC
경주 여행	475	지역민	NNG
경주 여행	475	에서	JKB
경주 여행	475	자주	MAG
경주 여행	475	관광객	NNG
경주 여행	475	황리	NNG
경주 여행	475	에서	JKB
경주 여행	475	논다는	VV+ETM
경주 여행	475	더라고요	EC
경주 여행	475	황동	NNG
경주 여행	475	라는	ETM
경주 여행	475	아예	MAG
경주 여행	475	던데	EC
경주 여행	476	돌아볼	VV+ETM
경주 여행	476	코스	NNG
경주 여행	476	알아보	VV
경주 여행	476	는데	EC
경주 여행	476	마땅히	MAG
경주 여행	476	갈만	NNG
경주 여행	476	을까	EF
경주 여행	476	안녕	NNG
경주 여행	476	세요	EP+EF
경주 여행	476	취향	NNG
경주 여행	476	대로	JKB
경주 여행	476	머물	VV
경주 여행	476	여기	VV
경주 여행	476	입니다	VCP+EF
경주 여행	476	질문	NNG
경주 여행	476	관련	NNG
경주 여행	476	답변	NNG
경주 여행	476	드리	VV
경주 여행	476	도록	EC
경주 여행	476	습니다	EF
경주 여행	476	봅니다	VX+EC
경주 여행	476	가지	NNBC
경주 여행	476	알려	VV+EC
경주 여행	476	드리	VX
경주 여행	476	도록	EC
경주 여행	477	할머니	NNG
경주 여행	477	12	SN
경주 여행	477	할머니	NNG
경주 여행	477	갈려고	VV+EC
경주 여행	477	는데	EC
경주 여행	477	코스	NNG
경주 여행	477	어떻게	MAG
경주 여행	477	을까요	EC
경주 여행	477	질문	NNG
경주 여행	477	관련	NNG
경주 여행	477	답변	NNG
경주 여행	477	드리	VV
경주 여행	477	습니다	EF
경주 여행	477	할머니	NNG
경주 여행	477	요즘	NNG
경주 여행	477	택시	NNG
경주 여행	477	투어	NNG
경주 여행	477	통해	VV+EC
경주 여행	477	보다	MAG
경주 여행	477	편안	NNG
경주 여행	477	즐겨	VV+EC
경주 여행	478	알찬	VA+ETM
경주 여행	478	코스	NNG
경주 여행	478	추천	NNG
경주 여행	478	세요	EP+EF
경주 여행	478	^^	SY
경주 여행	478	알찬	VA+ETM
경주 여행	478	코스	NNG
경주 여행	478	추천	NNG
경주 여행	478	세요	EP+EF
경주 여행	478	지만	EC
경주 여행	478	질문	NNG
경주 여행	478	관련	NNG
경주 여행	478	답변	NNG
경주 여행	478	드리	VV
경주 여행	478	도록	EC
경주 여행	478	습니다	EF
경주 여행	478	다녀오	VV
경주 여행	478	예정	NNG
경주 여행	478	군요	EC
경주 여행	478	으니	EC
경주 여행	478	는데	EC
경주 여행	478	참고	NNG
경주 여행	478	바랍니다	VV+EF
경주 여행	478	도움	NNG
경주 여행	479	사월	NNG
경주 여행	479	가족	NNG
경주 여행	479	계획	NNG
경주 여행	479	인데	VCP+EC
경주 여행	479	사월	NNG
경주 여행	479	가족	NNG
경주 여행	479	계획	NNG
경주 여행	479	인데	VCP+EC
경주 여행	479	처음	MAG
경주 여행	479	네요	EC
경주 여행	479	가족	NNG
경주 여행	479	소개	NNG
경주 여행	479	세요	EP+EF
경주 여행	479	경경	NNG
경주 여행	479	가족	NNG
경주 여행	479	함께	MAG
경주 여행	479	계획	NNG
경주 여행	479	계시	VX
경주 여행	479	군요	EC
경주 여행	479	한화	NNG
경주 여행	479	리조트	NNG
경주 여행	479	에서	JKB
경주 여행	479	즐거운	VA+ETM
경주 여행	479	추억	NNG
경주 여행	479	만드실	VV+EP+ETM
경주 여행	480	지금	MAG
경주 여행	480	가지	NNBC
경주 여행	480	세요	EP+EF
경주 여행	480	지금	MAG
경주 여행	480	많이	MAG
경주 여행	480	까요	EF
경주 여행	480	쪄죽	VV
경주 여행	480	정도	NNG
경주 여행	480	돌아다니	VV
경주 여행	480	나요	EC
경주 여행	480	고속버스	NNG
경주 여행	480	지금	MAG
경주 여행	480	많이	MAG
경주 여행	480	까요	EF
경주 여행	480	가장	MAG
경주 여행	480	더운	VA+ETM
경주 여행	480	시기	NNG
경주 여행	480	입니다	VCP+EF
경주 여행	480	30	SN
경주 여행	480	34	SN
경주 여행	480	까지	JX
경주 여행	480	습니다	EF
경주 여행	481	가족	NNG
경주 여행	481	코스	NNG
경주 여행	481	추천	NNG
경주 여행	481	부탁드려요	VV+EF
경주 여행	481	코스	NNG
경주 여행	481	추천	NNG
경주 여행	481	부탁	NNG
경주 여행	481	드려요	VV+EC
경주 여행	481	이번	NNG
경주 여행	481	추석	NNG
경주 여행	481	기간	NNG
경주 여행	481	가족	NNG
경주 여행	481	아이	NNG
경주 여행	481	어요	EF
경주 여행	481	함께	MAG
경주 여행	481	고자	EC
경주 여행	481	가족	NNG
경주 여행	481	코스	NNG
경주 여행	481	추천	NNG
경주 여행	481	드릴게요	VX+EF
경주 여행	481	여러분	NP
경주 여행	481	위해	VV+EC
경주 여행	481	직접	MAG
경주 여행	481	조사	NNG
경주 여행	481	결과	NNG
경주 여행	481	바탕	NNG
경주 여행	481	으로	JKB
경주 여행	481	최적	NNG
경주 여행	481	코스	NNG
경주 여행	481	제안	NNG
경주 여행	482	초등학생	NNG
경주 여행	482	전남	NNP
경주 여행	482	에서	JKB
경주 여행	482	초등학생	NNG
경주 여행	482	데리	VV
경주 여행	482	가져	VV+EC
경주 여행	482	고하	VV
경주 여행	482	는데요	EF
경주 여행	482	코스	NNG
경주 여행	482	네요	EF
경주 여행	482	숙소	NNG
경주 여행	482	질문	NNG
경주 여행	482	관련	NNG
경주 여행	482	답변	NNG
경주 여행	482	드리	VV
경주 여행	482	도록	EC
경주 여행	482	습니다	EF
경주 여행	482	다녀올	VV+ETM
경주 여행	482	으로	JKB
경주 여행	482	계시	VX
경주 여행	482	봅니다	VX+EC
경주 여행	483	코스	NNG
경주 여행	483	동선	NNG
경주 여행	483	추천	NNG
경주 여행	483	세요	EP+EF
경주 여행	483	코스	NNG
경주 여행	483	동선	NNG
경주 여행	483	어서	EC
경주 여행	483	다음	NNG
경주 여행	483	하루	NNG
경주 여행	483	정도	NNG
경주 여행	483	려고	EC
경주 여행	483	는데	EC
경주 여행	483	일단	MAG
경주 여행	483	석굴암	NNG
경주 여행	483	불국사	NNP
경주 여행	483	질문	NNG
경주 여행	483	일정	NNG
경주 여행	483	관련	NNG
경주 여행	483	답변	NNG
경주 여행	483	드리	VV
경주 여행	483	도록	EC
경주 여행	483	습니다	EF
경주 여행	483	비록	MAG
경주 여행	483	지만	EC
경주 여행	483	사실상	MAG
경주 여행	483	당일치기	NNG
경주 여행	483	준비	NNG
경주 여행	484	초보	NNG
경주 여행	484	운전	NNG
경주 여행	484	코스	NNG
경주 여행	484	코스	NNG
경주 여행	484	세요	EP+EF
경주 여행	484	아무래도	MAG
경주 여행	484	어려움	NNG
경주 여행	484	아요	EF
경주 여행	484	벚꽃	NNG
경주 여행	484	서서히	MAG
경주 여행	484	개화	NNG
경주 여행	484	참고	NNG
경주 여행	484	쭈니	NNP
경주 여행	484	아빠	NNG
경주 여행	484	블로그	NNG
경주 여행	484	방문	NNG
경주 여행	484	카테고리	NNG
경주 여행	484	습니다	EF
경주 여행	485	아들	NNG
경주 여행	485	일정	NNG
경주 여행	485	아들	NNG
경주 여행	485	가려	VV+EC
경주 여행	485	합니다	VX+EF
경주 여행	485	선배	NNG
경주 여행	485	조언	NNG
경주 여행	485	코스	NNG
경주 여행	485	추천	NNG
경주 여행	485	드립니다	VV+EF
경주 여행	485	안녕	IC
경주 여행	485	세요	EP+EF
경주 여행	485	전문	NNG
경주 여행	485	블로거	NNP
경주 여행	485	초등	NNG
경주 여행	485	학교	NNG
경주 여행	485	학년	NNG
경주 여행	485	아들	NNG
경주 여행	485	함께	MAG
경주 여행	485	라면	EC
경주 여행	485	역사	NNG
경주 여행	485	하루	NNG
경주 여행	485	코스	NNG
경주 여행	485	남산	NNP
경주 여행	485	정복	NNG
경주 여행	485	코스	NNG
경주 여행	485	에서	JKB
경주 여행	486	려고	EC
경주 여행	486	니다	VCP+EF
경주 여행	486	,!	SY
경주 여행	486	저희	NP
경주 여행	486	가족	NNG
경주 여행	486	려고	EC
경주 여행	486	합니다	VX+EF
경주 여행	486	가족	NNG
경주 여행	486	가족	NNG
경주 여행	486	학년	NNG
경주 여행	486	학년	NNG
경주 여행	486	구요	EF
경주 여행	486	문화재	NNG
경주 여행	486	작년	NNG
경주 여행	486	여름	NNG
경주 여행	486	방학	NNG
경주 여행	486	했었	VV+EP
경주 여행	486	갔다온	VV+ETM
경주 여행	486	아니	VCN
경주 여행	486	당일	NNG
경주 여행	486	갔다왔	VV+EP
경주 여행	486	습니다	EF
경주 여행	486	성심껏	MAG
경주 여행	486	답변	NNG
경주 여행	487	포항	NNP
경주 여행	487	에서	JKB
경주 여행	487	기차	NNG
경주 여행	487	요금	NNG
경주 여행	487	그리고	MAJ
경주 여행	487	..	SY
경주 여행	487	포항	NNP
경주 여행	487	에서	JKB
경주 여행	487	기차	NNG
경주 여행	487	요금	NNG
경주 여행	487	그리고	MAJ
경주 여행	487	아야	EC
경주 여행	487	코스	NNG
경주 여행	487	그리고	MAJ
경주 여행	487	맛집	NNG
경주 여행	487	그리고	MAJ
경주 여행	487	아야	EC
경주 여행	487	답변	NNG
경주 여행	487	드릴게요	VV+EC
경주 여행	487	포항	NNP
경주 여행	487	에서	JKB
경주 여행	487	가시	NNG
경주 여행	487	열차	NNG
경주 여행	487	시간	NNG
경주 여행	487	가격	NNG
경주 여행	487	아야	EC
경주 여행	488	갈만	NNG
경주 여행	488	알려	VV+EC
경주 여행	488	세요	EP+EF
경주 여행	488	려고	EC
경주 여행	488	합니다	VX+EC
경주 여행	488	관광	NNG
경주 여행	488	문화	NNG
경주 여행	488	정서	NNG
경주 여행	488	배워	VV+EC
경주 여행	488	체험	NNG
경주 여행	488	고자	EC
경주 여행	488	계획	NNG
경주 여행	488	세우	VV
경주 여행	488	는데요	EC
경주 여행	488	어떤	MM
경주 여행	488	으로	JKB
경주 여행	488	계획	NNG
경주 여행	488	세워야할지	VV+EC+VX+EC
경주 여행	488	궁금	XR
경주 여행	488	합니다	XSA+EF
경주 여행	488	가족	NNG
경주 여행	488	함께	MAG
경주 여행	489	질문	NNG
경주 여행	489	안녕	NNG
경주 여행	489	세요	EP+EF
경주 여행	489	준비	NNG
경주 여행	489	인데요	VCP+EF
경주 여행	489	출발지	NNG
경주 여행	489	서울	NNP
경주 여행	489	구요	EF
경주 여행	489	22	SN
경주 여행	489	오전	NNG
경주 여행	489	서울	NNP
경주 여행	489	에서	JKB
경주 여행	489	출발	NNG
경주 여행	489	려고	EC
경주 여행	489	고요	EC
경주 여행	489	부탁드려요	VV+EF
경주 여행	489	일정	NNG
경주 여행	489	형편	NNG
경주 여행	489	아래	NNG
경주 여행	489	코스	NNG
경주 여행	489	에서	JKB
경주 여행	489	조절	NNG
경주 여행	489	됩니다	VV+EF
경주 여행	489	시내버스	NNG
경주 여행	489	투어	NNG
경주 여행	489	도보	NNG
경주 여행	489	자전거	NNG
경주 여행	490	역사	NNG
경주 여행	490	무지	MAG
경주 여행	490	코스	NNG
경주 여행	490	부탁	NNG
경주 여행	490	드려요	VV+EC
경주 여행	490	이번	NNG
경주 여행	490	여동생	NNG
경주 여행	490	이랑	JC
경주 여행	490	려고	EC
경주 여행	490	는데요	EF
경주 여행	490	부끄럽	VA
경주 여행	490	지만	EC
경주 여행	490	고등학생	NNG
경주 여행	490	역사	NNG
경주 여행	490	해서	VV+EC
경주 여행	490	역사	NNG
경주 여행	490	몰라요	VV+EC
경주 여행	490	안내소	NNG
경주 여행	490	책자	NNG
경주 여행	490	사이트	NNG
경주 여행	490	활용	NNG
경주 여행	490	됩니다	VV+EF
경주 여행	490	책자	NNG
경주 여행	490	진짜	MAG
경주 여행	490	나와	VV+EC
경주 여행	490	어서	EC
경주 여행	490	그리고	MAJ
경주 여행	490	어디	NP
경주 여행	490	가시	VV
경주 여행	491	코스	NNG
경주 여행	491	추천	NNG
경주 여행	491	려고	EC
경주 여행	491	합니다	VX+EC
경주 여행	491	우러	VV+EC
경주 여행	491	30	SN
경주 여행	491	새벽	NNG
경주 여행	491	출발	MAG
경주 여행	491	해서	VV+EC
경주 여행	491	대명	NNG
경주 여행	491	콘도	NNG
경주 여행	491	예정	NNG
경주 여행	491	인데	VCP+EC
경주 여행	491	동안	NNG
경주 여행	491	예정	NNG
경주 여행	491	기림사	NNG
경주 여행	491	분황사	NNG
경주 여행	491	부처	NNG
경주 여행	491	무열왕릉	NNG
경주 여행	491	석굴암	NNG
경주 여행	491	황룡	NNG
경주 여행	491	사지	NNG
경주 여행	491	오릉	NNG
경주 여행	491	국립	NNG
경주 여행	491	박물관	NNG
경주 여행	491	참고	NNG
경주 여행	491	유쾌	XR
경주 여행	492	날씨	NNG
경주 여행	492	10	SN
경주 여행	492	려는데	EC
경주 여행	492	날씨	NNG
경주 여행	492	어떤	MM
경주 여행	492	가요	NNG
경주 여행	492	10	SN
경주 여행	492	날씨	NNG
경주 여행	492	대체로	MAG
경주 여행	492	흐릴	VV+ETM
경주 여행	492	가능	NNG
경주 여행	492	으며	EC
경주 여행	492	기온	NNG
경주 여행	492	18	SN
경주 여행	492	22	SN
경주 여행	492	정도	NNG
경주 여행	492	예상	NNG
경주 여행	492	돼요	XSV+EC
경주 여행	492	내릴	VV+ETM
경주 여행	492	가능	NNG
경주 여행	492	지만	EC
경주 여행	492	흐린	VV+ETM
경주 여행	492	날씨	NNG
경주 여행	492	이어질	VV+ETM
경주 여행	492	으니	EC
경주 여행	492	계획	NNG
경주 여행	492	참고	NNG
경주 여행	493	코스	NNG
경주 여행	493	23	SN
경주 여행	493	25	SN
경주 여행	493	코스	NNG
경주 여행	493	추천	NNG
경주 여행	493	세요	EP+EF
경주 여행	493	대상	NNG
경주 여행	493	어머니	NNG
경주 여행	493	자녀	NNG
경주 여행	493	본인	NNG
경주 여행	493	코스	NNG
경주 여행	493	답변	NNG
경주 여행	493	드립니다	VV+EF
경주 여행	493	안녕	IC
경주 여행	493	세요	EP+EF
경주 여행	493	전문	NNG
경주 여행	493	블로거	NNP
경주 여행	493	어머님	NNG
경주 여행	493	모시	VV
경주 여행	493	떠나	VV
경주 여행	493	즐거운	VA+ETM
경주 여행	493	추억	NNG
경주 여행	493	으로	JKB
경주 여행	493	도록	EC
경주 여행	493	경험	NNG
경주 여행	494	려구요	EC
경주 여행	494	려고	EC
경주 여행	494	11	SN
경주 여행	494	아요	EF
경주 여행	494	날씨	NNG
경주 여행	494	많이	MAG
경주 여행	494	추울	VA+ETM
경주 여행	494	은데	EC
경주 여행	494	시즌	NNG
경주 여행	494	다니	VV
경주 여행	494	괜찮	VA
경주 여행	494	을까요	EC
경주 여행	494	11	SN
경주 여행	494	가을	NNG
경주 여행	494	무르익	VV
경주 여행	494	무렵	NNB
경주 여행	494	그리	MAG
경주 여행	494	아서	EC
경주 여행	495	코스	NNG
경주 여행	495	신경주역	NNP
경주 여행	495	경주역	NNP
경주 여행	495	질문	NNG
경주 여행	495	드려요	VV+EC
경주 여행	495	안녕	NNG
경주 여행	495	세요	EP+EF
경주 여행	495	20	SN
경주 여행	495	여성	NNG
경주 여행	495	고요	NNG
경주 여행	495	친구	NNG
경주 여행	495	려고	EC
경주 여행	495	계획	NNG
경주 여행	495	는데	EC
경주 여행	495	처음	NNG
경주 여행	495	질문	NNG
경주 여행	495	드려요	VV+EC
경주 여행	495	어디	NP
경주 여행	495	이동	NNG
경주 여행	495	을까요	EC
경주 여행	495	바다	NNG
경주 여행	495	위주	NNG
경주 여행	495	야경	NNG
경주 여행	495	아직	MAG
경주 여행	495	숙소	NNG
경주 여행	495	입니다	VCP+EF
경주 여행	496	계획	NNG
경주 여행	496	는데	EF
경주 여행	496	비피	NNG
경주 여행	496	어떤	MM
경주 여행	496	가요	NNG
경주 여행	496	계획	NNG
경주 여행	496	는데	EC
경주 여행	496	뉴스	NNG
경주 여행	496	계속	MAG
경주 여행	496	많이	MAG
경주 여행	496	더라구요	EF
경주 여행	496	미뤄야	VV+EC
경주 여행	496	하나	NR
경주 여행	496	고민	NNG
경주 여행	496	입니다	VCP+EF
경주 여행	496	기상	NNG
경주 여행	496	예보	NNG
경주 여행	496	확인	NNG
경주 여행	496	기상	NNG
경주 여행	496	예보	NNG
경주 여행	496	확인	NNG
경주 여행	496	중요	NNG
경주 여행	496	합니다	XSV+EF
경주 여행	496	기상청	NNG
경주 여행	496	이나	JC
경주 여행	496	날씨	NNG
경주 여행	496	통해	VV+EC
경주 여행	497	11	SN
경주 여행	497	중순	NNG
경주 여행	497	남편	NNG
경주 여행	497	계획	NNG
경주 여행	497	는데요	EF
경주 여행	497	처음	MAG
경주 여행	497	첫날	NNG
경주 여행	497	황남	NNG
경주 여행	497	관한	VV+ETM
경주 여행	497	호텔	NNG
경주 여행	497	에서	JKB
경주 여행	497	이튿날	NNG
경주 여행	497	청공	NNG
경주 여행	497	옥스	NNP
경주 여행	497	테이	NNP
경주 여행	497	에서	JKB
경주 여행	497	계획	NNG
경주 여행	497	인데요	VCP+EC
경주 여행	497	어떻	VA
경주 여행	498	추천	NNG
경주 여행	498	부산	NNP
경주 여행	498	벗어난	VV+ETM
경주 여행	498	알려	VV+EC
경주 여행	498	세요	EP+EF
경주 여행	498	당일	NNG
경주 여행	498	코스	NNG
경주 여행	498	자세	XR
경주 여행	498	권역	NNG
경주 여행	498	코스	NNG
경주 여행	498	소개	NNG
경주 여행	498	습니다	EF
경주 여행	498	처음	NNG
경주 여행	498	라면	EC
경주 여행	498	대릉원	NNG
경주 여행	498	첨성대	NNG
경주 여행	498	참고	NNG
경주 여행	498	쭈니	NNP
경주 여행	498	아빠	NNG
경주 여행	498	블로그	NNG
경주 여행	498	방문	NNG
경주 여행	499	관련	NNG
경주 여행	499	질문	NNG
경주 여행	499	이번	NNG
경주 여행	499	는데	EC
경주 여행	499	학생	NNG
경주 여행	499	입니다	VCP+EF
경주 여행	499	KTX	SL
경주 여행	499	부산	NNP
경주 여행	499	에서	JKB
경주 여행	499	까지	JX
경주 여행	499	려고	EC
경주 여행	499	해요	VX+EF
경주 여행	499	기차표	NNG
경주 여행	499	예매	NNG
경주 여행	499	나이	NNG
경주 여행	499	제한	NNG
경주 여행	499	을까요	EC
경주 여행	499	기차표	NNG
경주 여행	499	여권	NNG
경주 여행	499	청소년	NNG
경주 여행	499	필요	NNG
경주 여행	499	할까요	XSA+EC
경주 여행	499	코레	NNG
경주 여행	499	으로	JKB
경주 여행	499	예매	NNG
경주 여행	499	어디	NP
경주 여행	499	건가요	NNB+VCP+EC
경주 여행	500	코스	NNG
경주 여행	500	경비	NNG
경주 여행	500	,,,,,	SY
경주 여행	500	10	SN
경주 여행	500	이나	JC
경주 여행	500	11	SN
경주 여행	500	려고	EC
경주 여행	500	합니다	VX+EF
경주 여행	500	여자	NNG
경주 여행	500	친구	NNG
경주 여행	500	질문	NNG
경주 여행	500	바닷가	NNG
경주 여행	500	에서	JKB
경주 여행	500	감포	NNP
경주 여행	500	봉길	NNP
경주 여행	500	해변	NNG
경주 여행	500	숙박	NNG
경주 여행	500	한다면	VV+EC
경주 여행	500	또는	MAJ
경주 여행	500	에서	JKB
경주 여행	500	동시	NNG
경주 여행	500	10	SN
경주 여행	500	버스	NNG
경주 여행	500	이용	NNG
경주 여행	500	편리	NNG
