id,year,month,day,obs_date,season_type,temperature,min_temp,max_temp,humidity,precipitation,wind_speed,is_flood_risk,actual_flood,data_quality,created_at,avg_temp,pressure,api_success_count,data_source
1.0,2020.0,7,10.0,2020-07-10 00:00:00.000000,rainy,24.5,22.7,27.7,75.0,2.2,2.8,0,0.0,ASOS_DAILY,2025-07-10 05:15:19,,,,
2.0,2020.0,7,11.0,2020-07-11 00:00:00.000000,rainy,25.8,22.2,30.2,62.6,0.0,2.6,0,0.0,ASOS_DAILY,2025-07-10 05:15:19,,,,
3.0,2020.0,7,12.0,2020-07-12 00:00:00.000000,rainy,23.5,21.7,26.0,71.9,2.9,2.4,0,0.0,ASOS_DAILY,2025-07-10 05:15:19,,,,
4.0,2020.0,7,13.0,2020-07-13 00:00:00.000000,rainy,18.7,17.7,21.7,94.8,47.6,4.0,0,0.0,ASOS_DAILY,2025-07-10 05:15:19,,,,
5.0,2020.0,7,14.0,2020-07-14 00:00:00.000000,rainy,20.3,17.2,24.3,79.4,11.5,2.8,0,0.0,ASOS_DAILY,2025-07-10 05:15:19,,,,
6.0,2020.0,7,15.0,2020-07-15 00:00:00.000000,rainy,23.4,18.9,28.7,63.1,0.0,2.0,0,0.0,ASOS_DAILY,2025-07-10 05:15:19,,,,
7.0,2020.0,7,16.0,2020-07-16 00:00:00.000000,rainy,25.0,20.4,29.7,70.9,0.0,1.8,0,0.0,ASOS_DAILY,2025-07-10 05:15:19,,,,
8.0,2020.0,7,17.0,2020-07-17 00:00:00.000000,rainy,26.0,21.5,31.6,72.0,0.0,1.9,0,0.0,ASOS_DAILY,2025-07-10 05:15:19,,,,
9.0,2020.0,7,18.0,2020-07-18 00:00:00.000000,rainy,26.1,22.8,31.0,71.6,0.0,1.6,0,0.0,ASOS_DAILY,2025-07-10 05:15:19,,,,
10.0,2020.0,7,19.0,2020-07-19 00:00:00.000000,rainy,24.0,20.6,26.6,81.6,29.1,2.7,0,0.0,ASOS_DAILY,2025-07-10 05:15:19,,,,
11.0,2020.0,7,20.0,2020-07-20 00:00:00.000000,rainy,23.8,22.4,26.6,86.3,3.6,3.7,0,0.0,ASOS_DAILY,2025-07-10 05:15:19,,,,
12.0,2020.0,7,21.0,2020-07-21 00:00:00.000000,rainy,25.0,21.4,30.5,77.0,0.0,1.6,0,0.0,ASOS_DAILY,2025-07-10 05:15:19,,,,
13.0,2020.0,7,22.0,2020-07-22 00:00:00.000000,rainy,23.7,22.6,25.7,89.3,11.5,1.6,0,0.0,ASOS_DAILY,2025-07-10 05:15:19,,,,
14.0,2020.0,7,23.0,2020-07-23 00:00:00.000000,rainy,21.1,18.5,22.6,95.5,103.1,3.6,1,0.0,ASOS_DAILY,2025-07-10 05:15:19,,,,
15.0,2020.0,7,24.0,2020-07-24 00:00:00.000000,rainy,22.5,18.7,26.8,74.3,2.9,4.6,0,0.0,ASOS_DAILY,2025-07-10 05:15:19,,,,
16.0,2020.0,7,25.0,2020-07-25 00:00:00.000000,rainy,24.3,22.3,29.0,69.3,0.0,3.1,0,0.0,ASOS_DAILY,2025-07-10 05:15:19,,,,
17.0,2020.0,7,26.0,2020-07-26 00:00:00.000000,rainy,25.4,21.6,29.6,69.3,0.0,2.0,0,0.0,ASOS_DAILY,2025-07-10 05:15:19,,,,
18.0,2020.0,7,27.0,2020-07-27 00:00:00.000000,rainy,24.3,22.9,25.5,86.4,2.2,2.2,0,0.0,ASOS_DAILY,2025-07-10 05:15:19,,,,
19.0,2020.0,7,28.0,2020-07-28 00:00:00.000000,rainy,24.4,22.7,26.4,84.8,0.4,2.0,0,0.0,ASOS_DAILY,2025-07-10 05:15:19,,,,
20.0,2020.0,7,29.0,2020-07-29 00:00:00.000000,rainy,23.7,22.6,24.9,95.8,50.1,2.0,1,0.0,ASOS_DAILY,2025-07-10 05:15:19,,,,
21.0,2020.0,7,30.0,2020-07-30 00:00:00.000000,rainy,25.3,23.4,28.4,85.5,0.1,2.1,0,0.0,ASOS_DAILY,2025-07-10 05:15:19,,,,
22.0,2020.0,7,31.0,2020-07-31 00:00:00.000000,rainy,26.2,22.8,29.6,81.9,1.5,2.0,0,0.0,ASOS_DAILY,2025-07-10 05:15:19,,,,
23.0,2020.0,8,1.0,2020-08-01 00:00:00.000000,rainy,25.3,24.3,26.9,90.9,39.1,1.7,0,0.0,ASOS_DAILY,2025-07-10 05:15:19,,,,
24.0,2020.0,8,2.0,2020-08-02 00:00:00.000000,rainy,24.9,23.5,26.4,96.3,31.4,2.3,0,0.0,ASOS_DAILY,2025-07-10 05:15:19,,,,
25.0,2020.0,8,3.0,2020-08-03 00:00:00.000000,rainy,25.0,23.9,26.3,96.3,102.6,3.0,1,0.0,ASOS_DAILY,2025-07-10 05:15:19,,,,
26.0,2020.0,8,4.0,2020-08-04 00:00:00.000000,rainy,27.0,25.0,29.4,89.3,3.9,3.5,0,0.0,ASOS_DAILY,2025-07-10 05:15:19,,,,
27.0,2020.0,8,5.0,2020-08-05 00:00:00.000000,rainy,26.5,25.5,29.1,92.1,18.5,1.9,0,0.0,ASOS_DAILY,2025-07-10 05:15:19,,,,
28.0,2020.0,8,6.0,2020-08-06 00:00:00.000000,rainy,24.1,22.9,26.0,92.8,75.7,3.3,1,0.0,ASOS_DAILY,2025-07-10 05:15:19,,,,
29.0,2020.0,8,7.0,2020-08-07 00:00:00.000000,rainy,24.3,22.6,26.1,85.3,0.0,1.8,0,0.0,ASOS_DAILY,2025-07-10 05:15:19,,,,
30.0,2020.0,8,8.0,2020-08-08 00:00:00.000000,rainy,24.2,22.7,26.1,89.5,19.1,2.3,0,0.0,ASOS_DAILY,2025-07-10 05:15:19,,,,
31.0,2020.0,8,9.0,2020-08-09 00:00:00.000000,rainy,24.9,23.7,25.8,95.4,50.3,2.6,1,0.0,ASOS_DAILY,2025-07-10 05:15:19,,,,
32.0,2020.0,8,10.0,2020-08-10 00:00:00.000000,rainy,26.5,24.7,29.5,91.6,44.6,2.0,0,0.0,ASOS_DAILY,2025-07-10 05:15:19,,,,
33.0,2020.0,8,11.0,2020-08-11 00:00:00.000000,rainy,24.6,22.4,27.3,92.5,97.0,2.2,1,0.0,ASOS_DAILY,2025-07-10 05:15:19,,,,
34.0,2020.0,8,12.0,2020-08-12 00:00:00.000000,rainy,27.2,23.5,31.3,83.9,0.0,1.9,0,0.0,ASOS_DAILY,2025-07-10 05:15:19,,,,
35.0,2020.0,8,13.0,2020-08-13 00:00:00.000000,rainy,28.0,26.3,30.3,82.4,0.0,2.5,0,0.0,ASOS_DAILY,2025-07-10 05:15:19,,,,
36.0,2020.0,8,14.0,2020-08-14 00:00:00.000000,rainy,27.1,26.5,28.0,86.1,0.4,3.5,0,0.0,ASOS_DAILY,2025-07-10 05:15:19,,,,
37.0,2020.0,8,15.0,2020-08-15 00:00:00.000000,rainy,26.1,25.0,27.0,96.0,69.0,1.9,1,0.0,ASOS_DAILY,2025-07-10 05:15:19,,,,
38.0,2020.0,8,16.0,2020-08-16 00:00:00.000000,rainy,27.4,25.3,30.8,82.6,0.0,3.0,0,0.0,ASOS_DAILY,2025-07-10 05:15:19,,,,
39.0,2020.0,8,17.0,2020-08-17 00:00:00.000000,rainy,28.2,26.1,32.2,77.9,0.0,2.3,0,0.0,ASOS_DAILY,2025-07-10 05:15:19,,,,
40.0,2020.0,8,18.0,2020-08-18 00:00:00.000000,rainy,27.5,24.0,31.9,76.3,0.0,1.6,0,0.0,ASOS_DAILY,2025-07-10 05:15:19,,,,
41.0,2020.0,8,19.0,2020-08-19 00:00:00.000000,rainy,27.1,23.6,31.4,76.8,0.0,2.0,0,0.0,ASOS_DAILY,2025-07-10 05:15:19,,,,
42.0,2020.0,8,20.0,2020-08-20 00:00:00.000000,rainy,27.7,25.0,31.7,76.0,0.0,1.7,0,0.0,ASOS_DAILY,2025-07-10 05:15:19,,,,
43.0,2020.0,8,21.0,2020-08-21 00:00:00.000000,rainy,26.6,25.2,29.2,83.1,2.5,1.6,0,0.0,ASOS_DAILY,2025-07-10 05:15:19,,,,
44.0,2020.0,8,22.0,2020-08-22 00:00:00.000000,rainy,24.3,21.7,27.6,87.4,42.6,2.1,0,0.0,ASOS_DAILY,2025-07-10 05:15:19,,,,
45.0,2020.0,8,23.0,2020-08-23 00:00:00.000000,rainy,25.3,21.5,29.9,78.4,0.0,1.9,0,0.0,ASOS_DAILY,2025-07-10 05:15:19,,,,
46.0,2020.0,8,24.0,2020-08-24 00:00:00.000000,rainy,27.8,23.7,32.0,71.6,0.0,2.2,0,0.0,ASOS_DAILY,2025-07-10 05:15:19,,,,
47.0,2020.0,8,25.0,2020-08-25 00:00:00.000000,rainy,29.9,26.0,34.5,69.5,0.0,2.1,0,0.0,ASOS_DAILY,2025-07-10 05:15:19,,,,
48.0,2020.0,8,26.0,2020-08-26 00:00:00.000000,rainy,30.2,27.0,34.5,68.3,0.6,3.4,0,0.0,ASOS_DAILY,2025-07-10 05:15:19,,,,
49.0,2020.0,8,27.0,2020-08-27 00:00:00.000000,rainy,27.1,25.6,28.6,84.6,8.7,3.6,0,0.0,ASOS_DAILY,2025-07-10 05:15:19,,,,
50.0,2020.0,8,28.0,2020-08-28 00:00:00.000000,rainy,27.3,26.0,29.7,89.1,13.6,1.6,0,0.0,ASOS_DAILY,2025-07-10 05:15:19,,,,
51.0,2020.0,8,29.0,2020-08-29 00:00:00.000000,rainy,26.8,25.5,29.0,90.1,13.6,1.3,0,0.0,ASOS_DAILY,2025-07-10 05:15:19,,,,
52.0,2020.0,8,30.0,2020-08-30 00:00:00.000000,rainy,26.8,24.4,30.6,88.8,42.5,2.1,0,0.0,ASOS_DAILY,2025-07-10 05:15:19,,,,
53.0,2020.0,8,31.0,2020-08-31 00:00:00.000000,rainy,26.4,23.8,30.0,77.9,0.0,2.8,0,0.0,ASOS_DAILY,2025-07-10 05:15:19,,,,
54.0,2020.0,9,1.0,2020-09-01 00:00:00.000000,rainy,26.6,23.8,29.5,72.4,0.0,1.9,0,0.0,ASOS_DAILY,2025-07-10 05:15:19,,,,
55.0,2020.0,9,2.0,2020-09-02 00:00:00.000000,rainy,24.3,22.6,26.4,91.3,33.3,2.3,0,0.0,ASOS_DAILY,2025-07-10 05:15:19,,,,
56.0,2020.0,9,3.0,2020-09-03 00:00:00.000000,rainy,22.7,20.0,25.6,82.0,29.8,4.8,0,0.0,ASOS_DAILY,2025-07-10 05:15:19,,,,
57.0,2020.0,9,4.0,2020-09-04 00:00:00.000000,rainy,23.3,19.9,27.5,63.9,0.0,2.7,0,0.0,ASOS_DAILY,2025-07-10 05:15:19,,,,
58.0,2020.0,9,5.0,2020-09-05 00:00:00.000000,rainy,23.3,19.2,27.3,66.6,0.0,2.0,0,0.0,ASOS_DAILY,2025-07-10 05:15:19,,,,
59.0,2020.0,9,6.0,2020-09-06 00:00:00.000000,rainy,21.7,19.5,24.4,80.0,6.4,2.7,0,0.0,ASOS_DAILY,2025-07-10 05:15:19,,,,
60.0,2020.0,9,7.0,2020-09-07 00:00:00.000000,rainy,19.2,17.5,20.6,93.5,61.0,4.2,1,0.0,ASOS_DAILY,2025-07-10 05:15:19,,,,
61.0,2020.0,9,8.0,2020-09-08 00:00:00.000000,rainy,23.4,20.6,26.5,71.5,0.0,4.2,0,0.0,ASOS_DAILY,2025-07-10 05:15:19,,,,
62.0,2020.0,9,9.0,2020-09-09 00:00:00.000000,rainy,21.1,19.0,25.3,83.4,1.3,2.1,0,0.0,ASOS_DAILY,2025-07-10 05:15:19,,,,
63.0,2020.0,9,10.0,2020-09-10 00:00:00.000000,rainy,22.8,18.8,27.0,75.8,3.9,2.0,0,0.0,ASOS_DAILY,2025-07-10 05:15:19,,,,
64.0,2020.0,9,11.0,2020-09-11 00:00:00.000000,rainy,22.4,19.2,27.1,72.6,1.2,2.8,0,0.0,ASOS_DAILY,2025-07-10 05:15:19,,,,
65.0,2020.0,9,12.0,2020-09-12 00:00:00.000000,rainy,20.2,18.1,23.2,83.8,5.7,2.0,0,0.0,ASOS_DAILY,2025-07-10 05:15:19,,,,
66.0,2020.0,9,13.0,2020-09-13 00:00:00.000000,rainy,21.5,16.7,26.6,70.4,0.0,1.9,0,0.0,ASOS_DAILY,2025-07-10 05:15:19,,,,
67.0,2020.0,9,14.0,2020-09-14 00:00:00.000000,rainy,21.3,17.6,24.9,79.3,0.0,1.8,0,0.0,ASOS_DAILY,2025-07-10 05:15:19,,,,
68.0,2020.0,9,15.0,2020-09-15 00:00:00.000000,rainy,23.0,18.9,27.7,76.4,0.0,1.6,0,0.0,ASOS_DAILY,2025-07-10 05:15:19,,,,
69.0,2020.0,9,16.0,2020-09-16 00:00:00.000000,rainy,22.5,21.3,24.9,79.9,0.3,1.9,0,0.0,ASOS_DAILY,2025-07-10 05:15:19,,,,
70.0,2020.0,9,17.0,2020-09-17 00:00:00.000000,rainy,21.3,20.1,23.6,70.3,0.0,2.1,0,0.0,ASOS_DAILY,2025-07-10 05:15:19,,,,
71.0,2020.0,9,18.0,2020-09-18 00:00:00.000000,rainy,21.5,18.1,25.8,62.0,0.0,2.8,0,0.0,ASOS_DAILY,2025-07-10 05:15:19,,,,
72.0,2020.0,9,19.0,2020-09-19 00:00:00.000000,rainy,21.2,17.6,26.2,59.3,0.3,2.2,0,0.0,ASOS_DAILY,2025-07-10 05:15:19,,,,
73.0,2020.0,9,20.0,2020-09-20 00:00:00.000000,rainy,19.7,15.6,24.9,57.6,0.0,2.0,0,0.0,ASOS_DAILY,2025-07-10 05:15:19,,,,
74.0,2020.0,9,21.0,2020-09-21 00:00:00.000000,rainy,19.1,13.6,25.3,56.1,0.0,1.7,0,0.0,ASOS_DAILY,2025-07-10 05:15:19,,,,
75.0,2020.0,9,22.0,2020-09-22 00:00:00.000000,rainy,20.2,15.5,25.6,55.3,0.0,2.8,0,0.0,ASOS_DAILY,2025-07-10 05:15:19,,,,
76.0,2020.0,9,23.0,2020-09-23 00:00:00.000000,rainy,19.2,15.2,23.8,59.9,0.0,3.3,0,0.0,ASOS_DAILY,2025-07-10 05:15:19,,,,
77.0,2020.0,9,24.0,2020-09-24 00:00:00.000000,rainy,20.6,16.8,25.4,59.6,0.0,3.7,0,0.0,ASOS_DAILY,2025-07-10 05:15:19,,,,
78.0,2020.0,9,25.0,2020-09-25 00:00:00.000000,rainy,20.1,16.6,25.4,64.1,0.0,2.5,0,0.0,ASOS_DAILY,2025-07-10 05:15:19,,,,
79.0,2020.0,9,26.0,2020-09-26 00:00:00.000000,rainy,19.3,14.8,24.8,62.5,0.0,2.4,0,0.0,ASOS_DAILY,2025-07-10 05:15:19,,,,
80.0,2020.0,9,27.0,2020-09-27 00:00:00.000000,rainy,20.4,14.9,25.8,63.3,0.0,2.0,0,0.0,ASOS_DAILY,2025-07-10 05:15:19,,,,
81.0,2020.0,9,28.0,2020-09-28 00:00:00.000000,rainy,20.7,15.7,26.5,66.0,0.0,2.0,0,0.0,ASOS_DAILY,2025-07-10 05:15:19,,,,
82.0,2020.0,9,29.0,2020-09-29 00:00:00.000000,rainy,19.6,15.3,23.9,67.6,0.0,1.9,0,0.0,ASOS_DAILY,2025-07-10 05:15:19,,,,
83.0,2020.0,9,30.0,2020-09-30 00:00:00.000000,rainy,19.6,16.2,25.7,78.0,38.3,1.7,0,0.0,ASOS_DAILY,2025-07-10 05:15:19,,,,
84.0,2020.0,10,1.0,2020-10-01 00:00:00.000000,dry,18.8,15.6,23.6,74.9,0.0,2.1,0,0.0,ASOS_DAILY,2025-07-10 05:15:19,,,,
85.0,2020.0,10,2.0,2020-10-02 00:00:00.000000,dry,19.2,16.3,21.9,79.6,0.0,2.3,0,0.0,ASOS_DAILY,2025-07-10 05:15:19,,,,
86.0,2020.0,10,3.0,2020-10-03 00:00:00.000000,dry,19.9,18.3,23.2,72.5,0.0,1.6,0,0.0,ASOS_DAILY,2025-07-10 05:15:19,,,,
87.0,2020.0,10,4.0,2020-10-04 00:00:00.000000,dry,16.6,10.6,21.8,65.1,0.0,2.8,0,0.0,ASOS_DAILY,2025-07-10 05:15:19,,,,
88.0,2020.0,10,5.0,2020-10-05 00:00:00.000000,dry,13.3,8.5,18.4,57.3,0.0,2.5,0,0.0,ASOS_DAILY,2025-07-10 05:15:19,,,,
89.0,2020.0,10,6.0,2020-10-06 00:00:00.000000,dry,14.2,9.3,19.7,55.9,0.0,2.0,0,0.0,ASOS_DAILY,2025-07-10 05:15:19,,,,
90.0,2020.0,10,7.0,2020-10-07 00:00:00.000000,dry,16.0,9.9,22.0,48.9,0.0,1.9,0,0.0,ASOS_DAILY,2025-07-10 05:15:19,,,,
91.0,2020.0,10,8.0,2020-10-08 00:00:00.000000,dry,17.2,12.1,23.1,53.0,0.0,3.1,0,0.0,ASOS_DAILY,2025-07-10 05:15:19,,,,
92.0,2020.0,10,9.0,2020-10-09 00:00:00.000000,dry,17.2,12.4,23.3,53.4,0.0,3.0,0,0.0,ASOS_DAILY,2025-07-10 05:15:19,,,,
93.0,2020.0,10,10.0,2020-10-10 00:00:00.000000,dry,16.9,12.3,21.5,60.1,0.0,2.0,0,0.0,ASOS_DAILY,2025-07-10 05:15:19,,,,
94.0,2020.0,10,11.0,2020-10-11 00:00:00.000000,dry,16.9,12.7,20.8,68.5,0.0,1.8,0,0.0,ASOS_DAILY,2025-07-10 05:15:19,,,,
95.0,2020.0,10,12.0,2020-10-12 00:00:00.000000,dry,16.2,12.1,21.3,68.6,0.0,2.2,0,0.0,ASOS_DAILY,2025-07-10 05:15:19,,,,
96.0,2020.0,10,13.0,2020-10-13 00:00:00.000000,dry,13.6,8.6,18.4,52.3,0.0,2.2,0,0.0,ASOS_DAILY,2025-07-10 05:15:19,,,,
97.0,2020.0,10,14.0,2020-10-14 00:00:00.000000,dry,12.8,8.5,18.0,47.0,0.0,2.4,0,0.0,ASOS_DAILY,2025-07-10 05:15:19,,,,
98.0,2020.0,10,15.0,2020-10-15 00:00:00.000000,dry,11.7,6.5,18.5,41.8,0.0,1.5,0,0.0,ASOS_DAILY,2025-07-10 05:15:19,,,,
99.0,2020.0,10,16.0,2020-10-16 00:00:00.000000,dry,11.8,8.6,15.4,64.3,0.0,1.5,0,0.0,ASOS_DAILY,2025-07-10 05:15:19,,,,
100.0,2020.0,10,17.0,2020-10-17 00:00:00.000000,dry,13.1,8.7,18.6,64.3,0.0,1.8,0,0.0,ASOS_DAILY,2025-07-10 05:15:19,,,,
101.0,2020.0,10,18.0,2020-10-18 00:00:00.000000,dry,13.6,7.2,20.2,65.5,0.0,2.0,0,0.0,ASOS_DAILY,2025-07-10 05:15:19,,,,
102.0,2020.0,10,19.0,2020-10-19 00:00:00.000000,dry,15.1,9.8,21.3,74.4,0.0,1.7,0,0.0,ASOS_DAILY,2025-07-10 05:15:19,,,,
103.0,2020.0,10,20.0,2020-10-20 00:00:00.000000,dry,15.2,9.9,21.7,67.1,0.0,1.6,0,0.0,ASOS_DAILY,2025-07-10 05:15:19,,,,
104.0,2020.0,10,21.0,2020-10-21 00:00:00.000000,dry,14.1,11.8,17.3,69.4,0.0,1.9,0,0.0,ASOS_DAILY,2025-07-10 05:15:19,,,,
105.0,2020.0,10,22.0,2020-10-22 00:00:00.000000,dry,13.5,8.4,18.2,66.0,0.0,2.8,0,0.0,ASOS_DAILY,2025-07-10 05:15:19,,,,
106.0,2020.0,10,23.0,2020-10-23 00:00:00.000000,dry,8.6,5.4,13.3,51.5,0.0,3.0,0,0.0,ASOS_DAILY,2025-07-10 05:15:19,,,,
107.0,2020.0,10,24.0,2020-10-24 00:00:00.000000,dry,8.7,3.2,14.0,47.6,0.0,2.5,0,0.0,ASOS_DAILY,2025-07-10 05:15:19,,,,
108.0,2020.0,10,25.0,2020-10-25 00:00:00.000000,dry,11.8,5.4,18.2,62.5,0.0,1.7,0,0.0,ASOS_DAILY,2025-07-10 05:15:19,,,,
109.0,2020.0,10,26.0,2020-10-26 00:00:00.000000,dry,12.9,8.0,19.0,71.6,0.0,1.6,0,0.0,ASOS_DAILY,2025-07-10 05:15:19,,,,
110.0,2020.0,10,27.0,2020-10-27 00:00:00.000000,dry,14.0,9.0,19.4,74.1,0.0,1.8,0,0.0,ASOS_DAILY,2025-07-10 05:15:19,,,,
111.0,2020.0,10,28.0,2020-10-28 00:00:00.000000,dry,13.8,8.6,18.2,52.1,0.0,2.5,0,0.0,ASOS_DAILY,2025-07-10 05:15:19,,,,
112.0,2020.0,10,29.0,2020-10-29 00:00:00.000000,dry,10.8,5.5,16.1,40.3,0.0,2.0,0,0.0,ASOS_DAILY,2025-07-10 05:15:19,,,,
113.0,2020.0,10,30.0,2020-10-30 00:00:00.000000,dry,11.9,5.8,19.6,42.9,0.0,1.5,0,0.0,ASOS_DAILY,2025-07-10 05:15:19,,,,
114.0,2020.0,10,31.0,2020-10-31 00:00:00.000000,dry,13.6,8.5,18.2,60.3,0.0,2.6,0,0.0,ASOS_DAILY,2025-07-10 05:15:19,,,,
115.0,2020.0,11,1.0,2020-11-01 00:00:00.000000,dry,13.7,11.6,15.0,84.3,13.6,2.3,0,0.0,ASOS_DAILY,2025-07-10 05:15:19,,,,
116.0,2020.0,11,2.0,2020-11-02 00:00:00.000000,dry,10.8,7.9,15.6,58.3,1.7,2.3,0,0.0,ASOS_DAILY,2025-07-10 05:15:19,,,,
117.0,2020.0,11,3.0,2020-11-03 00:00:00.000000,dry,5.1,2.7,8.6,47.5,0.5,3.5,0,0.0,ASOS_DAILY,2025-07-10 05:15:19,,,,
118.0,2020.0,11,4.0,2020-11-04 00:00:00.000000,dry,4.9,0.2,10.8,43.9,0.0,2.3,0,0.0,ASOS_DAILY,2025-07-10 05:15:19,,,,
119.0,2020.0,11,5.0,2020-11-05 00:00:00.000000,dry,9.6,3.4,15.9,61.5,0.0,1.8,0,0.0,ASOS_DAILY,2025-07-10 05:15:19,,,,
120.0,2020.0,11,6.0,2020-11-06 00:00:00.000000,dry,13.5,9.9,17.2,63.3,0.0,1.7,0,0.0,ASOS_DAILY,2025-07-10 05:15:19,,,,
121.0,2020.0,11,7.0,2020-11-07 00:00:00.000000,dry,14.6,12.2,18.1,68.8,0.1,2.7,0,0.0,ASOS_DAILY,2025-07-10 05:15:19,,,,
122.0,2020.0,11,8.0,2020-11-08 00:00:00.000000,dry,8.5,3.1,12.4,43.8,0.0,3.1,0,0.0,ASOS_DAILY,2025-07-10 05:15:19,,,,
123.0,2020.0,11,9.0,2020-11-09 00:00:00.000000,dry,5.5,0.7,8.9,40.9,0.0,1.8,0,0.0,ASOS_DAILY,2025-07-10 05:15:19,,,,
124.0,2020.0,11,10.0,2020-11-10 00:00:00.000000,dry,7.7,3.5,12.9,56.1,0.0,2.2,0,0.0,ASOS_DAILY,2025-07-10 05:15:19,,,,
125.0,2020.0,11,11.0,2020-11-11 00:00:00.000000,dry,9.3,3.5,16.5,53.5,0.0,1.6,0,0.0,ASOS_DAILY,2025-07-10 05:15:19,,,,
126.0,2020.0,11,12.0,2020-11-12 00:00:00.000000,dry,10.4,4.6,17.7,56.9,0.0,1.7,0,0.0,ASOS_DAILY,2025-07-10 05:15:19,,,,
127.0,2020.0,11,13.0,2020-11-13 00:00:00.000000,dry,12.2,8.5,17.6,71.5,0.0,1.6,0,0.0,ASOS_DAILY,2025-07-10 05:15:19,,,,
128.0,2020.0,11,14.0,2020-11-14 00:00:00.000000,dry,12.5,6.8,19.3,66.9,0.0,1.7,0,0.0,ASOS_DAILY,2025-07-10 05:15:19,,,,
129.0,2020.0,11,15.0,2020-11-15 00:00:00.000000,dry,11.1,8.2,14.9,75.0,0.0,1.7,0,0.0,ASOS_DAILY,2025-07-10 05:15:19,,,,
130.0,2020.0,11,16.0,2020-11-16 00:00:00.000000,dry,12.4,7.5,18.3,70.1,0.0,1.6,0,0.0,ASOS_DAILY,2025-07-10 05:15:19,,,,
131.0,2020.0,11,17.0,2020-11-17 00:00:00.000000,dry,15.9,11.7,20.0,67.5,0.1,2.3,0,0.0,ASOS_DAILY,2025-07-10 05:15:19,,,,
132.0,2020.0,11,18.0,2020-11-18 00:00:00.000000,dry,16.6,14.8,18.7,91.4,12.2,2.6,0,0.0,ASOS_DAILY,2025-07-10 05:15:19,,,,
133.0,2020.0,11,19.0,2020-11-19 00:00:00.000000,dry,13.6,6.9,19.1,90.5,86.9,4.2,1,0.0,ASOS_DAILY,2025-07-10 05:15:19,,,,
134.0,2020.0,11,20.0,2020-11-20 00:00:00.000000,dry,2.8,0.3,7.0,74.3,0.0,3.2,0,0.0,ASOS_DAILY,2025-07-10 05:15:19,,,,
135.0,2020.0,11,21.0,2020-11-21 00:00:00.000000,dry,6.5,-0.3,12.8,67.9,0.2,2.1,0,0.0,ASOS_DAILY,2025-07-10 05:15:19,,,,
136.0,2020.0,11,22.0,2020-11-22 00:00:00.000000,dry,5.6,1.5,9.1,80.5,4.8,2.5,0,0.0,ASOS_DAILY,2025-07-10 05:15:19,,,,
137.0,2020.0,11,23.0,2020-11-23 00:00:00.000000,dry,1.7,-1.5,5.9,61.4,0.0,2.3,0,0.0,ASOS_DAILY,2025-07-10 05:15:19,,,,
138.0,2020.0,11,24.0,2020-11-24 00:00:00.000000,dry,2.9,0.2,6.4,54.5,0.0,1.8,0,0.0,ASOS_DAILY,2025-07-10 05:15:19,,,,
139.0,2020.0,11,25.0,2020-11-25 00:00:00.000000,dry,4.6,0.0,9.5,64.1,0.0,1.5,0,0.0,ASOS_DAILY,2025-07-10 05:15:19,,,,
140.0,2020.0,11,26.0,2020-11-26 00:00:00.000000,dry,5.6,1.9,10.9,66.5,0.0,1.7,0,0.0,ASOS_DAILY,2025-07-10 05:15:19,,,,
141.0,2020.0,11,27.0,2020-11-27 00:00:00.000000,dry,4.1,0.6,7.7,61.6,0.0,2.7,0,0.0,ASOS_DAILY,2025-07-10 05:15:19,,,,
142.0,2020.0,11,28.0,2020-11-28 00:00:00.000000,dry,-0.1,-2.3,2.8,50.0,0.0,2.8,0,0.0,ASOS_DAILY,2025-07-10 05:15:19,,,,
143.0,2020.0,11,29.0,2020-11-29 00:00:00.000000,dry,-0.6,-3.6,2.6,59.6,0.0,2.2,0,0.0,ASOS_DAILY,2025-07-10 05:15:19,,,,
144.0,2020.0,11,30.0,2020-11-30 00:00:00.000000,dry,-0.2,-3.6,4.3,57.8,0.0,1.9,0,0.0,ASOS_DAILY,2025-07-10 05:15:19,,,,
145.0,2020.0,12,1.0,2020-12-01 00:00:00.000000,dry,1.1,-3.6,6.7,44.5,0.0,1.9,0,0.0,ASOS_DAILY,2025-07-10 05:15:19,,,,
146.0,2020.0,12,2.0,2020-12-02 00:00:00.000000,dry,2.4,0.5,6.1,41.4,0.0,1.8,0,0.0,ASOS_DAILY,2025-07-10 05:15:19,,,,
147.0,2020.0,12,3.0,2020-12-03 00:00:00.000000,dry,0.7,-2.3,4.2,47.1,0.0,2.7,0,0.0,ASOS_DAILY,2025-07-10 05:15:19,,,,
148.0,2020.0,12,4.0,2020-12-04 00:00:00.000000,dry,-0.6,-4.6,4.4,53.8,0.0,1.8,0,0.0,ASOS_DAILY,2025-07-10 05:15:19,,,,
149.0,2020.0,12,5.0,2020-12-05 00:00:00.000000,dry,2.1,-2.2,6.6,63.1,0.0,1.7,0,0.0,ASOS_DAILY,2025-07-10 05:15:19,,,,
150.0,2020.0,12,6.0,2020-12-06 00:00:00.000000,dry,4.5,1.2,9.1,66.9,0.0,1.8,0,0.0,ASOS_DAILY,2025-07-10 05:15:19,,,,
151.0,2020.0,12,7.0,2020-12-07 00:00:00.000000,dry,3.4,-0.7,6.3,57.5,0.0,2.6,0,0.0,ASOS_DAILY,2025-07-10 05:15:19,,,,
152.0,2020.0,12,8.0,2020-12-08 00:00:00.000000,dry,-0.5,-3.5,4.1,50.0,0.0,2.0,0,0.0,ASOS_DAILY,2025-07-10 05:15:19,,,,
153.0,2020.0,12,9.0,2020-12-09 00:00:00.000000,dry,1.5,-4.1,6.2,55.1,0.0,1.5,0,0.0,ASOS_DAILY,2025-07-10 05:15:19,,,,
154.0,2020.0,12,10.0,2020-12-10 00:00:00.000000,dry,5.8,3.2,9.3,69.9,0.0,1.7,0,0.0,ASOS_DAILY,2025-07-10 05:15:19,,,,
155.0,2020.0,12,11.0,2020-12-11 00:00:00.000000,dry,5.3,2.6,9.4,77.1,0.0,1.8,0,0.0,ASOS_DAILY,2025-07-10 05:15:19,,,,
156.0,2020.0,12,12.0,2020-12-12 00:00:00.000000,dry,2.3,-0.3,6.1,51.3,0.0,2.1,0,0.0,ASOS_DAILY,2025-07-10 05:15:19,,,,
157.0,2020.0,12,13.0,2020-12-13 00:00:00.000000,dry,-1.1,-6.0,2.0,74.9,2.9,2.9,0,0.0,ASOS_DAILY,2025-07-10 05:15:19,,,,
158.0,2020.0,12,14.0,2020-12-14 00:00:00.000000,dry,-7.7,-9.7,-5.0,49.1,0.0,3.4,0,0.0,ASOS_DAILY,2025-07-10 05:15:19,,,,
159.0,2020.0,12,15.0,2020-12-15 00:00:00.000000,dry,-8.3,-11.1,-4.6,43.0,0.0,2.8,0,0.0,ASOS_DAILY,2025-07-10 05:15:19,,,,
160.0,2020.0,12,16.0,2020-12-16 00:00:00.000000,dry,-8.3,-11.2,-3.9,43.9,0.0,2.6,0,0.0,ASOS_DAILY,2025-07-10 05:15:19,,,,
161.0,2020.0,12,17.0,2020-12-17 00:00:00.000000,dry,-4.9,-11.1,0.8,47.0,0.0,1.7,0,0.0,ASOS_DAILY,2025-07-10 05:15:19,,,,
162.0,2020.0,12,18.0,2020-12-18 00:00:00.000000,dry,-2.1,-6.4,1.8,57.0,0.2,3.0,0,0.0,ASOS_DAILY,2025-07-10 05:15:19,,,,
163.0,2020.0,12,19.0,2020-12-19 00:00:00.000000,dry,-5.1,-9.6,-1.2,45.1,0.0,2.4,0,0.0,ASOS_DAILY,2025-07-10 05:15:19,,,,
164.0,2020.0,12,20.0,2020-12-20 00:00:00.000000,dry,-3.7,-8.2,1.1,50.4,0.0,2.0,0,0.0,ASOS_DAILY,2025-07-10 05:15:19,,,,
165.0,2020.0,12,21.0,2020-12-21 00:00:00.000000,dry,-1.0,-6.0,4.7,64.1,0.0,1.6,0,0.0,ASOS_DAILY,2025-07-10 05:15:19,,,,
166.0,2020.0,12,22.0,2020-12-22 00:00:00.000000,dry,2.0,-2.5,7.2,67.6,0.0,2.0,0,0.0,ASOS_DAILY,2025-07-10 05:15:19,,,,
167.0,2020.0,12,23.0,2020-12-23 00:00:00.000000,dry,4.5,-0.4,8.5,76.6,0.0,2.3,0,0.0,ASOS_DAILY,2025-07-10 05:15:19,,,,
168.0,2020.0,12,24.0,2020-12-24 00:00:00.000000,dry,2.6,-2.0,6.1,61.5,0.0,2.9,0,0.0,ASOS_DAILY,2025-07-10 05:15:19,,,,
169.0,2020.0,12,25.0,2020-12-25 00:00:00.000000,dry,-0.8,-4.7,3.5,51.9,0.0,2.1,0,0.0,ASOS_DAILY,2025-07-10 05:15:19,,,,
170.0,2020.0,12,26.0,2020-12-26 00:00:00.000000,dry,2.2,-2.1,8.0,65.8,0.0,1.8,0,0.0,ASOS_DAILY,2025-07-10 05:15:19,,,,
171.0,2020.0,12,27.0,2020-12-27 00:00:00.000000,dry,5.8,1.4,10.0,62.9,0.0,1.8,0,0.0,ASOS_DAILY,2025-07-10 05:15:19,,,,
172.0,2020.0,12,28.0,2020-12-28 00:00:00.000000,dry,6.7,4.2,11.4,72.1,1.3,1.4,0,0.0,ASOS_DAILY,2025-07-10 05:15:19,,,,
173.0,2020.0,12,29.0,2020-12-29 00:00:00.000000,dry,0.1,-6.2,4.3,70.8,0.2,2.9,0,0.0,ASOS_DAILY,2025-07-10 05:15:19,,,,
174.0,2020.0,12,30.0,2020-12-30 00:00:00.000000,dry,-10.9,-12.9,-6.2,55.5,0.0,4.1,0,0.0,ASOS_DAILY,2025-07-10 05:15:19,,,,
175.0,2020.0,12,31.0,2020-12-31 00:00:00.000000,dry,-8.9,-12.9,-5.0,53.9,0.0,2.4,0,0.0,ASOS_DAILY,2025-07-10 05:15:19,,,,
176.0,2021.0,1,1.0,2021-01-01 00:00:00.000000,dry,-4.2,-9.8,1.6,64.0,0.0,2.0,0,0.0,ASOS_DAILY,2025-07-10 05:15:19,,,,
177.0,2021.0,1,2.0,2021-01-02 00:00:00.000000,dry,-5.0,-8.4,-1.4,38.5,0.0,2.6,0,0.0,ASOS_DAILY,2025-07-10 05:15:19,,,,
178.0,2021.0,1,3.0,2021-01-03 00:00:00.000000,dry,-5.6,-9.1,-2.0,45.0,0.0,2.0,0,0.0,ASOS_DAILY,2025-07-10 05:15:19,,,,
179.0,2021.0,1,4.0,2021-01-04 00:00:00.000000,dry,-3.5,-8.4,0.3,51.4,0.0,1.7,0,0.0,ASOS_DAILY,2025-07-10 05:15:19,,,,
180.0,2021.0,1,5.0,2021-01-05 00:00:00.000000,dry,-5.5,-9.9,-2.1,52.8,0.0,2.9,0,0.0,ASOS_DAILY,2025-07-10 05:15:19,,,,
181.0,2021.0,1,6.0,2021-01-06 00:00:00.000000,dry,-7.4,-12.0,-1.9,54.6,2.3,2.4,0,0.0,ASOS_DAILY,2025-07-10 05:15:19,,,,
182.0,2021.0,1,7.0,2021-01-07 00:00:00.000000,dry,-14.5,-16.5,-8.4,49.9,0.0,4.1,0,0.0,ASOS_DAILY,2025-07-10 05:15:19,,,,
183.0,2021.0,1,8.0,2021-01-08 00:00:00.000000,dry,-14.9,-18.6,-10.7,44.0,0.0,3.3,0,0.0,ASOS_DAILY,2025-07-10 05:15:19,,,,
184.0,2021.0,1,9.0,2021-01-09 00:00:00.000000,dry,-12.2,-16.6,-7.5,46.3,0.0,2.6,0,0.0,ASOS_DAILY,2025-07-10 05:15:19,,,,
185.0,2021.0,1,10.0,2021-01-10 00:00:00.000000,dry,-7.7,-12.8,-2.7,54.4,0.0,1.3,0,0.0,ASOS_DAILY,2025-07-10 05:15:19,,,,
186.0,2021.0,1,11.0,2021-01-11 00:00:00.000000,dry,-6.7,-9.6,-4.0,62.1,0.0,1.9,0,0.0,ASOS_DAILY,2025-07-10 05:15:19,,,,
187.0,2021.0,1,12.0,2021-01-12 00:00:00.000000,dry,-3.9,-9.3,-0.5,79.5,2.6,1.8,0,0.0,ASOS_DAILY,2025-07-10 05:15:19,,,,
188.0,2021.0,1,13.0,2021-01-13 00:00:00.000000,dry,2.0,-3.0,8.3,80.3,0.0,2.4,0,0.0,ASOS_DAILY,2025-07-10 05:15:19,,,,
189.0,2021.0,1,14.0,2021-01-14 00:00:00.000000,dry,1.7,-3.6,7.0,46.5,0.0,2.3,0,0.0,ASOS_DAILY,2025-07-10 05:15:19,,,,
190.0,2021.0,1,15.0,2021-01-15 00:00:00.000000,dry,4.5,-0.7,9.9,67.4,0.2,3.0,0,0.0,ASOS_DAILY,2025-07-10 05:15:19,,,,
191.0,2021.0,1,16.0,2021-01-16 00:00:00.000000,dry,-4.9,-8.7,-0.7,59.3,0.0,3.3,0,0.0,ASOS_DAILY,2025-07-10 05:15:19,,,,
192.0,2021.0,1,17.0,2021-01-17 00:00:00.000000,dry,-5.5,-10.8,-1.3,58.5,0.0,2.3,0,0.0,ASOS_DAILY,2025-07-10 05:15:19,,,,
193.0,2021.0,1,18.0,2021-01-18 00:00:00.000000,dry,-3.8,-9.1,0.2,64.3,0.3,3.2,0,0.0,ASOS_DAILY,2025-07-10 05:15:19,,,,
194.0,2021.0,1,19.0,2021-01-19 00:00:00.000000,dry,-6.3,-11.6,-0.2,37.9,0.0,1.8,0,0.0,ASOS_DAILY,2025-07-10 05:15:19,,,,
195.0,2021.0,1,20.0,2021-01-20 00:00:00.000000,dry,-0.1,-6.6,7.1,37.8,0.0,2.2,0,0.0,ASOS_DAILY,2025-07-10 05:15:19,,,,
196.0,2021.0,1,21.0,2021-01-21 00:00:00.000000,dry,4.5,2.5,7.0,64.4,9.2,2.3,0,0.0,ASOS_DAILY,2025-07-10 05:15:19,,,,
197.0,2021.0,1,22.0,2021-01-22 00:00:00.000000,dry,5.5,4.8,6.6,92.9,0.1,1.7,0,0.0,ASOS_DAILY,2025-07-10 05:15:19,,,,
198.0,2021.0,1,23.0,2021-01-23 00:00:00.000000,dry,7.6,4.8,12.2,66.0,0.0,4.2,0,0.0,ASOS_DAILY,2025-07-10 05:15:19,,,,
199.0,2021.0,1,24.0,2021-01-24 00:00:00.000000,dry,7.3,2.4,13.9,63.9,0.0,2.1,0,0.0,ASOS_DAILY,2025-07-10 05:15:19,,,,
200.0,2021.0,1,25.0,2021-01-25 00:00:00.000000,dry,7.9,3.0,13.9,62.0,0.0,1.9,0,0.0,ASOS_DAILY,2025-07-10 05:15:19,,,,
201.0,2021.0,1,26.0,2021-01-26 00:00:00.000000,dry,5.3,1.7,7.4,80.4,1.7,1.9,0,0.0,ASOS_DAILY,2025-07-10 05:15:19,,,,
202.0,2021.0,1,27.0,2021-01-27 00:00:00.000000,dry,1.7,-1.8,6.5,47.6,0.0,2.2,0,0.0,ASOS_DAILY,2025-07-10 05:15:19,,,,
203.0,2021.0,1,28.0,2021-01-28 00:00:00.000000,dry,-2.6,-9.7,1.4,52.3,2.0,4.0,0,0.0,ASOS_DAILY,2025-07-10 05:15:19,,,,
204.0,2021.0,1,29.0,2021-01-29 00:00:00.000000,dry,-8.8,-11.6,-4.9,40.0,0.0,3.5,0,0.0,ASOS_DAILY,2025-07-10 05:15:19,,,,
205.0,2021.0,1,30.0,2021-01-30 00:00:00.000000,dry,-1.6,-8.1,5.2,60.0,0.5,2.5,0,0.0,ASOS_DAILY,2025-07-10 05:15:19,,,,
206.0,2021.0,1,31.0,2021-01-31 00:00:00.000000,dry,3.2,-3.8,8.7,57.0,0.0,2.0,0,0.0,ASOS_DAILY,2025-07-10 05:15:19,,,,
207.0,2021.0,2,1.0,2021-02-01 00:00:00.000000,dry,5.0,-2.3,9.5,74.5,0.7,2.7,0,0.0,ASOS_DAILY,2025-07-10 05:15:19,,,,
208.0,2021.0,2,2.0,2021-02-02 00:00:00.000000,dry,-5.6,-8.2,-2.4,44.1,0.0,3.9,0,0.0,ASOS_DAILY,2025-07-10 05:15:19,,,,
209.0,2021.0,2,3.0,2021-02-03 00:00:00.000000,dry,-3.2,-9.4,1.4,64.6,3.4,2.2,0,0.0,ASOS_DAILY,2025-07-10 05:15:19,,,,
210.0,2021.0,2,4.0,2021-02-04 00:00:00.000000,dry,-3.6,-7.4,0.7,50.1,0.1,2.5,0,0.0,ASOS_DAILY,2025-07-10 05:15:19,,,,
211.0,2021.0,2,5.0,2021-02-05 00:00:00.000000,dry,1.4,-4.4,6.7,71.8,0.0,2.4,0,0.0,ASOS_DAILY,2025-07-10 05:15:19,,,,
212.0,2021.0,2,6.0,2021-02-06 00:00:00.000000,dry,6.8,4.3,9.5,80.4,0.0,2.2,0,0.0,ASOS_DAILY,2025-07-10 05:15:19,,,,
213.0,2021.0,2,7.0,2021-02-07 00:00:00.000000,dry,3.6,-2.6,7.7,67.0,0.0,2.9,0,0.0,ASOS_DAILY,2025-07-10 05:15:19,,,,
214.0,2021.0,2,8.0,2021-02-08 00:00:00.000000,dry,-3.1,-5.4,0.2,43.6,0.0,3.4,0,0.0,ASOS_DAILY,2025-07-10 05:15:19,,,,
215.0,2021.0,2,9.0,2021-02-09 00:00:00.000000,dry,-0.9,-6.1,4.7,51.9,0.0,2.0,0,0.0,ASOS_DAILY,2025-07-10 05:15:19,,,,
216.0,2021.0,2,10.0,2021-02-10 00:00:00.000000,dry,3.4,-1.5,7.2,75.1,0.0,2.1,0,0.0,ASOS_DAILY,2025-07-10 05:15:19,,,,
217.0,2021.0,2,11.0,2021-02-11 00:00:00.000000,dry,5.5,1.3,10.9,71.5,0.0,1.3,0,0.0,ASOS_DAILY,2025-07-10 05:15:19,,,,
218.0,2021.0,2,12.0,2021-02-12 00:00:00.000000,dry,6.5,0.6,14.0,60.6,0.0,1.7,0,0.0,ASOS_DAILY,2025-07-10 05:15:19,,,,
219.0,2021.0,2,13.0,2021-02-13 00:00:00.000000,dry,7.6,1.0,15.9,50.6,0.0,1.5,0,0.0,ASOS_DAILY,2025-07-10 05:15:19,,,,
220.0,2021.0,2,14.0,2021-02-14 00:00:00.000000,dry,9.5,6.4,13.8,47.6,0.0,1.7,0,0.0,ASOS_DAILY,2025-07-10 05:15:19,,,,
221.0,2021.0,2,15.0,2021-02-15 00:00:00.000000,dry,1.2,-5.2,8.2,65.1,1.4,4.0,0,0.0,ASOS_DAILY,2025-07-10 05:15:19,,,,
222.0,2021.0,2,16.0,2021-02-16 00:00:00.000000,dry,-5.1,-7.0,-1.3,57.9,1.5,3.2,0,0.0,ASOS_DAILY,2025-07-10 05:15:19,,,,
223.0,2021.0,2,17.0,2021-02-17 00:00:00.000000,dry,-8.3,-10.4,-5.2,44.1,0.0,5.0,0,0.0,ASOS_DAILY,2025-07-10 05:15:19,,,,
224.0,2021.0,2,18.0,2021-02-18 00:00:00.000000,dry,-5.8,-10.6,-0.4,44.9,0.0,3.1,0,0.0,ASOS_DAILY,2025-07-10 05:15:19,,,,
225.0,2021.0,2,19.0,2021-02-19 00:00:00.000000,dry,1.6,-7.1,8.9,66.9,0.0,2.9,0,0.0,ASOS_DAILY,2025-07-10 05:15:19,,,,
226.0,2021.0,2,20.0,2021-02-20 00:00:00.000000,dry,8.8,5.5,14.9,60.4,0.0,2.1,0,0.0,ASOS_DAILY,2025-07-10 05:15:19,,,,
227.0,2021.0,2,21.0,2021-02-21 00:00:00.000000,dry,10.8,4.7,17.4,66.6,0.0,2.8,0,0.0,ASOS_DAILY,2025-07-10 05:15:19,,,,
228.0,2021.0,2,22.0,2021-02-22 00:00:00.000000,dry,7.8,0.4,12.6,58.3,0.0,2.9,0,0.0,ASOS_DAILY,2025-07-10 05:15:19,,,,
229.0,2021.0,2,23.0,2021-02-23 00:00:00.000000,dry,0.0,-3.1,4.3,34.0,0.0,2.9,0,0.0,ASOS_DAILY,2025-07-10 05:15:19,,,,
230.0,2021.0,2,24.0,2021-02-24 00:00:00.000000,dry,2.9,-3.0,10.1,33.0,0.0,1.8,0,0.0,ASOS_DAILY,2025-07-10 05:15:19,,,,
231.0,2021.0,2,25.0,2021-02-25 00:00:00.000000,dry,4.2,0.7,8.2,35.1,0.0,1.4,0,0.0,ASOS_DAILY,2025-07-10 05:15:19,,,,
232.0,2021.0,2,26.0,2021-02-26 00:00:00.000000,dry,8.2,0.5,15.8,35.0,0.0,2.3,0,0.0,ASOS_DAILY,2025-07-10 05:15:19,,,,
233.0,2021.0,2,27.0,2021-02-27 00:00:00.000000,dry,9.5,4.3,16.2,48.6,0.0,3.4,0,0.0,ASOS_DAILY,2025-07-10 05:15:19,,,,
234.0,2021.0,2,28.0,2021-02-28 00:00:00.000000,dry,7.8,3.2,10.8,49.0,0.0,2.1,0,0.0,ASOS_DAILY,2025-07-10 05:15:19,,,,
235.0,2021.0,3,1.0,2021-03-01 00:00:00.000000,dry,4.7,0.5,9.0,91.0,67.5,3.5,1,0.0,ASOS_DAILY,2025-07-10 05:15:19,,,,
236.0,2021.0,3,2.0,2021-03-02 00:00:00.000000,dry,2.3,0.2,6.9,75.9,0.1,1.9,0,0.0,ASOS_DAILY,2025-07-10 05:15:19,,,,
237.0,2021.0,3,3.0,2021-03-03 00:00:00.000000,dry,4.4,-1.2,9.9,64.4,0.0,1.8,0,0.0,ASOS_DAILY,2025-07-10 05:15:19,,,,
238.0,2021.0,3,4.0,2021-03-04 00:00:00.000000,dry,7.2,2.5,13.0,62.4,0.0,1.9,0,0.0,ASOS_DAILY,2025-07-10 05:15:19,,,,
239.0,2021.0,3,5.0,2021-03-05 00:00:00.000000,dry,9.0,3.0,16.2,70.3,0.0,2.1,0,0.0,ASOS_DAILY,2025-07-10 05:15:19,,,,
240.0,2021.0,3,6.0,2021-03-06 00:00:00.000000,dry,6.6,3.2,11.6,69.5,0.0,3.3,0,0.0,ASOS_DAILY,2025-07-10 05:15:19,,,,
241.0,2021.0,3,7.0,2021-03-07 00:00:00.000000,dry,6.2,2.1,12.2,62.9,0.0,2.8,0,0.0,ASOS_DAILY,2025-07-10 05:15:19,,,,
242.0,2021.0,3,8.0,2021-03-08 00:00:00.000000,dry,7.0,1.5,13.9,60.3,0.0,1.8,0,0.0,ASOS_DAILY,2025-07-10 05:15:19,,,,
243.0,2021.0,3,9.0,2021-03-09 00:00:00.000000,dry,6.6,2.1,12.2,58.5,0.0,2.2,0,0.0,ASOS_DAILY,2025-07-10 05:15:19,,,,
244.0,2021.0,3,10.0,2021-03-10 00:00:00.000000,dry,8.8,1.7,17.1,61.8,0.0,1.8,0,0.0,ASOS_DAILY,2025-07-10 05:15:19,,,,
245.0,2021.0,3,11.0,2021-03-11 00:00:00.000000,dry,10.2,4.7,17.1,50.8,0.0,1.8,0,0.0,ASOS_DAILY,2025-07-10 05:15:19,,,,
246.0,2021.0,3,12.0,2021-03-12 00:00:00.000000,dry,10.5,7.2,14.9,57.0,0.0,2.2,0,0.0,ASOS_DAILY,2025-07-10 05:15:19,,,,
247.0,2021.0,3,13.0,2021-03-13 00:00:00.000000,dry,9.2,4.6,14.2,62.8,0.0,2.2,0,0.0,ASOS_DAILY,2025-07-10 05:15:19,,,,
248.0,2021.0,3,14.0,2021-03-14 00:00:00.000000,dry,9.1,4.9,14.7,71.4,0.0,2.2,0,0.0,ASOS_DAILY,2025-07-10 05:15:19,,,,
249.0,2021.0,3,15.0,2021-03-15 00:00:00.000000,dry,10.6,5.1,15.7,68.8,1.7,2.4,0,0.0,ASOS_DAILY,2025-07-10 05:15:19,,,,
250.0,2021.0,3,16.0,2021-03-16 00:00:00.000000,dry,8.4,4.9,13.1,52.5,1.3,3.2,0,0.0,ASOS_DAILY,2025-07-10 05:15:19,,,,
251.0,2021.0,3,17.0,2021-03-17 00:00:00.000000,dry,8.8,1.8,17.5,44.9,0.0,1.8,0,0.0,ASOS_DAILY,2025-07-10 05:15:19,,,,
252.0,2021.0,3,18.0,2021-03-18 00:00:00.000000,dry,11.7,5.0,18.4,50.1,0.0,1.8,0,0.0,ASOS_DAILY,2025-07-10 05:15:19,,,,
253.0,2021.0,3,19.0,2021-03-19 00:00:00.000000,dry,15.3,11.4,20.2,47.9,0.0,2.2,0,0.0,ASOS_DAILY,2025-07-10 05:15:19,,,,
254.0,2021.0,3,20.0,2021-03-20 00:00:00.000000,dry,9.9,7.4,14.7,74.6,5.1,2.2,0,0.0,ASOS_DAILY,2025-07-10 05:15:19,,,,
255.0,2021.0,3,21.0,2021-03-21 00:00:00.000000,dry,5.8,3.1,8.6,65.9,0.3,4.0,0,0.0,ASOS_DAILY,2025-07-10 05:15:19,,,,
256.0,2021.0,3,22.0,2021-03-22 00:00:00.000000,dry,6.2,1.1,11.1,55.3,0.0,3.2,0,0.0,ASOS_DAILY,2025-07-10 05:15:19,,,,
257.0,2021.0,3,23.0,2021-03-23 00:00:00.000000,dry,9.1,2.5,16.4,63.5,0.0,2.5,0,0.0,ASOS_DAILY,2025-07-10 05:15:19,,,,
258.0,2021.0,3,24.0,2021-03-24 00:00:00.000000,dry,10.8,5.7,16.9,61.5,0.0,2.4,0,0.0,ASOS_DAILY,2025-07-10 05:15:19,,,,
259.0,2021.0,3,25.0,2021-03-25 00:00:00.000000,dry,11.9,6.8,19.0,68.5,0.0,2.2,0,0.0,ASOS_DAILY,2025-07-10 05:15:19,,,,
260.0,2021.0,3,26.0,2021-03-26 00:00:00.000000,dry,12.6,4.8,20.6,58.4,0.0,1.4,0,0.0,ASOS_DAILY,2025-07-10 05:15:19,,,,
261.0,2021.0,3,27.0,2021-03-27 00:00:00.000000,dry,12.1,10.2,15.0,70.9,25.5,2.5,0,0.0,ASOS_DAILY,2025-07-10 05:15:19,,,,
262.0,2021.0,3,28.0,2021-03-28 00:00:00.000000,dry,9.0,7.7,13.0,95.8,9.2,3.3,0,0.0,ASOS_DAILY,2025-07-10 05:15:19,,,,
263.0,2021.0,3,29.0,2021-03-29 00:00:00.000000,dry,10.2,7.3,14.6,62.3,0.2,3.3,0,0.0,ASOS_DAILY,2025-07-10 05:15:19,,,,
264.0,2021.0,3,30.0,2021-03-30 00:00:00.000000,dry,10.8,4.1,18.2,47.3,0.0,2.2,0,0.0,ASOS_DAILY,2025-07-10 05:15:19,,,,
265.0,2021.0,3,31.0,2021-03-31 00:00:00.000000,dry,14.5,5.9,22.9,41.0,0.0,1.8,0,0.0,ASOS_DAILY,2025-07-10 05:15:19,,,,
266.0,2021.0,4,1.0,2021-04-01 00:00:00.000000,dry,17.7,12.0,24.0,33.0,0.0,3.5,0,0.0,ASOS_DAILY,2025-07-10 05:15:19,,,,
267.0,2021.0,4,2.0,2021-04-02 00:00:00.000000,dry,17.8,12.5,23.0,35.6,0.0,3.2,0,0.0,ASOS_DAILY,2025-07-10 05:15:19,,,,
268.0,2021.0,4,3.0,2021-04-03 00:00:00.000000,dry,14.9,10.9,18.0,80.8,56.2,3.1,1,0.0,ASOS_DAILY,2025-07-10 05:15:19,,,,
269.0,2021.0,4,4.0,2021-04-04 00:00:00.000000,dry,11.9,9.0,15.8,65.8,0.6,3.2,0,0.0,ASOS_DAILY,2025-07-10 05:15:19,,,,
270.0,2021.0,4,5.0,2021-04-05 00:00:00.000000,dry,11.9,5.4,19.3,47.9,0.0,2.4,0,0.0,ASOS_DAILY,2025-07-10 05:15:19,,,,
271.0,2021.0,4,6.0,2021-04-06 00:00:00.000000,dry,13.9,9.4,19.2,50.9,0.0,2.5,0,0.0,ASOS_DAILY,2025-07-10 05:15:19,,,,
272.0,2021.0,4,7.0,2021-04-07 00:00:00.000000,dry,14.1,8.1,20.4,47.5,0.0,2.5,0,0.0,ASOS_DAILY,2025-07-10 05:15:19,,,,
273.0,2021.0,4,8.0,2021-04-08 00:00:00.000000,dry,13.0,7.2,18.0,34.0,0.0,2.7,0,0.0,ASOS_DAILY,2025-07-10 05:15:19,,,,
274.0,2021.0,4,9.0,2021-04-09 00:00:00.000000,dry,13.6,7.6,19.6,39.3,0.0,2.7,0,0.0,ASOS_DAILY,2025-07-10 05:15:19,,,,
275.0,2021.0,4,10.0,2021-04-10 00:00:00.000000,dry,12.6,7.7,18.8,50.0,0.0,2.6,0,0.0,ASOS_DAILY,2025-07-10 05:15:19,,,,
276.0,2021.0,4,11.0,2021-04-11 00:00:00.000000,dry,15.0,7.5,21.8,45.4,0.0,1.7,0,0.0,ASOS_DAILY,2025-07-10 05:15:19,,,,
277.0,2021.0,4,12.0,2021-04-12 00:00:00.000000,dry,13.8,11.9,17.8,70.4,22.0,2.4,0,0.0,ASOS_DAILY,2025-07-10 05:15:19,,,,
278.0,2021.0,4,13.0,2021-04-13 00:00:00.000000,dry,10.4,5.7,13.5,74.0,8.0,3.7,0,0.0,ASOS_DAILY,2025-07-10 05:15:19,,,,
279.0,2021.0,4,14.0,2021-04-14 00:00:00.000000,dry,8.4,3.1,13.3,58.5,0.0,2.9,0,0.0,ASOS_DAILY,2025-07-10 05:15:19,,,,
280.0,2021.0,4,15.0,2021-04-15 00:00:00.000000,dry,11.6,6.3,18.3,62.3,0.0,2.1,0,0.0,ASOS_DAILY,2025-07-10 05:15:19,,,,
281.0,2021.0,4,16.0,2021-04-16 00:00:00.000000,dry,11.3,8.1,14.8,60.0,0.7,2.6,0,0.0,ASOS_DAILY,2025-07-10 05:15:19,,,,
282.0,2021.0,4,17.0,2021-04-17 00:00:00.000000,dry,9.6,6.0,14.6,56.6,0.0,2.6,0,0.0,ASOS_DAILY,2025-07-10 05:15:19,,,,
283.0,2021.0,4,18.0,2021-04-18 00:00:00.000000,dry,9.9,5.6,15.3,64.3,0.0,3.2,0,0.0,ASOS_DAILY,2025-07-10 05:15:19,,,,
284.0,2021.0,4,19.0,2021-04-19 00:00:00.000000,dry,12.2,5.8,19.4,65.3,0.0,2.4,0,0.0,ASOS_DAILY,2025-07-10 05:15:19,,,,
285.0,2021.0,4,20.0,2021-04-20 00:00:00.000000,dry,14.8,8.1,22.0,55.1,0.0,1.9,0,0.0,ASOS_DAILY,2025-07-10 05:15:19,,,,
286.0,2021.0,4,21.0,2021-04-21 00:00:00.000000,dry,19.1,10.3,28.2,43.1,0.0,1.8,0,0.0,ASOS_DAILY,2025-07-10 05:15:19,,,,
287.0,2021.0,4,22.0,2021-04-22 00:00:00.000000,dry,20.9,16.1,27.5,37.9,0.0,2.5,0,0.0,ASOS_DAILY,2025-07-10 05:15:19,,,,
288.0,2021.0,4,23.0,2021-04-23 00:00:00.000000,dry,19.0,17.0,21.7,41.4,0.0,3.2,0,0.0,ASOS_DAILY,2025-07-10 05:15:19,,,,
289.0,2021.0,4,24.0,2021-04-24 00:00:00.000000,dry,18.3,15.3,22.2,43.0,0.0,2.7,0,0.0,ASOS_DAILY,2025-07-10 05:15:19,,,,
290.0,2021.0,4,25.0,2021-04-25 00:00:00.000000,dry,18.2,12.6,24.0,50.0,0.0,2.7,0,0.0,ASOS_DAILY,2025-07-10 05:15:19,,,,
291.0,2021.0,4,26.0,2021-04-26 00:00:00.000000,dry,16.2,12.3,20.6,51.8,0.0,2.6,0,0.0,ASOS_DAILY,2025-07-10 05:15:19,,,,
292.0,2021.0,4,27.0,2021-04-27 00:00:00.000000,dry,15.4,12.5,20.0,62.4,1.7,2.3,0,0.0,ASOS_DAILY,2025-07-10 05:15:19,,,,
293.0,2021.0,4,28.0,2021-04-28 00:00:00.000000,dry,14.5,11.2,18.2,64.1,4.7,2.4,0,0.0,ASOS_DAILY,2025-07-10 05:15:19,,,,
294.0,2021.0,4,29.0,2021-04-29 00:00:00.000000,dry,14.6,10.9,20.1,54.1,3.9,2.3,0,0.0,ASOS_DAILY,2025-07-10 05:15:19,,,,
295.0,2021.0,4,30.0,2021-04-30 00:00:00.000000,dry,11.3,8.6,14.6,81.8,26.3,2.4,0,0.0,ASOS_DAILY,2025-07-10 05:15:19,,,,
296.0,2021.0,5,1.0,2021-05-01 00:00:00.000000,rainy,10.2,8.5,15.3,80.8,8.0,2.7,0,0.0,ASOS_DAILY,2025-07-10 05:15:19,,,,
297.0,2021.0,5,2.0,2021-05-02 00:00:00.000000,rainy,12.4,7.3,18.7,67.9,1.7,3.1,0,0.0,ASOS_DAILY,2025-07-10 05:15:19,,,,
298.0,2021.0,5,3.0,2021-05-03 00:00:00.000000,rainy,14.1,8.4,20.3,56.4,0.0,2.1,0,0.0,ASOS_DAILY,2025-07-10 05:15:19,,,,
299.0,2021.0,5,4.0,2021-05-04 00:00:00.000000,rainy,13.8,11.4,15.8,82.6,19.6,2.1,0,0.0,ASOS_DAILY,2025-07-10 05:15:19,,,,
300.0,2021.0,5,5.0,2021-05-05 00:00:00.000000,rainy,13.9,10.3,18.4,64.4,0.1,3.5,0,0.0,ASOS_DAILY,2025-07-10 05:15:19,,,,
301.0,2021.0,5,6.0,2021-05-06 00:00:00.000000,rainy,15.7,7.9,23.1,46.4,0.0,2.4,0,0.0,ASOS_DAILY,2025-07-10 05:15:19,,,,
302.0,2021.0,5,7.0,2021-05-07 00:00:00.000000,rainy,14.4,10.7,17.2,60.3,8.8,3.4,0,0.0,ASOS_DAILY,2025-07-10 05:15:19,,,,
303.0,2021.0,5,8.0,2021-05-08 00:00:00.000000,rainy,14.3,8.9,21.0,66.1,0.0,3.4,0,0.0,ASOS_DAILY,2025-07-10 05:15:19,,,,
304.0,2021.0,5,9.0,2021-05-09 00:00:00.000000,rainy,15.7,10.0,21.8,51.3,0.0,3.5,0,0.0,ASOS_DAILY,2025-07-10 05:15:19,,,,
305.0,2021.0,5,10.0,2021-05-10 00:00:00.000000,rainy,13.2,11.7,14.6,67.9,0.0,1.8,0,0.0,ASOS_DAILY,2025-07-10 05:15:19,,,,
306.0,2021.0,5,11.0,2021-05-11 00:00:00.000000,rainy,18.5,9.4,25.7,48.9,0.0,2.7,0,0.0,ASOS_DAILY,2025-07-10 05:15:19,,,,
307.0,2021.0,5,12.0,2021-05-12 00:00:00.000000,rainy,22.0,16.9,27.7,39.5,0.0,2.2,0,0.0,ASOS_DAILY,2025-07-10 05:15:19,,,,
308.0,2021.0,5,13.0,2021-05-13 00:00:00.000000,rainy,22.9,16.6,29.6,54.4,0.0,1.9,0,0.0,ASOS_DAILY,2025-07-10 05:15:19,,,,
309.0,2021.0,5,14.0,2021-05-14 00:00:00.000000,rainy,24.1,18.0,30.8,60.3,0.0,1.7,0,0.0,ASOS_DAILY,2025-07-10 05:15:19,,,,
310.0,2021.0,5,15.0,2021-05-15 00:00:00.000000,rainy,22.1,20.8,26.2,79.5,15.0,1.7,0,0.0,ASOS_DAILY,2025-07-10 05:15:19,,,,
311.0,2021.0,5,16.0,2021-05-16 00:00:00.000000,rainy,18.4,14.8,20.8,97.6,66.9,2.5,1,0.0,ASOS_DAILY,2025-07-10 05:15:19,,,,
312.0,2021.0,5,17.0,2021-05-17 00:00:00.000000,rainy,15.3,14.2,16.7,93.0,3.1,1.6,0,0.0,ASOS_DAILY,2025-07-10 05:15:19,,,,
313.0,2021.0,5,18.0,2021-05-18 00:00:00.000000,rainy,17.9,13.6,24.5,70.5,0.0,1.7,0,0.0,ASOS_DAILY,2025-07-10 05:15:19,,,,
314.0,2021.0,5,19.0,2021-05-19 00:00:00.000000,rainy,19.9,12.4,26.6,52.3,0.0,1.8,0,0.0,ASOS_DAILY,2025-07-10 05:15:19,,,,
315.0,2021.0,5,20.0,2021-05-20 00:00:00.000000,rainy,18.7,15.6,22.9,59.8,0.9,2.5,0,0.0,ASOS_DAILY,2025-07-10 05:15:19,,,,
316.0,2021.0,5,21.0,2021-05-21 00:00:00.000000,rainy,16.0,14.2,18.2,86.5,6.9,1.7,0,0.0,ASOS_DAILY,2025-07-10 05:15:19,,,,
317.0,2021.0,5,22.0,2021-05-22 00:00:00.000000,rainy,18.6,13.8,23.8,69.3,0.2,2.5,0,0.0,ASOS_DAILY,2025-07-10 05:15:19,,,,
318.0,2021.0,5,23.0,2021-05-23 00:00:00.000000,rainy,19.5,14.3,25.1,64.4,0.0,1.7,0,0.0,ASOS_DAILY,2025-07-10 05:15:19,,,,
319.0,2021.0,5,24.0,2021-05-24 00:00:00.000000,rainy,19.4,16.4,24.5,61.0,0.0,2.7,0,0.0,ASOS_DAILY,2025-07-10 05:15:19,,,,
320.0,2021.0,5,25.0,2021-05-25 00:00:00.000000,rainy,15.3,11.9,19.3,72.3,8.3,3.2,0,0.0,ASOS_DAILY,2025-07-10 05:15:19,,,,
321.0,2021.0,5,26.0,2021-05-26 00:00:00.000000,rainy,18.0,11.5,23.0,58.5,0.0,2.9,0,0.0,ASOS_DAILY,2025-07-10 05:15:19,,,,
322.0,2021.0,5,27.0,2021-05-27 00:00:00.000000,rainy,15.8,13.9,18.7,83.0,8.9,2.8,0,0.0,ASOS_DAILY,2025-07-10 05:15:19,,,,
323.0,2021.0,5,28.0,2021-05-28 00:00:00.000000,rainy,15.3,12.4,19.7,86.0,12.3,2.6,0,0.0,ASOS_DAILY,2025-07-10 05:15:19,,,,
324.0,2021.0,5,29.0,2021-05-29 00:00:00.000000,rainy,15.4,12.8,19.1,79.8,0.3,2.2,0,0.0,ASOS_DAILY,2025-07-10 05:15:19,,,,
325.0,2021.0,5,30.0,2021-05-30 00:00:00.000000,rainy,18.4,10.8,26.3,73.0,18.1,2.1,0,0.0,ASOS_DAILY,2025-07-10 05:15:19,,,,
326.0,2021.0,5,31.0,2021-05-31 00:00:00.000000,rainy,19.9,16.5,23.8,78.9,4.0,1.8,0,0.0,ASOS_DAILY,2025-07-10 05:15:19,,,,
327.0,2021.0,6,1.0,2021-06-01 00:00:00.000000,rainy,20.2,15.9,23.9,74.6,3.2,2.2,0,0.0,ASOS_DAILY,2025-07-10 05:15:19,,,,
328.0,2021.0,6,2.0,2021-06-02 00:00:00.000000,rainy,23.2,16.6,29.7,64.4,0.0,2.1,0,0.0,ASOS_DAILY,2025-07-10 05:15:19,,,,
329.0,2021.0,6,3.0,2021-06-03 00:00:00.000000,rainy,19.1,14.6,22.7,80.8,18.1,1.8,0,0.0,ASOS_DAILY,2025-07-10 05:15:19,,,,
330.0,2021.0,6,4.0,2021-06-04 00:00:00.000000,rainy,18.5,13.3,23.6,69.4,0.0,2.9,0,0.0,ASOS_DAILY,2025-07-10 05:15:19,,,,
331.0,2021.0,6,5.0,2021-06-05 00:00:00.000000,rainy,20.8,17.0,25.7,68.1,0.0,3.3,0,0.0,ASOS_DAILY,2025-07-10 05:15:19,,,,
332.0,2021.0,6,6.0,2021-06-06 00:00:00.000000,rainy,23.0,18.4,28.2,69.6,0.0,2.2,0,0.0,ASOS_DAILY,2025-07-10 05:15:19,,,,
333.0,2021.0,6,7.0,2021-06-07 00:00:00.000000,rainy,21.1,19.4,24.0,71.5,0.0,1.7,0,0.0,ASOS_DAILY,2025-07-10 05:15:19,,,,
334.0,2021.0,6,8.0,2021-06-08 00:00:00.000000,rainy,23.6,18.8,29.5,69.6,0.1,1.7,0,0.0,ASOS_DAILY,2025-07-10 05:15:19,,,,
335.0,2021.0,6,9.0,2021-06-09 00:00:00.000000,rainy,25.8,19.5,31.6,59.1,0.0,1.6,0,0.0,ASOS_DAILY,2025-07-10 05:15:19,,,,
336.0,2021.0,6,10.0,2021-06-10 00:00:00.000000,rainy,24.9,20.5,29.8,68.5,6.1,2.2,0,0.0,ASOS_DAILY,2025-07-10 05:15:19,,,,
337.0,2021.0,6,11.0,2021-06-11 00:00:00.000000,rainy,21.5,19.9,24.4,84.5,4.6,2.8,0,0.0,ASOS_DAILY,2025-07-10 05:15:19,,,,
338.0,2021.0,6,12.0,2021-06-12 00:00:00.000000,rainy,24.2,18.2,30.2,74.6,0.0,1.8,0,0.0,ASOS_DAILY,2025-07-10 05:15:19,,,,
339.0,2021.0,6,13.0,2021-06-13 00:00:00.000000,rainy,24.8,20.9,29.7,72.6,0.0,2.0,0,0.0,ASOS_DAILY,2025-07-10 05:15:19,,,,
340.0,2021.0,6,14.0,2021-06-14 00:00:00.000000,rainy,24.8,18.9,30.2,68.8,0.0,2.1,0,0.0,ASOS_DAILY,2025-07-10 05:15:19,,,,
341.0,2021.0,6,15.0,2021-06-15 00:00:00.000000,rainy,22.5,21.5,25.3,79.1,1.9,2.3,0,0.0,ASOS_DAILY,2025-07-10 05:15:19,,,,
342.0,2021.0,6,16.0,2021-06-16 00:00:00.000000,rainy,24.3,20.3,28.9,59.9,0.0,3.6,0,0.0,ASOS_DAILY,2025-07-10 05:15:19,,,,
343.0,2021.0,6,17.0,2021-06-17 00:00:00.000000,rainy,21.9,19.6,25.0,71.4,0.0,2.4,0,0.0,ASOS_DAILY,2025-07-10 05:15:19,,,,
344.0,2021.0,6,18.0,2021-06-18 00:00:00.000000,rainy,20.0,19.0,21.4,92.1,6.3,2.5,0,0.0,ASOS_DAILY,2025-07-10 05:15:19,,,,
345.0,2021.0,6,19.0,2021-06-19 00:00:00.000000,rainy,22.3,17.5,27.4,74.0,0.0,1.8,0,0.0,ASOS_DAILY,2025-07-10 05:15:19,,,,
346.0,2021.0,6,20.0,2021-06-20 00:00:00.000000,rainy,22.9,17.6,29.0,73.3,0.0,2.8,0,0.0,ASOS_DAILY,2025-07-10 05:15:19,,,,
347.0,2021.0,6,21.0,2021-06-21 00:00:00.000000,rainy,23.6,19.2,28.5,67.0,0.0,2.2,0,0.0,ASOS_DAILY,2025-07-10 05:15:19,,,,
348.0,2021.0,6,22.0,2021-06-22 00:00:00.000000,rainy,22.8,19.7,28.6,67.9,0.0,2.1,0,0.0,ASOS_DAILY,2025-07-10 05:15:19,,,,
349.0,2021.0,6,23.0,2021-06-23 00:00:00.000000,rainy,22.4,18.8,27.9,70.5,7.5,2.4,0,0.0,ASOS_DAILY,2025-07-10 05:15:19,,,,
350.0,2021.0,6,24.0,2021-06-24 00:00:00.000000,rainy,23.0,18.5,28.0,71.1,0.0,1.9,0,0.0,ASOS_DAILY,2025-07-10 05:15:19,,,,
351.0,2021.0,6,25.0,2021-06-25 00:00:00.000000,rainy,24.1,19.5,29.5,69.0,0.0,2.0,0,0.0,ASOS_DAILY,2025-07-10 05:15:19,,,,
352.0,2021.0,6,26.0,2021-06-26 00:00:00.000000,rainy,22.8,19.9,26.7,78.5,4.5,1.8,0,0.0,ASOS_DAILY,2025-07-10 05:15:19,,,,
353.0,2021.0,6,27.0,2021-06-27 00:00:00.000000,rainy,24.5,19.8,30.8,72.1,38.2,2.0,0,0.0,ASOS_DAILY,2025-07-10 05:15:19,,,,
354.0,2021.0,6,28.0,2021-06-28 00:00:00.000000,rainy,23.7,21.0,29.2,76.4,0.1,1.9,0,0.0,ASOS_DAILY,2025-07-10 05:15:19,,,,
355.0,2021.0,6,29.0,2021-06-29 00:00:00.000000,rainy,23.9,21.3,28.4,78.6,8.0,1.8,0,0.0,ASOS_DAILY,2025-07-10 05:15:19,,,,
356.0,2021.0,6,30.0,2021-06-30 00:00:00.000000,rainy,24.3,21.0,28.8,77.9,6.0,1.3,0,0.0,ASOS_DAILY,2025-07-10 05:15:19,,,,
357.0,2021.0,7,1.0,2021-07-01 00:00:00.000000,rainy,26.3,21.4,31.0,70.9,0.0,1.8,0,0.0,ASOS_DAILY,2025-07-10 05:15:19,,,,
358.0,2021.0,7,2.0,2021-07-02 00:00:00.000000,rainy,27.1,23.6,31.8,64.1,0.0,2.3,0,0.0,ASOS_DAILY,2025-07-10 05:15:19,,,,
359.0,2021.0,7,3.0,2021-07-03 00:00:00.000000,rainy,22.6,19.6,25.7,80.0,60.0,3.6,1,0.0,ASOS_DAILY,2025-07-10 05:15:19,,,,
360.0,2021.0,7,4.0,2021-07-04 00:00:00.000000,rainy,21.4,19.8,23.1,96.8,21.4,2.3,0,0.0,ASOS_DAILY,2025-07-10 05:15:19,,,,
361.0,2021.0,7,5.0,2021-07-05 00:00:00.000000,rainy,23.3,20.1,26.9,80.3,0.0,1.4,0,0.0,ASOS_DAILY,2025-07-10 05:15:19,,,,
362.0,2021.0,7,6.0,2021-07-06 00:00:00.000000,rainy,25.3,21.0,30.1,73.4,0.0,1.6,0,0.0,ASOS_DAILY,2025-07-10 05:15:19,,,,
363.0,2021.0,7,7.0,2021-07-07 00:00:00.000000,rainy,26.4,23.9,29.1,78.5,12.7,1.5,0,0.0,ASOS_DAILY,2025-07-10 05:15:19,,,,
364.0,2021.0,7,8.0,2021-07-08 00:00:00.000000,rainy,26.0,23.8,29.8,81.6,2.9,2.0,0,0.0,ASOS_DAILY,2025-07-10 05:15:19,,,,
365.0,2021.0,7,9.0,2021-07-09 00:00:00.000000,rainy,25.5,23.6,29.2,77.3,0.0,1.9,0,0.0,ASOS_DAILY,2025-07-10 05:15:19,,,,
366.0,2021.0,7,10.0,2021-07-10 00:00:00.000000,rainy,25.9,23.1,29.2,80.4,0.5,2.4,0,0.0,ASOS_DAILY,2025-07-10 05:15:19,,,,
367.0,2021.0,7,11.0,2021-07-11 00:00:00.000000,rainy,25.7,24.1,27.5,86.8,0.4,2.2,0,0.0,ASOS_DAILY,2025-07-10 05:15:19,,,,
368.0,2021.0,7,12.0,2021-07-12 00:00:00.000000,rainy,28.1,23.8,32.5,75.1,0.0,1.6,0,0.0,ASOS_DAILY,2025-07-10 05:15:19,,,,
369.0,2021.0,7,13.0,2021-07-13 00:00:00.000000,rainy,28.8,26.3,31.5,76.1,0.0,1.7,0,0.0,ASOS_DAILY,2025-07-10 05:15:19,,,,
370.0,2021.0,7,14.0,2021-07-14 00:00:00.000000,rainy,29.7,26.1,33.5,71.4,0.0,2.2,0,0.0,ASOS_DAILY,2025-07-10 05:15:19,,,,
371.0,2021.0,7,15.0,2021-07-15 00:00:00.000000,rainy,29.1,25.9,34.5,71.1,0.0,2.1,0,0.0,ASOS_DAILY,2025-07-10 05:15:19,,,,
372.0,2021.0,7,16.0,2021-07-16 00:00:00.000000,rainy,28.8,24.2,35.2,68.4,0.0,2.2,0,0.0,ASOS_DAILY,2025-07-10 05:15:19,,,,
373.0,2021.0,7,17.0,2021-07-17 00:00:00.000000,rainy,29.1,24.7,32.8,63.1,0.0,2.3,0,0.0,ASOS_DAILY,2025-07-10 05:15:19,,,,
374.0,2021.0,7,18.0,2021-07-18 00:00:00.000000,rainy,29.6,25.7,34.1,62.5,0.0,2.1,0,0.0,ASOS_DAILY,2025-07-10 05:15:19,,,,
375.0,2021.0,7,19.0,2021-07-19 00:00:00.000000,rainy,26.4,24.0,30.5,80.1,67.4,1.9,1,0.0,ASOS_DAILY,2025-07-10 05:15:19,,,,
376.0,2021.0,7,20.0,2021-07-20 00:00:00.000000,rainy,27.9,23.6,31.8,75.8,0.0,1.5,0,0.0,ASOS_DAILY,2025-07-10 05:15:19,,,,
377.0,2021.0,7,21.0,2021-07-21 00:00:00.000000,rainy,30.5,25.3,35.3,64.0,0.0,1.7,0,0.0,ASOS_DAILY,2025-07-10 05:15:19,,,,
378.0,2021.0,7,22.0,2021-07-22 00:00:00.000000,rainy,31.2,26.5,35.9,59.8,0.0,2.0,0,0.0,ASOS_DAILY,2025-07-10 05:15:19,,,,
379.0,2021.0,7,23.0,2021-07-23 00:00:00.000000,rainy,31.2,27.2,35.8,61.8,0.0,1.8,0,0.0,ASOS_DAILY,2025-07-10 05:15:19,,,,
380.0,2021.0,7,24.0,2021-07-24 00:00:00.000000,rainy,31.7,26.9,36.5,57.4,0.0,1.7,0,0.0,ASOS_DAILY,2025-07-10 05:15:19,,,,
381.0,2021.0,7,25.0,2021-07-25 00:00:00.000000,rainy,31.5,27.2,35.9,55.8,0.0,2.0,0,0.0,ASOS_DAILY,2025-07-10 05:15:19,,,,
382.0,2021.0,7,26.0,2021-07-26 00:00:00.000000,rainy,31.2,27.4,35.4,54.9,0.0,2.4,0,0.0,ASOS_DAILY,2025-07-10 05:15:19,,,,
383.0,2021.0,7,27.0,2021-07-27 00:00:00.000000,rainy,31.1,27.8,35.7,60.5,0.0,2.1,0,0.0,ASOS_DAILY,2025-07-10 05:15:19,,,,
384.0,2021.0,7,28.0,2021-07-28 00:00:00.000000,rainy,30.4,27.1,34.7,67.4,0.0,1.9,0,0.0,ASOS_DAILY,2025-07-10 05:15:19,,,,
385.0,2021.0,7,29.0,2021-07-29 00:00:00.000000,rainy,29.6,27.0,33.3,69.9,0.0,2.0,0,0.0,ASOS_DAILY,2025-07-10 05:15:19,,,,
386.0,2021.0,7,30.0,2021-07-30 00:00:00.000000,rainy,30.5,25.8,35.4,63.1,0.0,2.1,0,0.0,ASOS_DAILY,2025-07-10 05:15:19,,,,
387.0,2021.0,7,31.0,2021-07-31 00:00:00.000000,rainy,29.8,26.8,34.3,69.9,3.0,2.5,0,0.0,ASOS_DAILY,2025-07-10 05:15:19,,,,
388.0,2021.0,8,1.0,2021-08-01 00:00:00.000000,rainy,27.1,25.1,28.8,81.8,21.0,1.3,0,0.0,ASOS_DAILY,2025-07-10 05:15:19,,,,
389.0,2021.0,8,2.0,2021-08-02 00:00:00.000000,rainy,26.5,25.0,28.6,82.6,1.7,1.6,0,0.0,ASOS_DAILY,2025-07-10 05:15:19,,,,
390.0,2021.0,8,3.0,2021-08-03 00:00:00.000000,rainy,28.0,24.1,31.4,76.9,0.0,1.8,0,0.0,ASOS_DAILY,2025-07-10 05:15:19,,,,
391.0,2021.0,8,4.0,2021-08-04 00:00:00.000000,rainy,28.9,26.3,33.2,70.6,0.0,2.0,0,0.0,ASOS_DAILY,2025-07-10 05:15:19,,,,
392.0,2021.0,8,5.0,2021-08-05 00:00:00.000000,rainy,29.4,25.6,33.7,68.1,0.0,2.1,0,0.0,ASOS_DAILY,2025-07-10 05:15:19,,,,
393.0,2021.0,8,6.0,2021-08-06 00:00:00.000000,rainy,28.1,26.0,32.2,68.4,0.0,2.1,0,0.0,ASOS_DAILY,2025-07-10 05:15:19,,,,
394.0,2021.0,8,7.0,2021-08-07 00:00:00.000000,rainy,28.0,23.4,32.3,65.0,0.0,2.1,0,0.0,ASOS_DAILY,2025-07-10 05:15:19,,,,
395.0,2021.0,8,8.0,2021-08-08 00:00:00.000000,rainy,26.8,24.4,32.1,74.8,12.7,1.7,0,0.0,ASOS_DAILY,2025-07-10 05:15:19,,,,
396.0,2021.0,8,9.0,2021-08-09 00:00:00.000000,rainy,28.3,23.3,33.6,62.4,0.0,2.3,0,0.0,ASOS_DAILY,2025-07-10 05:15:19,,,,
397.0,2021.0,8,10.0,2021-08-10 00:00:00.000000,rainy,27.7,24.3,32.2,62.5,0.0,2.3,0,0.0,ASOS_DAILY,2025-07-10 05:15:19,,,,
398.0,2021.0,8,11.0,2021-08-11 00:00:00.000000,rainy,27.4,24.1,31.6,70.3,0.0,2.0,0,0.0,ASOS_DAILY,2025-07-10 05:15:19,,,,
399.0,2021.0,8,12.0,2021-08-12 00:00:00.000000,rainy,26.8,24.0,31.7,67.1,0.0,1.8,0,0.0,ASOS_DAILY,2025-07-10 05:15:19,,,,
400.0,2021.0,8,13.0,2021-08-13 00:00:00.000000,rainy,26.6,23.4,30.1,70.4,0.0,2.0,0,0.0,ASOS_DAILY,2025-07-10 05:15:19,,,,
401.0,2021.0,8,14.0,2021-08-14 00:00:00.000000,rainy,26.1,23.4,30.5,63.9,0.0,3.0,0,0.0,ASOS_DAILY,2025-07-10 05:15:19,,,,
402.0,2021.0,8,15.0,2021-08-15 00:00:00.000000,rainy,26.9,21.7,32.4,59.6,0.0,2.3,0,0.0,ASOS_DAILY,2025-07-10 05:15:19,,,,
403.0,2021.0,8,16.0,2021-08-16 00:00:00.000000,rainy,27.3,22.5,32.8,61.1,0.0,2.3,0,0.0,ASOS_DAILY,2025-07-10 05:15:19,,,,
404.0,2021.0,8,17.0,2021-08-17 00:00:00.000000,rainy,25.9,21.9,31.3,65.0,9.3,2.4,0,0.0,ASOS_DAILY,2025-07-10 05:15:19,,,,
405.0,2021.0,8,18.0,2021-08-18 00:00:00.000000,rainy,24.3,20.6,31.0,69.6,5.6,2.8,0,0.0,ASOS_DAILY,2025-07-10 05:15:19,,,,
406.0,2021.0,8,19.0,2021-08-19 00:00:00.000000,rainy,26.0,21.0,31.5,57.1,0.0,2.6,0,0.0,ASOS_DAILY,2025-07-10 05:15:19,,,,
407.0,2021.0,8,20.0,2021-08-20 00:00:00.000000,rainy,26.6,22.6,30.7,63.6,0.0,2.3,0,0.0,ASOS_DAILY,2025-07-10 05:15:19,,,,
408.0,2021.0,8,21.0,2021-08-21 00:00:00.000000,rainy,23.8,21.0,25.5,88.1,62.8,2.7,1,0.0,ASOS_DAILY,2025-07-10 05:15:19,,,,
409.0,2021.0,8,22.0,2021-08-22 00:00:00.000000,rainy,24.4,22.4,27.0,81.5,0.0,2.1,0,0.0,ASOS_DAILY,2025-07-10 05:15:19,,,,
410.0,2021.0,8,23.0,2021-08-23 00:00:00.000000,rainy,22.4,21.0,24.0,89.3,7.4,2.0,0,0.0,ASOS_DAILY,2025-07-10 05:15:19,,,,
411.0,2021.0,8,24.0,2021-08-24 00:00:00.000000,rainy,23.4,21.1,26.4,93.6,10.5,2.9,0,0.0,ASOS_DAILY,2025-07-10 05:15:19,,,,
412.0,2021.0,8,25.0,2021-08-25 00:00:00.000000,rainy,25.0,23.5,27.3,85.5,0.3,1.8,0,0.0,ASOS_DAILY,2025-07-10 05:15:19,,,,
413.0,2021.0,8,26.0,2021-08-26 00:00:00.000000,rainy,25.5,22.9,27.9,84.9,0.7,2.5,0,0.0,ASOS_DAILY,2025-07-10 05:15:19,,,,
414.0,2021.0,8,27.0,2021-08-27 00:00:00.000000,rainy,22.4,20.4,25.5,83.5,0.9,1.3,0,0.0,ASOS_DAILY,2025-07-10 05:15:19,,,,
415.0,2021.0,8,28.0,2021-08-28 00:00:00.000000,rainy,23.6,19.7,28.2,80.4,0.0,1.8,0,0.0,ASOS_DAILY,2025-07-10 05:15:19,,,,
416.0,2021.0,8,29.0,2021-08-29 00:00:00.000000,rainy,23.7,21.9,26.3,82.6,0.9,1.6,0,0.0,ASOS_DAILY,2025-07-10 05:15:19,,,,
417.0,2021.0,8,30.0,2021-08-30 00:00:00.000000,rainy,24.2,21.2,27.7,77.5,0.0,1.4,0,0.0,ASOS_DAILY,2025-07-10 05:15:19,,,,
418.0,2021.0,8,31.0,2021-08-31 00:00:00.000000,rainy,20.5,18.1,23.1,93.3,77.4,2.3,1,0.0,ASOS_DAILY,2025-07-10 05:15:19,,,,
419.0,2021.0,9,1.0,2021-09-01 00:00:00.000000,rainy,21.4,18.5,23.9,83.1,0.8,2.9,0,0.0,ASOS_DAILY,2025-07-10 05:15:19,,,,
420.0,2021.0,9,2.0,2021-09-02 00:00:00.000000,rainy,23.5,20.7,26.7,70.3,0.0,2.1,0,0.0,ASOS_DAILY,2025-07-10 05:15:19,,,,
421.0,2021.0,9,3.0,2021-09-03 00:00:00.000000,rainy,24.3,20.6,29.2,60.3,0.0,2.4,0,0.0,ASOS_DAILY,2025-07-10 05:15:19,,,,
422.0,2021.0,9,4.0,2021-09-04 00:00:00.000000,rainy,23.2,18.5,28.6,57.0,0.0,2.7,0,0.0,ASOS_DAILY,2025-07-10 05:15:19,,,,
423.0,2021.0,9,5.0,2021-09-05 00:00:00.000000,rainy,23.1,19.4,27.3,61.1,0.0,3.2,0,0.0,ASOS_DAILY,2025-07-10 05:15:19,,,,
424.0,2021.0,9,6.0,2021-09-06 00:00:00.000000,rainy,22.3,18.0,26.4,70.1,12.0,3.2,0,0.0,ASOS_DAILY,2025-07-10 05:15:19,,,,
425.0,2021.0,9,7.0,2021-09-07 00:00:00.000000,rainy,19.6,17.6,20.9,98.1,29.6,2.3,0,0.0,ASOS_DAILY,2025-07-10 05:15:19,,,,
426.0,2021.0,9,8.0,2021-09-08 00:00:00.000000,rainy,22.2,19.0,26.9,81.3,1.6,1.7,0,0.0,ASOS_DAILY,2025-07-10 05:15:19,,,,
427.0,2021.0,9,9.0,2021-09-09 00:00:00.000000,rainy,23.5,19.1,29.1,76.5,0.0,1.5,0,0.0,ASOS_DAILY,2025-07-10 05:15:19,,,,
428.0,2021.0,9,10.0,2021-09-10 00:00:00.000000,rainy,23.6,19.5,28.9,76.0,0.0,1.9,0,0.0,ASOS_DAILY,2025-07-10 05:15:19,,,,
429.0,2021.0,9,11.0,2021-09-11 00:00:00.000000,rainy,24.0,19.9,29.4,73.1,0.0,1.7,0,0.0,ASOS_DAILY,2025-07-10 05:15:19,,,,
430.0,2021.0,9,12.0,2021-09-12 00:00:00.000000,rainy,24.2,19.2,29.8,64.6,0.0,1.8,0,0.0,ASOS_DAILY,2025-07-10 05:15:19,,,,
431.0,2021.0,9,13.0,2021-09-13 00:00:00.000000,rainy,24.8,20.8,30.3,67.1,0.0,2.4,0,0.0,ASOS_DAILY,2025-07-10 05:15:19,,,,
432.0,2021.0,9,14.0,2021-09-14 00:00:00.000000,rainy,24.6,20.0,29.5,63.3,0.0,2.6,0,0.0,ASOS_DAILY,2025-07-10 05:15:19,,,,
433.0,2021.0,9,15.0,2021-09-15 00:00:00.000000,rainy,23.6,19.5,28.9,57.5,0.0,3.6,0,0.0,ASOS_DAILY,2025-07-10 05:15:19,,,,
434.0,2021.0,9,16.0,2021-09-16 00:00:00.000000,rainy,22.9,18.0,27.3,61.1,0.0,2.6,0,0.0,ASOS_DAILY,2025-07-10 05:15:19,,,,
435.0,2021.0,9,17.0,2021-09-17 00:00:00.000000,rainy,23.5,20.5,28.2,61.4,0.0,3.0,0,0.0,ASOS_DAILY,2025-07-10 05:15:19,,,,
436.0,2021.0,9,18.0,2021-09-18 00:00:00.000000,rainy,23.9,18.9,29.8,65.1,0.0,1.6,0,0.0,ASOS_DAILY,2025-07-10 05:15:19,,,,
437.0,2021.0,9,19.0,2021-09-19 00:00:00.000000,rainy,23.7,20.8,27.8,62.9,0.0,1.9,0,0.0,ASOS_DAILY,2025-07-10 05:15:19,,,,
438.0,2021.0,9,20.0,2021-09-20 00:00:00.000000,rainy,23.7,19.0,28.4,63.6,0.0,2.7,0,0.0,ASOS_DAILY,2025-07-10 05:15:19,,,,
439.0,2021.0,9,21.0,2021-09-21 00:00:00.000000,rainy,22.0,17.4,26.2,85.1,68.1,2.9,1,0.0,ASOS_DAILY,2025-07-10 05:15:19,,,,
440.0,2021.0,9,22.0,2021-09-22 00:00:00.000000,rainy,20.2,16.8,24.3,79.0,4.5,2.7,0,0.0,ASOS_DAILY,2025-07-10 05:15:19,,,,
441.0,2021.0,9,23.0,2021-09-23 00:00:00.000000,rainy,20.9,16.9,25.9,67.3,0.0,2.4,0,0.0,ASOS_DAILY,2025-07-10 05:15:19,,,,
442.0,2021.0,9,24.0,2021-09-24 00:00:00.000000,rainy,21.8,16.7,26.9,67.5,0.0,2.2,0,0.0,ASOS_DAILY,2025-07-10 05:15:19,,,,
443.0,2021.0,9,25.0,2021-09-25 00:00:00.000000,rainy,21.2,18.7,23.1,72.6,0.0,2.3,0,0.0,ASOS_DAILY,2025-07-10 05:15:19,,,,
444.0,2021.0,9,26.0,2021-09-26 00:00:00.000000,rainy,22.6,18.4,27.3,63.0,0.0,2.3,0,0.0,ASOS_DAILY,2025-07-10 05:15:19,,,,
445.0,2021.0,9,27.0,2021-09-27 00:00:00.000000,rainy,21.6,18.7,25.0,66.0,0.0,2.4,0,0.0,ASOS_DAILY,2025-07-10 05:15:19,,,,
446.0,2021.0,9,28.0,2021-09-28 00:00:00.000000,rainy,21.5,19.6,24.4,75.1,1.3,2.2,0,0.0,ASOS_DAILY,2025-07-10 05:15:19,,,,
447.0,2021.0,9,29.0,2021-09-29 00:00:00.000000,rainy,20.2,17.8,21.4,93.5,13.1,1.7,0,0.0,ASOS_DAILY,2025-07-10 05:15:19,,,,
448.0,2021.0,9,30.0,2021-09-30 00:00:00.000000,rainy,20.3,16.0,25.9,83.9,0.0,1.5,0,0.0,ASOS_DAILY,2025-07-10 05:15:19,,,,
449.0,2021.0,10,1.0,2021-10-01 00:00:00.000000,dry,21.1,16.9,27.5,75.8,13.3,2.4,0,0.0,ASOS_DAILY,2025-07-10 05:15:19,,,,
450.0,2021.0,10,2.0,2021-10-02 00:00:00.000000,dry,20.7,16.4,26.6,77.1,0.0,1.6,0,0.0,ASOS_DAILY,2025-07-10 05:15:19,,,,
451.0,2021.0,10,3.0,2021-10-03 00:00:00.000000,dry,22.3,17.1,28.8,69.5,0.0,1.9,0,0.0,ASOS_DAILY,2025-07-10 05:15:19,,,,
452.0,2021.0,10,4.0,2021-10-04 00:00:00.000000,dry,22.9,19.2,25.6,81.0,3.6,2.9,0,0.0,ASOS_DAILY,2025-07-10 05:15:19,,,,
453.0,2021.0,10,5.0,2021-10-05 00:00:00.000000,dry,23.6,21.7,26.5,82.4,0.0,3.3,0,0.0,ASOS_DAILY,2025-07-10 05:15:19,,,,
454.0,2021.0,10,6.0,2021-10-06 00:00:00.000000,dry,18.8,17.9,21.7,91.5,6.4,2.8,0,0.0,ASOS_DAILY,2025-07-10 05:15:19,,,,
455.0,2021.0,10,7.0,2021-10-07 00:00:00.000000,dry,19.4,17.9,21.9,85.5,4.6,1.9,0,0.0,ASOS_DAILY,2025-07-10 05:15:19,,,,
456.0,2021.0,10,8.0,2021-10-08 00:00:00.000000,dry,18.8,17.5,20.0,91.3,3.5,1.7,0,0.0,ASOS_DAILY,2025-07-10 05:15:19,,,,
457.0,2021.0,10,9.0,2021-10-09 00:00:00.000000,dry,20.9,18.5,24.1,83.5,0.4,2.3,0,0.0,ASOS_DAILY,2025-07-10 05:15:19,,,,
458.0,2021.0,10,10.0,2021-10-10 00:00:00.000000,dry,19.9,14.9,24.3,89.0,14.2,2.2,0,0.0,ASOS_DAILY,2025-07-10 05:15:19,,,,
459.0,2021.0,10,11.0,2021-10-11 00:00:00.000000,dry,15.2,12.6,17.8,78.6,0.3,2.2,0,0.0,ASOS_DAILY,2025-07-10 05:15:19,,,,
460.0,2021.0,10,12.0,2021-10-12 00:00:00.000000,dry,17.9,15.8,21.3,67.1,0.0,3.3,0,0.0,ASOS_DAILY,2025-07-10 05:15:19,,,,
461.0,2021.0,10,13.0,2021-10-13 00:00:00.000000,dry,19.6,14.9,25.2,66.6,0.0,2.4,0,0.0,ASOS_DAILY,2025-07-10 05:15:19,,,,
462.0,2021.0,10,14.0,2021-10-14 00:00:00.000000,dry,19.7,17.4,23.9,73.6,0.0,2.0,0,0.0,ASOS_DAILY,2025-07-10 05:15:19,,,,
463.0,2021.0,10,15.0,2021-10-15 00:00:00.000000,dry,19.0,17.0,21.4,74.4,0.0,2.1,0,0.0,ASOS_DAILY,2025-07-10 05:15:19,,,,
464.0,2021.0,10,16.0,2021-10-16 00:00:00.000000,dry,10.7,4.2,18.1,47.5,0.0,3.4,0,0.0,ASOS_DAILY,2025-07-10 05:15:19,,,,
465.0,2021.0,10,17.0,2021-10-17 00:00:00.000000,dry,5.6,1.3,10.8,37.4,0.0,2.9,0,0.0,ASOS_DAILY,2025-07-10 05:15:19,,,,
466.0,2021.0,10,18.0,2021-10-18 00:00:00.000000,dry,9.6,2.8,16.1,60.4,5.6,2.0,0,0.0,ASOS_DAILY,2025-07-10 05:15:19,,,,
467.0,2021.0,10,19.0,2021-10-19 00:00:00.000000,dry,10.9,7.1,15.0,72.8,4.4,2.4,0,0.0,ASOS_DAILY,2025-07-10 05:15:19,,,,
468.0,2021.0,10,20.0,2021-10-20 00:00:00.000000,dry,9.5,4.6,15.8,64.9,0.0,1.7,0,0.0,ASOS_DAILY,2025-07-10 05:15:19,,,,
469.0,2021.0,10,21.0,2021-10-21 00:00:00.000000,dry,9.8,4.9,16.2,64.1,0.0,1.7,0,0.0,ASOS_DAILY,2025-07-10 05:15:19,,,,
470.0,2021.0,10,22.0,2021-10-22 00:00:00.000000,dry,10.8,5.2,17.2,58.4,0.0,1.8,0,0.0,ASOS_DAILY,2025-07-10 05:15:19,,,,
471.0,2021.0,10,23.0,2021-10-23 00:00:00.000000,dry,11.4,5.7,18.4,57.3,0.0,1.6,0,0.0,ASOS_DAILY,2025-07-10 05:15:19,,,,
472.0,2021.0,10,24.0,2021-10-24 00:00:00.000000,dry,11.4,6.0,18.1,63.1,0.0,1.7,0,0.0,ASOS_DAILY,2025-07-10 05:15:19,,,,
473.0,2021.0,10,25.0,2021-10-25 00:00:00.000000,dry,11.7,6.3,17.6,64.5,0.0,1.9,0,0.0,ASOS_DAILY,2025-07-10 05:15:19,,,,
474.0,2021.0,10,26.0,2021-10-26 00:00:00.000000,dry,13.0,7.7,19.0,74.5,0.0,1.7,0,0.0,ASOS_DAILY,2025-07-10 05:15:19,,,,
475.0,2021.0,10,27.0,2021-10-27 00:00:00.000000,dry,13.4,9.8,18.1,63.4,0.0,2.2,0,0.0,ASOS_DAILY,2025-07-10 05:15:19,,,,
476.0,2021.0,10,28.0,2021-10-28 00:00:00.000000,dry,12.7,7.1,20.0,54.6,0.0,1.4,0,0.0,ASOS_DAILY,2025-07-10 05:15:19,,,,
477.0,2021.0,10,29.0,2021-10-29 00:00:00.000000,dry,14.6,10.5,20.6,55.9,0.0,2.0,0,0.0,ASOS_DAILY,2025-07-10 05:15:19,,,,
478.0,2021.0,10,30.0,2021-10-30 00:00:00.000000,dry,13.8,11.0,18.0,62.4,0.0,1.6,0,0.0,ASOS_DAILY,2025-07-10 05:15:19,,,,
479.0,2021.0,10,31.0,2021-10-31 00:00:00.000000,dry,14.1,9.2,20.3,73.3,0.7,1.6,0,0.0,ASOS_DAILY,2025-07-10 05:15:19,,,,
480.0,2021.0,11,1.0,2021-11-01 00:00:00.000000,dry,12.9,10.3,16.9,77.3,0.0,1.9,0,0.0,ASOS_DAILY,2025-07-10 05:15:19,,,,
481.0,2021.0,11,2.0,2021-11-02 00:00:00.000000,dry,11.5,7.9,16.9,76.6,0.0,1.7,0,0.0,ASOS_DAILY,2025-07-10 05:15:19,,,,
482.0,2021.0,11,3.0,2021-11-03 00:00:00.000000,dry,12.1,7.6,17.1,71.1,0.0,1.5,0,0.0,ASOS_DAILY,2025-07-10 05:15:19,,,,
483.0,2021.0,11,4.0,2021-11-04 00:00:00.000000,dry,12.1,8.4,16.3,80.4,0.0,1.3,0,0.0,ASOS_DAILY,2025-07-10 05:15:19,,,,
484.0,2021.0,11,5.0,2021-11-05 00:00:00.000000,dry,13.0,7.8,20.2,68.5,0.0,1.5,0,0.0,ASOS_DAILY,2025-07-10 05:15:19,,,,
485.0,2021.0,11,6.0,2021-11-06 00:00:00.000000,dry,14.1,8.8,21.3,61.1,0.0,1.6,0,0.0,ASOS_DAILY,2025-07-10 05:15:19,,,,
486.0,2021.0,11,7.0,2021-11-07 00:00:00.000000,dry,15.3,9.7,21.3,57.5,0.0,2.1,0,0.0,ASOS_DAILY,2025-07-10 05:15:19,,,,
487.0,2021.0,11,8.0,2021-11-08 00:00:00.000000,dry,8.6,4.5,15.5,82.1,25.7,3.2,0,0.0,ASOS_DAILY,2025-07-10 05:15:19,,,,
488.0,2021.0,11,9.0,2021-11-09 00:00:00.000000,dry,4.9,3.0,6.5,80.3,2.0,2.4,0,0.0,ASOS_DAILY,2025-07-10 05:15:19,,,,
489.0,2021.0,11,10.0,2021-11-10 00:00:00.000000,dry,4.2,0.7,7.7,73.4,0.3,2.5,0,0.0,ASOS_DAILY,2025-07-10 05:15:19,,,,
490.0,2021.0,11,11.0,2021-11-11 00:00:00.000000,dry,5.3,2.1,9.7,60.6,0.0,2.9,0,0.0,ASOS_DAILY,2025-07-10 05:15:19,,,,
491.0,2021.0,11,12.0,2021-11-12 00:00:00.000000,dry,4.5,1.3,8.6,55.4,0.0,2.6,0,0.0,ASOS_DAILY,2025-07-10 05:15:19,,,,
492.0,2021.0,11,13.0,2021-11-13 00:00:00.000000,dry,7.3,0.5,13.4,66.1,0.0,1.5,0,0.0,ASOS_DAILY,2025-07-10 05:15:19,,,,
493.0,2021.0,11,14.0,2021-11-14 00:00:00.000000,dry,11.3,7.8,16.4,69.8,0.0,2.2,0,0.0,ASOS_DAILY,2025-07-10 05:15:19,,,,
494.0,2021.0,11,15.0,2021-11-15 00:00:00.000000,dry,10.1,5.8,15.7,71.3,0.0,1.6,0,0.0,ASOS_DAILY,2025-07-10 05:15:19,,,,
495.0,2021.0,11,16.0,2021-11-16 00:00:00.000000,dry,8.5,4.4,13.6,65.5,0.0,1.9,0,0.0,ASOS_DAILY,2025-07-10 05:15:19,,,,
496.0,2021.0,11,17.0,2021-11-17 00:00:00.000000,dry,7.5,2.7,12.5,64.1,0.0,1.6,0,0.0,ASOS_DAILY,2025-07-10 05:15:19,,,,
497.0,2021.0,11,18.0,2021-11-18 00:00:00.000000,dry,11.9,7.7,16.2,70.8,0.0,2.4,0,0.0,ASOS_DAILY,2025-07-10 05:15:19,,,,
498.0,2021.0,11,19.0,2021-11-19 00:00:00.000000,dry,12.9,10.2,16.7,84.8,0.0,1.9,0,0.0,ASOS_DAILY,2025-07-10 05:15:19,,,,
499.0,2021.0,11,20.0,2021-11-20 00:00:00.000000,dry,10.4,6.8,15.6,77.0,0.0,1.6,0,0.0,ASOS_DAILY,2025-07-10 05:15:19,,,,
500.0,2021.0,11,21.0,2021-11-21 00:00:00.000000,dry,10.4,7.6,13.1,74.4,5.9,1.9,0,0.0,ASOS_DAILY,2025-07-10 05:15:19,,,,
501.0,2021.0,11,22.0,2021-11-22 00:00:00.000000,dry,2.7,-0.6,7.5,61.8,1.3,4.1,0,0.0,ASOS_DAILY,2025-07-10 05:15:29,,,,
502.0,2021.0,11,23.0,2021-11-23 00:00:00.000000,dry,-0.6,-3.7,2.3,60.9,0.0,3.2,0,0.0,ASOS_DAILY,2025-07-10 05:15:29,,,,
503.0,2021.0,11,24.0,2021-11-24 00:00:00.000000,dry,4.1,-2.6,9.1,64.3,0.0,1.9,0,0.0,ASOS_DAILY,2025-07-10 05:15:29,,,,
504.0,2021.0,11,25.0,2021-11-25 00:00:00.000000,dry,5.7,2.6,9.9,55.0,0.0,2.2,0,0.0,ASOS_DAILY,2025-07-10 05:15:29,,,,
505.0,2021.0,11,26.0,2021-11-26 00:00:00.000000,dry,2.9,-0.5,7.2,57.5,0.0,2.2,0,0.0,ASOS_DAILY,2025-07-10 05:15:29,,,,
506.0,2021.0,11,27.0,2021-11-27 00:00:00.000000,dry,3.4,-1.4,10.1,53.0,0.0,1.6,0,0.0,ASOS_DAILY,2025-07-10 05:15:29,,,,
507.0,2021.0,11,28.0,2021-11-28 00:00:00.000000,dry,5.1,-1.3,12.4,52.4,0.0,1.5,0,0.0,ASOS_DAILY,2025-07-10 05:15:29,,,,
508.0,2021.0,11,29.0,2021-11-29 00:00:00.000000,dry,7.6,2.5,13.7,62.0,0.0,1.6,0,0.0,ASOS_DAILY,2025-07-10 05:15:29,,,,
509.0,2021.0,11,30.0,2021-11-30 00:00:00.000000,dry,5.7,0.7,8.9,80.4,27.2,3.7,0,0.0,ASOS_DAILY,2025-07-10 05:15:29,,,,
510.0,2021.0,12,1.0,2021-12-01 00:00:00.000000,dry,-1.3,-3.0,1.5,51.8,0.0,4.2,0,0.0,ASOS_DAILY,2025-07-10 05:15:29,,,,
511.0,2021.0,12,2.0,2021-12-02 00:00:00.000000,dry,1.3,-4.6,5.0,68.9,0.1,2.1,0,0.0,ASOS_DAILY,2025-07-10 05:15:29,,,,
512.0,2021.0,12,3.0,2021-12-03 00:00:00.000000,dry,1.9,-1.8,4.6,53.3,0.4,2.9,0,0.0,ASOS_DAILY,2025-07-10 05:15:29,,,,
513.0,2021.0,12,4.0,2021-12-04 00:00:00.000000,dry,1.4,-2.7,7.0,48.5,0.0,2.0,0,0.0,ASOS_DAILY,2025-07-10 05:15:29,,,,
514.0,2021.0,12,5.0,2021-12-05 00:00:00.000000,dry,2.9,-2.3,9.6,50.4,0.0,1.4,0,0.0,ASOS_DAILY,2025-07-10 05:15:29,,,,
515.0,2021.0,12,6.0,2021-12-06 00:00:00.000000,dry,5.4,-0.7,12.1,61.4,0.0,1.6,0,0.0,ASOS_DAILY,2025-07-10 05:15:29,,,,
516.0,2021.0,12,7.0,2021-12-07 00:00:00.000000,dry,6.8,2.6,13.3,68.3,0.0,1.2,0,0.0,ASOS_DAILY,2025-07-10 05:15:29,,,,
517.0,2021.0,12,8.0,2021-12-08 00:00:00.000000,dry,6.7,1.9,13.3,70.0,0.0,1.5,0,0.0,ASOS_DAILY,2025-07-10 05:15:29,,,,
518.0,2021.0,12,9.0,2021-12-09 00:00:00.000000,dry,6.5,2.7,9.7,70.3,0.0,2.2,0,0.0,ASOS_DAILY,2025-07-10 05:15:29,,,,
519.0,2021.0,12,10.0,2021-12-10 00:00:00.000000,dry,7.0,5.8,8.2,81.5,0.7,2.1,0,0.0,ASOS_DAILY,2025-07-10 05:15:29,,,,
520.0,2021.0,12,11.0,2021-12-11 00:00:00.000000,dry,6.0,4.4,9.8,83.6,0.0,1.4,0,0.0,ASOS_DAILY,2025-07-10 05:15:29,,,,
521.0,2021.0,12,12.0,2021-12-12 00:00:00.000000,dry,1.2,-3.8,5.1,61.8,0.0,3.2,0,0.0,ASOS_DAILY,2025-07-10 05:15:29,,,,
522.0,2021.0,12,13.0,2021-12-13 00:00:00.000000,dry,-2.2,-5.9,1.9,43.8,0.0,2.3,0,0.0,ASOS_DAILY,2025-07-10 05:15:29,,,,
523.0,2021.0,12,14.0,2021-12-14 00:00:00.000000,dry,3.7,-0.7,8.2,64.9,1.2,2.0,0,0.0,ASOS_DAILY,2025-07-10 05:15:29,,,,
524.0,2021.0,12,15.0,2021-12-15 00:00:00.000000,dry,7.2,5.4,10.0,84.8,2.1,1.7,0,0.0,ASOS_DAILY,2025-07-10 05:15:29,,,,
525.0,2021.0,12,16.0,2021-12-16 00:00:00.000000,dry,6.4,3.3,9.8,71.6,0.0,1.8,0,0.0,ASOS_DAILY,2025-07-10 05:15:29,,,,
526.0,2021.0,12,17.0,2021-12-17 00:00:00.000000,dry,-5.6,-10.1,3.2,50.5,0.0,4.6,0,0.0,ASOS_DAILY,2025-07-10 05:15:29,,,,
527.0,2021.0,12,18.0,2021-12-18 00:00:00.000000,dry,-5.7,-11.2,-1.8,64.1,2.8,2.0,0,0.0,ASOS_DAILY,2025-07-10 05:15:29,,,,
528.0,2021.0,12,19.0,2021-12-19 00:00:00.000000,dry,-0.8,-5.8,4.2,63.8,0.2,2.0,0,0.0,ASOS_DAILY,2025-07-10 05:15:29,,,,
529.0,2021.0,12,20.0,2021-12-20 00:00:00.000000,dry,5.2,-0.9,11.1,77.9,0.0,2.1,0,0.0,ASOS_DAILY,2025-07-10 05:15:29,,,,
530.0,2021.0,12,21.0,2021-12-21 00:00:00.000000,dry,5.2,0.8,8.9,70.9,0.0,2.0,0,0.0,ASOS_DAILY,2025-07-10 05:15:29,,,,
531.0,2021.0,12,22.0,2021-12-22 00:00:00.000000,dry,2.2,-2.6,8.2,47.4,0.0,1.7,0,0.0,ASOS_DAILY,2025-07-10 05:15:29,,,,
532.0,2021.0,12,23.0,2021-12-23 00:00:00.000000,dry,2.7,-1.5,8.3,53.5,0.0,1.4,0,0.0,ASOS_DAILY,2025-07-10 05:15:29,,,,
533.0,2021.0,12,24.0,2021-12-24 00:00:00.000000,dry,-0.3,-7.3,3.2,65.3,0.2,2.6,0,0.0,ASOS_DAILY,2025-07-10 05:15:29,,,,
534.0,2021.0,12,25.0,2021-12-25 00:00:00.000000,dry,-11.7,-14.4,-7.3,42.4,0.0,3.9,0,0.0,ASOS_DAILY,2025-07-10 05:15:29,,,,
535.0,2021.0,12,26.0,2021-12-26 00:00:00.000000,dry,-12.1,-15.5,-7.3,43.5,0.0,3.1,0,0.0,ASOS_DAILY,2025-07-10 05:15:29,,,,
536.0,2021.0,12,27.0,2021-12-27 00:00:00.000000,dry,-7.6,-12.9,-3.9,60.9,0.0,1.7,0,0.0,ASOS_DAILY,2025-07-10 05:15:29,,,,
537.0,2021.0,12,28.0,2021-12-28 00:00:00.000000,dry,-4.1,-8.5,-0.9,73.8,0.0,2.2,0,0.0,ASOS_DAILY,2025-07-10 05:15:29,,,,
538.0,2021.0,12,29.0,2021-12-29 00:00:00.000000,dry,0.4,-3.8,5.9,72.9,0.2,2.6,0,0.0,ASOS_DAILY,2025-07-10 05:15:29,,,,
539.0,2021.0,12,30.0,2021-12-30 00:00:00.000000,dry,-3.9,-6.8,0.2,48.5,0.0,3.3,0,0.0,ASOS_DAILY,2025-07-10 05:15:29,,,,
540.0,2021.0,12,31.0,2021-12-31 00:00:00.000000,dry,-6.7,-8.8,-3.9,35.9,0.0,3.5,0,0.0,ASOS_DAILY,2025-07-10 05:15:29,,,,
541.0,2022.0,1,1.0,2022-01-01 00:00:00.000000,dry,-4.3,-10.2,2.3,46.3,0.0,1.5,0,0.0,ASOS_DAILY,2025-07-10 05:15:29,,,,
542.0,2022.0,1,2.0,2022-01-02 00:00:00.000000,dry,-1.3,-5.2,3.0,57.9,0.3,2.3,0,0.0,ASOS_DAILY,2025-07-10 05:15:29,,,,
543.0,2022.0,1,3.0,2022-01-03 00:00:00.000000,dry,-1.9,-8.0,2.5,58.3,0.0,1.8,0,0.0,ASOS_DAILY,2025-07-10 05:15:29,,,,
544.0,2022.0,1,4.0,2022-01-04 00:00:00.000000,dry,-2.5,-5.6,1.0,51.8,0.0,2.4,0,0.0,ASOS_DAILY,2025-07-10 05:15:29,,,,
545.0,2022.0,1,5.0,2022-01-05 00:00:00.000000,dry,-2.8,-7.8,1.9,47.6,0.0,1.7,0,0.0,ASOS_DAILY,2025-07-10 05:15:29,,,,
546.0,2022.0,1,6.0,2022-01-06 00:00:00.000000,dry,-2.2,-5.9,3.3,47.1,0.0,2.3,0,0.0,ASOS_DAILY,2025-07-10 05:15:29,,,,
547.0,2022.0,1,7.0,2022-01-07 00:00:00.000000,dry,-1.6,-5.9,4.5,47.1,0.0,1.5,0,0.0,ASOS_DAILY,2025-07-10 05:15:29,,,,
548.0,2022.0,1,8.0,2022-01-08 00:00:00.000000,dry,0.3,-5.0,3.7,64.3,0.0,1.7,0,0.0,ASOS_DAILY,2025-07-10 05:15:29,,,,
549.0,2022.0,1,9.0,2022-01-09 00:00:00.000000,dry,1.3,-1.2,5.6,71.5,0.0,1.7,0,0.0,ASOS_DAILY,2025-07-10 05:15:29,,,,
550.0,2022.0,1,10.0,2022-01-10 00:00:00.000000,dry,0.5,-3.4,4.4,68.3,0.9,2.0,0,0.0,ASOS_DAILY,2025-07-10 05:15:29,,,,
551.0,2022.0,1,11.0,2022-01-11 00:00:00.000000,dry,-7.4,-10.3,0.3,55.5,0.2,4.0,0,0.0,ASOS_DAILY,2025-07-10 05:15:29,,,,
552.0,2022.0,1,12.0,2022-01-12 00:00:00.000000,dry,-7.7,-11.3,-3.4,47.8,0.0,2.4,0,0.0,ASOS_DAILY,2025-07-10 05:15:29,,,,
553.0,2022.0,1,13.0,2022-01-13 00:00:00.000000,dry,-6.4,-8.9,-3.1,45.8,0.0,3.3,0,0.0,ASOS_DAILY,2025-07-10 05:15:29,,,,
554.0,2022.0,1,14.0,2022-01-14 00:00:00.000000,dry,-4.8,-10.1,1.3,41.8,0.0,1.7,0,0.0,ASOS_DAILY,2025-07-10 05:15:29,,,,
555.0,2022.0,1,15.0,2022-01-15 00:00:00.000000,dry,-1.0,-5.3,1.8,48.3,0.0,1.9,0,0.0,ASOS_DAILY,2025-07-10 05:15:29,,,,
556.0,2022.0,1,16.0,2022-01-16 00:00:00.000000,dry,-2.0,-7.2,2.4,54.5,0.0,3.3,0,0.0,ASOS_DAILY,2025-07-10 05:15:29,,,,
557.0,2022.0,1,17.0,2022-01-17 00:00:00.000000,dry,-5.8,-9.2,0.1,59.9,0.5,2.2,0,0.0,ASOS_DAILY,2025-07-10 05:15:29,,,,
558.0,2022.0,1,18.0,2022-01-18 00:00:00.000000,dry,-5.6,-9.9,-0.7,47.9,0.0,2.3,0,0.0,ASOS_DAILY,2025-07-10 05:15:29,,,,
559.0,2022.0,1,19.0,2022-01-19 00:00:00.000000,dry,-5.3,-7.7,-2.7,72.3,1.7,2.1,0,0.0,ASOS_DAILY,2025-07-10 05:15:29,,,,
560.0,2022.0,1,20.0,2022-01-20 00:00:00.000000,dry,-5.0,-9.8,0.9,63.5,0.0,1.8,0,0.0,ASOS_DAILY,2025-07-10 05:15:29,,,,
561.0,2022.0,1,21.0,2022-01-21 00:00:00.000000,dry,-2.7,-8.7,4.6,55.6,0.0,1.8,0,0.0,ASOS_DAILY,2025-07-10 05:15:29,,,,
562.0,2022.0,1,22.0,2022-01-22 00:00:00.000000,dry,0.3,-5.0,7.1,52.4,0.0,1.7,0,0.0,ASOS_DAILY,2025-07-10 05:15:29,,,,
563.0,2022.0,1,23.0,2022-01-23 00:00:00.000000,dry,2.0,-0.6,6.7,52.4,0.0,1.7,0,0.0,ASOS_DAILY,2025-07-10 05:15:29,,,,
564.0,2022.0,1,24.0,2022-01-24 00:00:00.000000,dry,4.6,1.3,8.4,56.0,0.0,3.5,0,0.0,ASOS_DAILY,2025-07-10 05:15:29,,,,
565.0,2022.0,1,25.0,2022-01-25 00:00:00.000000,dry,2.8,1.9,4.5,80.0,0.7,2.3,0,0.0,ASOS_DAILY,2025-07-10 05:15:29,,,,
566.0,2022.0,1,26.0,2022-01-26 00:00:00.000000,dry,1.3,-1.9,6.8,62.8,0.0,2.2,0,0.0,ASOS_DAILY,2025-07-10 05:15:29,,,,
567.0,2022.0,1,27.0,2022-01-27 00:00:00.000000,dry,-1.1,-4.6,4.0,50.0,0.0,2.1,0,0.0,ASOS_DAILY,2025-07-10 05:15:29,,,,
568.0,2022.0,1,28.0,2022-01-28 00:00:00.000000,dry,-2.7,-5.9,2.1,51.6,0.0,2.8,0,0.0,ASOS_DAILY,2025-07-10 05:15:29,,,,
569.0,2022.0,1,29.0,2022-01-29 00:00:00.000000,dry,-3.6,-7.2,0.9,48.9,0.0,2.4,0,0.0,ASOS_DAILY,2025-07-10 05:15:29,,,,
570.0,2022.0,1,30.0,2022-01-30 00:00:00.000000,dry,-2.8,-8.0,2.4,45.4,0.0,2.2,0,0.0,ASOS_DAILY,2025-07-10 05:15:29,,,,
571.0,2022.0,1,31.0,2022-01-31 00:00:00.000000,dry,-0.7,-6.8,4.8,59.0,1.2,1.9,0,0.0,ASOS_DAILY,2025-07-10 05:15:29,,,,
572.0,2022.0,2,1.0,2022-02-01 00:00:00.000000,dry,-1.3,-2.7,0.9,76.6,1.7,2.6,0,0.0,ASOS_DAILY,2025-07-10 05:15:29,,,,
573.0,2022.0,2,2.0,2022-02-02 00:00:00.000000,dry,-3.4,-6.0,0.0,60.5,0.0,2.4,0,0.0,ASOS_DAILY,2025-07-10 05:15:29,,,,
574.0,2022.0,2,3.0,2022-02-03 00:00:00.000000,dry,-3.4,-6.9,0.4,52.4,0.0,2.4,0,0.0,ASOS_DAILY,2025-07-10 05:15:29,,,,
575.0,2022.0,2,4.0,2022-02-04 00:00:00.000000,dry,-5.2,-8.2,-0.7,53.3,0.0,3.1,0,0.0,ASOS_DAILY,2025-07-10 05:15:29,,,,
576.0,2022.0,2,5.0,2022-02-05 00:00:00.000000,dry,-6.6,-9.7,-2.0,48.8,0.0,3.1,0,0.0,ASOS_DAILY,2025-07-10 05:15:29,,,,
577.0,2022.0,2,6.0,2022-02-06 00:00:00.000000,dry,-3.9,-8.4,1.7,50.3,0.0,2.5,0,0.0,ASOS_DAILY,2025-07-10 05:15:29,,,,
578.0,2022.0,2,7.0,2022-02-07 00:00:00.000000,dry,-2.5,-7.3,1.9,51.3,0.0,1.8,0,0.0,ASOS_DAILY,2025-07-10 05:15:29,,,,
579.0,2022.0,2,8.0,2022-02-08 00:00:00.000000,dry,-0.1,-4.1,5.6,53.8,0.0,1.9,0,0.0,ASOS_DAILY,2025-07-10 05:15:29,,,,
580.0,2022.0,2,9.0,2022-02-09 00:00:00.000000,dry,1.0,-4.3,7.2,52.3,0.0,1.8,0,0.0,ASOS_DAILY,2025-07-10 05:15:29,,,,
581.0,2022.0,2,10.0,2022-02-10 00:00:00.000000,dry,1.4,-3.2,6.7,57.8,0.0,2.3,0,0.0,ASOS_DAILY,2025-07-10 05:15:29,,,,
582.0,2022.0,2,11.0,2022-02-11 00:00:00.000000,dry,2.9,-2.6,8.8,61.1,0.0,1.8,0,0.0,ASOS_DAILY,2025-07-10 05:15:29,,,,
583.0,2022.0,2,12.0,2022-02-12 00:00:00.000000,dry,4.8,-0.1,10.4,50.4,0.0,1.7,0,0.0,ASOS_DAILY,2025-07-10 05:15:29,,,,
584.0,2022.0,2,13.0,2022-02-13 00:00:00.000000,dry,4.8,1.6,9.5,44.9,0.0,1.8,0,0.0,ASOS_DAILY,2025-07-10 05:15:29,,,,
585.0,2022.0,2,14.0,2022-02-14 00:00:00.000000,dry,2.5,-1.3,8.1,68.3,1.7,2.9,0,0.0,ASOS_DAILY,2025-07-10 05:15:29,,,,
586.0,2022.0,2,15.0,2022-02-15 00:00:00.000000,dry,-4.7,-7.7,-1.3,58.0,0.0,3.8,0,0.0,ASOS_DAILY,2025-07-10 05:15:29,,,,
587.0,2022.0,2,16.0,2022-02-16 00:00:00.000000,dry,-7.3,-9.6,-4.1,50.4,0.0,3.7,0,0.0,ASOS_DAILY,2025-07-10 05:15:29,,,,
588.0,2022.0,2,17.0,2022-02-17 00:00:00.000000,dry,-6.2,-10.7,-0.5,41.6,0.0,2.5,0,0.0,ASOS_DAILY,2025-07-10 05:15:29,,,,
589.0,2022.0,2,18.0,2022-02-18 00:00:00.000000,dry,-1.2,-8.0,5.7,40.4,0.0,2.0,0,0.0,ASOS_DAILY,2025-07-10 05:15:29,,,,
590.0,2022.0,2,19.0,2022-02-19 00:00:00.000000,dry,-1.7,-6.2,3.7,52.9,0.1,2.9,0,0.0,ASOS_DAILY,2025-07-10 05:15:29,,,,
591.0,2022.0,2,20.0,2022-02-20 00:00:00.000000,dry,-4.8,-8.4,-0.5,41.1,0.0,4.1,0,0.0,ASOS_DAILY,2025-07-10 05:15:29,,,,
592.0,2022.0,2,21.0,2022-02-21 00:00:00.000000,dry,-3.0,-8.1,3.6,56.3,0.1,2.9,0,0.0,ASOS_DAILY,2025-07-10 05:15:29,,,,
593.0,2022.0,2,22.0,2022-02-22 00:00:00.000000,dry,-4.5,-8.0,0.5,43.3,0.0,3.2,0,0.0,ASOS_DAILY,2025-07-10 05:15:29,,,,
594.0,2022.0,2,23.0,2022-02-23 00:00:00.000000,dry,-5.6,-10.0,-0.6,38.5,0.0,2.6,0,0.0,ASOS_DAILY,2025-07-10 05:15:29,,,,
595.0,2022.0,2,24.0,2022-02-24 00:00:00.000000,dry,-2.4,-8.5,3.7,52.4,0.0,2.2,0,0.0,ASOS_DAILY,2025-07-10 05:15:29,,,,
596.0,2022.0,2,25.0,2022-02-25 00:00:00.000000,dry,3.0,-3.6,8.4,77.5,0.0,2.3,0,0.0,ASOS_DAILY,2025-07-10 05:15:29,,,,
597.0,2022.0,2,26.0,2022-02-26 00:00:00.000000,dry,5.4,1.0,9.3,78.4,1.1,3.9,0,0.0,ASOS_DAILY,2025-07-10 05:15:29,,,,
598.0,2022.0,2,27.0,2022-02-27 00:00:00.000000,dry,3.7,-1.6,9.1,56.6,0.0,2.8,0,0.0,ASOS_DAILY,2025-07-10 05:15:29,,,,
599.0,2022.0,2,28.0,2022-02-28 00:00:00.000000,dry,6.8,2.7,11.5,62.3,0.0,1.5,0,0.0,ASOS_DAILY,2025-07-10 05:15:29,,,,
600.0,2022.0,3,1.0,2022-03-01 00:00:00.000000,dry,5.8,0.3,9.7,70.5,2.3,2.3,0,0.0,ASOS_DAILY,2025-07-10 05:15:29,,,,
601.0,2022.0,3,2.0,2022-03-02 00:00:00.000000,dry,3.5,-2.3,8.8,55.9,0.0,2.7,0,0.0,ASOS_DAILY,2025-07-10 05:15:29,,,,
602.0,2022.0,3,3.0,2022-03-03 00:00:00.000000,dry,5.8,0.9,12.4,52.9,0.0,2.1,0,0.0,ASOS_DAILY,2025-07-10 05:15:29,,,,
603.0,2022.0,3,4.0,2022-03-04 00:00:00.000000,dry,6.9,0.6,14.6,60.5,0.0,3.6,0,0.0,ASOS_DAILY,2025-07-10 05:15:29,,,,
604.0,2022.0,3,5.0,2022-03-05 00:00:00.000000,dry,2.3,-0.7,6.7,38.4,0.0,4.3,0,0.0,ASOS_DAILY,2025-07-10 05:15:29,,,,
605.0,2022.0,3,6.0,2022-03-06 00:00:00.000000,dry,1.4,-3.0,6.8,39.5,0.0,2.6,0,0.0,ASOS_DAILY,2025-07-10 05:15:29,,,,
606.0,2022.0,3,7.0,2022-03-07 00:00:00.000000,dry,2.8,-2.7,8.7,45.8,0.0,2.0,0,0.0,ASOS_DAILY,2025-07-10 05:15:29,,,,
607.0,2022.0,3,8.0,2022-03-08 00:00:00.000000,dry,6.0,1.1,12.3,56.1,0.0,2.0,0,0.0,ASOS_DAILY,2025-07-10 05:15:29,,,,
608.0,2022.0,3,9.0,2022-03-09 00:00:00.000000,dry,7.1,1.7,14.8,69.6,0.0,1.9,0,0.0,ASOS_DAILY,2025-07-10 05:15:29,,,,
609.0,2022.0,3,10.0,2022-03-10 00:00:00.000000,dry,9.3,4.2,15.8,51.4,0.0,2.1,0,0.0,ASOS_DAILY,2025-07-10 05:15:29,,,,
610.0,2022.0,3,11.0,2022-03-11 00:00:00.000000,dry,11.2,5.1,18.4,58.4,0.0,1.9,0,0.0,ASOS_DAILY,2025-07-10 05:15:29,,,,
611.0,2022.0,3,12.0,2022-03-12 00:00:00.000000,dry,12.8,6.3,19.5,72.1,2.6,2.7,0,0.0,ASOS_DAILY,2025-07-10 05:15:29,,,,
612.0,2022.0,3,13.0,2022-03-13 00:00:00.000000,dry,11.7,10.7,12.6,95.5,42.1,1.9,0,0.0,ASOS_DAILY,2025-07-10 05:15:29,,,,
613.0,2022.0,3,14.0,2022-03-14 00:00:00.000000,dry,8.2,4.9,13.2,90.3,8.7,3.2,0,0.0,ASOS_DAILY,2025-07-10 05:15:29,,,,
614.0,2022.0,3,15.0,2022-03-15 00:00:00.000000,dry,7.2,2.3,13.3,72.6,0.0,2.0,0,0.0,ASOS_DAILY,2025-07-10 05:15:29,,,,
615.0,2022.0,3,16.0,2022-03-16 00:00:00.000000,dry,10.3,3.6,16.8,62.6,0.0,2.1,0,0.0,ASOS_DAILY,2025-07-10 05:15:29,,,,
616.0,2022.0,3,17.0,2022-03-17 00:00:00.000000,dry,10.7,7.8,15.1,62.0,1.2,2.7,0,0.0,ASOS_DAILY,2025-07-10 05:15:29,,,,
617.0,2022.0,3,18.0,2022-03-18 00:00:00.000000,dry,7.5,5.5,9.6,60.8,0.0,4.4,0,0.0,ASOS_DAILY,2025-07-10 05:15:29,,,,
618.0,2022.0,3,19.0,2022-03-19 00:00:00.000000,dry,3.4,0.9,6.1,84.6,14.6,3.0,0,0.0,ASOS_DAILY,2025-07-10 05:15:29,,,,
619.0,2022.0,3,20.0,2022-03-20 00:00:00.000000,dry,5.4,2.2,9.3,66.1,0.0,2.6,0,0.0,ASOS_DAILY,2025-07-10 05:15:29,,,,
620.0,2022.0,3,21.0,2022-03-21 00:00:00.000000,dry,5.0,-0.3,10.9,49.5,0.0,2.4,0,0.0,ASOS_DAILY,2025-07-10 05:15:29,,,,
621.0,2022.0,3,22.0,2022-03-22 00:00:00.000000,dry,7.1,1.1,13.6,48.9,0.0,2.2,0,0.0,ASOS_DAILY,2025-07-10 05:15:29,,,,
622.0,2022.0,3,23.0,2022-03-23 00:00:00.000000,dry,6.2,4.9,8.2,56.8,0.0,2.3,0,0.0,ASOS_DAILY,2025-07-10 05:15:29,,,,
623.0,2022.0,3,24.0,2022-03-24 00:00:00.000000,dry,8.2,3.9,12.4,70.6,0.0,1.8,0,0.0,ASOS_DAILY,2025-07-10 05:15:29,,,,
624.0,2022.0,3,25.0,2022-03-25 00:00:00.000000,dry,12.0,6.3,17.2,70.0,10.9,2.6,0,0.0,ASOS_DAILY,2025-07-10 05:15:29,,,,
625.0,2022.0,3,26.0,2022-03-26 00:00:00.000000,dry,11.8,9.5,14.7,80.9,19.8,2.9,0,0.0,ASOS_DAILY,2025-07-10 05:15:29,,,,
626.0,2022.0,3,27.0,2022-03-27 00:00:00.000000,dry,8.1,5.0,12.6,49.1,0.0,3.0,0,0.0,ASOS_DAILY,2025-07-10 05:15:29,,,,
627.0,2022.0,3,28.0,2022-03-28 00:00:00.000000,dry,8.2,1.5,15.1,35.6,0.0,2.1,0,0.0,ASOS_DAILY,2025-07-10 05:15:29,,,,
628.0,2022.0,3,29.0,2022-03-29 00:00:00.000000,dry,9.7,3.3,15.6,52.9,0.0,2.1,0,0.0,ASOS_DAILY,2025-07-10 05:15:29,,,,
629.0,2022.0,3,30.0,2022-03-30 00:00:00.000000,dry,10.8,5.9,15.7,76.5,0.4,1.8,0,0.0,ASOS_DAILY,2025-07-10 05:15:29,,,,
630.0,2022.0,3,31.0,2022-03-31 00:00:00.000000,dry,10.9,7.6,14.7,63.5,0.0,2.5,0,0.0,ASOS_DAILY,2025-07-10 05:15:29,,,,
631.0,2022.0,4,1.0,2022-04-01 00:00:00.000000,dry,9.2,4.5,14.9,50.5,0.0,2.6,0,0.0,ASOS_DAILY,2025-07-10 05:15:29,,,,
632.0,2022.0,4,2.0,2022-04-02 00:00:00.000000,dry,8.2,3.7,14.2,55.0,0.0,2.3,0,0.0,ASOS_DAILY,2025-07-10 05:15:29,,,,
633.0,2022.0,4,3.0,2022-04-03 00:00:00.000000,dry,9.6,3.5,17.0,55.0,0.0,2.1,0,0.0,ASOS_DAILY,2025-07-10 05:15:29,,,,
634.0,2022.0,4,4.0,2022-04-04 00:00:00.000000,dry,10.3,5.1,16.4,50.3,0.0,2.3,0,0.0,ASOS_DAILY,2025-07-10 05:15:29,,,,
635.0,2022.0,4,5.0,2022-04-05 00:00:00.000000,dry,10.3,4.9,15.8,41.1,0.0,2.4,0,0.0,ASOS_DAILY,2025-07-10 05:15:29,,,,
636.0,2022.0,4,6.0,2022-04-06 00:00:00.000000,dry,11.7,8.0,17.0,52.3,0.0,2.5,0,0.0,ASOS_DAILY,2025-07-10 05:15:29,,,,
637.0,2022.0,4,7.0,2022-04-07 00:00:00.000000,dry,10.9,7.4,15.7,43.5,0.0,3.3,0,0.0,ASOS_DAILY,2025-07-10 05:15:29,,,,
638.0,2022.0,4,8.0,2022-04-08 00:00:00.000000,dry,12.9,5.1,20.0,49.0,0.0,2.1,0,0.0,ASOS_DAILY,2025-07-10 05:15:29,,,,
639.0,2022.0,4,9.0,2022-04-09 00:00:00.000000,dry,17.8,12.4,24.2,43.8,0.5,3.0,0,0.0,ASOS_DAILY,2025-07-10 05:15:29,,,,
640.0,2022.0,4,10.0,2022-04-10 00:00:00.000000,dry,18.2,12.7,25.1,46.0,0.0,2.0,0,0.0,ASOS_DAILY,2025-07-10 05:15:29,,,,
641.0,2022.0,4,11.0,2022-04-11 00:00:00.000000,dry,19.6,13.4,26.6,60.4,0.0,2.4,0,0.0,ASOS_DAILY,2025-07-10 05:15:29,,,,
642.0,2022.0,4,12.0,2022-04-12 00:00:00.000000,dry,19.3,15.9,26.4,77.9,0.5,2.8,0,0.0,ASOS_DAILY,2025-07-10 05:15:29,,,,
643.0,2022.0,4,13.0,2022-04-13 00:00:00.000000,dry,13.1,12.0,15.9,69.3,1.3,4.4,0,0.0,ASOS_DAILY,2025-07-10 05:15:29,,,,
644.0,2022.0,4,14.0,2022-04-14 00:00:00.000000,dry,13.2,11.4,15.3,53.4,0.0,4.0,0,0.0,ASOS_DAILY,2025-07-10 05:15:29,,,,
645.0,2022.0,4,15.0,2022-04-15 00:00:00.000000,dry,13.3,7.5,19.3,46.8,0.0,3.0,0,0.0,ASOS_DAILY,2025-07-10 05:15:29,,,,
646.0,2022.0,4,16.0,2022-04-16 00:00:00.000000,dry,13.2,7.1,20.2,48.5,0.0,2.5,0,0.0,ASOS_DAILY,2025-07-10 05:15:29,,,,
647.0,2022.0,4,17.0,2022-04-17 00:00:00.000000,dry,14.0,7.2,21.9,53.8,0.0,2.3,0,0.0,ASOS_DAILY,2025-07-10 05:15:29,,,,
648.0,2022.0,4,18.0,2022-04-18 00:00:00.000000,dry,15.2,11.4,21.6,46.1,0.0,2.4,0,0.0,ASOS_DAILY,2025-07-10 05:15:29,,,,
649.0,2022.0,4,19.0,2022-04-19 00:00:00.000000,dry,15.2,8.9,22.1,51.9,0.0,2.4,0,0.0,ASOS_DAILY,2025-07-10 05:15:29,,,,
650.0,2022.0,4,20.0,2022-04-20 00:00:00.000000,dry,15.7,9.7,22.1,48.8,0.0,2.3,0,0.0,ASOS_DAILY,2025-07-10 05:15:29,,,,
651.0,2022.0,4,21.0,2022-04-21 00:00:00.000000,dry,16.3,9.6,22.7,48.4,0.0,2.8,0,0.0,ASOS_DAILY,2025-07-10 05:15:29,,,,
652.0,2022.0,4,22.0,2022-04-22 00:00:00.000000,dry,15.0,13.2,16.8,76.8,0.0,3.5,0,0.0,ASOS_DAILY,2025-07-10 05:15:29,,,,
653.0,2022.0,4,23.0,2022-04-23 00:00:00.000000,dry,17.7,10.4,25.3,57.3,0.0,1.7,0,0.0,ASOS_DAILY,2025-07-10 05:15:29,,,,
654.0,2022.0,4,24.0,2022-04-24 00:00:00.000000,dry,18.5,15.0,24.5,72.5,0.3,2.3,0,0.0,ASOS_DAILY,2025-07-10 05:15:29,,,,
655.0,2022.0,4,25.0,2022-04-25 00:00:00.000000,dry,20.0,17.0,23.6,80.5,1.3,1.4,0,0.0,ASOS_DAILY,2025-07-10 05:15:29,,,,
656.0,2022.0,4,26.0,2022-04-26 00:00:00.000000,dry,21.9,17.0,28.7,57.9,1.0,3.1,0,0.0,ASOS_DAILY,2025-07-10 05:15:29,,,,
657.0,2022.0,4,27.0,2022-04-27 00:00:00.000000,dry,17.7,12.6,23.9,31.5,0.0,2.7,0,0.0,ASOS_DAILY,2025-07-10 05:15:29,,,,
658.0,2022.0,4,28.0,2022-04-28 00:00:00.000000,dry,18.2,11.6,25.9,44.0,0.0,2.6,0,0.0,ASOS_DAILY,2025-07-10 05:15:29,,,,
659.0,2022.0,4,29.0,2022-04-29 00:00:00.000000,dry,13.4,10.7,16.5,70.6,15.5,3.4,0,0.0,ASOS_DAILY,2025-07-10 05:15:29,,,,
660.0,2022.0,4,30.0,2022-04-30 00:00:00.000000,dry,13.0,10.5,17.8,68.0,0.0,2.9,0,0.0,ASOS_DAILY,2025-07-10 05:15:29,,,,
661.0,2022.0,5,1.0,2022-05-01 00:00:00.000000,rainy,13.4,7.9,19.2,54.8,0.0,3.1,0,0.0,ASOS_DAILY,2025-07-10 05:15:29,,,,
662.0,2022.0,5,2.0,2022-05-02 00:00:00.000000,rainy,14.2,9.1,19.4,56.5,0.0,2.4,0,0.0,ASOS_DAILY,2025-07-10 05:15:29,,,,
663.0,2022.0,5,3.0,2022-05-03 00:00:00.000000,rainy,14.8,9.1,20.8,45.9,0.0,2.5,0,0.0,ASOS_DAILY,2025-07-10 05:15:29,,,,
664.0,2022.0,5,4.0,2022-05-04 00:00:00.000000,rainy,17.8,10.0,25.2,43.3,0.0,2.7,0,0.0,ASOS_DAILY,2025-07-10 05:15:29,,,,
665.0,2022.0,5,5.0,2022-05-05 00:00:00.000000,rainy,18.9,12.5,25.8,48.1,0.0,2.2,0,0.0,ASOS_DAILY,2025-07-10 05:15:29,,,,
666.0,2022.0,5,6.0,2022-05-06 00:00:00.000000,rainy,19.6,13.7,25.6,67.1,0.0,2.5,0,0.0,ASOS_DAILY,2025-07-10 05:15:29,,,,
667.0,2022.0,5,7.0,2022-05-07 00:00:00.000000,rainy,18.4,15.3,23.1,52.4,0.5,3.0,0,0.0,ASOS_DAILY,2025-07-10 05:15:29,,,,
668.0,2022.0,5,8.0,2022-05-08 00:00:00.000000,rainy,15.3,11.7,18.2,51.8,2.0,2.8,0,0.0,ASOS_DAILY,2025-07-10 05:15:29,,,,
669.0,2022.0,5,9.0,2022-05-09 00:00:00.000000,rainy,17.9,11.0,25.3,56.4,0.0,2.2,0,0.0,ASOS_DAILY,2025-07-10 05:15:29,,,,
670.0,2022.0,5,10.0,2022-05-10 00:00:00.000000,rainy,19.9,13.6,26.3,39.0,0.0,2.2,0,0.0,ASOS_DAILY,2025-07-10 05:15:29,,,,
671.0,2022.0,5,11.0,2022-05-11 00:00:00.000000,rainy,19.7,16.6,25.2,50.4,0.0,2.4,0,0.0,ASOS_DAILY,2025-07-10 05:15:29,,,,
672.0,2022.0,5,12.0,2022-05-12 00:00:00.000000,rainy,20.9,14.1,28.1,51.5,0.0,1.9,0,0.0,ASOS_DAILY,2025-07-10 05:15:29,,,,
673.0,2022.0,5,13.0,2022-05-13 00:00:00.000000,rainy,19.4,15.0,25.2,45.8,0.0,2.2,0,0.0,ASOS_DAILY,2025-07-10 05:15:29,,,,
674.0,2022.0,5,14.0,2022-05-14 00:00:00.000000,rainy,15.7,11.9,20.0,45.5,0.0,3.3,0,0.0,ASOS_DAILY,2025-07-10 05:15:29,,,,
675.0,2022.0,5,15.0,2022-05-15 00:00:00.000000,rainy,16.2,10.5,22.4,39.8,0.0,3.2,0,0.0,ASOS_DAILY,2025-07-10 05:15:29,,,,
676.0,2022.0,5,16.0,2022-05-16 00:00:00.000000,rainy,17.3,10.9,23.7,56.3,0.0,2.8,0,0.0,ASOS_DAILY,2025-07-10 05:15:29,,,,
677.0,2022.0,5,17.0,2022-05-17 00:00:00.000000,rainy,20.0,13.0,27.4,60.1,0.0,2.4,0,0.0,ASOS_DAILY,2025-07-10 05:15:29,,,,
678.0,2022.0,5,18.0,2022-05-18 00:00:00.000000,rainy,20.0,15.7,25.4,59.4,1.5,2.9,0,0.0,ASOS_DAILY,2025-07-10 05:15:29,,,,
679.0,2022.0,5,19.0,2022-05-19 00:00:00.000000,rainy,19.9,16.1,24.2,53.6,0.0,3.0,0,0.0,ASOS_DAILY,2025-07-10 05:15:29,,,,
680.0,2022.0,5,20.0,2022-05-20 00:00:00.000000,rainy,20.6,15.6,25.8,52.8,0.0,2.3,0,0.0,ASOS_DAILY,2025-07-10 05:15:29,,,,
681.0,2022.0,5,21.0,2022-05-21 00:00:00.000000,rainy,20.1,16.1,26.0,70.8,0.0,2.5,0,0.0,ASOS_DAILY,2025-07-10 05:15:29,,,,
682.0,2022.0,5,22.0,2022-05-22 00:00:00.000000,rainy,20.3,15.7,25.8,70.9,0.0,2.5,0,0.0,ASOS_DAILY,2025-07-10 05:15:29,,,,
683.0,2022.0,5,23.0,2022-05-23 00:00:00.000000,rainy,23.0,17.8,30.7,63.5,0.0,2.3,0,0.0,ASOS_DAILY,2025-07-10 05:15:29,,,,
684.0,2022.0,5,24.0,2022-05-24 00:00:00.000000,rainy,22.9,16.7,30.2,56.8,0.0,2.1,0,0.0,ASOS_DAILY,2025-07-10 05:15:29,,,,
685.0,2022.0,5,25.0,2022-05-25 00:00:00.000000,rainy,21.0,16.7,26.7,66.6,3.5,2.6,0,0.0,ASOS_DAILY,2025-07-10 05:15:29,,,,
686.0,2022.0,5,26.0,2022-05-26 00:00:00.000000,rainy,18.7,14.1,23.5,59.9,0.0,3.7,0,0.0,ASOS_DAILY,2025-07-10 05:15:29,,,,
687.0,2022.0,5,27.0,2022-05-27 00:00:00.000000,rainy,20.0,16.0,25.6,62.5,0.0,3.3,0,0.0,ASOS_DAILY,2025-07-10 05:15:29,,,,
688.0,2022.0,5,28.0,2022-05-28 00:00:00.000000,rainy,22.3,15.0,29.3,54.1,0.0,2.8,0,0.0,ASOS_DAILY,2025-07-10 05:15:29,,,,
689.0,2022.0,5,29.0,2022-05-29 00:00:00.000000,rainy,23.1,19.3,29.7,66.4,0.0,2.3,0,0.0,ASOS_DAILY,2025-07-10 05:15:29,,,,
690.0,2022.0,5,30.0,2022-05-30 00:00:00.000000,rainy,20.8,17.2,24.7,71.0,0.0,2.5,0,0.0,ASOS_DAILY,2025-07-10 05:15:29,,,,
691.0,2022.0,5,31.0,2022-05-31 00:00:00.000000,rainy,20.7,14.2,27.2,42.4,0.0,2.5,0,0.0,ASOS_DAILY,2025-07-10 05:15:29,,,,
692.0,2022.0,6,1.0,2022-06-01 00:00:00.000000,rainy,22.1,16.2,28.6,41.6,0.0,2.6,0,0.0,ASOS_DAILY,2025-07-10 05:15:29,,,,
693.0,2022.0,6,2.0,2022-06-02 00:00:00.000000,rainy,21.5,17.1,26.9,67.4,0.0,2.7,0,0.0,ASOS_DAILY,2025-07-10 05:15:29,,,,
694.0,2022.0,6,3.0,2022-06-03 00:00:00.000000,rainy,24.5,18.7,32.6,62.8,0.0,2.0,0,0.0,ASOS_DAILY,2025-07-10 05:15:29,,,,
695.0,2022.0,6,4.0,2022-06-04 00:00:00.000000,rainy,25.6,20.3,29.7,57.0,0.0,1.7,0,0.0,ASOS_DAILY,2025-07-10 05:15:29,,,,
696.0,2022.0,6,5.0,2022-06-05 00:00:00.000000,rainy,22.7,20.2,27.0,59.8,0.0,2.3,0,0.0,ASOS_DAILY,2025-07-10 05:15:29,,,,
697.0,2022.0,6,6.0,2022-06-06 00:00:00.000000,rainy,19.7,16.7,24.5,69.0,4.3,3.2,0,0.0,ASOS_DAILY,2025-07-10 05:15:29,,,,
698.0,2022.0,6,7.0,2022-06-07 00:00:00.000000,rainy,20.6,15.1,25.1,54.5,0.0,2.7,0,0.0,ASOS_DAILY,2025-07-10 05:15:29,,,,
699.0,2022.0,6,8.0,2022-06-08 00:00:00.000000,rainy,21.2,16.2,25.8,61.6,0.0,2.3,0,0.0,ASOS_DAILY,2025-07-10 05:15:29,,,,
700.0,2022.0,6,9.0,2022-06-09 00:00:00.000000,rainy,20.9,18.5,24.5,76.1,2.6,1.6,0,0.0,ASOS_DAILY,2025-07-10 05:15:29,,,,
701.0,2022.0,6,10.0,2022-06-10 00:00:00.000000,rainy,20.9,17.2,26.6,75.8,1.2,1.9,0,0.0,ASOS_DAILY,2025-07-10 05:15:29,,,,
702.0,2022.0,6,11.0,2022-06-11 00:00:00.000000,rainy,24.6,17.7,32.7,59.6,0.0,2.2,0,0.0,ASOS_DAILY,2025-07-10 05:15:29,,,,
703.0,2022.0,6,12.0,2022-06-12 00:00:00.000000,rainy,24.6,18.9,31.5,58.9,0.0,2.5,0,0.0,ASOS_DAILY,2025-07-10 05:15:29,,,,
704.0,2022.0,6,13.0,2022-06-13 00:00:00.000000,rainy,23.6,19.6,29.2,68.5,18.0,2.6,0,0.0,ASOS_DAILY,2025-07-10 05:15:29,,,,
705.0,2022.0,6,14.0,2022-06-14 00:00:00.000000,rainy,21.5,17.7,27.1,56.4,0.0,4.2,0,0.0,ASOS_DAILY,2025-07-10 05:15:29,,,,
706.0,2022.0,6,15.0,2022-06-15 00:00:00.000000,rainy,17.5,14.9,20.1,92.4,18.5,2.3,0,0.0,ASOS_DAILY,2025-07-10 05:15:29,,,,
707.0,2022.0,6,16.0,2022-06-16 00:00:00.000000,rainy,20.3,17.6,24.8,78.4,0.7,2.3,0,0.0,ASOS_DAILY,2025-07-10 05:15:29,,,,
708.0,2022.0,6,17.0,2022-06-17 00:00:00.000000,rainy,22.5,16.5,28.1,76.4,0.0,1.9,0,0.0,ASOS_DAILY,2025-07-10 05:15:29,,,,
709.0,2022.0,6,18.0,2022-06-18 00:00:00.000000,rainy,23.3,22.0,25.1,79.6,0.0,1.7,0,0.0,ASOS_DAILY,2025-07-10 05:15:29,,,,
710.0,2022.0,6,19.0,2022-06-19 00:00:00.000000,rainy,23.4,22.3,25.1,81.6,0.0,1.4,0,0.0,ASOS_DAILY,2025-07-10 05:15:29,,,,
711.0,2022.0,6,20.0,2022-06-20 00:00:00.000000,rainy,25.2,22.0,29.0,76.6,0.0,1.3,0,0.0,ASOS_DAILY,2025-07-10 05:15:29,,,,
712.0,2022.0,6,21.0,2022-06-21 00:00:00.000000,rainy,26.5,21.2,32.6,72.6,0.0,2.0,0,0.0,ASOS_DAILY,2025-07-10 05:15:29,,,,
713.0,2022.0,6,22.0,2022-06-22 00:00:00.000000,rainy,25.9,21.9,31.0,71.1,0.0,2.1,0,0.0,ASOS_DAILY,2025-07-10 05:15:29,,,,
714.0,2022.0,6,23.0,2022-06-23 00:00:00.000000,rainy,24.3,23.3,26.4,89.1,103.0,2.8,1,0.0,ASOS_DAILY,2025-07-10 05:15:29,,,,
715.0,2022.0,6,24.0,2022-06-24 00:00:00.000000,rainy,22.6,20.6,24.9,90.9,19.1,3.5,0,0.0,ASOS_DAILY,2025-07-10 05:15:29,,,,
716.0,2022.0,6,25.0,2022-06-25 00:00:00.000000,rainy,26.0,21.5,30.5,80.4,0.0,2.8,0,0.0,ASOS_DAILY,2025-07-10 05:15:29,,,,
717.0,2022.0,6,26.0,2022-06-26 00:00:00.000000,rainy,26.5,24.8,28.1,82.1,0.0,2.6,0,0.0,ASOS_DAILY,2025-07-10 05:15:29,,,,
718.0,2022.0,6,27.0,2022-06-27 00:00:00.000000,rainy,26.8,25.4,28.1,84.4,6.1,2.8,0,0.0,ASOS_DAILY,2025-07-10 05:15:29,,,,
719.0,2022.0,6,28.0,2022-06-28 00:00:00.000000,rainy,26.9,25.7,27.9,81.9,6.3,5.8,0,0.0,ASOS_DAILY,2025-07-10 05:15:29,,,,
720.0,2022.0,6,29.0,2022-06-29 00:00:00.000000,rainy,25.1,24.4,26.1,95.5,37.8,4.1,0,0.0,ASOS_DAILY,2025-07-10 05:15:29,,,,
721.0,2022.0,6,30.0,2022-06-30 00:00:00.000000,rainy,22.3,21.2,24.5,99.3,176.2,2.3,1,0.0,ASOS_DAILY,2025-07-10 05:15:29,,,,
722.0,2022.0,7,1.0,2022-07-01 00:00:00.000000,rainy,26.6,21.9,30.9,83.3,0.0,2.1,0,0.0,ASOS_DAILY,2025-07-10 05:15:29,,,,
723.0,2022.0,7,2.0,2022-07-02 00:00:00.000000,rainy,28.8,24.0,33.8,72.8,0.0,1.7,0,0.0,ASOS_DAILY,2025-07-10 05:15:29,,,,
724.0,2022.0,7,3.0,2022-07-03 00:00:00.000000,rainy,29.3,24.4,34.2,68.6,0.0,1.7,0,0.0,ASOS_DAILY,2025-07-10 05:15:29,,,,
725.0,2022.0,7,4.0,2022-07-04 00:00:00.000000,rainy,29.3,26.4,32.6,71.8,0.0,1.8,0,0.0,ASOS_DAILY,2025-07-10 05:15:29,,,,
726.0,2022.0,7,5.0,2022-07-05 00:00:00.000000,rainy,29.2,26.7,33.1,73.8,0.0,1.7,0,0.0,ASOS_DAILY,2025-07-10 05:15:29,,,,
727.0,2022.0,7,6.0,2022-07-06 00:00:00.000000,rainy,29.5,26.2,33.3,76.0,16.1,2.1,0,0.0,ASOS_DAILY,2025-07-10 05:15:29,,,,
728.0,2022.0,7,7.0,2022-07-07 00:00:00.000000,rainy,28.2,26.4,31.0,82.3,0.0,2.8,0,0.0,ASOS_DAILY,2025-07-10 05:15:29,,,,
729.0,2022.0,7,8.0,2022-07-08 00:00:00.000000,rainy,25.8,24.0,27.9,84.4,1.7,2.9,0,0.0,ASOS_DAILY,2025-07-10 05:15:29,,,,
730.0,2022.0,7,9.0,2022-07-09 00:00:00.000000,rainy,26.9,24.0,30.9,82.1,0.1,1.7,0,0.0,ASOS_DAILY,2025-07-10 05:15:29,,,,
731.0,2022.0,7,10.0,2022-07-10 00:00:00.000000,rainy,29.2,24.6,35.1,68.0,0.0,1.7,0,0.0,ASOS_DAILY,2025-07-10 05:15:29,,,,
732.0,2022.0,7,11.0,2022-07-11 00:00:00.000000,rainy,27.0,24.7,30.6,75.0,9.0,1.8,0,0.0,ASOS_DAILY,2025-07-10 05:15:29,,,,
733.0,2022.0,7,12.0,2022-07-12 00:00:00.000000,rainy,26.8,23.2,29.4,73.1,0.0,2.2,0,0.0,ASOS_DAILY,2025-07-10 05:15:29,,,,
734.0,2022.0,7,13.0,2022-07-13 00:00:00.000000,rainy,25.0,24.0,27.1,93.9,114.5,1.8,1,0.0,ASOS_DAILY,2025-07-10 05:15:29,,,,
735.0,2022.0,7,14.0,2022-07-14 00:00:00.000000,rainy,25.7,23.3,29.9,84.6,0.9,2.3,0,0.0,ASOS_DAILY,2025-07-10 05:15:29,,,,
736.0,2022.0,7,15.0,2022-07-15 00:00:00.000000,rainy,26.0,23.0,30.3,76.5,0.0,2.3,0,0.0,ASOS_DAILY,2025-07-10 05:15:29,,,,
737.0,2022.0,7,16.0,2022-07-16 00:00:00.000000,rainy,24.8,23.2,28.2,83.4,34.0,2.0,0,0.0,ASOS_DAILY,2025-07-10 05:15:29,,,,
738.0,2022.0,7,17.0,2022-07-17 00:00:00.000000,rainy,25.5,22.5,29.7,78.9,0.0,1.8,0,0.0,ASOS_DAILY,2025-07-10 05:15:29,,,,
739.0,2022.0,7,18.0,2022-07-18 00:00:00.000000,rainy,26.8,23.1,30.1,76.0,0.0,2.2,0,0.0,ASOS_DAILY,2025-07-10 05:15:29,,,,
740.0,2022.0,7,19.0,2022-07-19 00:00:00.000000,rainy,27.4,24.3,31.1,74.1,0.0,2.3,0,0.0,ASOS_DAILY,2025-07-10 05:15:29,,,,
741.0,2022.0,7,20.0,2022-07-20 00:00:00.000000,rainy,27.1,24.3,30.4,76.1,1.1,2.2,0,0.0,ASOS_DAILY,2025-07-10 05:15:29,,,,
742.0,2022.0,7,21.0,2022-07-21 00:00:00.000000,rainy,23.2,20.8,25.2,87.6,10.4,2.9,0,0.0,ASOS_DAILY,2025-07-10 05:15:29,,,,
743.0,2022.0,7,22.0,2022-07-22 00:00:00.000000,rainy,25.1,22.9,27.5,81.5,5.2,1.9,0,0.0,ASOS_DAILY,2025-07-10 05:15:29,,,,
744.0,2022.0,7,23.0,2022-07-23 00:00:00.000000,rainy,24.8,22.3,28.0,83.6,9.9,2.0,0,0.0,ASOS_DAILY,2025-07-10 05:15:29,,,,
745.0,2022.0,7,24.0,2022-07-24 00:00:00.000000,rainy,25.0,22.0,28.4,86.9,1.2,2.1,0,0.0,ASOS_DAILY,2025-07-10 05:15:29,,,,
746.0,2022.0,7,25.0,2022-07-25 00:00:00.000000,rainy,27.5,23.6,32.0,75.0,0.0,1.9,0,0.0,ASOS_DAILY,2025-07-10 05:15:29,,,,
747.0,2022.0,7,26.0,2022-07-26 00:00:00.000000,rainy,28.9,24.4,33.1,72.5,0.0,1.8,0,0.0,ASOS_DAILY,2025-07-10 05:15:29,,,,
748.0,2022.0,7,27.0,2022-07-27 00:00:00.000000,rainy,29.3,26.4,33.4,66.3,0.0,2.0,0,0.0,ASOS_DAILY,2025-07-10 05:15:29,,,,
749.0,2022.0,7,28.0,2022-07-28 00:00:00.000000,rainy,29.7,25.1,34.4,63.8,0.0,2.4,0,0.0,ASOS_DAILY,2025-07-10 05:15:29,,,,
750.0,2022.0,7,29.0,2022-07-29 00:00:00.000000,rainy,30.7,27.3,34.3,68.1,0.0,2.2,0,0.0,ASOS_DAILY,2025-07-10 05:15:29,,,,
751.0,2022.0,7,30.0,2022-07-30 00:00:00.000000,rainy,30.9,27.3,36.1,68.4,1.0,2.6,0,0.0,ASOS_DAILY,2025-07-10 05:15:29,,,,
752.0,2022.0,7,31.0,2022-07-31 00:00:00.000000,rainy,27.2,25.4,29.0,85.8,47.2,2.5,0,0.0,ASOS_DAILY,2025-07-10 05:15:29,,,,
753.0,2022.0,8,1.0,2022-08-01 00:00:00.000000,rainy,28.6,25.4,32.4,82.4,30.0,2.4,0,0.0,ASOS_DAILY,2025-07-10 05:15:29,,,,
754.0,2022.0,8,2.0,2022-08-02 00:00:00.000000,rainy,26.8,25.5,28.5,90.0,33.5,2.8,0,0.0,ASOS_DAILY,2025-07-10 05:15:29,,,,
755.0,2022.0,8,3.0,2022-08-03 00:00:00.000000,rainy,27.1,25.2,30.0,90.1,51.1,2.8,1,0.0,ASOS_DAILY,2025-07-10 05:15:29,,,,
756.0,2022.0,8,4.0,2022-08-04 00:00:00.000000,rainy,28.9,26.0,32.9,79.3,0.0,2.5,0,0.0,ASOS_DAILY,2025-07-10 05:15:29,,,,
757.0,2022.0,8,5.0,2022-08-05 00:00:00.000000,rainy,29.4,27.0,32.7,76.6,0.0,2.6,0,0.0,ASOS_DAILY,2025-07-10 05:15:29,,,,
758.0,2022.0,8,6.0,2022-08-06 00:00:00.000000,rainy,28.7,27.4,30.3,85.3,13.6,1.7,0,0.0,ASOS_DAILY,2025-07-10 05:15:29,,,,
759.0,2022.0,8,7.0,2022-08-07 00:00:00.000000,rainy,28.9,27.2,31.7,82.1,0.9,2.4,0,0.0,ASOS_DAILY,2025-07-10 05:15:29,,,,
760.0,2022.0,8,8.0,2022-08-08 00:00:00.000000,rainy,26.8,0.0,28.4,91.6,129.6,3.3,1,1.0,ASOS_DAILY,2025-07-10 05:15:29,,,,
761.0,2022.0,8,9.0,2022-08-09 00:00:00.000000,rainy,25.1,22.0,26.5,96.0,123.1,2.6,1,0.0,ASOS_DAILY,2025-07-10 05:15:29,,,,
762.0,2022.0,8,10.0,2022-08-10 00:00:00.000000,rainy,24.7,21.4,28.8,85.3,7.6,1.6,0,0.0,ASOS_DAILY,2025-07-10 05:15:29,,,,
763.0,2022.0,8,11.0,2022-08-11 00:00:00.000000,rainy,25.0,23.4,27.5,87.9,38.8,1.6,0,0.0,ASOS_DAILY,2025-07-10 05:15:29,,,,
764.0,2022.0,8,12.0,2022-08-12 00:00:00.000000,rainy,27.0,23.0,32.4,73.8,0.0,1.7,0,0.0,ASOS_DAILY,2025-07-10 05:15:29,,,,
765.0,2022.0,8,13.0,2022-08-13 00:00:00.000000,rainy,25.8,24.7,27.5,82.8,4.0,1.3,0,0.0,ASOS_DAILY,2025-07-10 05:15:29,,,,
766.0,2022.0,8,14.0,2022-08-14 00:00:00.000000,rainy,27.6,24.5,31.5,83.0,3.0,1.9,0,0.0,ASOS_DAILY,2025-07-10 05:15:29,,,,
767.0,2022.0,8,15.0,2022-08-15 00:00:00.000000,rainy,28.1,26.6,29.8,83.0,0.9,4.8,0,0.0,ASOS_DAILY,2025-07-10 05:15:29,,,,
768.0,2022.0,8,16.0,2022-08-16 00:00:00.000000,rainy,26.7,24.1,30.0,75.4,0.0,2.6,0,0.0,ASOS_DAILY,2025-07-10 05:15:29,,,,
769.0,2022.0,8,17.0,2022-08-17 00:00:00.000000,rainy,26.0,22.8,30.5,76.6,0.0,2.0,0,0.0,ASOS_DAILY,2025-07-10 05:15:29,,,,
770.0,2022.0,8,18.0,2022-08-18 00:00:00.000000,rainy,25.6,22.4,29.8,75.8,0.0,1.9,0,0.0,ASOS_DAILY,2025-07-10 05:15:29,,,,
771.0,2022.0,8,19.0,2022-08-19 00:00:00.000000,rainy,26.0,23.3,27.5,86.1,66.1,2.3,1,0.0,ASOS_DAILY,2025-07-10 05:15:29,,,,
772.0,2022.0,8,20.0,2022-08-20 00:00:00.000000,rainy,28.2,25.7,32.0,80.0,0.0,2.4,0,0.0,ASOS_DAILY,2025-07-10 05:15:29,,,,
773.0,2022.0,8,21.0,2022-08-21 00:00:00.000000,rainy,28.1,24.7,32.0,75.3,0.0,1.7,0,0.0,ASOS_DAILY,2025-07-10 05:15:29,,,,
774.0,2022.0,8,22.0,2022-08-22 00:00:00.000000,rainy,26.8,22.9,30.2,75.6,3.2,2.3,0,0.0,ASOS_DAILY,2025-07-10 05:15:29,,,,
775.0,2022.0,8,23.0,2022-08-23 00:00:00.000000,rainy,25.4,22.4,30.2,75.0,2.2,2.0,0,0.0,ASOS_DAILY,2025-07-10 05:15:29,,,,
776.0,2022.0,8,24.0,2022-08-24 00:00:00.000000,rainy,24.8,22.4,27.9,66.9,0.0,2.5,0,0.0,ASOS_DAILY,2025-07-10 05:15:29,,,,
777.0,2022.0,8,25.0,2022-08-25 00:00:00.000000,rainy,22.2,21.1,24.0,78.0,1.6,1.8,0,0.0,ASOS_DAILY,2025-07-10 05:15:29,,,,
778.0,2022.0,8,26.0,2022-08-26 00:00:00.000000,rainy,23.8,19.9,28.4,75.3,0.0,2.4,0,0.0,ASOS_DAILY,2025-07-10 05:15:29,,,,
779.0,2022.0,8,27.0,2022-08-27 00:00:00.000000,rainy,21.5,17.6,25.5,63.1,17.6,2.8,0,0.0,ASOS_DAILY,2025-07-10 05:15:29,,,,
780.0,2022.0,8,28.0,2022-08-28 00:00:00.000000,rainy,22.6,16.1,28.4,59.4,0.0,1.7,0,0.0,ASOS_DAILY,2025-07-10 05:15:29,,,,
781.0,2022.0,8,29.0,2022-08-29 00:00:00.000000,rainy,21.0,19.5,22.5,74.0,2.2,2.3,0,0.0,ASOS_DAILY,2025-07-10 05:15:29,,,,
782.0,2022.0,8,30.0,2022-08-30 00:00:00.000000,rainy,19.1,17.9,20.3,96.3,35.8,2.6,0,0.0,ASOS_DAILY,2025-07-10 05:15:29,,,,
783.0,2022.0,8,31.0,2022-08-31 00:00:00.000000,rainy,21.7,19.6,24.9,83.3,0.0,1.8,0,0.0,ASOS_DAILY,2025-07-10 05:15:29,,,,
784.0,2022.0,9,1.0,2022-09-01 00:00:00.000000,rainy,24.0,18.3,30.4,70.8,0.0,1.7,0,0.0,ASOS_DAILY,2025-07-10 05:15:29,,,,
785.0,2022.0,9,2.0,2022-09-02 00:00:00.000000,rainy,24.7,20.3,29.8,61.8,0.0,3.1,0,0.0,ASOS_DAILY,2025-07-10 05:15:29,,,,
786.0,2022.0,9,3.0,2022-09-03 00:00:00.000000,rainy,24.2,20.5,29.2,63.0,0.0,3.4,0,0.0,ASOS_DAILY,2025-07-10 05:15:29,,,,
787.0,2022.0,9,4.0,2022-09-04 00:00:00.000000,rainy,22.3,19.8,24.0,88.6,33.8,3.1,0,0.0,ASOS_DAILY,2025-07-10 05:15:29,,,,
788.0,2022.0,9,5.0,2022-09-05 00:00:00.000000,rainy,19.2,17.7,22.7,95.9,120.0,3.2,1,0.0,ASOS_DAILY,2025-07-10 05:15:29,,,,
789.0,2022.0,9,6.0,2022-09-06 00:00:00.000000,rainy,21.0,17.0,26.3,78.0,25.3,3.6,0,0.0,ASOS_DAILY,2025-07-10 05:15:29,,,,
790.0,2022.0,9,7.0,2022-09-07 00:00:00.000000,rainy,22.8,17.9,28.1,65.3,0.0,1.9,0,0.0,ASOS_DAILY,2025-07-10 05:15:29,,,,
791.0,2022.0,9,8.0,2022-09-08 00:00:00.000000,rainy,23.2,16.7,29.5,65.5,0.0,1.6,0,0.0,ASOS_DAILY,2025-07-10 05:15:29,,,,
792.0,2022.0,9,9.0,2022-09-09 00:00:00.000000,rainy,24.3,18.9,30.8,59.1,0.0,2.0,0,0.0,ASOS_DAILY,2025-07-10 05:15:29,,,,
793.0,2022.0,9,10.0,2022-09-10 00:00:00.000000,rainy,23.6,19.0,28.4,52.3,0.0,2.6,0,0.0,ASOS_DAILY,2025-07-10 05:15:29,,,,
794.0,2022.0,9,11.0,2022-09-11 00:00:00.000000,rainy,23.3,20.6,26.4,68.6,0.1,2.1,0,0.0,ASOS_DAILY,2025-07-10 05:15:29,,,,
795.0,2022.0,9,12.0,2022-09-12 00:00:00.000000,rainy,23.8,20.3,27.5,76.1,0.0,1.6,0,0.0,ASOS_DAILY,2025-07-10 05:15:29,,,,
796.0,2022.0,9,13.0,2022-09-13 00:00:00.000000,rainy,24.3,21.8,26.4,73.0,0.0,2.5,0,0.0,ASOS_DAILY,2025-07-10 05:15:29,,,,
797.0,2022.0,9,14.0,2022-09-14 00:00:00.000000,rainy,24.6,22.7,27.9,56.9,0.0,4.6,0,0.0,ASOS_DAILY,2025-07-10 05:15:29,,,,
798.0,2022.0,9,15.0,2022-09-15 00:00:00.000000,rainy,25.2,22.0,28.3,66.9,0.1,3.6,0,0.0,ASOS_DAILY,2025-07-10 05:15:29,,,,
799.0,2022.0,9,16.0,2022-09-16 00:00:00.000000,rainy,25.7,23.4,29.9,78.6,14.6,2.9,0,0.0,ASOS_DAILY,2025-07-10 05:15:29,,,,
800.0,2022.0,9,17.0,2022-09-17 00:00:00.000000,rainy,25.6,23.3,29.4,83.1,4.3,1.4,0,0.0,ASOS_DAILY,2025-07-10 05:15:29,,,,
801.0,2022.0,9,18.0,2022-09-18 00:00:00.000000,rainy,27.1,23.0,32.5,75.3,0.0,2.0,0,0.0,ASOS_DAILY,2025-07-10 05:15:29,,,,
802.0,2022.0,9,19.0,2022-09-19 00:00:00.000000,rainy,24.6,19.5,29.6,63.1,0.0,3.3,0,0.0,ASOS_DAILY,2025-07-10 05:15:29,,,,
803.0,2022.0,9,20.0,2022-09-20 00:00:00.000000,rainy,19.9,16.1,24.6,57.0,0.0,2.3,0,0.0,ASOS_DAILY,2025-07-10 05:15:29,,,,
804.0,2022.0,9,21.0,2022-09-21 00:00:00.000000,rainy,19.4,13.0,25.6,56.9,0.0,1.8,0,0.0,ASOS_DAILY,2025-07-10 05:15:29,,,,
805.0,2022.0,9,22.0,2022-09-22 00:00:00.000000,rainy,19.8,14.2,24.7,60.1,0.0,2.0,0,0.0,ASOS_DAILY,2025-07-10 05:15:29,,,,
806.0,2022.0,9,23.0,2022-09-23 00:00:00.000000,rainy,17.5,14.7,22.2,68.9,3.3,3.1,0,0.0,ASOS_DAILY,2025-07-10 05:15:29,,,,
807.0,2022.0,9,24.0,2022-09-24 00:00:00.000000,rainy,18.5,12.3,24.2,64.6,0.0,1.8,0,0.0,ASOS_DAILY,2025-07-10 05:15:29,,,,
808.0,2022.0,9,25.0,2022-09-25 00:00:00.000000,rainy,19.6,15.4,25.2,63.3,0.0,1.6,0,0.0,ASOS_DAILY,2025-07-10 05:15:29,,,,
809.0,2022.0,9,26.0,2022-09-26 00:00:00.000000,rainy,20.0,14.8,25.4,58.5,0.0,1.7,0,0.0,ASOS_DAILY,2025-07-10 05:15:29,,,,
810.0,2022.0,9,27.0,2022-09-27 00:00:00.000000,rainy,20.9,14.0,28.0,59.0,0.0,1.6,0,0.0,ASOS_DAILY,2025-07-10 05:15:29,,,,
811.0,2022.0,9,28.0,2022-09-28 00:00:00.000000,rainy,20.4,16.1,26.1,71.0,0.0,1.8,0,0.0,ASOS_DAILY,2025-07-10 05:15:29,,,,
812.0,2022.0,9,29.0,2022-09-29 00:00:00.000000,rainy,20.4,16.4,26.5,73.5,0.0,1.4,0,0.0,ASOS_DAILY,2025-07-10 05:15:29,,,,
813.0,2022.0,9,30.0,2022-09-30 00:00:00.000000,rainy,20.7,14.8,27.7,68.0,0.0,1.6,0,0.0,ASOS_DAILY,2025-07-10 05:15:29,,,,
814.0,2022.0,10,1.0,2022-10-01 00:00:00.000000,dry,20.9,14.4,27.6,63.3,0.0,1.6,0,0.0,ASOS_DAILY,2025-07-10 05:15:29,,,,
815.0,2022.0,10,2.0,2022-10-02 00:00:00.000000,dry,19.4,17.2,21.6,78.9,15.8,2.7,0,0.0,ASOS_DAILY,2025-07-10 05:15:29,,,,
816.0,2022.0,10,3.0,2022-10-03 00:00:00.000000,dry,21.4,17.5,23.4,98.5,76.0,2.7,1,0.0,ASOS_DAILY,2025-07-10 05:15:29,,,,
817.0,2022.0,10,4.0,2022-10-04 00:00:00.000000,dry,17.9,14.2,23.0,83.8,11.8,2.9,0,0.0,ASOS_DAILY,2025-07-10 05:15:29,,,,
818.0,2022.0,10,5.0,2022-10-05 00:00:00.000000,dry,16.6,14.1,21.6,74.8,0.1,2.1,0,0.0,ASOS_DAILY,2025-07-10 05:15:29,,,,
819.0,2022.0,10,6.0,2022-10-06 00:00:00.000000,dry,15.8,12.7,19.1,76.6,0.0,2.1,0,0.0,ASOS_DAILY,2025-07-10 05:15:29,,,,
820.0,2022.0,10,7.0,2022-10-07 00:00:00.000000,dry,14.3,11.0,18.6,69.5,0.0,2.5,0,0.0,ASOS_DAILY,2025-07-10 05:15:29,,,,
821.0,2022.0,10,8.0,2022-10-08 00:00:00.000000,dry,15.8,11.1,21.6,64.6,0.0,2.5,0,0.0,ASOS_DAILY,2025-07-10 05:15:29,,,,
822.0,2022.0,10,9.0,2022-10-09 00:00:00.000000,dry,13.1,10.7,14.5,85.8,20.4,2.1,0,0.0,ASOS_DAILY,2025-07-10 05:15:29,,,,
823.0,2022.0,10,10.0,2022-10-10 00:00:00.000000,dry,9.9,8.2,11.9,72.9,0.0,3.8,0,0.0,ASOS_DAILY,2025-07-10 05:15:29,,,,
824.0,2022.0,10,11.0,2022-10-11 00:00:00.000000,dry,11.1,7.4,16.4,69.1,0.0,2.2,0,0.0,ASOS_DAILY,2025-07-10 05:15:29,,,,
825.0,2022.0,10,12.0,2022-10-12 00:00:00.000000,dry,13.5,6.5,20.6,68.1,0.0,1.8,0,0.0,ASOS_DAILY,2025-07-10 05:15:29,,,,
826.0,2022.0,10,13.0,2022-10-13 00:00:00.000000,dry,16.3,10.7,22.7,69.6,0.0,1.5,0,0.0,ASOS_DAILY,2025-07-10 05:15:29,,,,
827.0,2022.0,10,14.0,2022-10-14 00:00:00.000000,dry,17.1,12.4,23.0,73.4,0.0,1.6,0,0.0,ASOS_DAILY,2025-07-10 05:15:29,,,,
828.0,2022.0,10,15.0,2022-10-15 00:00:00.000000,dry,18.2,12.6,24.4,68.5,0.0,1.4,0,0.0,ASOS_DAILY,2025-07-10 05:15:29,,,,
829.0,2022.0,10,16.0,2022-10-16 00:00:00.000000,dry,16.9,15.1,20.5,73.9,0.0,1.7,0,0.0,ASOS_DAILY,2025-07-10 05:15:29,,,,
830.0,2022.0,10,17.0,2022-10-17 00:00:00.000000,dry,11.2,7.4,15.1,50.3,0.0,3.4,0,0.0,ASOS_DAILY,2025-07-10 05:15:29,,,,
831.0,2022.0,10,18.0,2022-10-18 00:00:00.000000,dry,9.4,5.0,14.2,52.1,0.0,2.3,0,0.0,ASOS_DAILY,2025-07-10 05:15:29,,,,
832.0,2022.0,10,19.0,2022-10-19 00:00:00.000000,dry,10.5,4.4,16.8,57.8,0.0,1.8,0,0.0,ASOS_DAILY,2025-07-10 05:15:29,,,,
833.0,2022.0,10,20.0,2022-10-20 00:00:00.000000,dry,12.9,6.0,19.7,64.4,0.0,1.8,0,0.0,ASOS_DAILY,2025-07-10 05:15:29,,,,
834.0,2022.0,10,21.0,2022-10-21 00:00:00.000000,dry,14.0,8.8,20.9,68.8,0.0,1.7,0,0.0,ASOS_DAILY,2025-07-10 05:15:29,,,,
835.0,2022.0,10,22.0,2022-10-22 00:00:00.000000,dry,15.1,10.5,20.8,76.3,0.0,1.9,0,0.0,ASOS_DAILY,2025-07-10 05:15:29,,,,
836.0,2022.0,10,23.0,2022-10-23 00:00:00.000000,dry,14.0,10.4,18.6,65.0,0.0,2.7,0,0.0,ASOS_DAILY,2025-07-10 05:15:29,,,,
837.0,2022.0,10,24.0,2022-10-24 00:00:00.000000,dry,10.6,7.5,14.8,52.6,0.0,2.8,0,0.0,ASOS_DAILY,2025-07-10 05:15:29,,,,
838.0,2022.0,10,25.0,2022-10-25 00:00:00.000000,dry,11.3,5.9,17.6,56.5,0.0,2.0,0,0.0,ASOS_DAILY,2025-07-10 05:15:29,,,,
839.0,2022.0,10,26.0,2022-10-26 00:00:00.000000,dry,12.9,8.0,17.8,58.3,0.0,1.9,0,0.0,ASOS_DAILY,2025-07-10 05:15:29,,,,
840.0,2022.0,10,27.0,2022-10-27 00:00:00.000000,dry,13.2,8.6,18.9,71.8,0.0,1.7,0,0.0,ASOS_DAILY,2025-07-10 05:15:29,,,,
841.0,2022.0,10,28.0,2022-10-28 00:00:00.000000,dry,13.6,8.2,20.6,70.1,0.0,1.7,0,0.0,ASOS_DAILY,2025-07-10 05:15:29,,,,
842.0,2022.0,10,29.0,2022-10-29 00:00:00.000000,dry,14.8,10.2,21.3,65.9,0.0,1.8,0,0.0,ASOS_DAILY,2025-07-10 05:15:29,,,,
843.0,2022.0,10,30.0,2022-10-30 00:00:00.000000,dry,14.9,10.4,21.3,64.5,0.0,1.9,0,0.0,ASOS_DAILY,2025-07-10 05:15:29,,,,
844.0,2022.0,10,31.0,2022-10-31 00:00:00.000000,dry,14.9,11.2,21.1,69.8,0.0,2.1,0,0.0,ASOS_DAILY,2025-07-10 05:15:29,,,,
845.0,2022.0,11,1.0,2022-11-01 00:00:00.000000,dry,13.1,9.4,17.8,73.5,0.0,1.8,0,0.0,ASOS_DAILY,2025-07-10 05:15:29,,,,
846.0,2022.0,11,2.0,2022-11-02 00:00:00.000000,dry,11.1,5.5,17.9,57.1,0.0,1.7,0,0.0,ASOS_DAILY,2025-07-10 05:15:29,,,,
847.0,2022.0,11,3.0,2022-11-03 00:00:00.000000,dry,9.3,5.6,13.4,58.1,0.0,2.0,0,0.0,ASOS_DAILY,2025-07-10 05:15:29,,,,
848.0,2022.0,11,4.0,2022-11-04 00:00:00.000000,dry,4.9,1.6,9.8,41.8,0.0,2.9,0,0.0,ASOS_DAILY,2025-07-10 05:15:29,,,,
849.0,2022.0,11,5.0,2022-11-05 00:00:00.000000,dry,6.5,0.8,13.6,51.3,0.0,1.7,0,0.0,ASOS_DAILY,2025-07-10 05:15:29,,,,
850.0,2022.0,11,6.0,2022-11-06 00:00:00.000000,dry,9.6,3.7,16.4,60.5,0.0,1.8,0,0.0,ASOS_DAILY,2025-07-10 05:15:29,,,,
851.0,2022.0,11,7.0,2022-11-07 00:00:00.000000,dry,11.4,6.1,16.6,64.5,0.0,1.7,0,0.0,ASOS_DAILY,2025-07-10 05:15:29,,,,
852.0,2022.0,11,8.0,2022-11-08 00:00:00.000000,dry,12.9,9.7,17.9,68.3,0.0,1.5,0,0.0,ASOS_DAILY,2025-07-10 05:15:29,,,,
853.0,2022.0,11,9.0,2022-11-09 00:00:00.000000,dry,11.4,6.7,16.0,76.0,0.0,1.5,0,0.0,ASOS_DAILY,2025-07-10 05:15:29,,,,
854.0,2022.0,11,10.0,2022-11-10 00:00:00.000000,dry,13.5,8.8,19.1,74.5,0.0,1.3,0,0.0,ASOS_DAILY,2025-07-10 05:15:29,,,,
855.0,2022.0,11,11.0,2022-11-11 00:00:00.000000,dry,15.6,10.9,22.1,62.5,0.0,1.8,0,0.0,ASOS_DAILY,2025-07-10 05:15:29,,,,
856.0,2022.0,11,12.0,2022-11-12 00:00:00.000000,dry,16.3,11.6,22.0,80.0,57.9,2.2,1,0.0,ASOS_DAILY,2025-07-10 05:15:29,,,,
857.0,2022.0,11,13.0,2022-11-13 00:00:00.000000,dry,10.3,8.7,17.3,85.6,0.0,2.6,0,0.0,ASOS_DAILY,2025-07-10 05:15:29,,,,
858.0,2022.0,11,14.0,2022-11-14 00:00:00.000000,dry,9.7,5.9,13.8,74.8,0.0,2.3,0,0.0,ASOS_DAILY,2025-07-10 05:15:29,,,,
859.0,2022.0,11,15.0,2022-11-15 00:00:00.000000,dry,8.1,4.0,12.3,77.4,1.6,2.0,0,0.0,ASOS_DAILY,2025-07-10 05:15:29,,,,
860.0,2022.0,11,16.0,2022-11-16 00:00:00.000000,dry,8.5,5.5,13.0,71.3,0.0,1.7,0,0.0,ASOS_DAILY,2025-07-10 05:15:29,,,,
861.0,2022.0,11,17.0,2022-11-17 00:00:00.000000,dry,10.2,5.4,16.6,64.6,0.0,1.6,0,0.0,ASOS_DAILY,2025-07-10 05:15:29,,,,
862.0,2022.0,11,18.0,2022-11-18 00:00:00.000000,dry,11.0,5.3,18.1,69.6,0.0,1.6,0,0.0,ASOS_DAILY,2025-07-10 05:15:29,,,,
863.0,2022.0,11,19.0,2022-11-19 00:00:00.000000,dry,12.9,8.7,19.2,55.8,0.0,2.3,0,0.0,ASOS_DAILY,2025-07-10 05:15:29,,,,
864.0,2022.0,11,20.0,2022-11-20 00:00:00.000000,dry,13.7,9.5,20.2,58.3,0.0,1.7,0,0.0,ASOS_DAILY,2025-07-10 05:15:29,,,,
865.0,2022.0,11,21.0,2022-11-21 00:00:00.000000,dry,11.8,9.3,16.2,70.5,0.0,1.6,0,0.0,ASOS_DAILY,2025-07-10 05:15:29,,,,
866.0,2022.0,11,22.0,2022-11-22 00:00:00.000000,dry,10.7,7.0,13.7,69.9,0.0,1.9,0,0.0,ASOS_DAILY,2025-07-10 05:15:29,,,,
867.0,2022.0,11,23.0,2022-11-23 00:00:00.000000,dry,10.8,6.8,15.2,56.0,0.0,2.1,0,0.0,ASOS_DAILY,2025-07-10 05:15:29,,,,
868.0,2022.0,11,24.0,2022-11-24 00:00:00.000000,dry,9.4,5.9,14.1,65.6,0.0,1.5,0,0.0,ASOS_DAILY,2025-07-10 05:15:29,,,,
869.0,2022.0,11,25.0,2022-11-25 00:00:00.000000,dry,12.3,7.1,17.8,67.1,1.7,3.0,0,0.0,ASOS_DAILY,2025-07-10 05:15:29,,,,
870.0,2022.0,11,26.0,2022-11-26 00:00:00.000000,dry,6.7,1.0,12.9,52.4,0.0,3.0,0,0.0,ASOS_DAILY,2025-07-10 05:15:29,,,,
871.0,2022.0,11,27.0,2022-11-27 00:00:00.000000,dry,5.4,-1.1,11.5,43.1,0.0,2.4,0,0.0,ASOS_DAILY,2025-07-10 05:15:29,,,,
872.0,2022.0,11,28.0,2022-11-28 00:00:00.000000,dry,12.3,7.5,15.0,65.5,19.5,2.7,0,0.0,ASOS_DAILY,2025-07-10 05:15:29,,,,
873.0,2022.0,11,29.0,2022-11-29 00:00:00.000000,dry,6.9,-1.6,15.0,67.0,3.8,3.5,0,0.0,ASOS_DAILY,2025-07-10 05:15:29,,,,
874.0,2022.0,11,30.0,2022-11-30 00:00:00.000000,dry,-5.4,-8.1,-1.6,49.1,0.0,3.9,0,0.0,ASOS_DAILY,2025-07-10 05:15:29,,,,
875.0,2022.0,12,1.0,2022-12-01 00:00:00.000000,dry,-5.4,-9.4,-1.2,43.4,0.0,2.4,0,0.0,ASOS_DAILY,2025-07-10 05:15:29,,,,
876.0,2022.0,12,2.0,2022-12-02 00:00:00.000000,dry,-2.5,-7.6,3.0,42.0,0.0,1.7,0,0.0,ASOS_DAILY,2025-07-10 05:15:29,,,,
877.0,2022.0,12,3.0,2022-12-03 00:00:00.000000,dry,2.1,-0.3,7.0,70.5,1.1,2.6,0,0.0,ASOS_DAILY,2025-07-10 05:15:29,,,,
878.0,2022.0,12,4.0,2022-12-04 00:00:00.000000,dry,-3.5,-5.2,-0.2,38.9,0.0,2.8,0,0.0,ASOS_DAILY,2025-07-10 05:15:29,,,,
879.0,2022.0,12,5.0,2022-12-05 00:00:00.000000,dry,-3.1,-7.0,1.9,41.9,0.0,2.4,0,0.0,ASOS_DAILY,2025-07-10 05:15:29,,,,
880.0,2022.0,12,6.0,2022-12-06 00:00:00.000000,dry,0.9,-3.9,5.3,62.8,0.1,2.4,0,0.0,ASOS_DAILY,2025-07-10 05:15:29,,,,
881.0,2022.0,12,7.0,2022-12-07 00:00:00.000000,dry,4.9,1.2,9.0,60.4,0.1,2.7,0,0.0,ASOS_DAILY,2025-07-10 05:15:29,,,,
882.0,2022.0,12,8.0,2022-12-08 00:00:00.000000,dry,3.7,0.1,9.1,57.5,0.0,1.4,0,0.0,ASOS_DAILY,2025-07-10 05:15:29,,,,
883.0,2022.0,12,9.0,2022-12-09 00:00:00.000000,dry,4.5,0.9,10.2,60.8,0.0,2.0,0,0.0,ASOS_DAILY,2025-07-10 05:15:29,,,,
884.0,2022.0,12,10.0,2022-12-10 00:00:00.000000,dry,2.6,-0.6,6.7,46.5,0.0,1.3,0,0.0,ASOS_DAILY,2025-07-10 05:15:29,,,,
885.0,2022.0,12,11.0,2022-12-11 00:00:00.000000,dry,1.6,-1.5,6.8,52.5,0.0,1.8,0,0.0,ASOS_DAILY,2025-07-10 05:15:29,,,,
886.0,2022.0,12,12.0,2022-12-12 00:00:00.000000,dry,2.0,-2.0,6.3,73.4,5.4,1.7,0,0.0,ASOS_DAILY,2025-07-10 05:15:29,,,,
887.0,2022.0,12,13.0,2022-12-13 00:00:00.000000,dry,0.0,-6.4,3.1,70.8,0.6,3.5,0,0.0,ASOS_DAILY,2025-07-10 05:15:29,,,,
888.0,2022.0,12,14.0,2022-12-14 00:00:00.000000,dry,-8.4,-11.0,-4.9,50.1,0.0,3.2,0,0.0,ASOS_DAILY,2025-07-10 05:15:29,,,,
889.0,2022.0,12,15.0,2022-12-15 00:00:00.000000,dry,-4.5,-8.5,-1.3,79.1,2.4,2.5,0,0.0,ASOS_DAILY,2025-07-10 05:15:29,,,,
890.0,2022.0,12,16.0,2022-12-16 00:00:00.000000,dry,-6.3,-9.6,-2.2,56.9,0.0,2.0,0,0.0,ASOS_DAILY,2025-07-10 05:15:29,,,,
891.0,2022.0,12,17.0,2022-12-17 00:00:00.000000,dry,-7.0,-9.8,-3.2,52.0,0.2,2.7,0,0.0,ASOS_DAILY,2025-07-10 05:15:29,,,,
892.0,2022.0,12,18.0,2022-12-18 00:00:00.000000,dry,-9.5,-12.4,-5.6,47.1,0.0,2.6,0,0.0,ASOS_DAILY,2025-07-10 05:15:29,,,,
893.0,2022.0,12,19.0,2022-12-19 00:00:00.000000,dry,-7.0,-12.0,-2.5,55.6,0.0,1.7,0,0.0,ASOS_DAILY,2025-07-10 05:15:29,,,,
894.0,2022.0,12,20.0,2022-12-20 00:00:00.000000,dry,-3.2,-9.5,2.9,55.8,0.0,2.2,0,0.0,ASOS_DAILY,2025-07-10 05:15:29,,,,
895.0,2022.0,12,21.0,2022-12-21 00:00:00.000000,dry,-0.1,-2.6,2.6,82.4,3.6,2.7,0,0.0,ASOS_DAILY,2025-07-10 05:15:29,,,,
896.0,2022.0,12,22.0,2022-12-22 00:00:00.000000,dry,-7.8,-11.3,-2.6,60.5,0.0,4.4,0,0.0,ASOS_DAILY,2025-07-10 05:15:29,,,,
897.0,2022.0,12,23.0,2022-12-23 00:00:00.000000,dry,-11.8,-13.7,-8.6,60.5,0.0,4.3,0,0.0,ASOS_DAILY,2025-07-10 05:15:29,,,,
898.0,2022.0,12,24.0,2022-12-24 00:00:00.000000,dry,-8.4,-13.5,-2.0,54.9,0.0,1.8,0,0.0,ASOS_DAILY,2025-07-10 05:15:29,,,,
899.0,2022.0,12,25.0,2022-12-25 00:00:00.000000,dry,-5.4,-9.6,0.2,66.5,0.0,1.7,0,0.0,ASOS_DAILY,2025-07-10 05:15:29,,,,
900.0,2022.0,12,26.0,2022-12-26 00:00:00.000000,dry,-3.9,-7.9,1.7,68.4,0.0,1.4,0,0.0,ASOS_DAILY,2025-07-10 05:15:29,,,,
901.0,2022.0,12,27.0,2022-12-27 00:00:00.000000,dry,-2.6,-7.3,3.3,69.8,0.0,1.8,0,0.0,ASOS_DAILY,2025-07-10 05:15:29,,,,
902.0,2022.0,12,28.0,2022-12-28 00:00:00.000000,dry,-3.3,-6.0,0.1,58.1,0.1,2.5,0,0.0,ASOS_DAILY,2025-07-10 05:15:29,,,,
903.0,2022.0,12,29.0,2022-12-29 00:00:00.000000,dry,-2.9,-7.8,2.1,56.3,0.0,1.7,0,0.0,ASOS_DAILY,2025-07-10 05:15:29,,,,
904.0,2022.0,12,30.0,2022-12-30 00:00:00.000000,dry,-1.8,-4.4,2.3,65.6,0.0,1.9,0,0.0,ASOS_DAILY,2025-07-10 05:15:29,,,,
905.0,2022.0,12,31.0,2022-12-31 00:00:00.000000,dry,-1.2,-5.1,2.1,65.5,0.0,1.4,0,0.0,ASOS_DAILY,2025-07-10 05:15:29,,,,
906.0,2023.0,1,1.0,2023-01-01 00:00:00.000000,dry,-0.2,-4.3,3.8,55.0,0.0,2.7,0,0.0,ASOS_DAILY,2025-07-10 05:15:29,,,,
907.0,2023.0,1,2.0,2023-01-02 00:00:00.000000,dry,-4.5,-7.4,-0.4,46.0,0.0,2.5,0,0.0,ASOS_DAILY,2025-07-10 05:15:29,,,,
908.0,2023.0,1,3.0,2023-01-03 00:00:00.000000,dry,-5.0,-9.0,0.6,49.0,0.0,1.8,0,0.0,ASOS_DAILY,2025-07-10 05:15:29,,,,
909.0,2023.0,1,4.0,2023-01-04 00:00:00.000000,dry,-1.8,-5.7,3.3,51.0,0.0,1.9,0,0.0,ASOS_DAILY,2025-07-10 05:15:29,,,,
910.0,2023.0,1,5.0,2023-01-05 00:00:00.000000,dry,-1.6,-5.6,3.6,58.1,0.0,1.6,0,0.0,ASOS_DAILY,2025-07-10 05:15:29,,,,
911.0,2023.0,1,6.0,2023-01-06 00:00:00.000000,dry,0.6,-4.7,5.7,71.9,3.9,2.2,0,0.0,ASOS_DAILY,2025-07-10 05:15:29,,,,
912.0,2023.0,1,7.0,2023-01-07 00:00:00.000000,dry,1.5,-1.4,3.8,80.9,0.1,2.2,0,0.0,ASOS_DAILY,2025-07-10 05:15:29,,,,
913.0,2023.0,1,8.0,2023-01-08 00:00:00.000000,dry,1.3,-3.7,6.3,69.3,0.0,1.7,0,0.0,ASOS_DAILY,2025-07-10 05:15:29,,,,
914.0,2023.0,1,9.0,2023-01-09 00:00:00.000000,dry,3.1,-1.3,7.0,60.1,0.0,2.3,0,0.0,ASOS_DAILY,2025-07-10 05:15:29,,,,
915.0,2023.0,1,10.0,2023-01-10 00:00:00.000000,dry,1.6,-3.9,9.1,59.9,0.0,1.5,0,0.0,ASOS_DAILY,2025-07-10 05:15:29,,,,
916.0,2023.0,1,11.0,2023-01-11 00:00:00.000000,dry,2.6,-2.0,9.2,61.9,0.0,1.6,0,0.0,ASOS_DAILY,2025-07-10 05:15:29,,,,
917.0,2023.0,1,12.0,2023-01-12 00:00:00.000000,dry,5.9,-0.6,12.5,46.6,0.0,2.2,0,0.0,ASOS_DAILY,2025-07-10 05:15:29,,,,
918.0,2023.0,1,13.0,2023-01-13 00:00:00.000000,dry,8.3,5.1,10.1,99.1,37.3,2.5,0,0.0,ASOS_DAILY,2025-07-10 05:15:29,,,,
919.0,2023.0,1,14.0,2023-01-14 00:00:00.000000,dry,6.6,3.8,8.4,92.9,1.6,2.5,0,0.0,ASOS_DAILY,2025-07-10 05:15:29,,,,
920.0,2023.0,1,15.0,2023-01-15 00:00:00.000000,dry,-0.2,-3.5,3.8,93.9,3.2,2.8,0,0.0,ASOS_DAILY,2025-07-10 05:15:29,,,,
921.0,2023.0,1,16.0,2023-01-16 00:00:00.000000,dry,-4.6,-6.8,-1.2,63.1,0.0,2.7,0,0.0,ASOS_DAILY,2025-07-10 05:15:29,,,,
922.0,2023.0,1,17.0,2023-01-17 00:00:00.000000,dry,-3.7,-7.0,-0.4,65.1,0.0,1.8,0,0.0,ASOS_DAILY,2025-07-10 05:15:29,,,,
923.0,2023.0,1,18.0,2023-01-18 00:00:00.000000,dry,-1.9,-4.6,2.2,60.5,0.0,2.0,0,0.0,ASOS_DAILY,2025-07-10 05:15:29,,,,
924.0,2023.0,1,19.0,2023-01-19 00:00:00.000000,dry,-0.4,-6.0,4.3,69.3,1.0,2.5,0,0.0,ASOS_DAILY,2025-07-10 05:15:29,,,,
925.0,2023.0,1,20.0,2023-01-20 00:00:00.000000,dry,-3.3,-7.7,2.0,52.4,0.0,3.7,0,0.0,ASOS_DAILY,2025-07-10 05:15:29,,,,
926.0,2023.0,1,21.0,2023-01-21 00:00:00.000000,dry,-4.5,-10.5,1.5,55.4,0.0,1.8,0,0.0,ASOS_DAILY,2025-07-10 05:15:29,,,,
927.0,2023.0,1,22.0,2023-01-22 00:00:00.000000,dry,-0.6,-2.8,2.6,62.8,0.0,2.6,0,0.0,ASOS_DAILY,2025-07-10 05:15:29,,,,
928.0,2023.0,1,23.0,2023-01-23 00:00:00.000000,dry,-0.8,-6.9,4.6,66.6,0.0,2.7,0,0.0,ASOS_DAILY,2025-07-10 05:15:29,,,,
929.0,2023.0,1,24.0,2023-01-24 00:00:00.000000,dry,-14.7,-17.0,-6.9,51.9,0.0,4.6,0,0.0,ASOS_DAILY,2025-07-10 05:15:29,,,,
930.0,2023.0,1,25.0,2023-01-25 00:00:00.000000,dry,-11.3,-17.3,-5.4,45.1,0.0,2.1,0,0.0,ASOS_DAILY,2025-07-10 05:15:29,,,,
931.0,2023.0,1,26.0,2023-01-26 00:00:00.000000,dry,-6.0,-9.0,-3.5,80.1,0.8,2.5,0,0.0,ASOS_DAILY,2025-07-10 05:15:29,,,,
932.0,2023.0,1,27.0,2023-01-27 00:00:00.000000,dry,-7.3,-9.6,-3.8,56.5,0.0,3.5,0,0.0,ASOS_DAILY,2025-07-10 05:15:29,,,,
933.0,2023.0,1,28.0,2023-01-28 00:00:00.000000,dry,-6.0,-11.2,-0.6,54.9,0.0,2.4,0,0.0,ASOS_DAILY,2025-07-10 05:15:29,,,,
934.0,2023.0,1,29.0,2023-01-29 00:00:00.000000,dry,-1.8,-8.0,4.9,58.3,0.0,2.6,0,0.0,ASOS_DAILY,2025-07-10 05:15:29,,,,
935.0,2023.0,1,30.0,2023-01-30 00:00:00.000000,dry,-0.9,-4.4,4.2,55.9,0.0,2.1,0,0.0,ASOS_DAILY,2025-07-10 05:15:29,,,,
936.0,2023.0,1,31.0,2023-01-31 00:00:00.000000,dry,2.4,-3.5,7.8,69.1,0.0,2.7,0,0.0,ASOS_DAILY,2025-07-10 05:15:29,,,,
937.0,2023.0,2,1.0,2023-02-01 00:00:00.000000,dry,0.9,-3.0,6.0,68.4,0.0,3.2,0,0.0,ASOS_DAILY,2025-07-10 05:15:29,,,,
938.0,2023.0,2,2.0,2023-02-02 00:00:00.000000,dry,-2.4,-5.1,1.4,50.3,0.0,2.5,0,0.0,ASOS_DAILY,2025-07-10 05:15:29,,,,
939.0,2023.0,2,3.0,2023-02-03 00:00:00.000000,dry,-1.6,-3.9,3.4,47.4,0.0,2.2,0,0.0,ASOS_DAILY,2025-07-10 05:15:29,,,,
940.0,2023.0,2,4.0,2023-02-04 00:00:00.000000,dry,-0.2,-5.2,6.0,49.8,0.0,2.0,0,0.0,ASOS_DAILY,2025-07-10 05:15:29,,,,
941.0,2023.0,2,5.0,2023-02-05 00:00:00.000000,dry,1.7,-3.3,7.1,71.0,0.0,1.8,0,0.0,ASOS_DAILY,2025-07-10 05:15:29,,,,
942.0,2023.0,2,6.0,2023-02-06 00:00:00.000000,dry,3.0,-1.7,8.8,72.3,0.0,1.6,0,0.0,ASOS_DAILY,2025-07-10 05:15:29,,,,
943.0,2023.0,2,7.0,2023-02-07 00:00:00.000000,dry,3.5,-0.6,9.5,72.9,0.0,1.5,0,0.0,ASOS_DAILY,2025-07-10 05:15:29,,,,
944.0,2023.0,2,8.0,2023-02-08 00:00:00.000000,dry,2.1,-1.3,7.8,62.1,0.0,2.5,0,0.0,ASOS_DAILY,2025-07-10 05:15:29,,,,
945.0,2023.0,2,9.0,2023-02-09 00:00:00.000000,dry,4.0,-2.8,9.9,49.9,0.0,2.5,0,0.0,ASOS_DAILY,2025-07-10 05:15:29,,,,
946.0,2023.0,2,10.0,2023-02-10 00:00:00.000000,dry,3.8,1.1,6.2,79.6,0.6,2.2,0,0.0,ASOS_DAILY,2025-07-10 05:15:29,,,,
947.0,2023.0,2,11.0,2023-02-11 00:00:00.000000,dry,2.8,-1.2,8.5,73.0,0.0,1.8,0,0.0,ASOS_DAILY,2025-07-10 05:15:29,,,,
948.0,2023.0,2,12.0,2023-02-12 00:00:00.000000,dry,3.7,-0.9,7.6,70.0,0.0,1.8,0,0.0,ASOS_DAILY,2025-07-10 05:15:29,,,,
949.0,2023.0,2,13.0,2023-02-13 00:00:00.000000,dry,5.9,2.7,8.4,66.5,0.0,2.3,0,0.0,ASOS_DAILY,2025-07-10 05:15:29,,,,
950.0,2023.0,2,14.0,2023-02-14 00:00:00.000000,dry,1.7,-2.5,6.6,54.9,0.0,2.7,0,0.0,ASOS_DAILY,2025-07-10 05:15:29,,,,
951.0,2023.0,2,15.0,2023-02-15 00:00:00.000000,dry,3.2,-1.2,8.9,46.4,0.0,2.5,0,0.0,ASOS_DAILY,2025-07-10 05:15:29,,,,
952.0,2023.0,2,16.0,2023-02-16 00:00:00.000000,dry,2.3,-0.7,4.5,68.3,0.0,2.7,0,0.0,ASOS_DAILY,2025-07-10 05:15:29,,,,
953.0,2023.0,2,17.0,2023-02-17 00:00:00.000000,dry,3.4,-1.5,9.8,67.8,0.0,1.8,0,0.0,ASOS_DAILY,2025-07-10 05:15:29,,,,
954.0,2023.0,2,18.0,2023-02-18 00:00:00.000000,dry,5.7,3.0,8.1,58.3,0.0,1.5,0,0.0,ASOS_DAILY,2025-07-10 05:15:29,,,,
955.0,2023.0,2,19.0,2023-02-19 00:00:00.000000,dry,3.5,0.2,6.1,56.1,0.4,3.3,0,0.0,ASOS_DAILY,2025-07-10 05:15:29,,,,
956.0,2023.0,2,20.0,2023-02-20 00:00:00.000000,dry,-0.5,-3.5,2.4,46.4,0.0,3.3,0,0.0,ASOS_DAILY,2025-07-10 05:15:29,,,,
957.0,2023.0,2,21.0,2023-02-21 00:00:00.000000,dry,-1.3,-5.3,4.8,42.4,0.0,2.1,0,0.0,ASOS_DAILY,2025-07-10 05:15:29,,,,
958.0,2023.0,2,22.0,2023-02-22 00:00:00.000000,dry,1.2,-4.5,8.4,50.6,0.0,2.2,0,0.0,ASOS_DAILY,2025-07-10 05:15:29,,,,
959.0,2023.0,2,23.0,2023-02-23 00:00:00.000000,dry,2.9,-1.8,9.2,65.5,0.0,1.9,0,0.0,ASOS_DAILY,2025-07-10 05:15:29,,,,
960.0,2023.0,2,24.0,2023-02-24 00:00:00.000000,dry,3.5,-0.4,8.5,57.9,0.0,3.0,0,0.0,ASOS_DAILY,2025-07-10 05:15:29,,,,
961.0,2023.0,2,25.0,2023-02-25 00:00:00.000000,dry,0.7,-2.9,5.7,44.0,0.0,2.9,0,0.0,ASOS_DAILY,2025-07-10 05:15:29,,,,
962.0,2023.0,2,26.0,2023-02-26 00:00:00.000000,dry,2.2,-3.4,9.4,46.6,0.0,2.1,0,0.0,ASOS_DAILY,2025-07-10 05:15:29,,,,
963.0,2023.0,2,27.0,2023-02-27 00:00:00.000000,dry,4.4,-1.8,12.4,47.4,0.0,1.9,0,0.0,ASOS_DAILY,2025-07-10 05:15:29,,,,
964.0,2023.0,2,28.0,2023-02-28 00:00:00.000000,dry,4.3,-0.7,8.7,63.4,0.0,2.0,0,0.0,ASOS_DAILY,2025-07-10 05:15:29,,,,
965.0,2023.0,3,1.0,2023-03-01 00:00:00.000000,dry,6.0,2.9,9.0,54.4,0.0,3.1,0,0.0,ASOS_DAILY,2025-07-10 05:15:29,,,,
966.0,2023.0,3,2.0,2023-03-02 00:00:00.000000,dry,2.2,-1.8,6.6,37.8,0.0,2.8,0,0.0,ASOS_DAILY,2025-07-10 05:15:29,,,,
967.0,2023.0,3,3.0,2023-03-03 00:00:00.000000,dry,4.6,-1.9,10.4,65.0,0.0,2.1,0,0.0,ASOS_DAILY,2025-07-10 05:15:29,,,,
968.0,2023.0,3,4.0,2023-03-04 00:00:00.000000,dry,7.7,3.7,14.1,68.4,0.0,1.9,0,0.0,ASOS_DAILY,2025-07-10 05:15:29,,,,
969.0,2023.0,3,5.0,2023-03-05 00:00:00.000000,dry,8.0,2.5,15.4,54.0,0.0,1.7,0,0.0,ASOS_DAILY,2025-07-10 05:15:29,,,,
970.0,2023.0,3,6.0,2023-03-06 00:00:00.000000,dry,9.2,2.2,16.5,41.9,0.0,2.1,0,0.0,ASOS_DAILY,2025-07-10 05:15:29,,,,
971.0,2023.0,3,7.0,2023-03-07 00:00:00.000000,dry,11.7,6.3,19.4,60.9,0.0,2.3,0,0.0,ASOS_DAILY,2025-07-10 05:15:29,,,,
972.0,2023.0,3,8.0,2023-03-08 00:00:00.000000,dry,12.5,7.4,17.7,66.3,1.2,2.0,0,0.0,ASOS_DAILY,2025-07-10 05:15:29,,,,
973.0,2023.0,3,9.0,2023-03-09 00:00:00.000000,dry,10.3,7.4,13.1,85.9,3.7,2.3,0,0.0,ASOS_DAILY,2025-07-10 05:15:29,,,,
974.0,2023.0,3,10.0,2023-03-10 00:00:00.000000,dry,13.5,6.2,22.2,62.1,0.0,2.1,0,0.0,ASOS_DAILY,2025-07-10 05:15:29,,,,
975.0,2023.0,3,11.0,2023-03-11 00:00:00.000000,dry,15.2,10.2,22.8,52.0,0.0,2.4,0,0.0,ASOS_DAILY,2025-07-10 05:15:29,,,,
976.0,2023.0,3,12.0,2023-03-12 00:00:00.000000,dry,5.9,0.6,12.6,68.0,5.6,3.7,0,0.0,ASOS_DAILY,2025-07-10 05:15:29,,,,
977.0,2023.0,3,13.0,2023-03-13 00:00:00.000000,dry,2.9,-1.9,7.6,38.9,0.0,3.2,0,0.0,ASOS_DAILY,2025-07-10 05:15:29,,,,
978.0,2023.0,3,14.0,2023-03-14 00:00:00.000000,dry,9.2,3.3,15.4,45.9,0.0,2.9,0,0.0,ASOS_DAILY,2025-07-10 05:15:29,,,,
979.0,2023.0,3,15.0,2023-03-15 00:00:00.000000,dry,8.6,3.5,14.4,66.6,0.0,3.0,0,0.0,ASOS_DAILY,2025-07-10 05:15:29,,,,
980.0,2023.0,3,16.0,2023-03-16 00:00:00.000000,dry,4.6,0.4,9.0,36.8,0.0,2.4,0,0.0,ASOS_DAILY,2025-07-10 05:15:29,,,,
981.0,2023.0,3,17.0,2023-03-17 00:00:00.000000,dry,7.2,0.7,12.7,34.3,0.0,1.7,0,0.0,ASOS_DAILY,2025-07-10 05:15:29,,,,
982.0,2023.0,3,18.0,2023-03-18 00:00:00.000000,dry,7.7,2.5,14.0,46.4,0.0,2.6,0,0.0,ASOS_DAILY,2025-07-10 05:15:29,,,,
983.0,2023.0,3,19.0,2023-03-19 00:00:00.000000,dry,8.3,2.3,15.2,59.6,0.0,2.1,0,0.0,ASOS_DAILY,2025-07-10 05:15:29,,,,
984.0,2023.0,3,20.0,2023-03-20 00:00:00.000000,dry,9.5,2.6,17.1,50.4,0.0,1.6,0,0.0,ASOS_DAILY,2025-07-10 05:15:29,,,,
985.0,2023.0,3,21.0,2023-03-21 00:00:00.000000,dry,13.0,5.0,22.2,35.1,0.0,1.7,0,0.0,ASOS_DAILY,2025-07-10 05:15:29,,,,
986.0,2023.0,3,22.0,2023-03-22 00:00:00.000000,dry,17.0,9.2,25.1,44.8,0.0,1.8,0,0.0,ASOS_DAILY,2025-07-10 05:15:29,,,,
987.0,2023.0,3,23.0,2023-03-23 00:00:00.000000,dry,17.4,12.3,23.3,48.9,0.0,2.5,0,0.0,ASOS_DAILY,2025-07-10 05:15:29,,,,
988.0,2023.0,3,24.0,2023-03-24 00:00:00.000000,dry,12.5,7.6,18.3,36.8,0.0,2.3,0,0.0,ASOS_DAILY,2025-07-10 05:15:29,,,,
989.0,2023.0,3,25.0,2023-03-25 00:00:00.000000,dry,12.5,8.0,18.7,59.9,0.0,2.3,0,0.0,ASOS_DAILY,2025-07-10 05:15:29,,,,
990.0,2023.0,3,26.0,2023-03-26 00:00:00.000000,dry,9.4,4.7,14.0,34.0,0.0,3.6,0,0.0,ASOS_DAILY,2025-07-10 05:15:29,,,,
991.0,2023.0,3,27.0,2023-03-27 00:00:00.000000,dry,7.3,1.9,14.5,44.8,0.0,2.3,0,0.0,ASOS_DAILY,2025-07-10 05:15:29,,,,
992.0,2023.0,3,28.0,2023-03-28 00:00:00.000000,dry,9.2,2.8,15.7,53.3,0.0,2.1,0,0.0,ASOS_DAILY,2025-07-10 05:15:29,,,,
993.0,2023.0,3,29.0,2023-03-29 00:00:00.000000,dry,11.8,5.1,19.7,50.3,0.0,1.9,0,0.0,ASOS_DAILY,2025-07-10 05:15:29,,,,
994.0,2023.0,3,30.0,2023-03-30 00:00:00.000000,dry,13.3,6.4,21.2,42.5,0.0,2.2,0,0.0,ASOS_DAILY,2025-07-10 05:15:29,,,,
995.0,2023.0,3,31.0,2023-03-31 00:00:00.000000,dry,15.0,7.5,23.9,42.5,0.0,2.1,0,0.0,ASOS_DAILY,2025-07-10 05:15:29,,,,
996.0,2023.0,4,1.0,2023-04-01 00:00:00.000000,dry,17.5,9.4,25.6,40.4,0.0,1.8,0,0.0,ASOS_DAILY,2025-07-10 05:15:29,,,,
997.0,2023.0,4,2.0,2023-04-02 00:00:00.000000,dry,18.8,11.9,25.2,29.6,0.0,2.4,0,0.0,ASOS_DAILY,2025-07-10 05:15:29,,,,
998.0,2023.0,4,3.0,2023-04-03 00:00:00.000000,dry,19.0,11.3,25.9,29.4,0.0,2.3,0,0.0,ASOS_DAILY,2025-07-10 05:15:29,,,,
999.0,2023.0,4,4.0,2023-04-04 00:00:00.000000,dry,17.6,12.7,21.7,40.4,6.9,2.6,0,0.0,ASOS_DAILY,2025-07-10 05:15:29,,,,
1000.0,2023.0,4,5.0,2023-04-05 00:00:00.000000,dry,11.9,8.7,14.9,97.8,50.3,3.4,1,0.0,ASOS_DAILY,2025-07-10 05:15:29,,,,
1001.0,2023.0,4,6.0,2023-04-06 00:00:00.000000,dry,8.8,7.4,9.7,94.6,2.7,2.5,0,0.0,ASOS_DAILY,2025-07-10 05:15:41,,,,
1002.0,2023.0,4,7.0,2023-04-07 00:00:00.000000,dry,8.9,4.6,15.7,65.0,0.0,2.9,0,0.0,ASOS_DAILY,2025-07-10 05:15:41,,,,
1003.0,2023.0,4,8.0,2023-04-08 00:00:00.000000,dry,8.8,3.1,14.9,51.1,0.0,3.2,0,0.0,ASOS_DAILY,2025-07-10 05:15:41,,,,
1004.0,2023.0,4,9.0,2023-04-09 00:00:00.000000,dry,10.8,3.5,17.8,56.8,0.0,2.5,0,0.0,ASOS_DAILY,2025-07-10 05:15:41,,,,
1005.0,2023.0,4,10.0,2023-04-10 00:00:00.000000,dry,13.2,6.2,19.1,50.8,0.0,2.7,0,0.0,ASOS_DAILY,2025-07-10 05:15:41,,,,
1006.0,2023.0,4,11.0,2023-04-11 00:00:00.000000,dry,13.1,9.2,17.4,73.4,2.9,3.6,0,0.0,ASOS_DAILY,2025-07-10 05:15:41,,,,
1007.0,2023.0,4,12.0,2023-04-12 00:00:00.000000,dry,10.1,4.8,15.3,45.1,0.0,2.7,0,0.0,ASOS_DAILY,2025-07-10 05:15:41,,,,
1008.0,2023.0,4,13.0,2023-04-13 00:00:00.000000,dry,11.9,5.1,17.2,45.0,0.0,1.8,0,0.0,ASOS_DAILY,2025-07-10 05:15:41,,,,
1009.0,2023.0,4,14.0,2023-04-14 00:00:00.000000,dry,16.2,11.9,21.3,58.6,0.0,1.6,0,0.0,ASOS_DAILY,2025-07-10 05:15:41,,,,
1010.0,2023.0,4,15.0,2023-04-15 00:00:00.000000,dry,13.5,9.3,16.6,81.8,4.6,2.2,0,0.0,ASOS_DAILY,2025-07-10 05:15:41,,,,
1011.0,2023.0,4,16.0,2023-04-16 00:00:00.000000,dry,10.8,7.5,16.1,71.4,0.0,2.5,0,0.0,ASOS_DAILY,2025-07-10 05:15:41,,,,
1012.0,2023.0,4,17.0,2023-04-17 00:00:00.000000,dry,13.1,6.8,18.1,59.0,0.0,2.0,0,0.0,ASOS_DAILY,2025-07-10 05:15:41,,,,
1013.0,2023.0,4,18.0,2023-04-18 00:00:00.000000,dry,14.0,10.7,18.4,78.6,1.5,2.7,0,0.0,ASOS_DAILY,2025-07-10 05:15:41,,,,
1014.0,2023.0,4,19.0,2023-04-19 00:00:00.000000,dry,19.1,11.5,28.4,66.1,0.0,2.4,0,0.0,ASOS_DAILY,2025-07-10 05:15:41,,,,
1015.0,2023.0,4,20.0,2023-04-20 00:00:00.000000,dry,15.8,14.5,18.9,92.1,0.5,2.4,0,0.0,ASOS_DAILY,2025-07-10 05:15:41,,,,
1016.0,2023.0,4,21.0,2023-04-21 00:00:00.000000,dry,16.7,11.4,22.8,50.4,0.0,2.5,0,0.0,ASOS_DAILY,2025-07-10 05:15:41,,,,
1017.0,2023.0,4,22.0,2023-04-22 00:00:00.000000,dry,16.9,12.2,22.5,22.9,0.0,2.6,0,0.0,ASOS_DAILY,2025-07-10 05:15:41,,,,
1018.0,2023.0,4,23.0,2023-04-23 00:00:00.000000,dry,16.1,10.7,22.1,34.1,0.0,2.1,0,0.0,ASOS_DAILY,2025-07-10 05:15:41,,,,
1019.0,2023.0,4,24.0,2023-04-24 00:00:00.000000,dry,15.8,11.5,21.3,40.5,0.0,2.7,0,0.0,ASOS_DAILY,2025-07-10 05:15:41,,,,
1020.0,2023.0,4,25.0,2023-04-25 00:00:00.000000,dry,10.9,9.0,13.2,68.6,0.4,1.9,0,0.0,ASOS_DAILY,2025-07-10 05:15:41,,,,
1021.0,2023.0,4,26.0,2023-04-26 00:00:00.000000,dry,10.2,7.4,13.5,69.9,0.0,3.1,0,0.0,ASOS_DAILY,2025-07-10 05:15:41,,,,
1022.0,2023.0,4,27.0,2023-04-27 00:00:00.000000,dry,12.9,5.1,20.0,61.6,0.0,1.9,0,0.0,ASOS_DAILY,2025-07-10 05:15:41,,,,
1023.0,2023.0,4,28.0,2023-04-28 00:00:00.000000,dry,15.7,9.0,21.3,62.0,1.9,2.1,0,0.0,ASOS_DAILY,2025-07-10 05:15:41,,,,
1024.0,2023.0,4,29.0,2023-04-29 00:00:00.000000,dry,13.2,9.9,15.8,88.1,25.1,2.9,0,0.0,ASOS_DAILY,2025-07-10 05:15:41,,,,
1025.0,2023.0,4,30.0,2023-04-30 00:00:00.000000,dry,12.7,7.9,17.9,72.9,0.1,3.3,0,0.0,ASOS_DAILY,2025-07-10 05:15:41,,,,
1026.0,2023.0,5,1.0,2023-05-01 00:00:00.000000,rainy,14.6,9.8,20.8,57.0,0.0,2.5,0,0.0,ASOS_DAILY,2025-07-10 05:15:41,,,,
1027.0,2023.0,5,2.0,2023-05-02 00:00:00.000000,rainy,16.7,9.1,23.7,40.5,0.0,2.1,0,0.0,ASOS_DAILY,2025-07-10 05:15:41,,,,
1028.0,2023.0,5,3.0,2023-05-03 00:00:00.000000,rainy,19.5,12.4,26.2,52.5,0.0,2.1,0,0.0,ASOS_DAILY,2025-07-10 05:15:41,,,,
1029.0,2023.0,5,4.0,2023-05-04 00:00:00.000000,rainy,21.4,15.6,25.8,65.5,0.0,2.1,0,0.0,ASOS_DAILY,2025-07-10 05:15:41,,,,
1030.0,2023.0,5,5.0,2023-05-05 00:00:00.000000,rainy,18.4,15.5,21.6,95.3,30.2,2.5,0,0.0,ASOS_DAILY,2025-07-10 05:15:41,,,,
1031.0,2023.0,5,6.0,2023-05-06 00:00:00.000000,rainy,12.6,11.7,15.5,85.6,47.5,5.4,0,0.0,ASOS_DAILY,2025-07-10 05:15:41,,,,
1032.0,2023.0,5,7.0,2023-05-07 00:00:00.000000,rainy,14.4,11.1,18.6,47.1,0.0,2.6,0,0.0,ASOS_DAILY,2025-07-10 05:15:41,,,,
1033.0,2023.0,5,8.0,2023-05-08 00:00:00.000000,rainy,15.3,7.9,22.0,55.3,0.0,2.2,0,0.0,ASOS_DAILY,2025-07-10 05:15:41,,,,
1034.0,2023.0,5,9.0,2023-05-09 00:00:00.000000,rainy,17.0,10.0,24.4,55.4,0.0,2.3,0,0.0,ASOS_DAILY,2025-07-10 05:15:41,,,,
1035.0,2023.0,5,10.0,2023-05-10 00:00:00.000000,rainy,18.4,10.7,26.0,53.3,0.0,1.8,0,0.0,ASOS_DAILY,2025-07-10 05:15:41,,,,
1036.0,2023.0,5,11.0,2023-05-11 00:00:00.000000,rainy,19.5,12.8,26.7,50.1,0.0,2.3,0,0.0,ASOS_DAILY,2025-07-10 05:15:41,,,,
1037.0,2023.0,5,12.0,2023-05-12 00:00:00.000000,rainy,18.4,13.1,24.7,50.9,0.0,1.8,0,0.0,ASOS_DAILY,2025-07-10 05:15:41,,,,
1038.0,2023.0,5,13.0,2023-05-13 00:00:00.000000,rainy,17.8,12.6,23.9,62.0,0.0,2.0,0,0.0,ASOS_DAILY,2025-07-10 05:15:41,,,,
1039.0,2023.0,5,14.0,2023-05-14 00:00:00.000000,rainy,18.1,12.9,23.8,56.5,0.0,2.0,0,0.0,ASOS_DAILY,2025-07-10 05:15:41,,,,
1040.0,2023.0,5,15.0,2023-05-15 00:00:00.000000,rainy,20.6,12.8,27.9,54.6,0.0,2.4,0,0.0,ASOS_DAILY,2025-07-10 05:15:41,,,,
1041.0,2023.0,5,16.0,2023-05-16 00:00:00.000000,rainy,24.0,17.2,31.2,51.9,0.0,2.5,0,0.0,ASOS_DAILY,2025-07-10 05:15:41,,,,
1042.0,2023.0,5,17.0,2023-05-17 00:00:00.000000,rainy,23.5,18.6,28.7,63.6,0.0,3.4,0,0.0,ASOS_DAILY,2025-07-10 05:15:41,,,,
1043.0,2023.0,5,18.0,2023-05-18 00:00:00.000000,rainy,21.2,18.8,27.6,74.8,1.3,2.1,0,0.0,ASOS_DAILY,2025-07-10 05:15:41,,,,
1044.0,2023.0,5,19.0,2023-05-19 00:00:00.000000,rainy,22.3,16.7,27.8,61.4,0.0,2.3,0,0.0,ASOS_DAILY,2025-07-10 05:15:41,,,,
1045.0,2023.0,5,20.0,2023-05-20 00:00:00.000000,rainy,21.2,16.6,26.7,66.9,0.0,3.0,0,0.0,ASOS_DAILY,2025-07-10 05:15:41,,,,
1046.0,2023.0,5,21.0,2023-05-21 00:00:00.000000,rainy,17.8,15.3,21.9,74.0,0.2,3.0,0,0.0,ASOS_DAILY,2025-07-10 05:15:41,,,,
1047.0,2023.0,5,22.0,2023-05-22 00:00:00.000000,rainy,20.3,15.9,26.8,61.3,0.0,1.9,0,0.0,ASOS_DAILY,2025-07-10 05:15:41,,,,
1048.0,2023.0,5,23.0,2023-05-23 00:00:00.000000,rainy,20.5,14.1,26.9,48.0,0.0,2.2,0,0.0,ASOS_DAILY,2025-07-10 05:15:41,,,,
1049.0,2023.0,5,24.0,2023-05-24 00:00:00.000000,rainy,20.6,14.8,25.9,49.8,0.0,2.0,0,0.0,ASOS_DAILY,2025-07-10 05:15:41,,,,
1050.0,2023.0,5,25.0,2023-05-25 00:00:00.000000,rainy,21.2,15.7,27.4,46.6,0.0,2.4,0,0.0,ASOS_DAILY,2025-07-10 05:15:41,,,,
1051.0,2023.0,5,26.0,2023-05-26 00:00:00.000000,rainy,21.4,15.8,27.3,57.4,0.5,2.1,0,0.0,ASOS_DAILY,2025-07-10 05:15:41,,,,
1052.0,2023.0,5,27.0,2023-05-27 00:00:00.000000,rainy,19.3,18.6,20.7,87.4,31.8,1.7,0,0.0,ASOS_DAILY,2025-07-10 05:15:41,,,,
1053.0,2023.0,5,28.0,2023-05-28 00:00:00.000000,rainy,19.2,18.4,20.2,98.9,41.8,1.8,0,0.0,ASOS_DAILY,2025-07-10 05:15:41,,,,
1054.0,2023.0,5,29.0,2023-05-29 00:00:00.000000,rainy,23.2,19.0,28.5,83.4,2.3,1.6,0,0.0,ASOS_DAILY,2025-07-10 05:15:41,,,,
1055.0,2023.0,5,30.0,2023-05-30 00:00:00.000000,rainy,24.0,20.5,28.9,69.5,0.0,2.2,0,0.0,ASOS_DAILY,2025-07-10 05:15:41,,,,
1056.0,2023.0,5,31.0,2023-05-31 00:00:00.000000,rainy,22.8,18.8,28.2,60.8,0.0,2.5,0,0.0,ASOS_DAILY,2025-07-10 05:15:41,,,,
1057.0,2023.0,6,1.0,2023-06-01 00:00:00.000000,rainy,22.8,19.7,26.3,66.9,0.0,1.9,0,0.0,ASOS_DAILY,2025-07-10 05:15:41,,,,
1058.0,2023.0,6,2.0,2023-06-02 00:00:00.000000,rainy,20.4,17.9,25.0,77.4,0.0,2.3,0,0.0,ASOS_DAILY,2025-07-10 05:15:41,,,,
1059.0,2023.0,6,3.0,2023-06-03 00:00:00.000000,rainy,22.0,16.6,27.8,60.1,0.0,2.7,0,0.0,ASOS_DAILY,2025-07-10 05:15:41,,,,
1060.0,2023.0,6,4.0,2023-06-04 00:00:00.000000,rainy,22.1,16.9,28.0,61.0,0.0,2.4,0,0.0,ASOS_DAILY,2025-07-10 05:15:41,,,,
1061.0,2023.0,6,5.0,2023-06-05 00:00:00.000000,rainy,21.5,17.6,26.3,66.9,0.0,2.6,0,0.0,ASOS_DAILY,2025-07-10 05:15:41,,,,
1062.0,2023.0,6,6.0,2023-06-06 00:00:00.000000,rainy,20.3,17.3,25.2,72.9,0.0,2.6,0,0.0,ASOS_DAILY,2025-07-10 05:15:41,,,,
1063.0,2023.0,6,7.0,2023-06-07 00:00:00.000000,rainy,21.4,18.9,25.7,75.3,0.0,2.1,0,0.0,ASOS_DAILY,2025-07-10 05:15:41,,,,
1064.0,2023.0,6,8.0,2023-06-08 00:00:00.000000,rainy,20.4,18.3,23.9,80.5,1.9,2.4,0,0.0,ASOS_DAILY,2025-07-10 05:15:41,,,,
1065.0,2023.0,6,9.0,2023-06-09 00:00:00.000000,rainy,23.3,18.3,28.4,64.0,1.2,2.0,0,0.0,ASOS_DAILY,2025-07-10 05:15:41,,,,
1066.0,2023.0,6,10.0,2023-06-10 00:00:00.000000,rainy,23.2,19.6,28.5,70.0,0.8,2.3,0,0.0,ASOS_DAILY,2025-07-10 05:15:41,,,,
1067.0,2023.0,6,11.0,2023-06-11 00:00:00.000000,rainy,22.1,17.9,27.3,76.1,32.2,2.2,0,0.0,ASOS_DAILY,2025-07-10 05:15:41,,,,
1068.0,2023.0,6,12.0,2023-06-12 00:00:00.000000,rainy,22.2,18.4,27.5,70.5,0.0,1.7,0,0.0,ASOS_DAILY,2025-07-10 05:15:41,,,,
1069.0,2023.0,6,13.0,2023-06-13 00:00:00.000000,rainy,22.0,19.2,26.0,70.0,0.0,2.2,0,0.0,ASOS_DAILY,2025-07-10 05:15:41,,,,
1070.0,2023.0,6,14.0,2023-06-14 00:00:00.000000,rainy,20.6,17.5,25.0,80.3,30.6,1.5,0,0.0,ASOS_DAILY,2025-07-10 05:15:41,,,,
1071.0,2023.0,6,15.0,2023-06-15 00:00:00.000000,rainy,22.7,17.7,28.3,70.8,0.0,2.1,0,0.0,ASOS_DAILY,2025-07-10 05:15:41,,,,
1072.0,2023.0,6,16.0,2023-06-16 00:00:00.000000,rainy,23.7,19.1,28.9,64.4,0.0,2.1,0,0.0,ASOS_DAILY,2025-07-10 05:15:41,,,,
1073.0,2023.0,6,17.0,2023-06-17 00:00:00.000000,rainy,24.2,18.9,30.2,57.1,0.0,2.0,0,0.0,ASOS_DAILY,2025-07-10 05:15:41,,,,
1074.0,2023.0,6,18.0,2023-06-18 00:00:00.000000,rainy,25.9,20.8,32.6,60.5,0.0,2.0,0,0.0,ASOS_DAILY,2025-07-10 05:15:41,,,,
1075.0,2023.0,6,19.0,2023-06-19 00:00:00.000000,rainy,28.5,23.3,34.0,57.8,0.0,2.2,0,0.0,ASOS_DAILY,2025-07-10 05:15:41,,,,
1076.0,2023.0,6,20.0,2023-06-20 00:00:00.000000,rainy,24.7,21.4,26.4,64.5,6.4,1.9,0,0.0,ASOS_DAILY,2025-07-10 05:15:41,,,,
1077.0,2023.0,6,21.0,2023-06-21 00:00:00.000000,rainy,20.5,19.2,22.1,92.6,24.9,2.1,0,0.0,ASOS_DAILY,2025-07-10 05:15:41,,,,
1078.0,2023.0,6,22.0,2023-06-22 00:00:00.000000,rainy,22.5,18.9,26.4,77.1,0.0,2.2,0,0.0,ASOS_DAILY,2025-07-10 05:15:41,,,,
1079.0,2023.0,6,23.0,2023-06-23 00:00:00.000000,rainy,24.4,20.0,29.9,76.6,0.0,1.5,0,0.0,ASOS_DAILY,2025-07-10 05:15:41,,,,
1080.0,2023.0,6,24.0,2023-06-24 00:00:00.000000,rainy,26.4,21.9,31.1,70.5,0.0,2.0,0,0.0,ASOS_DAILY,2025-07-10 05:15:41,,,,
1081.0,2023.0,6,25.0,2023-06-25 00:00:00.000000,rainy,28.2,22.8,33.1,64.9,0.0,2.1,0,0.0,ASOS_DAILY,2025-07-10 05:15:41,,,,
1082.0,2023.0,6,26.0,2023-06-26 00:00:00.000000,rainy,24.2,22.3,27.5,88.6,30.3,2.9,0,0.0,ASOS_DAILY,2025-07-10 05:15:41,,,,
1083.0,2023.0,6,27.0,2023-06-27 00:00:00.000000,rainy,25.3,21.4,29.1,73.1,2.5,3.2,0,0.0,ASOS_DAILY,2025-07-10 05:15:41,,,,
1084.0,2023.0,6,28.0,2023-06-28 00:00:00.000000,rainy,26.5,24.2,30.1,77.4,0.0,2.5,0,0.0,ASOS_DAILY,2025-07-10 05:15:41,,,,
1085.0,2023.0,6,29.0,2023-06-29 00:00:00.000000,rainy,24.2,23.2,25.9,95.4,63.8,2.3,1,0.0,ASOS_DAILY,2025-07-10 05:15:41,,,,
1086.0,2023.0,6,30.0,2023-06-30 00:00:00.000000,rainy,25.3,23.2,29.1,89.8,1.0,1.8,0,0.0,ASOS_DAILY,2025-07-10 05:15:41,,,,
1087.0,2023.0,7,1.0,2023-07-01 00:00:00.000000,rainy,27.7,23.3,32.9,76.9,0.0,2.0,0,0.0,ASOS_DAILY,2025-07-10 05:15:41,,,,
1088.0,2023.0,7,2.0,2023-07-02 00:00:00.000000,rainy,26.7,23.5,30.6,79.5,0.0,1.9,0,0.0,ASOS_DAILY,2025-07-10 05:15:41,,,,
1089.0,2023.0,7,3.0,2023-07-03 00:00:00.000000,rainy,29.1,24.1,34.9,72.0,0.0,1.8,0,0.0,ASOS_DAILY,2025-07-10 05:15:41,,,,
1090.0,2023.0,7,4.0,2023-07-04 00:00:00.000000,rainy,26.1,24.5,29.2,86.8,61.8,2.3,1,0.0,ASOS_DAILY,2025-07-10 05:15:41,,,,
1091.0,2023.0,7,5.0,2023-07-05 00:00:00.000000,rainy,24.5,22.1,27.1,82.6,15.3,3.7,0,0.0,ASOS_DAILY,2025-07-10 05:15:41,,,,
1092.0,2023.0,7,6.0,2023-07-06 00:00:00.000000,rainy,27.3,22.4,31.8,70.9,0.0,2.7,0,0.0,ASOS_DAILY,2025-07-10 05:15:41,,,,
1093.0,2023.0,7,7.0,2023-07-07 00:00:00.000000,rainy,26.7,23.3,31.4,64.9,0.0,2.3,0,0.0,ASOS_DAILY,2025-07-10 05:15:41,,,,
1094.0,2023.0,7,8.0,2023-07-08 00:00:00.000000,rainy,25.6,22.4,29.7,76.5,0.0,2.2,0,0.0,ASOS_DAILY,2025-07-10 05:15:41,,,,
1095.0,2023.0,7,9.0,2023-07-09 00:00:00.000000,rainy,24.7,21.6,27.0,86.4,47.5,2.0,0,0.0,ASOS_DAILY,2025-07-10 05:15:41,,,,
1096.0,2023.0,7,10.0,2023-07-10 00:00:00.000000,rainy,26.3,22.9,30.9,80.4,11.5,2.3,0,0.0,ASOS_DAILY,2025-07-10 05:15:41,,,,
1097.0,2023.0,7,11.0,2023-07-11 00:00:00.000000,rainy,23.5,21.6,25.9,92.4,58.3,1.9,1,0.0,ASOS_DAILY,2025-07-10 05:15:41,,,,
1098.0,2023.0,7,12.0,2023-07-12 00:00:00.000000,rainy,25.8,22.0,29.1,86.4,0.7,1.5,0,0.0,ASOS_DAILY,2025-07-10 05:15:41,,,,
1099.0,2023.0,7,13.0,2023-07-13 00:00:00.000000,rainy,25.2,24.7,26.5,95.0,91.6,1.6,1,0.0,ASOS_DAILY,2025-07-10 05:15:41,,,,
1100.0,2023.0,7,14.0,2023-07-14 00:00:00.000000,rainy,24.6,23.9,25.1,99.1,72.7,2.9,1,0.0,ASOS_DAILY,2025-07-10 05:15:41,,,,
1101.0,2023.0,7,15.0,2023-07-15 00:00:00.000000,rainy,24.5,23.7,25.7,93.5,2.3,3.0,0,0.0,ASOS_DAILY,2025-07-10 05:15:41,,,,
1102.0,2023.0,7,16.0,2023-07-16 00:00:00.000000,rainy,24.6,23.7,25.4,89.5,9.7,2.3,0,0.0,ASOS_DAILY,2025-07-10 05:15:41,,,,
1103.0,2023.0,7,17.0,2023-07-17 00:00:00.000000,rainy,25.5,23.7,27.8,86.1,1.4,1.7,0,0.0,ASOS_DAILY,2025-07-10 05:15:41,,,,
1104.0,2023.0,7,18.0,2023-07-18 00:00:00.000000,rainy,25.2,24.1,27.7,87.9,2.3,1.4,0,0.0,ASOS_DAILY,2025-07-10 05:15:41,,,,
1105.0,2023.0,7,19.0,2023-07-19 00:00:00.000000,rainy,27.2,22.5,32.4,78.8,0.0,1.7,0,0.0,ASOS_DAILY,2025-07-10 05:15:41,,,,
1106.0,2023.0,7,20.0,2023-07-20 00:00:00.000000,rainy,27.9,24.0,32.8,74.0,0.0,1.8,0,0.0,ASOS_DAILY,2025-07-10 05:15:41,,,,
1107.0,2023.0,7,21.0,2023-07-21 00:00:00.000000,rainy,29.5,24.6,34.3,69.6,0.0,1.8,0,0.0,ASOS_DAILY,2025-07-10 05:15:41,,,,
1108.0,2023.0,7,22.0,2023-07-22 00:00:00.000000,rainy,27.7,24.6,32.5,73.9,12.3,2.6,0,0.0,ASOS_DAILY,2025-07-10 05:15:41,,,,
1109.0,2023.0,7,23.0,2023-07-23 00:00:00.000000,rainy,25.2,24.5,25.8,94.3,40.2,2.1,0,0.0,ASOS_DAILY,2025-07-10 05:15:41,,,,
1110.0,2023.0,7,24.0,2023-07-24 00:00:00.000000,rainy,26.9,24.6,30.0,83.1,0.4,2.0,0,0.0,ASOS_DAILY,2025-07-10 05:15:41,,,,
1111.0,2023.0,7,25.0,2023-07-25 00:00:00.000000,rainy,27.8,25.8,30.5,80.5,5.6,2.7,0,0.0,ASOS_DAILY,2025-07-10 05:15:41,,,,
1112.0,2023.0,7,26.0,2023-07-26 00:00:00.000000,rainy,27.6,24.9,31.1,80.9,1.0,2.2,0,0.0,ASOS_DAILY,2025-07-10 05:15:41,,,,
1113.0,2023.0,7,27.0,2023-07-27 00:00:00.000000,rainy,28.4,24.4,32.2,78.1,0.0,1.9,0,0.0,ASOS_DAILY,2025-07-10 05:15:41,,,,
1114.0,2023.0,7,28.0,2023-07-28 00:00:00.000000,rainy,29.5,25.4,34.1,72.4,0.0,2.1,0,0.0,ASOS_DAILY,2025-07-10 05:15:41,,,,
1115.0,2023.0,7,29.0,2023-07-29 00:00:00.000000,rainy,29.1,26.1,33.3,72.1,0.0,2.0,0,0.0,ASOS_DAILY,2025-07-10 05:15:41,,,,
1116.0,2023.0,7,30.0,2023-07-30 00:00:00.000000,rainy,28.8,24.9,34.9,72.5,25.0,1.9,0,0.0,ASOS_DAILY,2025-07-10 05:15:41,,,,
1117.0,2023.0,7,31.0,2023-07-31 00:00:00.000000,rainy,28.7,25.6,33.4,76.3,0.3,1.7,0,0.0,ASOS_DAILY,2025-07-10 05:15:41,,,,
1118.0,2023.0,8,1.0,2023-08-01 00:00:00.000000,rainy,29.9,25.5,34.2,71.6,0.0,1.9,0,0.0,ASOS_DAILY,2025-07-10 05:15:41,,,,
1119.0,2023.0,8,2.0,2023-08-02 00:00:00.000000,rainy,29.7,26.8,33.7,67.8,0.0,2.1,0,0.0,ASOS_DAILY,2025-07-10 05:15:41,,,,
1120.0,2023.0,8,3.0,2023-08-03 00:00:00.000000,rainy,29.5,25.8,33.8,67.0,0.0,2.1,0,0.0,ASOS_DAILY,2025-07-10 05:15:41,,,,
1121.0,2023.0,8,4.0,2023-08-04 00:00:00.000000,rainy,30.0,26.5,34.4,67.6,0.0,1.9,0,0.0,ASOS_DAILY,2025-07-10 05:15:41,,,,
1122.0,2023.0,8,5.0,2023-08-05 00:00:00.000000,rainy,30.3,26.4,34.9,69.0,0.0,2.0,0,0.0,ASOS_DAILY,2025-07-10 05:15:41,,,,
1123.0,2023.0,8,6.0,2023-08-06 00:00:00.000000,rainy,29.8,27.0,33.0,76.5,4.9,1.7,0,0.0,ASOS_DAILY,2025-07-10 05:15:41,,,,
1124.0,2023.0,8,7.0,2023-08-07 00:00:00.000000,rainy,30.4,27.3,34.6,68.4,0.0,2.7,0,0.0,ASOS_DAILY,2025-07-10 05:15:41,,,,
1125.0,2023.0,8,8.0,2023-08-08 00:00:00.000000,rainy,30.9,26.4,35.8,60.5,0.0,2.9,0,0.0,ASOS_DAILY,2025-07-10 05:15:41,,,,
1126.0,2023.0,8,9.0,2023-08-09 00:00:00.000000,rainy,28.3,25.1,31.6,67.6,0.2,3.2,0,0.0,ASOS_DAILY,2025-07-10 05:15:41,,,,
1127.0,2023.0,8,10.0,2023-08-10 00:00:00.000000,rainy,22.2,20.9,25.1,91.9,86.1,3.7,1,0.0,ASOS_DAILY,2025-07-10 05:15:41,,,,
1128.0,2023.0,8,11.0,2023-08-11 00:00:00.000000,rainy,23.5,21.6,24.9,93.1,46.7,2.3,0,0.0,ASOS_DAILY,2025-07-10 05:15:41,,,,
1129.0,2023.0,8,12.0,2023-08-12 00:00:00.000000,rainy,23.3,22.5,24.1,91.0,1.5,1.9,0,0.0,ASOS_DAILY,2025-07-10 05:15:41,,,,
1130.0,2023.0,8,13.0,2023-08-13 00:00:00.000000,rainy,27.0,22.6,31.1,76.9,0.0,1.7,0,0.0,ASOS_DAILY,2025-07-10 05:15:41,,,,
1131.0,2023.0,8,14.0,2023-08-14 00:00:00.000000,rainy,28.1,24.8,31.9,75.4,0.0,1.6,0,0.0,ASOS_DAILY,2025-07-10 05:15:41,,,,
1132.0,2023.0,8,15.0,2023-08-15 00:00:00.000000,rainy,28.6,24.7,32.7,71.4,0.0,2.3,0,0.0,ASOS_DAILY,2025-07-10 05:15:41,,,,
1133.0,2023.0,8,16.0,2023-08-16 00:00:00.000000,rainy,27.3,24.7,31.6,72.0,0.3,2.1,0,0.0,ASOS_DAILY,2025-07-10 05:15:41,,,,
1134.0,2023.0,8,17.0,2023-08-17 00:00:00.000000,rainy,28.2,24.5,32.4,73.0,0.0,1.7,0,0.0,ASOS_DAILY,2025-07-10 05:15:41,,,,
1135.0,2023.0,8,18.0,2023-08-18 00:00:00.000000,rainy,29.1,25.5,33.3,72.1,0.1,1.9,0,0.0,ASOS_DAILY,2025-07-10 05:15:41,,,,
1136.0,2023.0,8,19.0,2023-08-19 00:00:00.000000,rainy,29.1,26.4,33.6,68.9,0.0,1.9,0,0.0,ASOS_DAILY,2025-07-10 05:15:41,,,,
1137.0,2023.0,8,20.0,2023-08-20 00:00:00.000000,rainy,28.3,25.5,31.8,71.8,0.0,1.6,0,0.0,ASOS_DAILY,2025-07-10 05:15:41,,,,
1138.0,2023.0,8,21.0,2023-08-21 00:00:00.000000,rainy,29.5,26.0,33.6,69.8,0.0,2.4,0,0.0,ASOS_DAILY,2025-07-10 05:15:41,,,,
1139.0,2023.0,8,22.0,2023-08-22 00:00:00.000000,rainy,27.6,25.8,32.2,80.3,42.6,2.4,0,0.0,ASOS_DAILY,2025-07-10 05:15:41,,,,
1140.0,2023.0,8,23.0,2023-08-23 00:00:00.000000,rainy,24.8,23.2,27.2,91.3,41.8,2.2,0,0.0,ASOS_DAILY,2025-07-10 05:15:41,,,,
1141.0,2023.0,8,24.0,2023-08-24 00:00:00.000000,rainy,25.1,22.3,27.8,84.8,5.2,2.8,0,0.0,ASOS_DAILY,2025-07-10 05:15:41,,,,
1142.0,2023.0,8,25.0,2023-08-25 00:00:00.000000,rainy,26.5,24.0,30.0,77.9,0.0,2.6,0,0.0,ASOS_DAILY,2025-07-10 05:15:41,,,,
1143.0,2023.0,8,26.0,2023-08-26 00:00:00.000000,rainy,26.4,23.3,30.3,72.3,0.0,1.8,0,0.0,ASOS_DAILY,2025-07-10 05:15:41,,,,
1144.0,2023.0,8,27.0,2023-08-27 00:00:00.000000,rainy,26.1,22.7,29.6,75.0,0.0,1.8,0,0.0,ASOS_DAILY,2025-07-10 05:15:41,,,,
1145.0,2023.0,8,28.0,2023-08-28 00:00:00.000000,rainy,22.7,20.8,25.6,87.5,10.4,3.3,0,0.0,ASOS_DAILY,2025-07-10 05:15:41,,,,
1146.0,2023.0,8,29.0,2023-08-29 00:00:00.000000,rainy,23.9,22.5,25.5,89.6,54.8,2.1,1,0.0,ASOS_DAILY,2025-07-10 05:15:41,,,,
1147.0,2023.0,8,30.0,2023-08-30 00:00:00.000000,rainy,22.8,21.5,24.5,88.0,3.5,1.1,0,0.0,ASOS_DAILY,2025-07-10 05:15:41,,,,
1148.0,2023.0,8,31.0,2023-08-31 00:00:00.000000,rainy,23.9,21.0,28.9,76.9,0.0,1.3,0,0.0,ASOS_DAILY,2025-07-10 05:15:41,,,,
1149.0,2023.0,9,1.0,2023-09-01 00:00:00.000000,rainy,24.5,19.7,29.6,70.6,0.0,2.0,0,0.0,ASOS_DAILY,2025-07-10 05:15:41,,,,
1150.0,2023.0,9,2.0,2023-09-02 00:00:00.000000,rainy,25.4,19.7,30.8,63.9,0.0,1.6,0,0.0,ASOS_DAILY,2025-07-10 05:15:41,,,,
1151.0,2023.0,9,3.0,2023-09-03 00:00:00.000000,rainy,25.8,23.1,28.8,77.8,0.1,2.2,0,0.0,ASOS_DAILY,2025-07-10 05:15:41,,,,
1152.0,2023.0,9,4.0,2023-09-04 00:00:00.000000,rainy,27.0,24.3,30.2,79.9,0.3,1.8,0,0.0,ASOS_DAILY,2025-07-10 05:15:41,,,,
1153.0,2023.0,9,5.0,2023-09-05 00:00:00.000000,rainy,28.5,25.0,32.8,69.5,0.0,1.8,0,0.0,ASOS_DAILY,2025-07-10 05:15:41,,,,
1154.0,2023.0,9,6.0,2023-09-06 00:00:00.000000,rainy,27.9,24.0,32.1,65.1,0.0,2.4,0,0.0,ASOS_DAILY,2025-07-10 05:15:41,,,,
1155.0,2023.0,9,7.0,2023-09-07 00:00:00.000000,rainy,26.3,20.9,31.6,54.8,0.0,2.5,0,0.0,ASOS_DAILY,2025-07-10 05:15:41,,,,
1156.0,2023.0,9,8.0,2023-09-08 00:00:00.000000,rainy,25.3,19.6,30.5,60.3,0.0,2.3,0,0.0,ASOS_DAILY,2025-07-10 05:15:41,,,,
1157.0,2023.0,9,9.0,2023-09-09 00:00:00.000000,rainy,25.8,20.8,31.2,66.3,0.0,1.8,0,0.0,ASOS_DAILY,2025-07-10 05:15:41,,,,
1158.0,2023.0,9,10.0,2023-09-10 00:00:00.000000,rainy,25.7,22.0,29.6,68.1,0.0,1.6,0,0.0,ASOS_DAILY,2025-07-10 05:15:41,,,,
1159.0,2023.0,9,11.0,2023-09-11 00:00:00.000000,rainy,25.5,23.1,29.8,67.3,0.0,1.9,0,0.0,ASOS_DAILY,2025-07-10 05:15:41,,,,
1160.0,2023.0,9,12.0,2023-09-12 00:00:00.000000,rainy,25.7,21.7,29.8,69.8,0.0,1.5,0,0.0,ASOS_DAILY,2025-07-10 05:15:41,,,,
1161.0,2023.0,9,13.0,2023-09-13 00:00:00.000000,rainy,22.1,19.6,24.6,84.5,15.9,1.8,0,0.0,ASOS_DAILY,2025-07-10 05:15:41,,,,
1162.0,2023.0,9,14.0,2023-09-14 00:00:00.000000,rainy,23.4,19.2,27.2,72.4,0.0,2.4,0,0.0,ASOS_DAILY,2025-07-10 05:15:41,,,,
1163.0,2023.0,9,15.0,2023-09-15 00:00:00.000000,rainy,22.3,20.3,24.3,82.3,2.1,2.6,0,0.0,ASOS_DAILY,2025-07-10 05:15:41,,,,
1164.0,2023.0,9,16.0,2023-09-16 00:00:00.000000,rainy,23.9,22.0,26.6,87.8,38.7,1.7,0,0.0,ASOS_DAILY,2025-07-10 05:15:41,,,,
1165.0,2023.0,9,17.0,2023-09-17 00:00:00.000000,rainy,24.7,22.0,28.0,84.8,3.0,1.4,0,0.0,ASOS_DAILY,2025-07-10 05:15:41,,,,
1166.0,2023.0,9,18.0,2023-09-18 00:00:00.000000,rainy,24.7,22.1,28.9,79.1,0.0,1.9,0,0.0,ASOS_DAILY,2025-07-10 05:15:41,,,,
1167.0,2023.0,9,19.0,2023-09-19 00:00:00.000000,rainy,24.1,21.6,27.2,81.1,0.0,1.6,0,0.0,ASOS_DAILY,2025-07-10 05:15:41,,,,
1168.0,2023.0,9,20.0,2023-09-20 00:00:00.000000,rainy,20.6,18.8,23.9,90.4,35.8,2.7,0,0.0,ASOS_DAILY,2025-07-10 05:15:41,,,,
1169.0,2023.0,9,21.0,2023-09-21 00:00:00.000000,rainy,20.1,17.5,23.6,70.9,0.0,2.3,0,0.0,ASOS_DAILY,2025-07-10 05:15:41,,,,
1170.0,2023.0,9,22.0,2023-09-22 00:00:00.000000,rainy,20.5,15.2,26.7,68.4,0.0,1.7,0,0.0,ASOS_DAILY,2025-07-10 05:15:41,,,,
1171.0,2023.0,9,23.0,2023-09-23 00:00:00.000000,rainy,21.8,16.3,27.6,63.9,0.0,2.5,0,0.0,ASOS_DAILY,2025-07-10 05:15:41,,,,
1172.0,2023.0,9,24.0,2023-09-24 00:00:00.000000,rainy,21.8,17.9,26.2,56.4,0.0,2.9,0,0.0,ASOS_DAILY,2025-07-10 05:15:41,,,,
1173.0,2023.0,9,25.0,2023-09-25 00:00:00.000000,rainy,21.6,17.9,26.0,66.4,1.9,2.3,0,0.0,ASOS_DAILY,2025-07-10 05:15:41,,,,
1174.0,2023.0,9,26.0,2023-09-26 00:00:00.000000,rainy,19.9,18.6,20.8,95.8,27.8,2.4,0,0.0,ASOS_DAILY,2025-07-10 05:15:41,,,,
1175.0,2023.0,9,27.0,2023-09-27 00:00:00.000000,rainy,21.5,20.0,23.7,90.1,4.4,1.8,0,0.0,ASOS_DAILY,2025-07-10 05:15:41,,,,
1176.0,2023.0,9,28.0,2023-09-28 00:00:00.000000,rainy,22.7,19.6,27.3,78.3,0.0,2.0,0,0.0,ASOS_DAILY,2025-07-10 05:15:41,,,,
1177.0,2023.0,9,29.0,2023-09-29 00:00:00.000000,rainy,21.1,17.4,26.9,61.5,0.0,1.4,0,0.0,ASOS_DAILY,2025-07-10 05:15:41,,,,
1178.0,2023.0,9,30.0,2023-09-30 00:00:00.000000,rainy,19.7,17.1,22.2,77.0,4.5,2.2,0,0.0,ASOS_DAILY,2025-07-10 05:15:41,,,,
1179.0,2023.0,10,1.0,2023-10-01 00:00:00.000000,dry,18.4,14.4,23.7,59.5,0.0,2.4,0,0.0,ASOS_DAILY,2025-07-10 05:15:41,,,,
1180.0,2023.0,10,2.0,2023-10-02 00:00:00.000000,dry,18.2,12.9,24.6,53.8,0.0,1.7,0,0.0,ASOS_DAILY,2025-07-10 05:15:41,,,,
1181.0,2023.0,10,3.0,2023-10-03 00:00:00.000000,dry,17.5,14.4,22.5,66.3,0.0,1.7,0,0.0,ASOS_DAILY,2025-07-10 05:15:41,,,,
1182.0,2023.0,10,4.0,2023-10-04 00:00:00.000000,dry,17.3,14.2,23.2,75.5,14.7,2.1,0,0.0,ASOS_DAILY,2025-07-10 05:15:41,,,,
1183.0,2023.0,10,5.0,2023-10-05 00:00:00.000000,dry,14.2,9.9,19.2,46.1,0.0,2.6,0,0.0,ASOS_DAILY,2025-07-10 05:15:41,,,,
1184.0,2023.0,10,6.0,2023-10-06 00:00:00.000000,dry,15.5,9.6,21.5,55.3,0.0,1.6,0,0.0,ASOS_DAILY,2025-07-10 05:15:41,,,,
1185.0,2023.0,10,7.0,2023-10-07 00:00:00.000000,dry,16.8,11.7,21.2,62.6,0.0,2.1,0,0.0,ASOS_DAILY,2025-07-10 05:15:41,,,,
1186.0,2023.0,10,8.0,2023-10-08 00:00:00.000000,dry,17.1,15.2,19.5,67.1,0.0,2.5,0,0.0,ASOS_DAILY,2025-07-10 05:15:41,,,,
1187.0,2023.0,10,9.0,2023-10-09 00:00:00.000000,dry,17.4,14.1,22.4,68.1,1.2,1.9,0,0.0,ASOS_DAILY,2025-07-10 05:15:41,,,,
1188.0,2023.0,10,10.0,2023-10-10 00:00:00.000000,dry,17.1,11.9,23.5,67.1,0.0,1.6,0,0.0,ASOS_DAILY,2025-07-10 05:15:41,,,,
1189.0,2023.0,10,11.0,2023-10-11 00:00:00.000000,dry,17.6,12.9,24.0,57.5,0.0,1.7,0,0.0,ASOS_DAILY,2025-07-10 05:15:41,,,,
1190.0,2023.0,10,12.0,2023-10-12 00:00:00.000000,dry,17.5,12.0,24.1,62.4,0.0,1.5,0,0.0,ASOS_DAILY,2025-07-10 05:15:41,,,,
1191.0,2023.0,10,13.0,2023-10-13 00:00:00.000000,dry,17.5,14.3,21.5,69.6,0.0,1.5,0,0.0,ASOS_DAILY,2025-07-10 05:15:41,,,,
1192.0,2023.0,10,14.0,2023-10-14 00:00:00.000000,dry,14.7,12.9,18.2,84.9,5.8,1.4,0,0.0,ASOS_DAILY,2025-07-10 05:15:41,,,,
1193.0,2023.0,10,15.0,2023-10-15 00:00:00.000000,dry,16.1,10.9,21.2,80.0,0.0,2.0,0,0.0,ASOS_DAILY,2025-07-10 05:15:41,,,,
1194.0,2023.0,10,16.0,2023-10-16 00:00:00.000000,dry,14.7,10.7,19.6,57.0,0.0,2.4,0,0.0,ASOS_DAILY,2025-07-10 05:15:41,,,,
1195.0,2023.0,10,17.0,2023-10-17 00:00:00.000000,dry,13.8,7.5,20.9,55.6,0.0,1.6,0,0.0,ASOS_DAILY,2025-07-10 05:15:41,,,,
1196.0,2023.0,10,18.0,2023-10-18 00:00:00.000000,dry,15.7,9.2,21.6,67.0,0.0,2.1,0,0.0,ASOS_DAILY,2025-07-10 05:15:41,,,,
1197.0,2023.0,10,19.0,2023-10-19 00:00:00.000000,dry,17.0,14.9,18.9,82.5,8.2,1.5,0,0.0,ASOS_DAILY,2025-07-10 05:15:41,,,,
1198.0,2023.0,10,20.0,2023-10-20 00:00:00.000000,dry,11.6,7.2,15.1,46.9,0.0,3.2,0,0.0,ASOS_DAILY,2025-07-10 05:15:41,,,,
1199.0,2023.0,10,21.0,2023-10-21 00:00:00.000000,dry,10.4,5.9,16.6,54.8,1.1,2.3,0,0.0,ASOS_DAILY,2025-07-10 05:15:41,,,,
1200.0,2023.0,10,22.0,2023-10-22 00:00:00.000000,dry,12.5,5.4,18.7,67.3,0.0,1.7,0,0.0,ASOS_DAILY,2025-07-10 05:15:41,,,,
1201.0,2023.0,10,23.0,2023-10-23 00:00:00.000000,dry,15.2,11.1,21.4,73.8,0.0,1.7,0,0.0,ASOS_DAILY,2025-07-10 05:15:41,,,,
1202.0,2023.0,10,24.0,2023-10-24 00:00:00.000000,dry,15.6,11.2,19.3,78.5,0.0,1.7,0,0.0,ASOS_DAILY,2025-07-10 05:15:41,,,,
1203.0,2023.0,10,25.0,2023-10-25 00:00:00.000000,dry,16.6,12.7,21.9,78.6,0.0,1.4,0,0.0,ASOS_DAILY,2025-07-10 05:15:41,,,,
1204.0,2023.0,10,26.0,2023-10-26 00:00:00.000000,dry,17.2,14.6,21.1,79.4,0.0,2.1,0,0.0,ASOS_DAILY,2025-07-10 05:15:41,,,,
1205.0,2023.0,10,27.0,2023-10-27 00:00:00.000000,dry,15.7,12.6,20.2,71.1,0.0,1.9,0,0.0,ASOS_DAILY,2025-07-10 05:15:41,,,,
1206.0,2023.0,10,28.0,2023-10-28 00:00:00.000000,dry,14.2,9.4,20.7,62.9,0.0,1.4,0,0.0,ASOS_DAILY,2025-07-10 05:15:41,,,,
1207.0,2023.0,10,29.0,2023-10-29 00:00:00.000000,dry,14.9,9.8,21.8,61.6,0.0,1.7,0,0.0,ASOS_DAILY,2025-07-10 05:15:41,,,,
1208.0,2023.0,10,30.0,2023-10-30 00:00:00.000000,dry,15.1,9.7,21.9,72.0,0.0,1.7,0,0.0,ASOS_DAILY,2025-07-10 05:15:41,,,,
1209.0,2023.0,10,31.0,2023-10-31 00:00:00.000000,dry,16.5,12.7,20.8,76.0,0.0,1.8,0,0.0,ASOS_DAILY,2025-07-10 05:15:41,,,,
1210.0,2023.0,11,1.0,2023-11-01 00:00:00.000000,dry,19.0,17.2,20.6,81.8,0.0,2.4,0,0.0,ASOS_DAILY,2025-07-10 05:15:41,,,,
1211.0,2023.0,11,2.0,2023-11-02 00:00:00.000000,dry,20.8,18.7,25.9,70.9,0.0,2.9,0,0.0,ASOS_DAILY,2025-07-10 05:15:41,,,,
1212.0,2023.0,11,3.0,2023-11-03 00:00:00.000000,dry,19.5,17.7,22.4,83.3,8.5,2.8,0,0.0,ASOS_DAILY,2025-07-10 05:15:41,,,,
1213.0,2023.0,11,4.0,2023-11-04 00:00:00.000000,dry,17.4,14.1,20.9,75.5,0.0,2.6,0,0.0,ASOS_DAILY,2025-07-10 05:15:41,,,,
1214.0,2023.0,11,5.0,2023-11-05 00:00:00.000000,dry,17.3,15.1,20.4,87.0,10.4,3.3,0,0.0,ASOS_DAILY,2025-07-10 05:15:41,,,,
1215.0,2023.0,11,6.0,2023-11-06 00:00:00.000000,dry,13.3,6.6,19.3,84.9,45.8,4.9,0,0.0,ASOS_DAILY,2025-07-10 05:15:41,,,,
1216.0,2023.0,11,7.0,2023-11-07 00:00:00.000000,dry,5.8,3.6,9.9,62.5,0.0,3.2,0,0.0,ASOS_DAILY,2025-07-10 05:15:41,,,,
1217.0,2023.0,11,8.0,2023-11-08 00:00:00.000000,dry,8.4,1.8,16.1,55.1,0.0,1.7,0,0.0,ASOS_DAILY,2025-07-10 05:15:41,,,,
1218.0,2023.0,11,9.0,2023-11-09 00:00:00.000000,dry,11.4,5.9,18.4,73.1,5.1,2.1,0,0.0,ASOS_DAILY,2025-07-10 05:15:41,,,,
1219.0,2023.0,11,10.0,2023-11-10 00:00:00.000000,dry,3.4,0.5,9.1,53.1,0.0,3.9,0,0.0,ASOS_DAILY,2025-07-10 05:15:41,,,,
1220.0,2023.0,11,11.0,2023-11-11 00:00:00.000000,dry,1.7,-1.9,6.7,47.9,0.0,2.2,0,0.0,ASOS_DAILY,2025-07-10 05:15:41,,,,
1221.0,2023.0,11,12.0,2023-11-12 00:00:00.000000,dry,1.2,-2.0,5.7,53.8,0.0,2.2,0,0.0,ASOS_DAILY,2025-07-10 05:15:41,,,,
1222.0,2023.0,11,13.0,2023-11-13 00:00:00.000000,dry,2.0,-2.2,6.7,54.0,0.0,2.3,0,0.0,ASOS_DAILY,2025-07-10 05:15:41,,,,
1223.0,2023.0,11,14.0,2023-11-14 00:00:00.000000,dry,5.0,-0.8,10.8,66.1,0.0,1.7,0,0.0,ASOS_DAILY,2025-07-10 05:15:41,,,,
1224.0,2023.0,11,15.0,2023-11-15 00:00:00.000000,dry,7.0,2.0,12.5,71.4,0.0,1.5,0,0.0,ASOS_DAILY,2025-07-10 05:15:41,,,,
1225.0,2023.0,11,16.0,2023-11-16 00:00:00.000000,dry,6.6,5.7,7.4,85.0,8.4,1.9,0,0.0,ASOS_DAILY,2025-07-10 05:15:41,,,,
1226.0,2023.0,11,17.0,2023-11-17 00:00:00.000000,dry,1.6,-1.9,5.9,59.3,0.0,2.9,0,0.0,ASOS_DAILY,2025-07-10 05:15:41,,,,
1227.0,2023.0,11,18.0,2023-11-18 00:00:00.000000,dry,0.6,-3.8,5.7,58.9,0.0,3.5,0,0.0,ASOS_DAILY,2025-07-10 05:15:41,,,,
1228.0,2023.0,11,19.0,2023-11-19 00:00:00.000000,dry,5.9,-0.3,13.4,68.3,0.0,2.4,0,0.0,ASOS_DAILY,2025-07-10 05:15:41,,,,
1229.0,2023.0,11,20.0,2023-11-20 00:00:00.000000,dry,6.2,1.8,12.8,58.4,0.0,1.5,0,0.0,ASOS_DAILY,2025-07-10 05:15:41,,,,
1230.0,2023.0,11,21.0,2023-11-21 00:00:00.000000,dry,7.4,1.4,14.8,59.6,0.0,1.7,0,0.0,ASOS_DAILY,2025-07-10 05:15:41,,,,
1231.0,2023.0,11,22.0,2023-11-22 00:00:00.000000,dry,9.5,2.9,15.1,68.1,0.0,1.8,0,0.0,ASOS_DAILY,2025-07-10 05:15:41,,,,
1232.0,2023.0,11,23.0,2023-11-23 00:00:00.000000,dry,9.9,1.9,14.6,71.1,0.1,3.3,0,0.0,ASOS_DAILY,2025-07-10 05:15:41,,,,
1233.0,2023.0,11,24.0,2023-11-24 00:00:00.000000,dry,-1.5,-4.4,2.2,51.8,0.0,3.8,0,0.0,ASOS_DAILY,2025-07-10 05:15:41,,,,
1234.0,2023.0,11,25.0,2023-11-25 00:00:00.000000,dry,-1.3,-5.9,4.0,42.8,0.0,1.8,0,0.0,ASOS_DAILY,2025-07-10 05:15:41,,,,
1235.0,2023.0,11,26.0,2023-11-26 00:00:00.000000,dry,4.0,-0.1,7.2,43.6,0.0,1.4,0,0.0,ASOS_DAILY,2025-07-10 05:15:41,,,,
1236.0,2023.0,11,27.0,2023-11-27 00:00:00.000000,dry,6.2,4.4,9.3,82.9,3.6,2.4,0,0.0,ASOS_DAILY,2025-07-10 05:15:41,,,,
1237.0,2023.0,11,28.0,2023-11-28 00:00:00.000000,dry,1.3,-1.2,5.2,58.0,0.0,3.3,0,0.0,ASOS_DAILY,2025-07-10 05:15:41,,,,
1238.0,2023.0,11,29.0,2023-11-29 00:00:00.000000,dry,-1.4,-4.0,3.0,59.0,0.0,2.6,0,0.0,ASOS_DAILY,2025-07-10 05:15:41,,,,
1239.0,2023.0,11,30.0,2023-11-30 00:00:00.000000,dry,-4.3,-7.3,-0.5,48.5,0.0,2.8,0,0.0,ASOS_DAILY,2025-07-10 05:15:41,,,,
1240.0,2023.0,12,1.0,2023-12-01 00:00:00.000000,dry,-3.2,-6.8,0.7,55.3,0.0,2.0,0,0.0,ASOS_DAILY,2025-07-10 05:15:41,,,,
1241.0,2023.0,12,2.0,2023-12-02 00:00:00.000000,dry,2.0,-4.4,8.0,60.8,0.0,2.4,0,0.0,ASOS_DAILY,2025-07-10 05:15:41,,,,
1242.0,2023.0,12,3.0,2023-12-03 00:00:00.000000,dry,0.8,-2.8,6.0,56.3,0.0,1.7,0,0.0,ASOS_DAILY,2025-07-10 05:15:41,,,,
1243.0,2023.0,12,4.0,2023-12-04 00:00:00.000000,dry,2.7,-3.0,9.4,59.5,0.0,1.6,0,0.0,ASOS_DAILY,2025-07-10 05:15:41,,,,
1244.0,2023.0,12,5.0,2023-12-05 00:00:00.000000,dry,6.8,3.8,12.6,55.4,0.0,2.0,0,0.0,ASOS_DAILY,2025-07-10 05:15:41,,,,
1245.0,2023.0,12,6.0,2023-12-06 00:00:00.000000,dry,6.1,3.9,8.7,76.1,3.8,2.3,0,0.0,ASOS_DAILY,2025-07-10 05:15:41,,,,
1246.0,2023.0,12,7.0,2023-12-07 00:00:00.000000,dry,6.6,0.8,11.4,64.0,0.0,2.6,0,0.0,ASOS_DAILY,2025-07-10 05:15:41,,,,
1247.0,2023.0,12,8.0,2023-12-08 00:00:00.000000,dry,11.2,5.1,16.8,73.4,0.0,3.0,0,0.0,ASOS_DAILY,2025-07-10 05:15:41,,,,
1248.0,2023.0,12,9.0,2023-12-09 00:00:00.000000,dry,13.7,11.7,16.2,82.9,0.0,2.0,0,0.0,ASOS_DAILY,2025-07-10 05:15:41,,,,
1249.0,2023.0,12,10.0,2023-12-10 00:00:00.000000,dry,11.4,6.7,15.5,67.9,0.0,0.0,0,0.0,ASOS_DAILY,2025-07-10 05:15:41,,,,
1250.0,2023.0,12,11.0,2023-12-11 00:00:00.000000,dry,8.9,5.0,12.3,82.9,11.4,0.0,0,0.0,ASOS_DAILY,2025-07-10 05:15:41,,,,
1251.0,2023.0,12,12.0,2023-12-12 00:00:00.000000,dry,5.4,3.5,9.3,75.6,0.4,2.7,0,0.0,ASOS_DAILY,2025-07-10 05:15:41,,,,
1252.0,2023.0,12,13.0,2023-12-13 00:00:00.000000,dry,6.8,2.6,10.3,74.1,0.0,2.4,0,0.0,ASOS_DAILY,2025-07-10 05:15:41,,,,
1253.0,2023.0,12,14.0,2023-12-14 00:00:00.000000,dry,7.6,6.2,9.1,85.8,17.0,4.5,0,0.0,ASOS_DAILY,2025-07-10 05:15:41,,,,
1254.0,2023.0,12,15.0,2023-12-15 00:00:00.000000,dry,4.9,3.7,6.2,95.4,31.1,3.6,0,0.0,ASOS_DAILY,2025-07-10 05:15:41,,,,
1255.0,2023.0,12,16.0,2023-12-16 00:00:00.000000,dry,-4.1,-9.9,3.8,68.9,1.5,5.2,0,0.0,ASOS_DAILY,2025-07-10 05:15:41,,,,
1256.0,2023.0,12,17.0,2023-12-17 00:00:00.000000,dry,-9.8,-12.4,-6.4,48.9,0.0,3.2,0,0.0,ASOS_DAILY,2025-07-10 05:15:41,,,,
1257.0,2023.0,12,18.0,2023-12-18 00:00:00.000000,dry,-7.7,-12.2,-3.6,45.1,0.0,2.2,0,0.0,ASOS_DAILY,2025-07-10 05:15:41,,,,
1258.0,2023.0,12,19.0,2023-12-19 00:00:00.000000,dry,-3.7,-8.2,0.2,63.1,0.3,1.9,0,0.0,ASOS_DAILY,2025-07-10 05:15:41,,,,
1259.0,2023.0,12,20.0,2023-12-20 00:00:00.000000,dry,-7.4,-11.9,-2.1,64.1,0.8,3.4,0,0.0,ASOS_DAILY,2025-07-10 05:15:41,,,,
1260.0,2023.0,12,21.0,2023-12-21 00:00:00.000000,dry,-11.7,-14.4,-8.0,57.4,0.0,3.0,0,0.0,ASOS_DAILY,2025-07-10 05:15:41,,,,
1261.0,2023.0,12,22.0,2023-12-22 00:00:00.000000,dry,-11.6,-14.7,-8.0,51.8,0.0,2.7,0,0.0,ASOS_DAILY,2025-07-10 05:15:41,,,,
1262.0,2023.0,12,23.0,2023-12-23 00:00:00.000000,dry,-6.8,-12.7,-0.9,53.4,0.0,1.8,0,0.0,ASOS_DAILY,2025-07-10 05:15:41,,,,
1263.0,2023.0,12,24.0,2023-12-24 00:00:00.000000,dry,-2.2,-5.6,3.0,73.4,1.1,1.6,0,0.0,ASOS_DAILY,2025-07-10 05:15:41,,,,
1264.0,2023.0,12,25.0,2023-12-25 00:00:00.000000,dry,-0.7,-2.7,2.1,80.8,0.7,1.5,0,0.0,ASOS_DAILY,2025-07-10 05:15:41,,,,
1265.0,2023.0,12,26.0,2023-12-26 00:00:00.000000,dry,1.9,-2.6,7.2,72.9,0.0,1.8,0,0.0,ASOS_DAILY,2025-07-10 05:15:41,,,,
1266.0,2023.0,12,27.0,2023-12-27 00:00:00.000000,dry,1.5,-2.8,6.8,76.6,0.0,1.4,0,0.0,ASOS_DAILY,2025-07-10 05:15:41,,,,
1267.0,2023.0,12,28.0,2023-12-28 00:00:00.000000,dry,1.2,-1.7,4.4,69.5,0.0,1.6,0,0.0,ASOS_DAILY,2025-07-10 05:15:41,,,,
1268.0,2023.0,12,29.0,2023-12-29 00:00:00.000000,dry,1.3,-1.5,4.6,71.0,0.0,1.7,0,0.0,ASOS_DAILY,2025-07-10 05:15:41,,,,
1269.0,2023.0,12,30.0,2023-12-30 00:00:00.000000,dry,0.6,-0.9,2.1,92.0,13.1,2.6,0,0.0,ASOS_DAILY,2025-07-10 05:15:41,,,,
1270.0,2023.0,12,31.0,2023-12-31 00:00:00.000000,dry,2.1,0.6,4.3,95.5,4.7,2.0,0,0.0,ASOS_DAILY,2025-07-10 05:15:41,,,,
1271.0,2024.0,1,1.0,2024-01-01 00:00:00.000000,dry,3.3,-0.3,7.3,83.4,0.0,1.7,0,0.0,ASOS_DAILY,2025-07-10 05:15:41,,,,
1272.0,2024.0,1,2.0,2024-01-02 00:00:00.000000,dry,2.9,2.2,4.3,72.6,0.0,1.6,0,0.0,ASOS_DAILY,2025-07-10 05:15:41,,,,
1273.0,2024.0,1,3.0,2024-01-03 00:00:00.000000,dry,1.8,-1.1,4.0,80.4,0.6,1.6,0,0.0,ASOS_DAILY,2025-07-10 05:15:41,,,,
1274.0,2024.0,1,4.0,2024-01-04 00:00:00.000000,dry,1.4,-3.3,4.7,74.3,0.0,1.9,0,0.0,ASOS_DAILY,2025-07-10 05:15:41,,,,
1275.0,2024.0,1,5.0,2024-01-05 00:00:00.000000,dry,5.0,1.4,9.1,77.1,0.0,2.3,0,0.0,ASOS_DAILY,2025-07-10 05:15:41,,,,
1276.0,2024.0,1,6.0,2024-01-06 00:00:00.000000,dry,0.7,-2.7,5.2,63.9,2.4,2.2,0,0.0,ASOS_DAILY,2025-07-10 05:15:41,,,,
1277.0,2024.0,1,7.0,2024-01-07 00:00:00.000000,dry,-4.4,-8.3,-0.9,57.4,0.0,3.1,0,0.0,ASOS_DAILY,2025-07-10 05:15:41,,,,
1278.0,2024.0,1,8.0,2024-01-08 00:00:00.000000,dry,-4.7,-10.3,0.0,57.8,0.0,1.8,0,0.0,ASOS_DAILY,2025-07-10 05:15:41,,,,
1279.0,2024.0,1,9.0,2024-01-09 00:00:00.000000,dry,-0.6,-1.9,0.4,84.0,1.6,2.0,0,0.0,ASOS_DAILY,2025-07-10 05:15:41,,,,
1280.0,2024.0,1,10.0,2024-01-10 00:00:00.000000,dry,-1.0,-4.1,3.3,85.9,0.0,1.7,0,0.0,ASOS_DAILY,2025-07-10 05:15:41,,,,
1281.0,2024.0,1,11.0,2024-01-11 00:00:00.000000,dry,1.7,-2.4,4.5,80.6,0.0,1.9,0,0.0,ASOS_DAILY,2025-07-10 05:15:41,,,,
1282.0,2024.0,1,12.0,2024-01-12 00:00:00.000000,dry,0.9,-1.4,4.2,61.6,0.0,2.3,0,0.0,ASOS_DAILY,2025-07-10 05:15:41,,,,
1283.0,2024.0,1,13.0,2024-01-13 00:00:00.000000,dry,0.4,-3.8,6.4,44.3,0.0,1.4,0,0.0,ASOS_DAILY,2025-07-10 05:15:41,,,,
1284.0,2024.0,1,14.0,2024-01-14 00:00:00.000000,dry,-0.6,-3.3,2.4,74.5,3.1,2.1,0,0.0,ASOS_DAILY,2025-07-10 05:15:41,,,,
1285.0,2024.0,1,15.0,2024-01-15 00:00:00.000000,dry,-3.7,-6.9,0.9,51.3,0.0,2.5,0,0.0,ASOS_DAILY,2025-07-10 05:15:41,,,,
1286.0,2024.0,1,16.0,2024-01-16 00:00:00.000000,dry,-2.1,-7.2,4.3,49.8,0.0,1.5,0,0.0,ASOS_DAILY,2025-07-10 05:15:41,,,,
1287.0,2024.0,1,17.0,2024-01-17 00:00:00.000000,dry,0.6,-2.3,1.9,78.5,9.7,2.0,0,0.0,ASOS_DAILY,2025-07-10 05:15:41,,,,
1288.0,2024.0,1,18.0,2024-01-18 00:00:00.000000,dry,4.5,1.4,9.4,81.5,0.5,2.4,0,0.0,ASOS_DAILY,2025-07-10 05:15:41,,,,
1289.0,2024.0,1,19.0,2024-01-19 00:00:00.000000,dry,5.4,4.0,9.0,65.4,0.0,4.5,0,0.0,ASOS_DAILY,2025-07-10 05:15:41,,,,
1290.0,2024.0,1,20.0,2024-01-20 00:00:00.000000,dry,3.4,1.9,4.9,69.5,0.4,5.3,0,0.0,ASOS_DAILY,2025-07-10 05:15:41,,,,
1291.0,2024.0,1,21.0,2024-01-21 00:00:00.000000,dry,1.7,-2.4,4.3,75.8,0.4,2.5,0,0.0,ASOS_DAILY,2025-07-10 05:15:41,,,,
1292.0,2024.0,1,22.0,2024-01-22 00:00:00.000000,dry,-8.7,-11.9,-2.4,65.6,0.2,4.1,0,0.0,ASOS_DAILY,2025-07-10 05:15:41,,,,
1293.0,2024.0,1,23.0,2024-01-23 00:00:00.000000,dry,-11.7,-14.0,-8.2,53.6,0.0,3.9,0,0.0,ASOS_DAILY,2025-07-10 05:15:41,,,,
1294.0,2024.0,1,24.0,2024-01-24 00:00:00.000000,dry,-8.0,-11.2,-3.7,52.0,0.0,3.3,0,0.0,ASOS_DAILY,2025-07-10 05:15:41,,,,
1295.0,2024.0,1,25.0,2024-01-25 00:00:00.000000,dry,-5.3,-9.7,-0.5,47.8,0.0,2.1,0,0.0,ASOS_DAILY,2025-07-10 05:15:41,,,,
1296.0,2024.0,1,26.0,2024-01-26 00:00:00.000000,dry,-1.7,-6.9,4.0,62.5,0.0,1.9,0,0.0,ASOS_DAILY,2025-07-10 05:15:41,,,,
1297.0,2024.0,1,27.0,2024-01-27 00:00:00.000000,dry,-0.5,-4.6,4.6,70.0,0.0,1.8,0,0.0,ASOS_DAILY,2025-07-10 05:15:41,,,,
1298.0,2024.0,1,28.0,2024-01-28 00:00:00.000000,dry,-1.5,-5.0,3.8,62.3,0.0,1.9,0,0.0,ASOS_DAILY,2025-07-10 05:15:41,,,,
1299.0,2024.0,1,29.0,2024-01-29 00:00:00.000000,dry,-0.4,-4.8,4.6,66.6,0.0,1.7,0,0.0,ASOS_DAILY,2025-07-10 05:15:41,,,,
1300.0,2024.0,1,30.0,2024-01-30 00:00:00.000000,dry,1.4,-4.0,8.1,59.3,0.0,1.4,0,0.0,ASOS_DAILY,2025-07-10 05:15:41,,,,
1301.0,2024.0,1,31.0,2024-01-31 00:00:00.000000,dry,4.7,0.7,10.6,54.1,0.0,1.9,0,0.0,ASOS_DAILY,2025-07-10 05:15:41,,,,
1302.0,2024.0,2,1.0,2024-02-01 00:00:00.000000,dry,2.4,-1.3,8.2,64.9,0.0,2.1,0,0.0,ASOS_DAILY,2025-07-10 05:15:41,,,,
1303.0,2024.0,2,2.0,2024-02-02 00:00:00.000000,dry,3.1,0.7,7.9,65.5,0.0,2.1,0,0.0,ASOS_DAILY,2025-07-10 05:15:41,,,,
1304.0,2024.0,2,3.0,2024-02-03 00:00:00.000000,dry,4.7,-0.2,8.3,63.9,0.0,2.2,0,0.0,ASOS_DAILY,2025-07-10 05:15:41,,,,
1305.0,2024.0,2,4.0,2024-02-04 00:00:00.000000,dry,7.3,3.7,12.2,60.9,0.0,1.8,0,0.0,ASOS_DAILY,2025-07-10 05:15:41,,,,
1306.0,2024.0,2,5.0,2024-02-05 00:00:00.000000,dry,2.7,0.1,6.6,81.8,3.9,5.0,0,0.0,ASOS_DAILY,2025-07-10 05:15:41,,,,
1307.0,2024.0,2,6.0,2024-02-06 00:00:00.000000,dry,1.2,0.0,2.9,83.5,0.2,2.2,0,0.0,ASOS_DAILY,2025-07-10 05:15:41,,,,
1308.0,2024.0,2,7.0,2024-02-07 00:00:00.000000,dry,0.6,-0.9,2.7,76.6,0.0,2.1,0,0.0,ASOS_DAILY,2025-07-10 05:15:41,,,,
1309.0,2024.0,2,8.0,2024-02-08 00:00:00.000000,dry,0.6,-3.0,6.2,66.9,0.0,1.6,0,0.0,ASOS_DAILY,2025-07-10 05:15:41,,,,
1310.0,2024.0,2,9.0,2024-02-09 00:00:00.000000,dry,1.1,-2.5,6.1,66.8,0.0,2.2,0,0.0,ASOS_DAILY,2025-07-10 05:15:41,,,,
1311.0,2024.0,2,10.0,2024-02-10 00:00:00.000000,dry,1.7,-1.5,7.4,69.4,0.0,1.9,0,0.0,ASOS_DAILY,2025-07-10 05:15:41,,,,
1312.0,2024.0,2,11.0,2024-02-11 00:00:00.000000,dry,1.0,-3.1,5.5,70.6,0.0,2.2,0,0.0,ASOS_DAILY,2025-07-10 05:15:41,,,,
1313.0,2024.0,2,12.0,2024-02-12 00:00:00.000000,dry,3.5,-2.9,10.5,62.8,0.0,1.8,0,0.0,ASOS_DAILY,2025-07-10 05:15:41,,,,
1314.0,2024.0,2,13.0,2024-02-13 00:00:00.000000,dry,8.2,2.0,13.7,70.6,0.0,2.5,0,0.0,ASOS_DAILY,2025-07-10 05:15:41,,,,
1315.0,2024.0,2,14.0,2024-02-14 00:00:00.000000,dry,12.9,8.8,18.3,76.4,0.0,2.2,0,0.0,ASOS_DAILY,2025-07-10 05:15:41,,,,
1316.0,2024.0,2,15.0,2024-02-15 00:00:00.000000,dry,4.5,0.6,11.6,89.9,10.9,2.9,0,0.0,ASOS_DAILY,2025-07-10 05:15:41,,,,
1317.0,2024.0,2,16.0,2024-02-16 00:00:00.000000,dry,2.3,-1.5,8.1,72.4,0.0,1.8,0,0.0,ASOS_DAILY,2025-07-10 05:15:41,,,,
1318.0,2024.0,2,17.0,2024-02-17 00:00:00.000000,dry,4.4,-1.2,11.7,73.5,0.0,1.7,0,0.0,ASOS_DAILY,2025-07-10 05:15:41,,,,
1319.0,2024.0,2,18.0,2024-02-18 00:00:00.000000,dry,6.2,1.2,9.4,81.4,17.1,2.8,0,0.0,ASOS_DAILY,2025-07-10 05:15:41,,,,
1320.0,2024.0,2,19.0,2024-02-19 00:00:00.000000,dry,9.1,4.2,11.9,95.8,8.9,2.3,0,0.0,ASOS_DAILY,2025-07-10 05:15:41,,,,
1321.0,2024.0,2,20.0,2024-02-20 00:00:00.000000,dry,4.3,2.8,6.8,86.3,2.6,3.4,0,0.0,ASOS_DAILY,2025-07-10 05:15:41,,,,
1322.0,2024.0,2,21.0,2024-02-21 00:00:00.000000,dry,1.9,0.0,4.0,92.5,17.8,5.2,0,0.0,ASOS_DAILY,2025-07-10 05:15:41,,,,
1323.0,2024.0,2,22.0,2024-02-22 00:00:00.000000,dry,0.2,-1.1,1.6,84.5,8.8,4.2,0,0.0,ASOS_DAILY,2025-07-10 05:15:41,,,,
1324.0,2024.0,2,23.0,2024-02-23 00:00:00.000000,dry,1.8,-1.0,6.1,68.8,0.4,3.5,0,0.0,ASOS_DAILY,2025-07-10 05:15:41,,,,
1325.0,2024.0,2,24.0,2024-02-24 00:00:00.000000,dry,2.0,-1.3,5.9,68.6,2.3,2.9,0,0.0,ASOS_DAILY,2025-07-10 05:15:41,,,,
1326.0,2024.0,2,25.0,2024-02-25 00:00:00.000000,dry,2.8,0.8,5.9,80.8,1.8,2.0,0,0.0,ASOS_DAILY,2025-07-10 05:15:41,,,,
1327.0,2024.0,2,26.0,2024-02-26 00:00:00.000000,dry,3.8,-1.2,9.7,65.3,0.0,1.9,0,0.0,ASOS_DAILY,2025-07-10 05:15:41,,,,
1328.0,2024.0,2,27.0,2024-02-27 00:00:00.000000,dry,5.3,1.2,9.8,52.0,0.0,3.0,0,0.0,ASOS_DAILY,2025-07-10 05:15:41,,,,
1329.0,2024.0,2,28.0,2024-02-28 00:00:00.000000,dry,6.4,3.2,10.1,59.5,0.0,2.1,0,0.0,ASOS_DAILY,2025-07-10 05:15:41,,,,
1330.0,2024.0,2,29.0,2024-02-29 00:00:00.000000,dry,4.8,0.3,9.6,63.6,0.0,2.2,0,0.0,ASOS_DAILY,2025-07-10 05:15:41,,,,
1331.0,2024.0,3,1.0,2024-03-01 00:00:00.000000,dry,-4.1,-7.1,0.3,38.9,0.0,4.4,0,0.0,ASOS_DAILY,2025-07-10 05:15:41,,,,
1332.0,2024.0,3,2.0,2024-03-02 00:00:00.000000,dry,-0.5,-8.1,4.1,60.4,0.0,3.2,0,0.0,ASOS_DAILY,2025-07-10 05:15:41,,,,
1333.0,2024.0,3,3.0,2024-03-03 00:00:00.000000,dry,4.0,0.4,7.8,71.5,0.0,2.9,0,0.0,ASOS_DAILY,2025-07-10 05:15:41,,,,
1334.0,2024.0,3,4.0,2024-03-04 00:00:00.000000,dry,5.4,-1.8,11.7,45.5,0.0,1.6,0,0.0,ASOS_DAILY,2025-07-10 05:15:41,,,,
1335.0,2024.0,3,5.0,2024-03-05 00:00:00.000000,dry,8.0,5.5,11.0,45.1,0.0,2.9,0,0.0,ASOS_DAILY,2025-07-10 05:15:41,,,,
1336.0,2024.0,3,6.0,2024-03-06 00:00:00.000000,dry,6.2,2.5,10.3,58.8,0.0,2.8,0,0.0,ASOS_DAILY,2025-07-10 05:15:41,,,,
1337.0,2024.0,3,7.0,2024-03-07 00:00:00.000000,dry,3.9,1.2,8.2,62.4,2.1,3.0,0,0.0,ASOS_DAILY,2025-07-10 05:15:41,,,,
1338.0,2024.0,3,8.0,2024-03-08 00:00:00.000000,dry,2.1,-0.7,6.5,50.6,0.0,3.4,0,0.0,ASOS_DAILY,2025-07-10 05:15:41,,,,
1339.0,2024.0,3,9.0,2024-03-09 00:00:00.000000,dry,2.0,-2.1,7.1,50.8,0.0,2.7,0,0.0,ASOS_DAILY,2025-07-10 05:15:41,,,,
1340.0,2024.0,3,10.0,2024-03-10 00:00:00.000000,dry,4.2,-1.8,10.6,54.0,0.0,2.1,0,0.0,ASOS_DAILY,2025-07-10 05:15:41,,,,
1341.0,2024.0,3,11.0,2024-03-11 00:00:00.000000,dry,6.2,2.0,10.8,62.3,0.0,0.0,0,0.0,ASOS_DAILY,2025-07-10 05:15:41,,,,
1342.0,2024.0,3,12.0,2024-03-12 00:00:00.000000,dry,6.6,4.4,10.0,78.0,2.1,0.0,0,0.0,ASOS_DAILY,2025-07-10 05:15:41,,,,
1343.0,2024.0,3,13.0,2024-03-13 00:00:00.000000,dry,6.5,1.3,12.0,57.6,0.0,2.7,0,0.0,ASOS_DAILY,2025-07-10 05:15:41,,,,
1344.0,2024.0,3,14.0,2024-03-14 00:00:00.000000,dry,8.5,3.4,15.4,58.3,0.0,0.0,0,0.0,ASOS_DAILY,2025-07-10 05:15:41,,,,
1345.0,2024.0,3,15.0,2024-03-15 00:00:00.000000,dry,8.9,4.0,14.5,68.5,0.0,2.3,0,0.0,ASOS_DAILY,2025-07-10 05:15:41,,,,
1346.0,2024.0,3,16.0,2024-03-16 00:00:00.000000,dry,10.9,4.4,18.3,54.5,0.0,2.1,0,0.0,ASOS_DAILY,2025-07-10 05:15:41,,,,
1347.0,2024.0,3,17.0,2024-03-17 00:00:00.000000,dry,8.8,5.4,12.2,48.0,0.1,3.7,0,0.0,ASOS_DAILY,2025-07-10 05:15:41,,,,
1348.0,2024.0,3,18.0,2024-03-18 00:00:00.000000,dry,7.1,1.4,13.2,28.6,0.0,2.4,0,0.0,ASOS_DAILY,2025-07-10 05:15:41,,,,
1349.0,2024.0,3,19.0,2024-03-19 00:00:00.000000,dry,6.7,3.9,9.8,60.8,0.2,3.7,0,0.0,ASOS_DAILY,2025-07-10 05:15:41,,,,
1350.0,2024.0,3,20.0,2024-03-20 00:00:00.000000,dry,4.4,1.2,8.7,46.5,0.0,3.4,0,0.0,ASOS_DAILY,2025-07-10 05:15:41,,,,
1351.0,2024.0,3,21.0,2024-03-21 00:00:00.000000,dry,5.0,-1.2,11.5,46.5,0.0,2.0,0,0.0,ASOS_DAILY,2025-07-10 05:15:41,,,,
1352.0,2024.0,3,22.0,2024-03-22 00:00:00.000000,dry,10.4,3.8,15.2,57.0,5.4,3.4,0,0.0,ASOS_DAILY,2025-07-10 05:15:41,,,,
1353.0,2024.0,3,23.0,2024-03-23 00:00:00.000000,dry,13.0,9.3,18.2,66.0,0.1,2.3,0,0.0,ASOS_DAILY,2025-07-10 05:15:41,,,,
1354.0,2024.0,3,24.0,2024-03-24 00:00:00.000000,dry,16.2,10.5,23.4,42.5,0.0,2.4,0,0.0,ASOS_DAILY,2025-07-10 05:15:41,,,,
1355.0,2024.0,3,25.0,2024-03-25 00:00:00.000000,dry,10.6,6.7,14.5,63.0,5.1,4.0,0,0.0,ASOS_DAILY,2025-07-10 05:15:41,,,,
1356.0,2024.0,3,26.0,2024-03-26 00:00:00.000000,dry,7.4,3.2,12.4,77.3,11.5,2.6,0,0.0,ASOS_DAILY,2025-07-10 05:15:41,,,,
1357.0,2024.0,3,27.0,2024-03-27 00:00:00.000000,dry,10.4,4.4,16.2,68.4,0.0,2.0,0,0.0,ASOS_DAILY,2025-07-10 05:15:41,,,,
1358.0,2024.0,3,28.0,2024-03-28 00:00:00.000000,dry,10.3,7.8,12.2,81.8,1.9,1.8,0,0.0,ASOS_DAILY,2025-07-10 05:15:41,,,,
1359.0,2024.0,3,29.0,2024-03-29 00:00:00.000000,dry,7.6,5.0,12.3,73.0,1.4,2.8,0,0.0,ASOS_DAILY,2025-07-10 05:15:41,,,,
1360.0,2024.0,3,30.0,2024-03-30 00:00:00.000000,dry,8.8,3.0,15.6,56.5,0.0,2.4,0,0.0,ASOS_DAILY,2025-07-10 05:15:41,,,,
1361.0,2024.0,3,31.0,2024-03-31 00:00:00.000000,dry,10.6,3.4,17.7,39.9,0.0,1.9,0,0.0,ASOS_DAILY,2025-07-10 05:15:41,,,,
1362.0,2024.0,4,1.0,2024-04-01 00:00:00.000000,dry,12.2,5.5,19.0,32.0,0.0,1.8,0,0.0,ASOS_DAILY,2025-07-10 05:15:41,,,,
1363.0,2024.0,4,2.0,2024-04-02 00:00:00.000000,dry,15.4,7.0,23.9,37.5,0.0,2.0,0,0.0,ASOS_DAILY,2025-07-10 05:15:41,,,,
1364.0,2024.0,4,3.0,2024-04-03 00:00:00.000000,dry,16.6,13.9,19.7,55.9,0.0,1.8,0,0.0,ASOS_DAILY,2025-07-10 05:15:41,,,,
1365.0,2024.0,4,4.0,2024-04-04 00:00:00.000000,dry,15.5,12.4,20.3,52.1,0.0,2.9,0,0.0,ASOS_DAILY,2025-07-10 05:15:41,,,,
1366.0,2024.0,4,5.0,2024-04-05 00:00:00.000000,dry,14.0,10.2,18.8,51.3,0.0,2.5,0,0.0,ASOS_DAILY,2025-07-10 05:15:41,,,,
1367.0,2024.0,4,6.0,2024-04-06 00:00:00.000000,dry,12.7,8.0,18.9,48.6,0.0,1.9,0,0.0,ASOS_DAILY,2025-07-10 05:15:41,,,,
1368.0,2024.0,4,7.0,2024-04-07 00:00:00.000000,dry,14.8,7.7,23.4,33.4,0.0,2.0,0,0.0,ASOS_DAILY,2025-07-10 05:15:41,,,,
1369.0,2024.0,4,8.0,2024-04-08 00:00:00.000000,dry,16.2,11.0,22.8,46.5,0.0,2.1,0,0.0,ASOS_DAILY,2025-07-10 05:15:41,,,,
1370.0,2024.0,4,9.0,2024-04-09 00:00:00.000000,dry,15.3,10.6,20.8,32.4,0.0,3.5,0,0.0,ASOS_DAILY,2025-07-10 05:15:41,,,,
1371.0,2024.0,4,10.0,2024-04-10 00:00:00.000000,dry,13.8,10.2,18.5,62.6,0.0,2.6,0,0.0,ASOS_DAILY,2025-07-10 05:15:41,,,,
1372.0,2024.0,4,11.0,2024-04-11 00:00:00.000000,dry,15.5,11.7,21.1,61.0,0.0,1.8,0,0.0,ASOS_DAILY,2025-07-10 05:15:41,,,,
1373.0,2024.0,4,12.0,2024-04-12 00:00:00.000000,dry,17.2,12.0,24.2,59.6,0.0,2.1,0,0.0,ASOS_DAILY,2025-07-10 05:15:41,,,,
1374.0,2024.0,4,13.0,2024-04-13 00:00:00.000000,dry,19.1,11.2,27.3,52.4,0.0,1.9,0,0.0,ASOS_DAILY,2025-07-10 05:15:41,,,,
1375.0,2024.0,4,14.0,2024-04-14 00:00:00.000000,dry,20.8,13.6,29.4,47.1,0.0,1.9,0,0.0,ASOS_DAILY,2025-07-10 05:15:41,,,,
1376.0,2024.0,4,15.0,2024-04-15 00:00:00.000000,dry,16.0,11.7,20.0,77.4,17.1,2.5,0,0.0,ASOS_DAILY,2025-07-10 05:15:41,,,,
1377.0,2024.0,4,16.0,2024-04-16 00:00:00.000000,dry,13.3,11.5,17.9,82.6,2.3,2.5,0,0.0,ASOS_DAILY,2025-07-10 05:15:41,,,,
1378.0,2024.0,4,17.0,2024-04-17 00:00:00.000000,dry,15.0,9.7,21.8,65.3,0.0,2.2,0,0.0,ASOS_DAILY,2025-07-10 05:15:41,,,,
1379.0,2024.0,4,18.0,2024-04-18 00:00:00.000000,dry,17.3,10.7,24.9,53.3,0.0,2.2,0,0.0,ASOS_DAILY,2025-07-10 05:15:41,,,,
1380.0,2024.0,4,19.0,2024-04-19 00:00:00.000000,dry,17.6,11.5,24.3,51.8,0.0,2.1,0,0.0,ASOS_DAILY,2025-07-10 05:15:41,,,,
1381.0,2024.0,4,20.0,2024-04-20 00:00:00.000000,dry,14.9,13.0,17.2,77.3,4.8,3.0,0,0.0,ASOS_DAILY,2025-07-10 05:15:41,,,,
1382.0,2024.0,4,21.0,2024-04-21 00:00:00.000000,dry,17.2,13.3,21.7,65.5,0.0,3.8,0,0.0,ASOS_DAILY,2025-07-10 05:15:41,,,,
1383.0,2024.0,4,22.0,2024-04-22 00:00:00.000000,dry,18.8,15.0,24.1,49.4,0.0,3.1,0,0.0,ASOS_DAILY,2025-07-10 05:15:41,,,,
1384.0,2024.0,4,23.0,2024-04-23 00:00:00.000000,dry,17.3,13.2,24.2,55.0,0.0,3.6,0,0.0,ASOS_DAILY,2025-07-10 05:15:41,,,,
1385.0,2024.0,4,24.0,2024-04-24 00:00:00.000000,dry,13.2,11.0,16.5,80.1,9.0,3.0,0,0.0,ASOS_DAILY,2025-07-10 05:15:41,,,,
1386.0,2024.0,4,25.0,2024-04-25 00:00:00.000000,dry,14.4,10.3,20.8,75.6,0.0,1.9,0,0.0,ASOS_DAILY,2025-07-10 05:15:41,,,,
1387.0,2024.0,4,26.0,2024-04-26 00:00:00.000000,dry,17.8,11.4,26.0,61.1,0.0,1.9,0,0.0,ASOS_DAILY,2025-07-10 05:15:41,,,,
1388.0,2024.0,4,27.0,2024-04-27 00:00:00.000000,dry,18.2,11.5,26.2,56.4,0.0,1.9,0,0.0,ASOS_DAILY,2025-07-10 05:15:41,,,,
1389.0,2024.0,4,28.0,2024-04-28 00:00:00.000000,dry,20.7,13.0,28.9,53.5,0.0,1.6,0,0.0,ASOS_DAILY,2025-07-10 05:15:41,,,,
1390.0,2024.0,4,29.0,2024-04-29 00:00:00.000000,dry,20.9,16.9,26.1,48.0,0.0,3.0,0,0.0,ASOS_DAILY,2025-07-10 05:15:41,,,,
1391.0,2024.0,4,30.0,2024-04-30 00:00:00.000000,dry,18.6,16.0,22.5,62.5,0.0,2.2,0,0.0,ASOS_DAILY,2025-07-10 05:15:41,,,,
1392.0,2024.0,5,1.0,2024-05-01 00:00:00.000000,rainy,18.5,13.9,24.0,46.0,0.0,2.4,0,0.0,ASOS_DAILY,2025-07-10 05:15:41,,,,
1393.0,2024.0,5,2.0,2024-05-02 00:00:00.000000,rainy,18.1,12.4,23.7,48.4,0.0,2.4,0,0.0,ASOS_DAILY,2025-07-10 05:15:41,,,,
1394.0,2024.0,5,3.0,2024-05-03 00:00:00.000000,rainy,19.7,12.2,27.9,46.9,0.0,1.9,0,0.0,ASOS_DAILY,2025-07-10 05:15:41,,,,
1395.0,2024.0,5,4.0,2024-05-04 00:00:00.000000,rainy,21.4,14.6,28.5,44.8,0.0,1.9,0,0.0,ASOS_DAILY,2025-07-10 05:15:41,,,,
1396.0,2024.0,5,5.0,2024-05-05 00:00:00.000000,rainy,17.8,15.7,20.6,87.4,48.3,2.5,0,0.0,ASOS_DAILY,2025-07-10 05:15:41,,,,
1397.0,2024.0,5,6.0,2024-05-06 00:00:00.000000,rainy,13.9,13.4,15.7,92.9,12.3,3.1,0,0.0,ASOS_DAILY,2025-07-10 05:15:41,,,,
1398.0,2024.0,5,7.0,2024-05-07 00:00:00.000000,rainy,13.3,12.2,15.0,77.3,2.4,3.0,0,0.0,ASOS_DAILY,2025-07-10 05:15:41,,,,
1399.0,2024.0,5,8.0,2024-05-08 00:00:00.000000,rainy,14.7,9.0,21.4,58.8,0.0,2.3,0,0.0,ASOS_DAILY,2025-07-10 05:15:41,,,,
1400.0,2024.0,5,9.0,2024-05-09 00:00:00.000000,rainy,16.1,10.9,21.8,63.6,0.0,2.9,0,0.0,ASOS_DAILY,2025-07-10 05:15:41,,,,
1401.0,2024.0,5,10.0,2024-05-10 00:00:00.000000,rainy,17.9,12.5,23.8,55.6,0.0,2.6,0,0.0,ASOS_DAILY,2025-07-10 05:15:41,,,,
1402.0,2024.0,5,11.0,2024-05-11 00:00:00.000000,rainy,17.0,14.0,22.0,80.0,31.7,3.5,0,0.0,ASOS_DAILY,2025-07-10 05:15:41,,,,
1403.0,2024.0,5,12.0,2024-05-12 00:00:00.000000,rainy,16.6,11.9,21.6,65.0,0.0,2.7,0,0.0,ASOS_DAILY,2025-07-10 05:15:41,,,,
1404.0,2024.0,5,13.0,2024-05-13 00:00:00.000000,rainy,18.3,11.9,24.5,51.9,0.0,2.3,0,0.0,ASOS_DAILY,2025-07-10 05:15:41,,,,
1405.0,2024.0,5,14.0,2024-05-14 00:00:00.000000,rainy,18.8,12.7,24.7,43.3,0.0,2.4,0,0.0,ASOS_DAILY,2025-07-10 05:15:41,,,,
1406.0,2024.0,5,15.0,2024-05-15 00:00:00.000000,rainy,12.6,7.2,18.8,74.3,20.6,2.7,0,0.0,ASOS_DAILY,2025-07-10 05:15:41,,,,
1407.0,2024.0,5,16.0,2024-05-16 00:00:00.000000,rainy,13.7,6.9,19.8,61.3,0.1,3.1,0,0.0,ASOS_DAILY,2025-07-10 05:15:41,,,,
1408.0,2024.0,5,17.0,2024-05-17 00:00:00.000000,rainy,18.3,10.8,24.9,63.6,0.0,2.2,0,0.0,ASOS_DAILY,2025-07-10 05:15:41,,,,
1409.0,2024.0,5,18.0,2024-05-18 00:00:00.000000,rainy,20.7,16.0,26.5,65.3,0.0,2.0,0,0.0,ASOS_DAILY,2025-07-10 05:15:41,,,,
1410.0,2024.0,5,19.0,2024-05-19 00:00:00.000000,rainy,21.5,15.9,27.9,63.1,0.0,1.9,0,0.0,ASOS_DAILY,2025-07-10 05:15:41,,,,
1411.0,2024.0,5,20.0,2024-05-20 00:00:00.000000,rainy,19.4,16.8,22.8,75.0,0.0,2.3,0,0.0,ASOS_DAILY,2025-07-10 05:15:41,,,,
1412.0,2024.0,5,21.0,2024-05-21 00:00:00.000000,rainy,21.7,16.3,28.3,68.1,0.0,1.9,0,0.0,ASOS_DAILY,2025-07-10 05:15:41,,,,
1413.0,2024.0,5,22.0,2024-05-22 00:00:00.000000,rainy,20.5,16.4,25.5,68.9,0.0,2.3,0,0.0,ASOS_DAILY,2025-07-10 05:15:41,,,,
1414.0,2024.0,5,23.0,2024-05-23 00:00:00.000000,rainy,20.2,15.8,26.4,67.9,0.0,2.5,0,0.0,ASOS_DAILY,2025-07-10 05:15:41,,,,
1415.0,2024.0,5,24.0,2024-05-24 00:00:00.000000,rainy,20.1,15.7,24.7,75.1,0.0,2.1,0,0.0,ASOS_DAILY,2025-07-10 05:15:41,,,,
1416.0,2024.0,5,25.0,2024-05-25 00:00:00.000000,rainy,21.4,18.7,24.7,62.8,0.0,1.8,0,0.0,ASOS_DAILY,2025-07-10 05:15:41,,,,
1417.0,2024.0,5,26.0,2024-05-26 00:00:00.000000,rainy,19.9,17.0,23.7,74.3,8.7,2.7,0,0.0,ASOS_DAILY,2025-07-10 05:15:41,,,,
1418.0,2024.0,5,27.0,2024-05-27 00:00:00.000000,rainy,18.5,14.1,22.6,63.4,0.0,3.3,0,0.0,ASOS_DAILY,2025-07-10 05:15:41,,,,
1419.0,2024.0,5,28.0,2024-05-28 00:00:00.000000,rainy,20.4,14.3,26.1,54.8,0.0,2.5,0,0.0,ASOS_DAILY,2025-07-10 05:15:41,,,,
1420.0,2024.0,5,29.0,2024-05-29 00:00:00.000000,rainy,21.2,15.4,26.8,51.6,0.0,2.1,0,0.0,ASOS_DAILY,2025-07-10 05:15:41,,,,
1421.0,2024.0,5,30.0,2024-05-30 00:00:00.000000,rainy,20.7,16.2,24.6,49.1,0.0,1.6,0,0.0,ASOS_DAILY,2025-07-10 05:15:41,,,,
1422.0,2024.0,5,31.0,2024-05-31 00:00:00.000000,rainy,20.4,16.9,25.4,60.0,1.0,2.6,0,0.0,ASOS_DAILY,2025-07-10 05:15:41,,,,
1423.0,2024.0,6,1.0,2024-06-01 00:00:00.000000,rainy,20.7,17.5,25.2,61.3,0.0,2.8,0,0.0,ASOS_DAILY,2025-07-10 05:15:41,,,,
1424.0,2024.0,6,2.0,2024-06-02 00:00:00.000000,rainy,20.4,15.7,25.8,51.9,0.0,2.7,0,0.0,ASOS_DAILY,2025-07-10 05:15:41,,,,
1425.0,2024.0,6,3.0,2024-06-03 00:00:00.000000,rainy,22.2,15.7,28.7,47.4,0.0,2.4,0,0.0,ASOS_DAILY,2025-07-10 05:15:41,,,,
1426.0,2024.0,6,4.0,2024-06-04 00:00:00.000000,rainy,22.8,16.3,29.3,42.1,0.0,2.4,0,0.0,ASOS_DAILY,2025-07-10 05:15:41,,,,
1427.0,2024.0,6,5.0,2024-06-05 00:00:00.000000,rainy,23.6,18.1,30.1,53.9,0.0,1.9,0,0.0,ASOS_DAILY,2025-07-10 05:15:41,,,,
1428.0,2024.0,6,6.0,2024-06-06 00:00:00.000000,rainy,24.1,19.3,31.4,54.3,0.0,2.0,0,0.0,ASOS_DAILY,2025-07-10 05:15:41,,,,
1429.0,2024.0,6,7.0,2024-06-07 00:00:00.000000,rainy,23.1,18.3,28.0,54.3,0.8,1.9,0,0.0,ASOS_DAILY,2025-07-10 05:15:41,,,,
1430.0,2024.0,6,8.0,2024-06-08 00:00:00.000000,rainy,20.3,17.9,25.0,79.5,16.9,1.6,0,0.0,ASOS_DAILY,2025-07-10 05:15:41,,,,
1431.0,2024.0,6,9.0,2024-06-09 00:00:00.000000,rainy,22.9,17.4,28.8,68.9,0.0,1.8,0,0.0,ASOS_DAILY,2025-07-10 05:15:41,,,,
1432.0,2024.0,6,10.0,2024-06-10 00:00:00.000000,rainy,24.7,19.0,31.1,66.3,0.0,2.2,0,0.0,ASOS_DAILY,2025-07-10 05:15:41,,,,
1433.0,2024.0,6,11.0,2024-06-11 00:00:00.000000,rainy,25.4,21.7,31.6,62.4,0.0,2.4,0,0.0,ASOS_DAILY,2025-07-10 05:15:41,,,,
1434.0,2024.0,6,12.0,2024-06-12 00:00:00.000000,rainy,24.8,19.2,31.8,60.8,0.0,2.1,0,0.0,ASOS_DAILY,2025-07-10 05:15:41,,,,
1435.0,2024.0,6,13.0,2024-06-13 00:00:00.000000,rainy,26.4,20.0,32.8,51.4,0.0,1.8,0,0.0,ASOS_DAILY,2025-07-10 05:15:41,,,,
1436.0,2024.0,6,14.0,2024-06-14 00:00:00.000000,rainy,26.3,21.4,33.0,56.0,0.0,2.3,0,0.0,ASOS_DAILY,2025-07-10 05:15:41,,,,
1437.0,2024.0,6,15.0,2024-06-15 00:00:00.000000,rainy,24.2,21.8,28.2,72.3,6.1,1.9,0,0.0,ASOS_DAILY,2025-07-10 05:15:41,,,,
1438.0,2024.0,6,16.0,2024-06-16 00:00:00.000000,rainy,24.3,19.9,29.5,58.4,0.0,2.8,0,0.0,ASOS_DAILY,2025-07-10 05:15:41,,,,
1439.0,2024.0,6,17.0,2024-06-17 00:00:00.000000,rainy,24.8,18.9,30.2,48.4,0.0,2.4,0,0.0,ASOS_DAILY,2025-07-10 05:15:41,,,,
1440.0,2024.0,6,18.0,2024-06-18 00:00:00.000000,rainy,26.0,20.4,32.9,59.5,0.0,2.1,0,0.0,ASOS_DAILY,2025-07-10 05:15:41,,,,
1441.0,2024.0,6,19.0,2024-06-19 00:00:00.000000,rainy,28.8,21.4,35.8,54.3,0.0,1.6,0,0.0,ASOS_DAILY,2025-07-10 05:15:41,,,,
1442.0,2024.0,6,20.0,2024-06-20 00:00:00.000000,rainy,29.4,23.4,35.4,45.1,0.0,2.0,0,0.0,ASOS_DAILY,2025-07-10 05:15:41,,,,
1443.0,2024.0,6,21.0,2024-06-21 00:00:00.000000,rainy,28.1,22.9,33.9,49.8,0.0,2.0,0,0.0,ASOS_DAILY,2025-07-10 05:15:41,,,,
1444.0,2024.0,6,22.0,2024-06-22 00:00:00.000000,rainy,24.2,22.6,26.1,80.6,16.5,2.0,0,0.0,ASOS_DAILY,2025-07-10 05:15:41,,,,
1445.0,2024.0,6,23.0,2024-06-23 00:00:00.000000,rainy,25.1,22.5,30.1,79.5,5.1,2.2,0,0.0,ASOS_DAILY,2025-07-10 05:15:41,,,,
1446.0,2024.0,6,24.0,2024-06-24 00:00:00.000000,rainy,24.3,21.2,27.9,70.4,0.0,2.9,0,0.0,ASOS_DAILY,2025-07-10 05:15:41,,,,
1447.0,2024.0,6,25.0,2024-06-25 00:00:00.000000,rainy,22.9,19.1,27.2,61.9,0.0,3.0,0,0.0,ASOS_DAILY,2025-07-10 05:15:41,,,,
1448.0,2024.0,6,26.0,2024-06-26 00:00:00.000000,rainy,24.9,18.9,31.6,61.0,0.0,1.9,0,0.0,ASOS_DAILY,2025-07-10 05:15:41,,,,
1449.0,2024.0,6,27.0,2024-06-27 00:00:00.000000,rainy,26.3,20.6,31.6,55.0,0.0,1.6,0,0.0,ASOS_DAILY,2025-07-10 05:15:41,,,,
1450.0,2024.0,6,28.0,2024-06-28 00:00:00.000000,rainy,26.6,21.3,32.5,54.6,0.0,2.1,0,0.0,ASOS_DAILY,2025-07-10 05:15:41,,,,
1451.0,2024.0,6,29.0,2024-06-29 00:00:00.000000,rainy,26.7,21.6,32.3,65.1,38.3,2.2,0,0.0,ASOS_DAILY,2025-07-10 05:15:41,,,,
1452.0,2024.0,6,30.0,2024-06-30 00:00:00.000000,rainy,23.5,22.0,24.9,88.5,32.2,3.7,0,0.0,ASOS_DAILY,2025-07-10 05:15:41,,,,
1453.0,2024.0,7,1.0,2024-07-01 00:00:00.000000,rainy,26.3,22.0,31.3,69.1,0.0,1.8,0,0.0,ASOS_DAILY,2025-07-10 05:15:41,,,,
1454.0,2024.0,7,2.0,2024-07-02 00:00:00.000000,rainy,23.2,21.9,25.2,90.0,65.1,2.8,1,0.0,ASOS_DAILY,2025-07-10 05:15:41,,,,
1455.0,2024.0,7,3.0,2024-07-03 00:00:00.000000,rainy,24.7,23.6,25.9,80.3,0.8,3.6,0,0.0,ASOS_DAILY,2025-07-10 05:15:41,,,,
1456.0,2024.0,7,4.0,2024-07-04 00:00:00.000000,rainy,26.8,23.2,30.6,74.8,3.6,3.0,0,0.0,ASOS_DAILY,2025-07-10 05:15:41,,,,
1457.0,2024.0,7,5.0,2024-07-05 00:00:00.000000,rainy,23.4,21.3,26.1,80.5,4.1,3.3,0,0.0,ASOS_DAILY,2025-07-10 05:15:41,,,,
1458.0,2024.0,7,6.0,2024-07-06 00:00:00.000000,rainy,25.1,22.1,30.0,84.1,2.8,3.2,0,0.0,ASOS_DAILY,2025-07-10 05:15:41,,,,
1459.0,2024.0,7,7.0,2024-07-07 00:00:00.000000,rainy,24.4,21.5,28.2,85.1,28.7,1.8,0,0.0,ASOS_DAILY,2025-07-10 05:15:41,,,,
1460.0,2024.0,7,8.0,2024-07-08 00:00:00.000000,rainy,23.8,23.1,24.5,93.4,21.1,1.8,0,0.0,ASOS_DAILY,2025-07-10 05:15:41,,,,
1461.0,2024.0,7,9.0,2024-07-09 00:00:00.000000,rainy,24.5,22.7,26.7,86.9,0.3,1.8,0,0.0,ASOS_DAILY,2025-07-10 05:15:41,,,,
1462.0,2024.0,7,10.0,2024-07-10 00:00:00.000000,rainy,26.6,22.7,31.1,77.1,1.4,2.2,0,0.0,ASOS_DAILY,2025-07-10 05:15:41,,,,
1463.0,2024.0,7,11.0,2024-07-11 00:00:00.000000,rainy,25.7,23.3,28.9,79.6,0.0,2.1,0,0.0,ASOS_DAILY,2025-07-10 05:15:41,,,,
1464.0,2024.0,7,12.0,2024-07-12 00:00:00.000000,rainy,25.6,21.8,30.2,79.5,0.0,1.6,0,0.0,ASOS_DAILY,2025-07-10 05:15:41,,,,
1465.0,2024.0,7,13.0,2024-07-13 00:00:00.000000,rainy,28.1,23.5,33.3,70.0,0.0,1.9,0,0.0,ASOS_DAILY,2025-07-10 05:15:41,,,,
1466.0,2024.0,7,14.0,2024-07-14 00:00:00.000000,rainy,28.4,24.9,32.1,65.9,0.4,2.4,0,0.0,ASOS_DAILY,2025-07-10 05:15:41,,,,
1467.0,2024.0,7,15.0,2024-07-15 00:00:00.000000,rainy,28.4,24.5,31.3,64.6,0.0,2.4,0,0.0,ASOS_DAILY,2025-07-10 05:15:41,,,,
1468.0,2024.0,7,16.0,2024-07-16 00:00:00.000000,rainy,27.0,24.6,30.7,78.4,17.0,2.3,0,0.0,ASOS_DAILY,2025-07-10 05:15:41,,,,
1469.0,2024.0,7,17.0,2024-07-17 00:00:00.000000,rainy,25.4,24.1,28.1,91.6,98.8,2.5,1,0.0,ASOS_DAILY,2025-07-10 05:15:41,,,,
1470.0,2024.0,7,18.0,2024-07-18 00:00:00.000000,rainy,24.3,23.1,25.6,95.3,128.8,2.2,1,0.0,ASOS_DAILY,2025-07-10 05:15:41,,,,
1471.0,2024.0,7,19.0,2024-07-19 00:00:00.000000,rainy,27.0,24.2,30.8,80.1,0.1,2.2,0,0.0,ASOS_DAILY,2025-07-10 05:15:41,,,,
1472.0,2024.0,7,20.0,2024-07-20 00:00:00.000000,rainy,27.2,25.1,30.6,80.4,14.9,2.7,0,0.0,ASOS_DAILY,2025-07-10 05:15:41,,,,
1473.0,2024.0,7,21.0,2024-07-21 00:00:00.000000,rainy,26.5,22.5,29.8,83.6,8.5,3.6,0,0.0,ASOS_DAILY,2025-07-10 05:15:41,,,,
1474.0,2024.0,7,22.0,2024-07-22 00:00:00.000000,rainy,26.6,24.3,27.9,89.0,79.9,3.1,1,0.0,ASOS_DAILY,2025-07-10 05:15:41,,,,
1475.0,2024.0,7,23.0,2024-07-23 00:00:00.000000,rainy,26.4,25.8,27.3,87.9,2.0,3.2,0,0.0,ASOS_DAILY,2025-07-10 05:15:41,,,,
1476.0,2024.0,7,24.0,2024-07-24 00:00:00.000000,rainy,28.1,26.0,30.9,85.0,14.7,2.6,0,0.0,ASOS_DAILY,2025-07-10 05:15:41,,,,
1477.0,2024.0,7,25.0,2024-07-25 00:00:00.000000,rainy,28.8,25.4,32.2,79.8,25.3,1.8,0,0.0,ASOS_DAILY,2025-07-10 05:15:41,,,,
1478.0,2024.0,7,26.0,2024-07-26 00:00:00.000000,rainy,28.7,25.2,32.7,81.9,5.5,2.3,0,0.0,ASOS_DAILY,2025-07-10 05:15:41,,,,
1479.0,2024.0,7,27.0,2024-07-27 00:00:00.000000,rainy,28.9,27.5,31.7,83.6,33.5,1.7,0,0.0,ASOS_DAILY,2025-07-10 05:15:41,,,,
1480.0,2024.0,7,28.0,2024-07-28 00:00:00.000000,rainy,29.2,27.3,32.2,76.0,0.0,3.2,0,0.0,ASOS_DAILY,2025-07-10 05:15:41,,,,
1481.0,2024.0,7,29.0,2024-07-29 00:00:00.000000,rainy,27.4,26.8,27.8,84.0,0.0,3.8,0,0.0,ASOS_DAILY,2025-07-10 05:15:41,,,,
1482.0,2024.0,7,30.0,2024-07-30 00:00:00.000000,rainy,28.6,26.3,31.9,78.8,0.0,2.8,0,0.0,ASOS_DAILY,2025-07-10 05:15:41,,,,
1483.0,2024.0,7,31.0,2024-07-31 00:00:00.000000,rainy,29.4,27.0,33.3,74.5,0.0,2.6,0,0.0,ASOS_DAILY,2025-07-10 05:15:41,,,,
1484.0,2024.0,8,1.0,2024-08-01 00:00:00.000000,rainy,29.9,27.3,33.2,75.5,0.3,2.6,0,0.0,ASOS_DAILY,2025-07-10 05:15:41,,,,
1485.0,2024.0,8,2.0,2024-08-02 00:00:00.000000,rainy,29.6,28.2,32.5,79.4,0.0,2.6,0,0.0,ASOS_DAILY,2025-07-10 05:15:41,,,,
1486.0,2024.0,8,3.0,2024-08-03 00:00:00.000000,rainy,30.2,27.2,34.2,75.0,0.0,2.2,0,0.0,ASOS_DAILY,2025-07-10 05:15:41,,,,
1487.0,2024.0,8,4.0,2024-08-04 00:00:00.000000,rainy,31.8,27.3,36.2,69.3,0.0,1.6,0,0.0,ASOS_DAILY,2025-07-10 05:15:41,,,,
1488.0,2024.0,8,5.0,2024-08-05 00:00:00.000000,rainy,30.0,26.9,33.7,75.5,1.3,1.9,0,0.0,ASOS_DAILY,2025-07-10 05:15:41,,,,
1489.0,2024.0,8,6.0,2024-08-06 00:00:00.000000,rainy,29.5,25.6,33.5,74.8,0.0,1.9,0,0.0,ASOS_DAILY,2025-07-10 05:15:41,,,,
1490.0,2024.0,8,7.0,2024-08-07 00:00:00.000000,rainy,29.6,27.2,33.4,72.0,3.4,1.7,0,0.0,ASOS_DAILY,2025-07-10 05:15:41,,,,
1491.0,2024.0,8,8.0,2024-08-08 00:00:00.000000,rainy,28.5,26.9,31.6,77.5,0.0,1.6,0,0.0,ASOS_DAILY,2025-07-10 05:15:41,,,,
1492.0,2024.0,8,9.0,2024-08-09 00:00:00.000000,rainy,29.3,25.6,33.6,74.1,0.0,1.6,0,0.0,ASOS_DAILY,2025-07-10 05:15:41,,,,
1493.0,2024.0,8,10.0,2024-08-10 00:00:00.000000,rainy,30.0,26.4,33.6,70.8,0.0,1.7,0,0.0,ASOS_DAILY,2025-07-10 05:15:41,,,,
1494.0,2024.0,8,11.0,2024-08-11 00:00:00.000000,rainy,30.8,27.8,34.4,67.8,0.0,1.8,0,0.0,ASOS_DAILY,2025-07-10 05:15:41,,,,
1495.0,2024.0,8,12.0,2024-08-12 00:00:00.000000,rainy,31.1,28.2,34.1,70.5,0.0,1.9,0,0.0,ASOS_DAILY,2025-07-10 05:15:41,,,,
1496.0,2024.0,8,13.0,2024-08-13 00:00:00.000000,rainy,31.3,28.1,36.4,70.0,0.0,1.8,0,0.0,ASOS_DAILY,2025-07-10 05:15:41,,,,
1497.0,2024.0,8,14.0,2024-08-14 00:00:00.000000,rainy,30.0,27.3,34.9,73.0,3.0,1.9,0,0.0,ASOS_DAILY,2025-07-10 05:15:41,,,,
1498.0,2024.0,8,15.0,2024-08-15 00:00:00.000000,rainy,29.2,26.7,34.6,74.6,6.4,1.8,0,0.0,ASOS_DAILY,2025-07-10 05:15:41,,,,
1499.0,2024.0,8,16.0,2024-08-16 00:00:00.000000,rainy,29.8,26.8,34.3,69.4,0.0,2.0,0,0.0,ASOS_DAILY,2025-07-10 05:15:41,,,,
1500.0,2024.0,8,17.0,2024-08-17 00:00:00.000000,rainy,29.8,27.2,34.0,71.0,11.0,1.7,0,0.0,ASOS_DAILY,2025-07-10 05:15:41,,,,
1501.0,2024.0,8,18.0,2024-08-18 00:00:00.000000,rainy,29.5,27.0,33.9,73.8,0.0,2.0,0,0.0,ASOS_DAILY,2025-07-10 05:15:47,,,,
1502.0,2024.0,8,19.0,2024-08-19 00:00:00.000000,rainy,29.7,26.3,35.3,72.3,2.3,1.9,0,0.0,ASOS_DAILY,2025-07-10 05:15:47,,,,
1503.0,2024.0,8,20.0,2024-08-20 00:00:00.000000,rainy,31.4,27.0,35.4,68.3,0.0,2.3,0,0.0,ASOS_DAILY,2025-07-10 05:15:47,,,,
1504.0,2024.0,8,21.0,2024-08-21 00:00:00.000000,rainy,28.4,26.9,30.8,85.9,42.2,3.2,0,0.0,ASOS_DAILY,2025-07-10 05:15:47,,,,
1505.0,2024.0,8,22.0,2024-08-22 00:00:00.000000,rainy,28.6,27.1,30.3,79.9,0.6,3.4,0,0.0,ASOS_DAILY,2025-07-10 05:15:47,,,,
1506.0,2024.0,8,23.0,2024-08-23 00:00:00.000000,rainy,28.4,26.4,31.8,73.5,0.0,2.7,0,0.0,ASOS_DAILY,2025-07-10 05:15:47,,,,
1507.0,2024.0,8,24.0,2024-08-24 00:00:00.000000,rainy,27.6,25.1,30.9,78.8,2.0,1.4,0,0.0,ASOS_DAILY,2025-07-10 05:15:47,,,,
1508.0,2024.0,8,25.0,2024-08-25 00:00:00.000000,rainy,28.5,24.9,32.7,76.6,0.0,1.4,0,0.0,ASOS_DAILY,2025-07-10 05:15:47,,,,
1509.0,2024.0,8,26.0,2024-08-26 00:00:00.000000,rainy,28.1,25.6,30.6,77.8,0.0,1.5,0,0.0,ASOS_DAILY,2025-07-10 05:15:47,,,,
1510.0,2024.0,8,27.0,2024-08-27 00:00:00.000000,rainy,26.5,24.6,30.3,69.8,0.3,1.9,0,0.0,ASOS_DAILY,2025-07-10 05:15:47,,,,
1511.0,2024.0,8,28.0,2024-08-28 00:00:00.000000,rainy,28.2,23.0,33.2,62.1,0.0,2.9,0,0.0,ASOS_DAILY,2025-07-10 05:15:47,,,,
1512.0,2024.0,8,29.0,2024-08-29 00:00:00.000000,rainy,28.4,23.4,33.5,61.0,0.0,3.1,0,0.0,ASOS_DAILY,2025-07-10 05:15:47,,,,
1513.0,2024.0,8,30.0,2024-08-30 00:00:00.000000,rainy,28.0,23.7,32.9,64.0,0.0,2.4,0,0.0,ASOS_DAILY,2025-07-10 05:15:47,,,,
1514.0,2024.0,8,31.0,2024-08-31 00:00:00.000000,rainy,27.6,22.6,33.0,65.6,0.0,1.9,0,0.0,ASOS_DAILY,2025-07-10 05:15:47,,,,
1515.0,2024.0,9,1.0,2024-09-01 00:00:00.000000,rainy,27.1,24.6,31.6,64.9,0.0,2.0,0,0.0,ASOS_DAILY,2025-07-10 05:15:47,,,,
1516.0,2024.0,9,2.0,2024-09-02 00:00:00.000000,rainy,24.5,22.2,26.9,73.6,2.7,2.6,0,0.0,ASOS_DAILY,2025-07-10 05:15:47,,,,
1517.0,2024.0,9,3.0,2024-09-03 00:00:00.000000,rainy,27.0,23.2,32.0,54.5,0.0,2.9,0,0.0,ASOS_DAILY,2025-07-10 05:15:47,,,,
1518.0,2024.0,9,4.0,2024-09-04 00:00:00.000000,rainy,27.9,23.2,33.3,61.4,0.0,2.2,0,0.0,ASOS_DAILY,2025-07-10 05:15:47,,,,
1519.0,2024.0,9,5.0,2024-09-05 00:00:00.000000,rainy,26.3,25.6,28.8,79.1,6.9,2.4,0,0.0,ASOS_DAILY,2025-07-10 05:15:47,,,,
1520.0,2024.0,9,6.0,2024-09-06 00:00:00.000000,rainy,24.0,23.3,25.7,79.3,0.7,2.6,0,0.0,ASOS_DAILY,2025-07-10 05:15:47,,,,
1521.0,2024.0,9,7.0,2024-09-07 00:00:00.000000,rainy,26.5,22.8,31.3,68.9,0.0,1.9,0,0.0,ASOS_DAILY,2025-07-10 05:15:47,,,,
1522.0,2024.0,9,8.0,2024-09-08 00:00:00.000000,rainy,27.2,22.6,32.8,69.6,0.0,1.6,0,0.0,ASOS_DAILY,2025-07-10 05:15:47,,,,
1523.0,2024.0,9,9.0,2024-09-09 00:00:00.000000,rainy,28.5,24.1,34.1,69.0,0.0,1.9,0,0.0,ASOS_DAILY,2025-07-10 05:15:47,,,,
1524.0,2024.0,9,10.0,2024-09-10 00:00:00.000000,rainy,29.4,25.6,33.9,67.3,0.0,1.8,0,0.0,ASOS_DAILY,2025-07-10 05:15:47,,,,
1525.0,2024.0,9,11.0,2024-09-11 00:00:00.000000,rainy,29.0,25.4,34.6,71.5,0.4,1.8,0,0.0,ASOS_DAILY,2025-07-10 05:15:47,,,,
1526.0,2024.0,9,12.0,2024-09-12 00:00:00.000000,rainy,25.4,24.8,27.1,91.5,32.7,2.1,0,0.0,ASOS_DAILY,2025-07-10 05:15:47,,,,
1527.0,2024.0,9,13.0,2024-09-13 00:00:00.000000,rainy,25.9,24.2,28.0,91.4,7.6,2.2,0,0.0,ASOS_DAILY,2025-07-10 05:15:47,,,,
1528.0,2024.0,9,14.0,2024-09-14 00:00:00.000000,rainy,28.0,25.2,32.2,80.3,0.0,1.7,0,0.0,ASOS_DAILY,2025-07-10 05:15:47,,,,
1529.0,2024.0,9,15.0,2024-09-15 00:00:00.000000,rainy,27.5,24.2,32.4,73.6,0.0,2.8,0,0.0,ASOS_DAILY,2025-07-10 05:15:47,,,,
1530.0,2024.0,9,16.0,2024-09-16 00:00:00.000000,rainy,26.8,21.3,32.2,74.0,9.5,2.8,0,0.0,ASOS_DAILY,2025-07-10 05:15:47,,,,
1531.0,2024.0,9,17.0,2024-09-17 00:00:00.000000,rainy,28.6,25.8,33.2,77.0,0.0,1.7,0,0.0,ASOS_DAILY,2025-07-10 05:15:47,,,,
1532.0,2024.0,9,18.0,2024-09-18 00:00:00.000000,rainy,29.4,26.5,33.6,76.8,0.7,1.6,0,0.0,ASOS_DAILY,2025-07-10 05:15:47,,,,
1533.0,2024.0,9,19.0,2024-09-19 00:00:00.000000,rainy,29.1,25.6,32.6,77.4,0.0,1.7,0,0.0,ASOS_DAILY,2025-07-10 05:15:47,,,,
1534.0,2024.0,9,20.0,2024-09-20 00:00:00.000000,rainy,25.0,17.9,28.6,89.8,54.5,2.4,1,0.0,ASOS_DAILY,2025-07-10 05:15:47,,,,
1535.0,2024.0,9,21.0,2024-09-21 00:00:00.000000,rainy,19.3,17.1,21.9,82.3,27.0,4.3,0,0.0,ASOS_DAILY,2025-07-10 05:15:47,,,,
1536.0,2024.0,9,22.0,2024-09-22 00:00:00.000000,rainy,21.0,16.9,26.7,67.4,0.0,2.7,0,0.0,ASOS_DAILY,2025-07-10 05:15:47,,,,
1537.0,2024.0,9,23.0,2024-09-23 00:00:00.000000,rainy,20.8,16.6,26.1,58.3,0.0,3.1,0,0.0,ASOS_DAILY,2025-07-10 05:15:47,,,,
1538.0,2024.0,9,24.0,2024-09-24 00:00:00.000000,rainy,21.0,15.6,26.9,57.9,0.0,2.2,0,0.0,ASOS_DAILY,2025-07-10 05:15:47,,,,
1539.0,2024.0,9,25.0,2024-09-25 00:00:00.000000,rainy,23.3,18.6,27.3,65.6,0.0,1.7,0,0.0,ASOS_DAILY,2025-07-10 05:15:47,,,,
1540.0,2024.0,9,26.0,2024-09-26 00:00:00.000000,rainy,23.6,21.1,28.0,75.1,1.2,1.6,0,0.0,ASOS_DAILY,2025-07-10 05:15:47,,,,
1541.0,2024.0,9,27.0,2024-09-27 00:00:00.000000,rainy,22.7,19.1,28.0,72.8,0.0,2.4,0,0.0,ASOS_DAILY,2025-07-10 05:15:47,,,,
1542.0,2024.0,9,28.0,2024-09-28 00:00:00.000000,rainy,23.2,19.2,27.9,59.3,0.0,3.4,0,0.0,ASOS_DAILY,2025-07-10 05:15:47,,,,
1543.0,2024.0,9,29.0,2024-09-29 00:00:00.000000,rainy,23.5,19.1,29.0,61.5,0.0,2.7,0,0.0,ASOS_DAILY,2025-07-10 05:15:47,,,,
1544.0,2024.0,9,30.0,2024-09-30 00:00:00.000000,rainy,23.0,18.3,28.5,63.0,0.0,2.1,0,0.0,ASOS_DAILY,2025-07-10 05:15:47,,,,
1545.0,2024.0,10,1.0,2024-10-01 00:00:00.000000,dry,18.3,13.3,21.7,67.5,2.5,2.5,0,0.0,ASOS_DAILY,2025-07-10 05:15:47,,,,
1546.0,2024.0,10,2.0,2024-10-02 00:00:00.000000,dry,14.9,11.6,19.9,48.8,0.0,2.5,0,0.0,ASOS_DAILY,2025-07-10 05:15:47,,,,
1547.0,2024.0,10,3.0,2024-10-03 00:00:00.000000,dry,16.4,10.8,22.5,59.0,0.0,1.9,0,0.0,ASOS_DAILY,2025-07-10 05:15:47,,,,
1548.0,2024.0,10,4.0,2024-10-04 00:00:00.000000,dry,17.6,11.9,24.2,60.0,0.0,1.8,0,0.0,ASOS_DAILY,2025-07-10 05:15:47,,,,
1549.0,2024.0,10,5.0,2024-10-05 00:00:00.000000,dry,17.5,11.6,24.4,60.4,0.0,1.6,0,0.0,ASOS_DAILY,2025-07-10 05:15:47,,,,
1550.0,2024.0,10,6.0,2024-10-06 00:00:00.000000,dry,15.4,12.3,17.9,73.5,0.0,1.4,0,0.0,ASOS_DAILY,2025-07-10 05:15:47,,,,
1551.0,2024.0,10,7.0,2024-10-07 00:00:00.000000,dry,16.9,14.0,20.7,73.9,0.0,1.3,0,0.0,ASOS_DAILY,2025-07-10 05:15:47,,,,
1552.0,2024.0,10,8.0,2024-10-08 00:00:00.000000,dry,17.7,12.7,23.9,73.9,0.0,1.8,0,0.0,ASOS_DAILY,2025-07-10 05:15:47,,,,
1553.0,2024.0,10,9.0,2024-10-09 00:00:00.000000,dry,18.8,13.9,24.4,64.1,0.0,2.3,0,0.0,ASOS_DAILY,2025-07-10 05:15:47,,,,
1554.0,2024.0,10,10.0,2024-10-10 00:00:00.000000,dry,18.8,15.3,24.1,66.3,0.0,1.9,0,0.0,ASOS_DAILY,2025-07-10 05:15:47,,,,
1555.0,2024.0,10,11.0,2024-10-11 00:00:00.000000,dry,18.6,13.9,24.4,68.8,0.0,1.8,0,0.0,ASOS_DAILY,2025-07-10 05:15:47,,,,
1556.0,2024.0,10,12.0,2024-10-12 00:00:00.000000,dry,18.3,13.4,24.7,60.6,0.0,1.5,0,0.0,ASOS_DAILY,2025-07-10 05:15:47,,,,
1557.0,2024.0,10,13.0,2024-10-13 00:00:00.000000,dry,18.3,12.6,22.6,67.0,0.0,2.0,0,0.0,ASOS_DAILY,2025-07-10 05:15:47,,,,
1558.0,2024.0,10,14.0,2024-10-14 00:00:00.000000,dry,19.3,17.6,21.5,70.3,0.0,1.9,0,0.0,ASOS_DAILY,2025-07-10 05:15:47,,,,
1559.0,2024.0,10,15.0,2024-10-15 00:00:00.000000,dry,19.2,17.6,21.9,85.0,0.5,1.8,0,0.0,ASOS_DAILY,2025-07-10 05:15:47,,,,
1560.0,2024.0,10,16.0,2024-10-16 00:00:00.000000,dry,18.2,14.4,24.2,76.9,0.0,1.5,0,0.0,ASOS_DAILY,2025-07-10 05:15:47,,,,
1561.0,2024.0,10,17.0,2024-10-17 00:00:00.000000,dry,19.0,13.8,25.7,70.4,0.0,1.7,0,0.0,ASOS_DAILY,2025-07-10 05:15:47,,,,
1562.0,2024.0,10,18.0,2024-10-18 00:00:00.000000,dry,17.4,16.2,18.8,86.1,47.1,2.5,0,0.0,ASOS_DAILY,2025-07-10 05:15:47,,,,
1563.0,2024.0,10,19.0,2024-10-19 00:00:00.000000,dry,16.6,12.4,21.1,75.0,1.0,3.3,0,0.0,ASOS_DAILY,2025-07-10 05:15:47,,,,
1564.0,2024.0,10,20.0,2024-10-20 00:00:00.000000,dry,13.4,10.5,17.8,56.0,0.0,3.7,0,0.0,ASOS_DAILY,2025-07-10 05:15:47,,,,
1565.0,2024.0,10,21.0,2024-10-21 00:00:00.000000,dry,14.8,9.7,19.3,66.4,0.0,2.3,0,0.0,ASOS_DAILY,2025-07-10 05:15:47,,,,
1566.0,2024.0,10,22.0,2024-10-22 00:00:00.000000,dry,15.5,14.9,16.6,90.8,20.6,2.0,0,0.0,ASOS_DAILY,2025-07-10 05:15:47,,,,
1567.0,2024.0,10,23.0,2024-10-23 00:00:00.000000,dry,12.7,9.4,15.5,75.3,2.3,3.7,0,0.0,ASOS_DAILY,2025-07-10 05:15:47,,,,
1568.0,2024.0,10,24.0,2024-10-24 00:00:00.000000,dry,12.5,7.1,18.4,71.4,0.0,1.8,0,0.0,ASOS_DAILY,2025-07-10 05:15:47,,,,
1569.0,2024.0,10,25.0,2024-10-25 00:00:00.000000,dry,14.9,8.7,21.5,64.1,0.0,1.7,0,0.0,ASOS_DAILY,2025-07-10 05:15:47,,,,
1570.0,2024.0,10,26.0,2024-10-26 00:00:00.000000,dry,17.0,10.7,24.0,68.3,0.0,1.8,0,0.0,ASOS_DAILY,2025-07-10 05:15:47,,,,
1571.0,2024.0,10,27.0,2024-10-27 00:00:00.000000,dry,16.0,14.0,18.8,79.4,0.0,1.6,0,0.0,ASOS_DAILY,2025-07-10 05:15:47,,,,
1572.0,2024.0,10,28.0,2024-10-28 00:00:00.000000,dry,15.7,12.3,20.4,75.9,0.0,2.1,0,0.0,ASOS_DAILY,2025-07-10 05:15:47,,,,
1573.0,2024.0,10,29.0,2024-10-29 00:00:00.000000,dry,15.0,13.4,18.3,64.6,0.0,2.3,0,0.0,ASOS_DAILY,2025-07-10 05:15:47,,,,
1574.0,2024.0,10,30.0,2024-10-30 00:00:00.000000,dry,15.7,11.4,21.4,71.3,0.0,1.6,0,0.0,ASOS_DAILY,2025-07-10 05:15:47,,,,
1575.0,2024.0,10,31.0,2024-10-31 00:00:00.000000,dry,15.9,11.0,22.6,67.8,0.0,1.4,0,0.0,ASOS_DAILY,2025-07-10 05:15:47,,,,
1576.0,2024.0,11,1.0,2024-11-01 00:00:00.000000,dry,15.3,12.9,18.7,70.8,0.0,1.4,0,0.0,ASOS_DAILY,2025-07-10 05:15:47,,,,
1577.0,2024.0,11,2.0,2024-11-02 00:00:00.000000,dry,18.1,13.0,25.1,58.9,0.0,1.9,0,0.0,ASOS_DAILY,2025-07-10 05:15:47,,,,
1578.0,2024.0,11,3.0,2024-11-03 00:00:00.000000,dry,17.6,13.0,23.5,71.1,0.0,2.4,0,0.0,ASOS_DAILY,2025-07-10 05:15:47,,,,
1579.0,2024.0,11,4.0,2024-11-04 00:00:00.000000,dry,14.8,8.9,18.3,62.0,0.1,2.9,0,0.0,ASOS_DAILY,2025-07-10 05:15:47,,,,
1580.0,2024.0,11,5.0,2024-11-05 00:00:00.000000,dry,9.1,5.6,14.7,49.8,0.0,2.1,0,0.0,ASOS_DAILY,2025-07-10 05:15:47,,,,
1581.0,2024.0,11,6.0,2024-11-06 00:00:00.000000,dry,7.5,4.1,12.5,46.1,0.0,2.5,0,0.0,ASOS_DAILY,2025-07-10 05:15:47,,,,
1582.0,2024.0,11,7.0,2024-11-07 00:00:00.000000,dry,7.8,1.6,15.7,48.1,0.0,1.5,0,0.0,ASOS_DAILY,2025-07-10 05:15:47,,,,
1583.0,2024.0,11,8.0,2024-11-08 00:00:00.000000,dry,10.2,3.1,18.1,50.8,0.0,1.5,0,0.0,ASOS_DAILY,2025-07-10 05:15:47,,,,
1584.0,2024.0,11,9.0,2024-11-09 00:00:00.000000,dry,12.9,6.8,20.3,55.8,0.0,1.4,0,0.0,ASOS_DAILY,2025-07-10 05:15:47,,,,
1585.0,2024.0,11,10.0,2024-11-10 00:00:00.000000,dry,14.4,10.3,21.0,64.0,0.0,1.8,0,0.0,ASOS_DAILY,2025-07-10 05:15:47,,,,
1586.0,2024.0,11,11.0,2024-11-11 00:00:00.000000,dry,14.6,9.7,21.8,64.5,0.0,1.2,0,0.0,ASOS_DAILY,2025-07-10 05:15:47,,,,
1587.0,2024.0,11,12.0,2024-11-12 00:00:00.000000,dry,14.3,11.0,19.2,66.8,0.0,2.2,0,0.0,ASOS_DAILY,2025-07-10 05:15:47,,,,
1588.0,2024.0,11,13.0,2024-11-13 00:00:00.000000,dry,14.2,8.3,21.3,62.9,0.0,1.7,0,0.0,ASOS_DAILY,2025-07-10 05:15:47,,,,
1589.0,2024.0,11,14.0,2024-11-14 00:00:00.000000,dry,14.8,13.2,16.8,68.4,0.1,1.8,0,0.0,ASOS_DAILY,2025-07-10 05:15:47,,,,
1590.0,2024.0,11,15.0,2024-11-15 00:00:00.000000,dry,17.0,13.7,21.5,65.1,0.0,1.8,0,0.0,ASOS_DAILY,2025-07-10 05:15:47,,,,
1591.0,2024.0,11,16.0,2024-11-16 00:00:00.000000,dry,17.0,14.4,22.6,72.5,6.5,2.6,0,0.0,ASOS_DAILY,2025-07-10 05:15:47,,,,
1592.0,2024.0,11,17.0,2024-11-17 00:00:00.000000,dry,7.0,2.1,14.4,47.6,0.0,3.6,0,0.0,ASOS_DAILY,2025-07-10 05:15:47,,,,
1593.0,2024.0,11,18.0,2024-11-18 00:00:00.000000,dry,2.8,-0.7,7.9,30.9,0.0,2.3,0,0.0,ASOS_DAILY,2025-07-10 05:15:47,,,,
1594.0,2024.0,11,19.0,2024-11-19 00:00:00.000000,dry,5.7,0.3,11.3,49.5,0.0,2.0,0,0.0,ASOS_DAILY,2025-07-10 05:15:47,,,,
1595.0,2024.0,11,20.0,2024-11-20 00:00:00.000000,dry,6.5,2.4,9.6,65.8,0.0,1.3,0,0.0,ASOS_DAILY,2025-07-10 05:15:47,,,,
1596.0,2024.0,11,21.0,2024-11-21 00:00:00.000000,dry,9.7,6.0,14.1,71.9,0.0,2.2,0,0.0,ASOS_DAILY,2025-07-10 05:15:47,,,,
1597.0,2024.0,11,22.0,2024-11-22 00:00:00.000000,dry,6.2,3.3,10.6,48.0,0.0,2.2,0,0.0,ASOS_DAILY,2025-07-10 05:15:47,,,,
1598.0,2024.0,11,23.0,2024-11-23 00:00:00.000000,dry,6.4,1.5,12.6,47.1,0.0,1.7,0,0.0,ASOS_DAILY,2025-07-10 05:15:47,,,,
1599.0,2024.0,11,24.0,2024-11-24 00:00:00.000000,dry,7.4,2.6,14.2,58.4,0.0,1.6,0,0.0,ASOS_DAILY,2025-07-10 05:15:47,,,,
1600.0,2024.0,11,25.0,2024-11-25 00:00:00.000000,dry,10.1,3.6,15.4,57.6,0.0,2.5,0,0.0,ASOS_DAILY,2025-07-10 05:15:47,,,,
1601.0,2024.0,11,26.0,2024-11-26 00:00:00.000000,dry,5.8,1.0,12.7,86.4,26.0,3.4,0,0.0,ASOS_DAILY,2025-07-10 05:15:47,,,,
1602.0,2024.0,11,27.0,2024-11-27 00:00:00.000000,dry,-0.4,-1.3,1.2,90.6,22.4,1.4,0,0.0,ASOS_DAILY,2025-07-10 05:15:47,,,,
1603.0,2024.0,11,28.0,2024-11-28 00:00:00.000000,dry,0.8,-1.7,3.4,82.0,4.9,1.8,0,0.0,ASOS_DAILY,2025-07-10 05:15:47,,,,
1604.0,2024.0,11,29.0,2024-11-29 00:00:00.000000,dry,0.2,-3.4,3.4,76.3,0.0,1.5,0,0.0,ASOS_DAILY,2025-07-10 05:15:47,,,,
1605.0,2024.0,11,30.0,2024-11-30 00:00:00.000000,dry,2.5,-0.5,5.6,81.6,0.0,1.8,0,0.0,ASOS_DAILY,2025-07-10 05:15:47,,,,
1606.0,2024.0,12,1.0,2024-12-01 00:00:00.000000,dry,5.2,1.6,8.2,89.3,0.5,2.4,0,0.0,ASOS_DAILY,2025-07-10 05:15:47,,,,
1607.0,2024.0,12,2.0,2024-12-02 00:00:00.000000,dry,6.4,0.6,13.0,79.9,0.0,2.2,0,0.0,ASOS_DAILY,2025-07-10 05:15:47,,,,
1608.0,2024.0,12,3.0,2024-12-03 00:00:00.000000,dry,1.3,-2.4,5.2,48.6,0.0,2.4,0,0.0,ASOS_DAILY,2025-07-10 05:15:47,,,,
1609.0,2024.0,12,4.0,2024-12-04 00:00:00.000000,dry,3.1,-0.6,6.9,52.1,0.0,2.1,0,0.0,ASOS_DAILY,2025-07-10 05:15:47,,,,
1610.0,2024.0,12,5.0,2024-12-05 00:00:00.000000,dry,3.9,-0.1,8.8,62.8,1.8,2.3,0,0.0,ASOS_DAILY,2025-07-10 05:15:47,,,,
1611.0,2024.0,12,6.0,2024-12-06 00:00:00.000000,dry,2.1,-0.4,5.2,49.3,0.0,2.5,0,0.0,ASOS_DAILY,2025-07-10 05:15:47,,,,
1612.0,2024.0,12,7.0,2024-12-07 00:00:00.000000,dry,0.2,-2.5,4.6,56.9,0.0,2.5,0,0.0,ASOS_DAILY,2025-07-10 05:15:47,,,,
1613.0,2024.0,12,8.0,2024-12-08 00:00:00.000000,dry,-0.2,-3.9,4.1,46.5,0.0,2.2,0,0.0,ASOS_DAILY,2025-07-10 05:15:47,,,,
1614.0,2024.0,12,9.0,2024-12-09 00:00:00.000000,dry,1.0,-3.8,7.4,56.1,0.0,1.6,0,0.0,ASOS_DAILY,2025-07-10 05:15:47,,,,
1615.0,2024.0,12,10.0,2024-12-10 00:00:00.000000,dry,2.6,-1.9,6.9,58.9,0.0,1.9,0,0.0,ASOS_DAILY,2025-07-10 05:15:47,,,,
1616.0,2024.0,12,11.0,2024-12-11 00:00:00.000000,dry,3.0,0.2,8.2,50.3,0.0,1.6,0,0.0,ASOS_DAILY,2025-07-10 05:15:47,,,,
1617.0,2024.0,12,12.0,2024-12-12 00:00:00.000000,dry,0.5,-3.2,5.4,45.8,0.0,2.1,0,0.0,ASOS_DAILY,2025-07-10 05:15:47,,,,
1618.0,2024.0,12,13.0,2024-12-13 00:00:00.000000,dry,1.0,-1.5,4.5,42.1,0.0,2.2,0,0.0,ASOS_DAILY,2025-07-10 05:15:47,,,,
1619.0,2024.0,12,14.0,2024-12-14 00:00:00.000000,dry,-0.8,-3.6,2.5,51.0,0.0,2.2,0,0.0,ASOS_DAILY,2025-07-10 05:15:47,,,,
1620.0,2024.0,12,15.0,2024-12-15 00:00:00.000000,dry,1.2,-2.2,5.4,54.1,0.0,2.4,0,0.0,ASOS_DAILY,2025-07-10 05:15:47,,,,
1621.0,2024.0,12,16.0,2024-12-16 00:00:00.000000,dry,-0.2,-3.3,3.9,65.9,0.0,1.2,0,0.0,ASOS_DAILY,2025-07-10 05:15:47,,,,
1622.0,2024.0,12,17.0,2024-12-17 00:00:00.000000,dry,-0.8,-3.5,3.8,51.8,0.0,2.2,0,0.0,ASOS_DAILY,2025-07-10 05:15:47,,,,
1623.0,2024.0,12,18.0,2024-12-18 00:00:00.000000,dry,-3.4,-6.2,0.9,47.1,0.0,2.2,0,0.0,ASOS_DAILY,2025-07-10 05:15:47,,,,
1624.0,2024.0,12,19.0,2024-12-19 00:00:00.000000,dry,-1.4,-6.7,4.9,47.4,0.0,1.5,0,0.0,ASOS_DAILY,2025-07-10 05:15:47,,,,
1625.0,2024.0,12,20.0,2024-12-20 00:00:00.000000,dry,1.4,-2.1,5.3,60.9,0.4,2.0,0,0.0,ASOS_DAILY,2025-07-10 05:15:47,,,,
1626.0,2024.0,12,21.0,2024-12-21 00:00:00.000000,dry,-0.7,-4.7,1.9,74.1,2.9,2.8,0,0.0,ASOS_DAILY,2025-07-10 05:15:47,,,,
1627.0,2024.0,12,22.0,2024-12-22 00:00:00.000000,dry,-3.4,-7.7,1.0,52.9,0.0,2.1,0,0.0,ASOS_DAILY,2025-07-10 05:15:47,,,,
1628.0,2024.0,12,23.0,2024-12-23 00:00:00.000000,dry,0.3,-5.0,6.7,58.5,0.0,2.2,0,0.0,ASOS_DAILY,2025-07-10 05:15:47,,,,
1629.0,2024.0,12,24.0,2024-12-24 00:00:00.000000,dry,-0.4,-4.3,5.1,50.3,0.0,1.4,0,0.0,ASOS_DAILY,2025-07-10 05:15:47,,,,
1630.0,2024.0,12,25.0,2024-12-25 00:00:00.000000,dry,2.7,-1.1,6.5,63.1,0.1,2.0,0,0.0,ASOS_DAILY,2025-07-10 05:15:47,,,,
1631.0,2024.0,12,26.0,2024-12-26 00:00:00.000000,dry,0.1,-4.8,4.2,57.9,0.0,3.4,0,0.0,ASOS_DAILY,2025-07-10 05:15:47,,,,
1632.0,2024.0,12,27.0,2024-12-27 00:00:00.000000,dry,-2.6,-5.9,1.8,51.4,0.0,2.7,0,0.0,ASOS_DAILY,2025-07-10 05:15:47,,,,
1633.0,2024.0,12,28.0,2024-12-28 00:00:00.000000,dry,-3.0,-6.7,1.1,48.3,0.0,2.5,0,0.0,ASOS_DAILY,2025-07-10 05:15:47,,,,
1634.0,2024.0,12,29.0,2024-12-29 00:00:00.000000,dry,1.1,-4.2,6.1,56.1,0.0,1.5,0,0.0,ASOS_DAILY,2025-07-10 05:15:47,,,,
1635.0,2024.0,12,30.0,2024-12-30 00:00:00.000000,dry,5.5,1.9,10.1,68.5,0.0,2.3,0,0.0,ASOS_DAILY,2025-07-10 05:15:47,,,,
1636.0,2024.0,12,31.0,2024-12-31 00:00:00.000000,dry,0.6,-2.0,4.9,45.8,0.0,2.6,0,0.0,ASOS_DAILY,2025-07-10 05:15:47,,,,
1637.0,2025.0,1,1.0,2025-01-01 00:00:00.000000,dry,2.6,-2.5,8.9,64.3,0.0,2.2,0,0.0,ASOS_DAILY,2025-07-10 05:15:47,,,,
1638.0,2025.0,1,2.0,2025-01-02 00:00:00.000000,dry,0.5,-2.9,6.0,48.8,0.0,2.1,0,0.0,ASOS_DAILY,2025-07-10 05:15:47,,,,
1639.0,2025.0,1,3.0,2025-01-03 00:00:00.000000,dry,-1.1,-5.1,3.2,52.0,0.0,2.2,0,0.0,ASOS_DAILY,2025-07-10 05:15:47,,,,
1640.0,2025.0,1,4.0,2025-01-04 00:00:00.000000,dry,-0.1,-5.4,5.7,49.6,0.0,1.7,0,0.0,ASOS_DAILY,2025-07-10 05:15:47,,,,
1641.0,2025.0,1,5.0,2025-01-05 00:00:00.000000,dry,1.2,-0.7,2.5,85.0,6.7,2.5,0,0.0,ASOS_DAILY,2025-07-10 05:15:47,,,,
1642.0,2025.0,1,6.0,2025-01-06 00:00:00.000000,dry,1.0,-3.0,3.4,75.6,3.0,2.8,0,0.0,ASOS_DAILY,2025-07-10 05:15:47,,,,
1643.0,2025.0,1,7.0,2025-01-07 00:00:00.000000,dry,-2.6,-5.7,1.5,53.5,0.1,2.7,0,0.0,ASOS_DAILY,2025-07-10 05:15:47,,,,
1644.0,2025.0,1,8.0,2025-01-08 00:00:00.000000,dry,-3.4,-6.1,0.2,55.1,0.0,2.7,0,0.0,ASOS_DAILY,2025-07-10 05:15:47,,,,
1645.0,2025.0,1,9.0,2025-01-09 00:00:00.000000,dry,-9.7,-11.6,-6.1,38.4,0.0,4.2,0,0.0,ASOS_DAILY,2025-07-10 05:15:47,,,,
1646.0,2025.0,1,10.0,2025-01-10 00:00:00.000000,dry,-7.3,-12.2,-1.7,48.0,0.0,1.6,0,0.0,ASOS_DAILY,2025-07-10 05:15:47,,,,
1647.0,2025.0,1,11.0,2025-01-11 00:00:00.000000,dry,-5.1,-9.5,0.4,57.4,0.0,1.7,0,0.0,ASOS_DAILY,2025-07-10 05:15:47,,,,
1648.0,2025.0,1,12.0,2025-01-12 00:00:00.000000,dry,-3.4,-8.2,2.5,59.9,0.0,1.8,0,0.0,ASOS_DAILY,2025-07-10 05:15:47,,,,
1649.0,2025.0,1,13.0,2025-01-13 00:00:00.000000,dry,-0.4,-5.6,4.1,76.9,1.3,1.7,0,0.0,ASOS_DAILY,2025-07-10 05:15:47,,,,
1650.0,2025.0,1,14.0,2025-01-14 00:00:00.000000,dry,2.3,-1.7,5.2,72.0,0.1,2.3,0,0.0,ASOS_DAILY,2025-07-10 05:15:47,,,,
1651.0,2025.0,1,15.0,2025-01-15 00:00:00.000000,dry,-3.5,-5.3,-0.5,40.8,0.0,2.9,0,0.0,ASOS_DAILY,2025-07-10 05:15:47,,,,
1652.0,2025.0,1,16.0,2025-01-16 00:00:00.000000,dry,-0.5,-4.9,2.8,65.1,0.0,2.0,0,0.0,ASOS_DAILY,2025-07-10 05:15:47,,,,
1653.0,2025.0,1,17.0,2025-01-17 00:00:00.000000,dry,-0.5,-4.9,5.6,62.4,0.0,1.8,0,0.0,ASOS_DAILY,2025-07-10 05:15:47,,,,
1654.0,2025.0,1,18.0,2025-01-18 00:00:00.000000,dry,1.0,-4.0,7.5,54.1,0.0,1.6,0,0.0,ASOS_DAILY,2025-07-10 05:15:47,,,,
1655.0,2025.0,1,19.0,2025-01-19 00:00:00.000000,dry,3.8,-1.2,9.0,65.0,0.0,1.8,0,0.0,ASOS_DAILY,2025-07-10 05:15:47,,,,
1656.0,2025.0,1,20.0,2025-01-20 00:00:00.000000,dry,3.9,0.9,7.5,73.1,0.0,1.7,0,0.0,ASOS_DAILY,2025-07-10 05:15:47,,,,
1657.0,2025.0,1,21.0,2025-01-21 00:00:00.000000,dry,2.4,-1.0,6.3,79.8,0.0,1.6,0,0.0,ASOS_DAILY,2025-07-10 05:15:47,,,,
1658.0,2025.0,1,22.0,2025-01-22 00:00:00.000000,dry,3.6,0.5,7.7,70.3,0.0,1.9,0,0.0,ASOS_DAILY,2025-07-10 05:15:47,,,,
1659.0,2025.0,1,23.0,2025-01-23 00:00:00.000000,dry,2.0,-2.4,7.7,54.3,0.0,1.6,0,0.0,ASOS_DAILY,2025-07-10 05:15:47,,,,
1660.0,2025.0,1,24.0,2025-01-24 00:00:00.000000,dry,3.1,-2.7,10.6,45.9,0.0,1.5,0,0.0,ASOS_DAILY,2025-07-10 05:15:47,,,,
1661.0,2025.0,1,25.0,2025-01-25 00:00:00.000000,dry,5.2,1.2,11.4,52.8,0.0,3.1,0,0.0,ASOS_DAILY,2025-07-10 05:15:47,,,,
1662.0,2025.0,1,26.0,2025-01-26 00:00:00.000000,dry,4.6,1.8,7.5,50.5,0.0,2.8,0,0.0,ASOS_DAILY,2025-07-10 05:15:47,,,,
1663.0,2025.0,1,27.0,2025-01-27 00:00:00.000000,dry,0.2,-2.7,5.1,77.9,5.6,3.5,0,0.0,ASOS_DAILY,2025-07-10 05:15:47,,,,
1664.0,2025.0,1,28.0,2025-01-28 00:00:00.000000,dry,-3.9,-5.3,-2.5,71.3,0.1,4.0,0,0.0,ASOS_DAILY,2025-07-10 05:15:47,,,,
1665.0,2025.0,1,29.0,2025-01-29 00:00:00.000000,dry,-4.6,-6.4,-1.3,66.1,0.2,3.1,0,0.0,ASOS_DAILY,2025-07-10 05:15:47,,,,
1666.0,2025.0,1,30.0,2025-01-30 00:00:00.000000,dry,-3.8,-7.5,-1.0,46.6,0.0,1.6,0,0.0,ASOS_DAILY,2025-07-10 05:15:47,,,,
1667.0,2025.0,1,31.0,2025-01-31 00:00:00.000000,dry,-0.8,-2.6,0.7,80.1,2.4,2.1,0,0.0,ASOS_DAILY,2025-07-10 05:15:47,,,,
1668.0,2025.0,2,1.0,2025-02-01 00:00:00.000000,dry,1.6,-2.0,7.9,74.3,0.0,1.6,0,0.0,ASOS_DAILY,2025-07-10 05:15:47,,,,
1669.0,2025.0,2,2.0,2025-02-02 00:00:00.000000,dry,1.5,-2.5,6.8,67.1,0.0,2.0,0,0.0,ASOS_DAILY,2025-07-10 05:15:47,,,,
1670.0,2025.0,2,3.0,2025-02-03 00:00:00.000000,dry,-4.1,-8.2,0.6,48.8,0.0,4.2,0,0.0,ASOS_DAILY,2025-07-10 05:15:47,,,,
1671.0,2025.0,2,4.0,2025-02-04 00:00:00.000000,dry,-9.0,-11.5,-5.3,50.8,0.0,3.7,0,0.0,ASOS_DAILY,2025-07-10 05:15:47,,,,
1672.0,2025.0,2,5.0,2025-02-05 00:00:00.000000,dry,-8.6,-11.8,-3.7,49.1,0.0,3.2,0,0.0,ASOS_DAILY,2025-07-10 05:15:47,,,,
1673.0,2025.0,2,6.0,2025-02-06 00:00:00.000000,dry,-5.6,-11.5,-0.2,59.9,2.3,1.7,0,0.0,ASOS_DAILY,2025-07-10 05:15:47,,,,
1674.0,2025.0,2,7.0,2025-02-07 00:00:00.000000,dry,-8.0,-10.7,-4.7,60.1,0.4,3.9,0,0.0,ASOS_DAILY,2025-07-10 05:15:47,,,,
1675.0,2025.0,2,8.0,2025-02-08 00:00:00.000000,dry,-7.9,-11.5,-3.4,54.5,0.0,2.8,0,0.0,ASOS_DAILY,2025-07-10 05:15:47,,,,
1676.0,2025.0,2,9.0,2025-02-09 00:00:00.000000,dry,-4.7,-9.6,1.7,63.8,0.0,2.2,0,0.0,ASOS_DAILY,2025-07-10 05:15:47,,,,
1677.0,2025.0,2,10.0,2025-02-10 00:00:00.000000,dry,-2.6,-7.5,2.6,61.0,0.0,2.1,0,0.0,ASOS_DAILY,2025-07-10 05:15:47,,,,
1678.0,2025.0,2,11.0,2025-02-11 00:00:00.000000,dry,0.5,-5.7,7.0,59.8,0.0,2.0,0,0.0,ASOS_DAILY,2025-07-10 05:15:47,,,,
1679.0,2025.0,2,12.0,2025-02-12 00:00:00.000000,dry,0.5,-2.9,2.5,75.8,2.5,2.6,0,0.0,ASOS_DAILY,2025-07-10 05:15:47,,,,
1680.0,2025.0,2,13.0,2025-02-13 00:00:00.000000,dry,0.2,-5.8,6.1,53.1,0.0,2.2,0,0.0,ASOS_DAILY,2025-07-10 05:15:47,,,,
1681.0,2025.0,2,14.0,2025-02-14 00:00:00.000000,dry,3.7,-1.6,10.1,67.4,0.0,1.9,0,0.0,ASOS_DAILY,2025-07-10 05:15:47,,,,
1682.0,2025.0,2,15.0,2025-02-15 00:00:00.000000,dry,4.1,0.4,7.8,76.5,0.0,1.6,0,0.0,ASOS_DAILY,2025-07-10 05:15:47,,,,
1683.0,2025.0,2,16.0,2025-02-16 00:00:00.000000,dry,4.3,0.4,9.7,75.6,0.0,2.5,0,0.0,ASOS_DAILY,2025-07-10 05:15:47,,,,
1684.0,2025.0,2,17.0,2025-02-17 00:00:00.000000,dry,-0.3,-3.4,3.5,39.1,0.0,3.6,0,0.0,ASOS_DAILY,2025-07-10 05:15:47,,,,
1685.0,2025.0,2,18.0,2025-02-18 00:00:00.000000,dry,-2.3,-5.2,2.6,40.3,0.0,3.4,0,0.0,ASOS_DAILY,2025-07-10 05:15:47,,,,
1686.0,2025.0,2,19.0,2025-02-19 00:00:00.000000,dry,-3.0,-5.8,1.2,44.8,0.0,3.0,0,0.0,ASOS_DAILY,2025-07-10 05:15:47,,,,
1687.0,2025.0,2,20.0,2025-02-20 00:00:00.000000,dry,-2.9,-6.5,1.9,43.3,0.0,2.7,0,0.0,ASOS_DAILY,2025-07-10 05:15:47,,,,
1688.0,2025.0,2,21.0,2025-02-21 00:00:00.000000,dry,-2.5,-6.4,2.6,45.3,0.0,2.7,0,0.0,ASOS_DAILY,2025-07-10 05:15:47,,,,
1689.0,2025.0,2,22.0,2025-02-22 00:00:00.000000,dry,-2.3,-5.6,2.7,49.1,0.0,2.7,0,0.0,ASOS_DAILY,2025-07-10 05:15:47,,,,
1690.0,2025.0,2,23.0,2025-02-23 00:00:00.000000,dry,-3.6,-6.5,0.5,45.4,0.0,3.0,0,0.0,ASOS_DAILY,2025-07-10 05:15:47,,,,
1691.0,2025.0,2,24.0,2025-02-24 00:00:00.000000,dry,-1.3,-6.3,4.7,49.8,0.0,2.3,0,0.0,ASOS_DAILY,2025-07-10 05:15:47,,,,
1692.0,2025.0,2,25.0,2025-02-25 00:00:00.000000,dry,2.1,-3.1,6.1,72.6,0.0,2.9,0,0.0,ASOS_DAILY,2025-07-10 05:15:47,,,,
1693.0,2025.0,2,26.0,2025-02-26 00:00:00.000000,dry,3.7,0.7,9.1,49.4,0.0,2.6,0,0.0,ASOS_DAILY,2025-07-10 05:15:47,,,,
1694.0,2025.0,2,27.0,2025-02-27 00:00:00.000000,dry,5.8,-2.0,14.2,29.4,0.0,1.9,0,0.0,ASOS_DAILY,2025-07-10 05:15:47,,,,
1695.0,2025.0,2,28.0,2025-02-28 00:00:00.000000,dry,7.8,3.7,13.7,52.4,0.0,1.5,0,0.0,ASOS_DAILY,2025-07-10 05:15:47,,,,
1696.0,2025.0,3,1.0,2025-03-01 00:00:00.000000,dry,8.5,3.4,13.0,68.5,0.6,2.0,0,0.0,ASOS_DAILY,2025-07-10 05:15:47,,,,
1697.0,2025.0,3,2.0,2025-03-02 00:00:00.000000,dry,8.3,2.2,15.6,68.0,11.8,3.7,0,0.0,ASOS_DAILY,2025-07-10 05:15:47,,,,
1698.0,2025.0,3,3.0,2025-03-03 00:00:00.000000,dry,3.1,1.0,7.1,63.5,10.4,6.3,0,0.0,ASOS_DAILY,2025-07-10 05:15:47,,,,
1699.0,2025.0,3,4.0,2025-03-04 00:00:00.000000,dry,2.5,0.9,3.4,68.3,4.0,4.5,0,0.0,ASOS_DAILY,2025-07-10 05:15:47,,,,
1700.0,2025.0,3,5.0,2025-03-05 00:00:00.000000,dry,4.8,2.3,9.2,63.3,0.0,2.2,0,0.0,ASOS_DAILY,2025-07-10 05:15:47,,,,
1701.0,2025.0,3,6.0,2025-03-06 00:00:00.000000,dry,4.8,-0.4,10.4,55.1,0.0,2.3,0,0.0,ASOS_DAILY,2025-07-10 05:15:47,,,,
1702.0,2025.0,3,7.0,2025-03-07 00:00:00.000000,dry,5.3,0.0,11.1,49.3,0.0,1.8,0,0.0,ASOS_DAILY,2025-07-10 05:15:47,,,,
1703.0,2025.0,3,8.0,2025-03-08 00:00:00.000000,dry,5.8,2.8,11.2,55.0,0.0,2.2,0,0.0,ASOS_DAILY,2025-07-10 05:15:47,,,,
1704.0,2025.0,3,9.0,2025-03-09 00:00:00.000000,dry,6.9,1.2,13.5,67.3,0.0,1.7,0,0.0,ASOS_DAILY,2025-07-10 05:15:47,,,,
1705.0,2025.0,3,10.0,2025-03-10 00:00:00.000000,dry,8.0,2.4,14.9,59.8,0.0,2.1,0,0.0,ASOS_DAILY,2025-07-10 05:15:47,,,,
1706.0,2025.0,3,11.0,2025-03-11 00:00:00.000000,dry,9.4,2.9,16.6,58.0,0.0,1.8,0,0.0,ASOS_DAILY,2025-07-10 05:15:47,,,,
1707.0,2025.0,3,12.0,2025-03-12 00:00:00.000000,dry,8.5,6.7,11.8,72.3,0.0,2.1,0,0.0,ASOS_DAILY,2025-07-10 05:15:47,,,,
1708.0,2025.0,3,13.0,2025-03-13 00:00:00.000000,dry,8.9,3.2,15.0,54.6,0.0,2.4,0,0.0,ASOS_DAILY,2025-07-10 05:15:47,,,,
1709.0,2025.0,3,14.0,2025-03-14 00:00:00.000000,dry,12.4,5.0,20.1,31.4,0.0,1.8,0,0.0,ASOS_DAILY,2025-07-10 05:15:47,,,,
1710.0,2025.0,3,15.0,2025-03-15 00:00:00.000000,dry,12.6,10.0,17.2,39.1,0.0,2.8,0,0.0,ASOS_DAILY,2025-07-10 05:15:47,,,,
1711.0,2025.0,3,16.0,2025-03-16 00:00:00.000000,dry,4.9,1.3,10.1,56.3,0.8,3.6,0,0.0,ASOS_DAILY,2025-07-10 05:15:47,,,,
1712.0,2025.0,3,17.0,2025-03-17 00:00:00.000000,dry,2.5,-1.3,6.8,46.0,0.4,2.9,0,0.0,ASOS_DAILY,2025-07-10 05:15:47,,,,
1713.0,2025.0,3,18.0,2025-03-18 00:00:00.000000,dry,2.1,0.3,5.6,70.6,9.9,2.8,0,0.0,ASOS_DAILY,2025-07-10 05:15:47,,,,
1714.0,2025.0,3,19.0,2025-03-19 00:00:00.000000,dry,2.4,-1.9,7.3,49.5,0.0,2.4,0,0.0,ASOS_DAILY,2025-07-10 05:15:47,,,,
1715.0,2025.0,3,20.0,2025-03-20 00:00:00.000000,dry,8.2,2.2,15.0,62.8,0.0,2.7,0,0.0,ASOS_DAILY,2025-07-10 05:15:47,,,,
1716.0,2025.0,3,21.0,2025-03-21 00:00:00.000000,dry,11.6,7.9,18.7,61.3,0.0,2.9,0,0.0,ASOS_DAILY,2025-07-10 05:15:47,,,,
1717.0,2025.0,3,22.0,2025-03-22 00:00:00.000000,dry,12.8,6.1,19.9,53.8,0.0,2.7,0,0.0,ASOS_DAILY,2025-07-10 05:15:47,,,,
1718.0,2025.0,3,23.0,2025-03-23 00:00:00.000000,dry,15.2,7.1,24.0,49.0,0.0,1.9,0,0.0,ASOS_DAILY,2025-07-10 05:15:47,,,,
1719.0,2025.0,3,24.0,2025-03-24 00:00:00.000000,dry,15.5,11.7,21.3,56.1,0.0,3.0,0,0.0,ASOS_DAILY,2025-07-10 05:15:47,,,,
1720.0,2025.0,3,25.0,2025-03-25 00:00:00.000000,dry,12.7,8.4,21.4,63.5,0.0,3.3,0,0.0,ASOS_DAILY,2025-07-10 05:15:47,,,,
1721.0,2025.0,3,26.0,2025-03-26 00:00:00.000000,dry,15.5,6.0,23.9,46.4,0.0,2.2,0,0.0,ASOS_DAILY,2025-07-10 05:15:47,,,,
1722.0,2025.0,3,27.0,2025-03-27 00:00:00.000000,dry,13.7,7.1,18.6,65.1,0.3,3.2,0,0.0,ASOS_DAILY,2025-07-10 05:15:47,,,,
1723.0,2025.0,3,28.0,2025-03-28 00:00:00.000000,dry,6.5,3.1,11.8,41.6,0.0,3.7,0,0.0,ASOS_DAILY,2025-07-10 05:15:47,,,,
1724.0,2025.0,3,29.0,2025-03-29 00:00:00.000000,dry,3.3,0.6,6.7,40.8,0.0,3.6,0,0.0,ASOS_DAILY,2025-07-10 05:15:47,,,,
1725.0,2025.0,3,30.0,2025-03-30 00:00:00.000000,dry,3.3,-1.8,7.6,51.1,0.0,2.8,0,0.0,ASOS_DAILY,2025-07-10 05:15:47,,,,
1726.0,2025.0,3,31.0,2025-03-31 00:00:00.000000,dry,7.7,1.2,14.1,50.5,0.0,2.2,0,0.0,ASOS_DAILY,2025-07-10 05:15:47,,,,
1727.0,2025.0,4,1.0,2025-04-01 00:00:00.000000,dry,10.1,3.9,17.0,53.0,0.0,1.8,0,0.0,ASOS_DAILY,2025-07-10 05:15:47,,,,
1728.0,2025.0,4,2.0,2025-04-02 00:00:00.000000,dry,8.9,5.2,14.4,55.4,0.0,2.4,0,0.0,ASOS_DAILY,2025-07-10 05:15:47,,,,
1729.0,2025.0,4,3.0,2025-04-03 00:00:00.000000,dry,9.8,3.6,16.9,58.6,0.0,2.4,0,0.0,ASOS_DAILY,2025-07-10 05:15:47,,,,
1730.0,2025.0,4,4.0,2025-04-04 00:00:00.000000,dry,10.6,6.0,16.4,54.5,0.0,2.2,0,0.0,ASOS_DAILY,2025-07-10 05:15:47,,,,
1731.0,2025.0,4,5.0,2025-04-05 00:00:00.000000,dry,8.0,7.5,9.5,86.1,22.8,1.9,0,0.0,ASOS_DAILY,2025-07-10 05:15:47,,,,
1732.0,2025.0,4,6.0,2025-04-06 00:00:00.000000,dry,10.3,6.9,15.7,67.3,0.0,2.8,0,0.0,ASOS_DAILY,2025-07-10 05:15:47,,,,
1733.0,2025.0,4,7.0,2025-04-07 00:00:00.000000,dry,13.5,5.5,20.1,54.5,0.0,2.7,0,0.0,ASOS_DAILY,2025-07-10 05:15:47,,,,
1734.0,2025.0,4,8.0,2025-04-08 00:00:00.000000,dry,13.8,10.7,18.9,55.0,0.0,3.1,0,0.0,ASOS_DAILY,2025-07-10 05:15:47,,,,
1735.0,2025.0,4,9.0,2025-04-09 00:00:00.000000,dry,12.7,8.4,18.0,51.6,0.8,2.0,0,0.0,ASOS_DAILY,2025-07-10 05:15:47,,,,
1736.0,2025.0,4,10.0,2025-04-10 00:00:00.000000,dry,13.2,8.8,19.1,60.6,0.0,2.2,0,0.0,ASOS_DAILY,2025-07-10 05:15:47,,,,
1737.0,2025.0,4,11.0,2025-04-11 00:00:00.000000,dry,16.2,8.1,24.2,51.8,0.0,2.0,0,0.0,ASOS_DAILY,2025-07-10 05:15:47,,,,
1738.0,2025.0,4,12.0,2025-04-12 00:00:00.000000,dry,12.9,1.4,22.5,66.5,15.4,3.1,0,0.0,ASOS_DAILY,2025-07-10 05:15:47,,,,
1739.0,2025.0,4,13.0,2025-04-13 00:00:00.000000,dry,5.5,1.1,8.2,71.1,4.2,4.2,0,0.0,ASOS_DAILY,2025-07-10 05:15:47,,,,
1740.0,2025.0,4,14.0,2025-04-14 00:00:00.000000,dry,4.4,2.6,6.0,87.4,7.4,2.5,0,0.0,ASOS_DAILY,2025-07-10 05:15:47,,,,
1741.0,2025.0,4,15.0,2025-04-15 00:00:00.000000,dry,8.2,2.3,14.0,70.3,0.0,2.7,0,0.0,ASOS_DAILY,2025-07-10 05:15:47,,,,
1742.0,2025.0,4,16.0,2025-04-16 00:00:00.000000,dry,14.6,6.4,21.9,58.0,0.0,2.5,0,0.0,ASOS_DAILY,2025-07-10 05:15:47,,,,
1743.0,2025.0,4,17.0,2025-04-17 00:00:00.000000,dry,19.7,15.8,24.7,63.5,0.0,2.6,0,0.0,ASOS_DAILY,2025-07-10 05:15:47,,,,
1744.0,2025.0,4,18.0,2025-04-18 00:00:00.000000,dry,18.6,15.4,23.7,67.9,0.0,2.4,0,0.0,ASOS_DAILY,2025-07-10 05:15:47,,,,
1745.0,2025.0,4,19.0,2025-04-19 00:00:00.000000,dry,15.3,12.2,20.0,89.1,9.2,3.0,0,0.0,ASOS_DAILY,2025-07-10 05:15:47,,,,
1746.0,2025.0,4,20.0,2025-04-20 00:00:00.000000,dry,16.7,9.5,24.1,70.0,0.0,1.7,0,0.0,ASOS_DAILY,2025-07-10 05:15:47,,,,
1747.0,2025.0,4,21.0,2025-04-21 00:00:00.000000,dry,20.7,14.2,27.1,65.3,0.0,2.2,0,0.0,ASOS_DAILY,2025-07-10 05:15:47,,,,
1748.0,2025.0,4,22.0,2025-04-22 00:00:00.000000,dry,17.8,14.2,20.4,87.8,34.8,1.5,0,0.0,ASOS_DAILY,2025-07-10 05:15:47,,,,
1749.0,2025.0,4,23.0,2025-04-23 00:00:00.000000,dry,16.8,10.9,22.9,62.4,0.0,2.5,0,0.0,ASOS_DAILY,2025-07-10 05:15:47,,,,
1750.0,2025.0,4,24.0,2025-04-24 00:00:00.000000,dry,14.7,10.7,19.6,52.4,0.0,3.1,0,0.0,ASOS_DAILY,2025-07-10 05:15:47,,,,
1751.0,2025.0,4,25.0,2025-04-25 00:00:00.000000,dry,12.5,7.7,17.8,38.4,0.0,3.0,0,0.0,ASOS_DAILY,2025-07-10 05:15:47,,,,
1752.0,2025.0,4,26.0,2025-04-26 00:00:00.000000,dry,13.8,7.2,20.0,53.1,0.0,2.8,0,0.0,ASOS_DAILY,2025-07-10 05:15:47,,,,
1753.0,2025.0,4,27.0,2025-04-27 00:00:00.000000,dry,14.9,10.7,19.1,46.4,0.0,2.8,0,0.0,ASOS_DAILY,2025-07-10 05:15:47,,,,
1754.0,2025.0,4,28.0,2025-04-28 00:00:00.000000,dry,15.1,10.3,20.2,45.6,0.0,2.7,0,0.0,ASOS_DAILY,2025-07-10 05:15:47,,,,
1755.0,2025.0,4,29.0,2025-04-29 00:00:00.000000,dry,14.8,8.2,21.0,34.1,0.0,2.3,0,0.0,ASOS_DAILY,2025-07-10 05:15:47,,,,
1756.0,2025.0,4,30.0,2025-04-30 00:00:00.000000,dry,18.4,10.0,25.8,36.3,0.0,2.6,0,0.0,ASOS_DAILY,2025-07-10 05:15:47,,,,
1757.0,2025.0,5,1.0,2025-05-01 00:00:00.000000,rainy,14.7,11.3,17.6,69.6,21.1,2.2,0,0.0,ASOS_DAILY,2025-07-10 05:15:47,,,,
1758.0,2025.0,5,2.0,2025-05-02 00:00:00.000000,rainy,13.4,8.2,18.5,59.3,0.0,3.1,0,0.0,ASOS_DAILY,2025-07-10 05:15:47,,,,
1759.0,2025.0,5,3.0,2025-05-03 00:00:00.000000,rainy,11.2,9.5,14.0,80.5,7.3,2.3,0,0.0,ASOS_DAILY,2025-07-10 05:15:47,,,,
1760.0,2025.0,5,4.0,2025-05-04 00:00:00.000000,rainy,13.7,8.2,19.9,60.9,0.0,2.8,0,0.0,ASOS_DAILY,2025-07-10 05:15:47,,,,
1761.0,2025.0,5,5.0,2025-05-05 00:00:00.000000,rainy,12.1,9.3,15.0,64.5,0.0,2.3,0,0.0,ASOS_DAILY,2025-07-10 05:15:47,,,,
1762.0,2025.0,5,6.0,2025-05-06 00:00:00.000000,rainy,14.4,8.5,19.5,57.5,0.0,2.2,0,0.0,ASOS_DAILY,2025-07-10 05:15:47,,,,
1763.0,2025.0,5,7.0,2025-05-07 00:00:00.000000,rainy,14.9,9.9,21.1,61.5,0.0,2.2,0,0.0,ASOS_DAILY,2025-07-10 05:15:47,,,,
1764.0,2025.0,5,8.0,2025-05-08 00:00:00.000000,rainy,17.4,9.7,24.9,53.5,0.0,1.8,0,0.0,ASOS_DAILY,2025-07-10 05:15:47,,,,
1765.0,2025.0,5,9.0,2025-05-09 00:00:00.000000,rainy,15.1,14.1,17.4,81.8,17.6,3.0,0,0.0,ASOS_DAILY,2025-07-10 05:15:47,,,,
1766.0,2025.0,5,10.0,2025-05-10 00:00:00.000000,rainy,12.3,11.6,15.3,95.5,14.1,3.5,0,0.0,ASOS_DAILY,2025-07-10 05:15:47,,,,
1767.0,2025.0,5,11.0,2025-05-11 00:00:00.000000,rainy,14.7,11.4,20.2,76.9,0.0,1.9,0,0.0,ASOS_DAILY,2025-07-10 05:15:47,,,,
1768.0,2025.0,5,12.0,2025-05-12 00:00:00.000000,rainy,17.0,9.8,23.6,62.6,0.0,2.1,0,0.0,ASOS_DAILY,2025-07-10 05:15:47,,,,
1769.0,2025.0,5,13.0,2025-05-13 00:00:00.000000,rainy,19.9,13.3,25.8,47.4,0.0,2.7,0,0.0,ASOS_DAILY,2025-07-10 05:15:47,,,,
1770.0,2025.0,5,14.0,2025-05-14 00:00:00.000000,rainy,21.0,14.1,26.7,52.8,0.0,2.4,0,0.0,ASOS_DAILY,2025-07-10 05:15:47,,,,
1771.0,2025.0,5,15.0,2025-05-15 00:00:00.000000,rainy,19.5,16.8,22.2,80.9,1.1,2.3,0,0.0,ASOS_DAILY,2025-07-10 05:15:47,,,,
1772.0,2025.0,5,16.0,2025-05-16 00:00:00.000000,rainy,19.4,17.8,22.0,92.6,51.3,1.8,1,0.0,ASOS_DAILY,2025-07-10 05:15:47,,,,
1773.0,2025.0,5,17.0,2025-05-17 00:00:00.000000,rainy,18.3,14.7,24.3,86.4,2.2,2.6,0,0.0,ASOS_DAILY,2025-07-10 05:15:47,,,,
1774.0,2025.0,5,18.0,2025-05-18 00:00:00.000000,rainy,15.6,11.4,21.0,59.3,0.0,2.6,0,0.0,ASOS_DAILY,2025-07-10 05:15:47,,,,
1775.0,2025.0,5,19.0,2025-05-19 00:00:00.000000,rainy,16.1,10.5,20.9,70.4,1.6,2.8,0,0.0,ASOS_DAILY,2025-07-10 05:15:47,,,,
1776.0,2025.0,5,20.0,2025-05-20 00:00:00.000000,rainy,22.2,17.4,27.3,85.5,1.0,2.5,0,0.0,ASOS_DAILY,2025-07-10 05:15:47,,,,
1777.0,2025.0,5,21.0,2025-05-21 00:00:00.000000,rainy,25.5,22.3,30.8,75.5,0.0,2.1,0,0.0,ASOS_DAILY,2025-07-10 05:15:47,,,,
1778.0,2025.0,5,22.0,2025-05-22 00:00:00.000000,rainy,23.9,20.0,28.5,68.0,0.8,2.1,0,0.0,ASOS_DAILY,2025-07-10 05:15:47,,,,
1779.0,2025.0,5,23.0,2025-05-23 00:00:00.000000,rainy,19.4,15.4,22.2,53.8,1.2,2.8,0,1.0,ASOS_DAILY,2025-07-10 05:15:47,,,,
1780.0,2025.0,5,24.0,2025-05-24 00:00:00.000000,rainy,15.6,13.0,19.3,69.1,4.3,3.1,0,0.0,ASOS_DAILY,2025-07-10 05:15:47,,,,
1781.0,2025.0,5,25.0,2025-05-25 00:00:00.000000,rainy,17.4,11.7,22.6,61.0,0.0,2.1,0,0.0,ASOS_DAILY,2025-07-10 05:15:47,,,,
1782.0,2025.0,5,26.0,2025-05-26 00:00:00.000000,rainy,19.7,13.0,26.2,59.4,0.0,1.7,0,0.0,ASOS_DAILY,2025-07-10 05:15:47,,,,
1783.0,2025.0,5,27.0,2025-05-27 00:00:00.000000,rainy,20.8,14.7,27.0,57.0,0.0,1.9,0,0.0,ASOS_DAILY,2025-07-10 05:15:47,,,,
1784.0,2025.0,5,28.0,2025-05-28 00:00:00.000000,rainy,20.8,16.3,26.9,62.0,0.0,1.8,0,0.0,ASOS_DAILY,2025-07-10 05:15:47,,,,
1785.0,2025.0,5,29.0,2025-05-29 00:00:00.000000,rainy,21.2,15.3,27.3,58.4,0.0,2.2,0,0.0,ASOS_DAILY,2025-07-10 05:15:47,,,,
1786.0,2025.0,5,30.0,2025-05-30 00:00:00.000000,rainy,22.2,16.7,28.3,55.0,0.0,1.7,0,0.0,ASOS_DAILY,2025-07-10 05:15:47,,,,
1787.0,2025.0,5,31.0,2025-05-31 00:00:00.000000,rainy,21.5,16.4,27.0,55.0,0.0,2.0,0,0.0,ASOS_DAILY,2025-07-10 05:15:47,,,,
1788.0,2025.0,6,1.0,2025-06-01 00:00:00.000000,rainy,22.6,17.0,29.3,57.8,0.0,2.0,0,0.0,ASOS_DAILY,2025-07-10 05:15:47,,,,
1789.0,2025.0,6,2.0,2025-06-02 00:00:00.000000,rainy,21.0,19.2,23.1,64.3,0.0,1.5,0,0.0,ASOS_DAILY,2025-07-10 05:15:47,,,,
1790.0,2025.0,6,3.0,2025-06-03 00:00:00.000000,rainy,20.9,17.0,25.3,56.9,0.0,2.9,0,0.0,ASOS_DAILY,2025-07-10 05:15:47,,,,
1791.0,2025.0,6,4.0,2025-06-04 00:00:00.000000,rainy,20.5,15.2,25.3,55.3,0.0,3.5,0,0.0,ASOS_DAILY,2025-07-10 05:15:47,,,,
1792.0,2025.0,6,5.0,2025-06-05 00:00:00.000000,rainy,21.7,15.6,27.1,49.8,0.0,2.3,0,0.0,ASOS_DAILY,2025-07-10 05:15:47,,,,
1793.0,2025.0,6,6.0,2025-06-06 00:00:00.000000,rainy,24.1,17.7,30.0,42.6,0.0,3.0,0,0.0,ASOS_DAILY,2025-07-10 05:15:47,,,,
1794.0,2025.0,6,7.0,2025-06-07 00:00:00.000000,rainy,23.7,19.8,28.2,61.4,0.1,2.6,0,0.0,ASOS_DAILY,2025-07-10 05:15:47,,,,
1795.0,2025.0,6,8.0,2025-06-08 00:00:00.000000,rainy,25.1,21.4,30.4,69.3,0.6,1.7,0,0.0,ASOS_DAILY,2025-07-10 05:15:47,,,,
1796.0,2025.0,6,9.0,2025-06-09 00:00:00.000000,rainy,24.2,20.6,30.2,66.6,0.0,2.6,0,0.0,ASOS_DAILY,2025-07-10 05:15:47,,,,
1797.0,2025.0,6,10.0,2025-06-10 00:00:00.000000,rainy,21.7,18.8,25.3,71.6,0.0,2.5,0,0.0,ASOS_DAILY,2025-07-10 05:15:47,,,,
1798.0,2025.0,6,11.0,2025-06-11 00:00:00.000000,rainy,22.7,15.9,28.5,54.6,0.0,2.4,0,0.0,ASOS_DAILY,2025-07-10 05:15:47,,,,
1799.0,2025.0,6,12.0,2025-06-12 00:00:00.000000,rainy,25.5,17.9,33.1,50.4,0.0,1.9,0,0.0,ASOS_DAILY,2025-07-10 05:15:47,,,,
1800.0,2025.0,6,13.0,2025-06-13 00:00:00.000000,rainy,24.0,20.1,29.4,60.9,1.5,1.9,0,0.0,ASOS_DAILY,2025-07-10 05:15:47,,,,
1801.0,2025.0,6,14.0,2025-06-14 00:00:00.000000,rainy,25.6,20.3,32.1,66.3,0.0,2.0,0,0.0,ASOS_DAILY,2025-07-10 05:15:47,,,,
1802.0,2025.0,6,15.0,2025-06-15 00:00:00.000000,rainy,26.3,21.7,33.2,69.6,11.8,2.5,0,1.0,ASOS_DAILY,2025-07-10 05:15:47,,,,
1803.0,2025.0,6,16.0,2025-06-16 00:00:00.000000,rainy,23.0,21.8,25.1,87.8,20.0,2.7,0,0.0,ASOS_DAILY,2025-07-10 05:15:47,,,,
1804.0,2025.0,6,17.0,2025-06-17 00:00:00.000000,rainy,24.8,21.1,29.6,73.3,0.0,2.5,0,0.0,ASOS_DAILY,2025-07-10 05:15:47,,,,
1805.0,2025.0,6,18.0,2025-06-18 00:00:00.000000,rainy,25.5,21.2,30.9,65.3,0.0,2.0,0,0.0,ASOS_DAILY,2025-07-10 05:15:47,,,,
1806.0,2025.0,6,19.0,2025-06-19 00:00:00.000000,rainy,28.1,21.1,34.2,57.9,0.8,2.0,0,0.0,ASOS_DAILY,2025-07-10 05:15:47,,,,
1807.0,2025.0,6,20.0,2025-06-20 00:00:00.000000,rainy,24.1,22.2,28.3,93.4,51.1,3.9,1,0.0,ASOS_DAILY,2025-07-10 05:15:47,,,,
1808.0,2025.0,6,21.0,2025-06-21 00:00:00.000000,rainy,22.0,20.5,24.2,88.1,0.2,2.1,0,0.0,ASOS_DAILY,2025-07-10 05:15:47,,,,
1809.0,2025.0,6,22.0,2025-06-22 00:00:00.000000,rainy,23.3,18.1,28.6,68.6,0.0,2.3,0,0.0,ASOS_DAILY,2025-07-10 05:15:47,,,,
1810.0,2025.0,6,23.0,2025-06-23 00:00:00.000000,rainy,26.1,19.4,31.7,64.8,0.0,1.8,0,0.0,ASOS_DAILY,2025-07-10 05:15:47,,,,
1811.0,2025.0,6,24.0,2025-06-24 00:00:00.000000,rainy,25.0,20.5,28.0,63.4,2.3,2.6,0,0.0,ASOS_DAILY,2025-07-10 05:15:47,,,,
1812.0,2025.0,6,25.0,2025-06-25 00:00:00.000000,rainy,20.9,19.5,22.1,88.9,8.0,2.5,0,0.0,ASOS_DAILY,2025-07-10 05:15:47,,,,
1813.0,2025.0,6,26.0,2025-06-26 00:00:00.000000,rainy,22.2,19.9,24.2,85.3,1.1,1.7,0,0.0,ASOS_DAILY,2025-07-10 05:15:47,,,,
1814.0,2025.0,6,27.0,2025-06-27 00:00:00.000000,rainy,25.0,21.1,29.3,78.1,0.0,1.4,0,0.0,ASOS_DAILY,2025-07-10 05:15:47,,,,
1815.0,2025.0,6,28.0,2025-06-28 00:00:00.000000,rainy,26.2,24.5,28.1,85.0,0.6,1.4,0,0.0,ASOS_DAILY,2025-07-10 05:15:47,,,,
1816.0,2025.0,6,29.0,2025-06-29 00:00:00.000000,rainy,27.1,24.9,30.2,77.1,0.0,2.3,0,0.0,ASOS_DAILY,2025-07-10 05:15:47,,,,
1817.0,2025.0,6,30.0,2025-06-30 00:00:00.000000,rainy,28.2,25.6,31.2,74.6,0.0,2.4,0,0.0,ASOS_DAILY,2025-07-10 05:15:47,,,,
1818.0,2025.0,7,1.0,2025-07-01 00:00:00.000000,rainy,28.6,26.2,31.8,78.6,0.9,3.0,0,0.0,ASOS_DAILY,2025-07-10 05:15:47,,,,
1819.0,2025.0,7,2.0,2025-07-02 00:00:00.000000,rainy,28.6,26.8,30.9,76.3,0.0,2.9,0,0.0,ASOS_DAILY,2025-07-10 05:15:47,,,,
1820.0,2025.0,7,3.0,2025-07-03 00:00:00.000000,rainy,28.3,26.5,32.0,75.5,0.0,2.8,0,0.0,ASOS_DAILY,2025-07-10 05:15:47,,,,
1821.0,2025.0,7,4.0,2025-07-04 00:00:00.000000,rainy,27.2,25.7,30.0,77.0,0.0,3.2,0,0.0,ASOS_DAILY,2025-07-10 05:15:47,,,,
1822.0,2025.0,7,5.0,2025-07-05 00:00:00.000000,rainy,28.4,26.0,32.3,72.9,0.0,2.8,0,0.0,ASOS_DAILY,2025-07-10 05:15:47,,,,
1823.0,2025.0,7,6.0,2025-07-06 00:00:00.000000,rainy,29.1,26.3,32.8,74.3,0.0,2.5,0,0.0,ASOS_DAILY,2025-07-10 05:15:47,,,,
1824.0,2025.0,7,7.0,2025-07-07 00:00:00.000000,rainy,29.1,26.7,33.2,79.0,0.0,1.9,0,0.0,ASOS_DAILY,2025-07-10 05:15:47,,,,
1825.0,2025.0,7,8.0,2025-07-08 00:00:00.000000,rainy,31.3,26.9,37.8,72.5,11.8,1.9,0,0.0,ASOS_DAILY,2025-07-10 05:15:47,,,,
1826.0,2025.0,7,9.0,2025-07-09 00:00:00.000000,rainy,31.9,27.4,36.0,61.1,0.0,2.2,0,0.0,ASOS_DAILY,2025-07-10 05:15:47,,,,
,,7,,2025-07-10 14:29:21.929407,,,,,39.0,0.0,2.4,0,,REAL_API,,35.5,1013.0,1.0,REAL_DATA
,,7,,2025-07-11 14:56:19.122450,,,,,59.86928010495355,0.3873893518283019,3.852862102581059,0,,,,15.35629862184886,1024.124208579373,,REALTIME_API
,,7,,2025-07-11 14:56:24.329760,,,,,53.8143189983549,1.7145163511525636,5.786641778299345,0,,,,22.61293432759633,1024.4441154335636,,REALTIME_API
,,7,,2025-07-11 14:57:39.508309,,,,,47.83693493942262,1.0142069480995204,6.357528671474383,0,,,,25.47187406766033,995.0142747526668,,REALTIME_API
,,7,,2025-07-11 15:02:03.712010,,,,,57.52695415875174,0.1272988277345113,8.62655586773678,0,,,,22.5256023933048,1014.3932289276938,,REALTIME_API
,,7,,2025-07-11 15:02:09.217664,,,,,50.4980090049947,9.380679026772984,3.349753632641986,0,,,,19.86555216544459,1008.1871504543176,,REALTIME_API
,,7,,2025-07-11 15:40:11.492033,,,,,52.40068249400966,4.02582805601485,10.5962172852533,0,,,,25.067023999860325,1007.0419176703566,,REALTIME_API
,,7,,2025-07-11 16:01:10.955715,,,,,68.33977848623648,4.00053558423613,7.040805031965456,0,,,,23.58755333285425,1012.445137664382,,REALTIME_API
