title,link,description,title_nouns,desc_nouns,all_nouns
추석에 경주 여행,https://kin.naver.com/qna/detail.naver?d1id=9&dirId=90111&docId=474844021&qb=6rK97KO87Jes7ZaJ&enc=utf8,추석에 경주 여행 가는거 어떻게 생각하시나요 서울에서 버스를 타고 갈 경우 버스가 버스전용 차선에서 운행하나요 질문하신 추석 경주여행 관련 답변 드리도록 하겠습니다 첨성대 석굴암 불국사 등 유적지는 연중무휴로,"['추석', '경주', '여행']","['추석', '경주', '여행', '거', '생각', '서울', '버스', '경우', '버스', '버스', '전용', '차선', '운행', '질문', '추석', '경주', '여행', '관련', '답변', '첨성대', '석굴암', '불국사', '등', '유적지', '연중무휴']","['추석', '경주', '여행', '추석', '경주', '여행', '거', '생각', '서울', '버스', '경우', '버스', '버스', '전용', '차선', '운행', '질문', '추석', '경주', '여행', '관련', '답변', '첨성대', '석굴암', '불국사', '등', '유적지', '연중무휴']"
1박2일 경주 여행 일정 짜주세요,https://kin.naver.com/qna/detail.naver?d1id=9&dirId=90111&docId=484345851&qb=6rK97KO87Jes7ZaJ&enc=utf8,1박2일 경주 여행 일정 짜주세요 질문자님 경주에서의 1박 2일 여행을 계획 중이시군요 특히 소록스테이에서의 아래에 경주 여행 일정을 간략히 정리해 드릴게요 1박 2일 경주 여행 일정 Day 1 감성 가득한 경주 탐방 1030,"['박', '일', '경주', '여행', '일정']","['박', '일', '경주', '여행', '일정', '문자', '경주', '박', '일', '여행', '계획', '중', '소록', '스테이', '아래', '경주', '여행', '일정', '정리', '박', '일', '경주', '여행', '일정', '감성', '경주']","['박', '일', '경주', '여행', '일정', '박', '일', '경주', '여행', '일정', '문자', '경주', '박', '일', '여행', '계획', '중', '소록', '스테이', '아래', '경주', '여행', '일정', '정리', '박', '일', '경주', '여행', '일정', '감성', '경주']"
어머니랑 1박2일 경주여행,https://kin.naver.com/qna/detail.naver?d1id=9&dirId=9011403&docId=484291784&qb=6rK97KO87Jes7ZaJ&enc=utf8,이제 5월달 어버이날을 위해 어머니랑 경주 여행을 할려고합니다 ㅎㅎ 놀러갈데는 다 정했는데 펜션을 ㅠㅠ 안녕하세요 어버이날을 맞아 어머니와 함께 경주 여행을 계획 중이시군요 특별한 시간을 보내시려는 마음이 느껴져서 더욱,"['어머니', '박', '일', '경주', '여행']","['월', '달', '어버이날', '어머니', '경주', '여행', '데', '펜션', '안녕', '어버이날', '어머니', '경주', '여행', '계획', '중', '특별', '시간', '마음']","['어머니', '박', '일', '경주', '여행', '월', '달', '어버이날', '어머니', '경주', '여행', '데', '펜션', '안녕', '어버이날', '어머니', '경주', '여행', '계획', '중', '특별', '시간', '마음']"
경주 여행,https://kin.naver.com/qna/detail.naver?d1id=9&dirId=90111&docId=484892481&qb=6rK97KO87Jes7ZaJ&enc=utf8,5월678일 경주 여행을 가는데요 동궁과월지와 월정교 야경을 보고 싶은데 7일에 정상 운영 되나요 휴무일이 따로 없어서 관람에 방해가 될정도로 날씨가 나쁜상황이 생겨서 통제를 하는 경우가 아니라면 관람이 가능하겠습니다,"['경주', '여행']","['월', '일', '경주', '여행', '동궁', '월지', '월', '정교', '야경', '일', '정상', '운영', '휴무일', '관람', '방해', '정도', '날씨', '상황', '통제', '경우', '관람', '가능']","['경주', '여행', '월', '일', '경주', '여행', '동궁', '월지', '월', '정교', '야경', '일', '정상', '운영', '휴무일', '관람', '방해', '정도', '날씨', '상황', '통제', '경우', '관람', '가능']"
경주여행 30만원,https://kin.naver.com/qna/detail.naver?d1id=9&dirId=90111&docId=482950385&qb=6rK97KO87Jes7ZaJ&enc=utf8,경주 여행 2박3일 남자친구랑 가는데 숙소랑 ktx비는 다 냈고 제 개인적으로 30만원이면 부족할까요 30만원으로 경주 여행을 계획하고 계신다면 예산이 어떻게 집행되느냐에 따라 충분할 수도 부족할 수도 있습니다,"['경주', '여행', '만', '원']","['경주', '여행', '박', '일', '남자', '친구', '숙소', '비', '제', '개인', '만', '원', '부족', '만', '원', '경주', '여행', '계획', '예산', '집행', '수', '부족', '수']","['경주', '여행', '만', '원', '경주', '여행', '박', '일', '남자', '친구', '숙소', '비', '제', '개인', '만', '원', '부족', '만', '원', '경주', '여행', '계획', '예산', '집행', '수', '부족', '수']"
경주 여행 맛집,https://kin.naver.com/qna/detail.naver?d1id=9&dirId=90111&docId=480200932&qb=6rK97KO87Jes7ZaJ&enc=utf8,경주 여행 가고싶은데 맛집 추천 부탁드려뇨 경주 여행 가이드 교통편 맛집 볼거리까지 모두 알려줄게요 경주는 한국의 역사와 문화가 살아 숨 쉬는 도시로 여행하기 좋은 명소가 많아요 2025년 봄 경주로 떠나고,"['경주', '여행', '맛집']","['경주', '여행', '맛집', '추천', '부탁', '경주', '여행', '가이드', '교통편', '맛집', '볼거리', '게', '경주', '한국', '역사', '문화', '숨', '도시', '여행', '명소', '년', '봄', '경주']","['경주', '여행', '맛집', '경주', '여행', '맛집', '추천', '부탁', '경주', '여행', '가이드', '교통편', '맛집', '볼거리', '게', '경주', '한국', '역사', '문화', '숨', '도시', '여행', '명소', '년', '봄', '경주']"
경주 여행을 가는데 갈만한 곳 추천좀,https://kin.naver.com/qna/detail.naver?d1id=9&dirId=90111&docId=478956941&qb=6rK97KO87Jes7ZaJ&enc=utf8,경주 여행을 가는데 갈만한 곳 추천좀 해주세요 경주 여행 추천지 입니다 경주월드 국립 경주 박물관 황리단길 첨성대 불국사 엑스포 공원 등등 입니다,"['경주', '여행', '데', '만', '곳', '추천']","['경주', '여행', '데', '만', '곳', '추천', '경주', '여행', '추천', '지', '경주', '월드', '국립', '경주', '박물관', '황리', '길', '첨성대', '불국사', '엑스포', '공원', '등등']","['경주', '여행', '데', '만', '곳', '추천', '경주', '여행', '데', '만', '곳', '추천', '경주', '여행', '추천', '지', '경주', '월드', '국립', '경주', '박물관', '황리', '길', '첨성대', '불국사', '엑스포', '공원', '등등']"
2월 12일 경주여행 날씨,https://kin.naver.com/qna/detail.naver?d1id=9&dirId=90111&docId=481101676&qb=6rK97KO87Jes7ZaJ&enc=utf8,2월 12일로 경주여행가는데 현재 날씨가 어떤가요 눈 쌓였나요 시외버스타고 가는데 빙판길일까봐 불안해요 경주는 눈 그렇게 많이오지 않고 날씨도 많이 춥지는 않아요 주말에 춥다고는 해도 그때예보를 보는게 좋겠죠,"['월', '일', '경주', '여행', '날씨']","['월', '일', '경주', '여행', '날씨', '가요', '눈', '시외버스', '빙판길', '불안', '경주', '눈', '날씨', '주말', '그때', '예보', '게']","['월', '일', '경주', '여행', '날씨', '월', '일', '경주', '여행', '날씨', '가요', '눈', '시외버스', '빙판길', '불안', '경주', '눈', '날씨', '주말', '그때', '예보', '게']"
경주 여행 중 놓치지 말아야 할 맛집과 카페 알려주세요,https://kin.naver.com/qna/detail.naver?d1id=12&dirId=121102&docId=486281338&qb=6rK97KO87Jes7ZaJ&enc=utf8,경주 여행을 계획 중이며 맛집과 카페에서 특별한 경험을 하고 싶습니다 예를 들어 독특한 메뉴나 특별한 뷰를 제공하는 곳 혹은 전통적인 분위기와 현대적인 요소가 조화를 이루는 장소에 대해 알고 싶습니다 경주에 가면 황남빵과,"['경주', '여행', '중', '맛집', '카페']","['경주', '여행', '계획', '중', '맛집', '카페', '특별', '경험', '예', '메뉴', '특별', '뷰', '제공', '곳', '전통', '분위기', '현대', '요소', '조화', '장소', '경주', '황남빵']","['경주', '여행', '중', '맛집', '카페', '경주', '여행', '계획', '중', '맛집', '카페', '특별', '경험', '예', '메뉴', '특별', '뷰', '제공', '곳', '전통', '분위기', '현대', '요소', '조화', '장소', '경주', '황남빵']"
2박3일 경주여행 일정을 어떻게 짜야할지 고민입니다,https://kin.naver.com/qna/detail.naver?d1id=8&dirId=81204&docId=474957388&qb=6rK97KO87Jes7ZaJ&enc=utf8,2박3일 경주여행아빠엄마중1아들초2딸 1일차 ktx타고 경주역하차 11시 숙소는 황리단길 황남고택 2일차 제가 드린 답변이 도움되셨길 바래요  말씀하신 질문  2박3일 경주여행아빠엄마중1아들초2딸 1일차 ktx타고,"['박', '일', '경주', '여행', '일정', '고민']","['박', '일', '경주', '여행', '아빠', '엄마', '중', '아들', '초', '딸', '일', '차', '경주', '역하', '차', '시', '숙소', '황리', '길', '황남', '고택', '일', '차', '제', '답변', '도움', '말씀', '질문', '박', '일', '경주', '여행', '아빠', '엄마', '중', '아들', '초', '딸', '일', '차']","['박', '일', '경주', '여행', '일정', '고민', '박', '일', '경주', '여행', '아빠', '엄마', '중', '아들', '초', '딸', '일', '차', '경주', '역하', '차', '시', '숙소', '황리', '길', '황남', '고택', '일', '차', '제', '답변', '도움', '말씀', '질문', '박', '일', '경주', '여행', '아빠', '엄마', '중', '아들', '초', '딸', '일', '차']"
경주 여행,https://kin.naver.com/qna/detail.naver?d1id=9&dirId=901&docId=483364174&qb=6rK97KO87Jes7ZaJ&enc=utf8,경주여행은 아래를 참조하시면 더 도움 될거에요 httpsvalina8342tistorycomentryECB29CEB8584EC9D98EC97ADEC82ACEC9980EAB090EC84B1EC97ACED9689EAB2BDECA3BCED9584EC8898ECBD94EC8AA4EC,"['경주', '여행']","['경주', '여행', '아래', '참조', '도움', '거']","['경주', '여행', '경주', '여행', '아래', '참조', '도움', '거']"
경주여행 질문,https://kin.naver.com/qna/detail.naver?d1id=12&dirId=121102&docId=477098415&qb=6rK97KO87Jes7ZaJ&enc=utf8,경주여행 코스 짜봤는데요 이렇게 가도 되나요 그리고 2일차에 경주시내권 숙소인데 첨성대코스와 황리단길은 도보이동 가능한가요 아니면 차타고 가야하나요 1일차  불국사권 숙소 1 불국사 2 석굴암 바람의 언덕 3 숙소 체크인 4,"['경주', '여행', '질문']","['경주', '여행', '코스', '일', '차', '경주', '시내', '숙소', '첨성대', '코스', '황리', '길', '도보이', '동', '가능', '가요', '차', '하나', '일', '차', '불국사', '숙소', '불국사', '석굴암', '바람', '언덕', '숙소', '체크인']","['경주', '여행', '질문', '경주', '여행', '코스', '일', '차', '경주', '시내', '숙소', '첨성대', '코스', '황리', '길', '도보이', '동', '가능', '가요', '차', '하나', '일', '차', '불국사', '숙소', '불국사', '석굴암', '바람', '언덕', '숙소', '체크인']"
경주 여행,https://kin.naver.com/qna/detail.naver?d1id=9&dirId=90111&docId=477081199&qb=6rK97KO87Jes7ZaJ&enc=utf8,2월에 2박3일로 경주 여행 가려고 하는데 펜션이나 호텔 예약은 몇달전부터 하는 게 좋을까요 1달전이 제일 좋습니다만 가는 날짜들이 성수기라면 2달전에 하는게 좋겠죠,"['경주', '여행']","['월', '박', '일', '경주', '여행', '펜션', '호텔', '예약', '달', '전', '게', '달', '전', '날짜', '성수기', '달', '전', '게']","['경주', '여행', '월', '박', '일', '경주', '여행', '펜션', '호텔', '예약', '달', '전', '게', '달', '전', '날짜', '성수기', '달', '전', '게']"
경주여행 당일치기 질문이요,https://kin.naver.com/qna/detail.naver?d1id=9&dirId=90111&docId=483638250&qb=6rK97KO87Jes7ZaJ&enc=utf8,뚜버기 인데 1박 할지 당일치기로 갔다올지 모르겠는데 우선 당일로 갈거같아요 오전 11시 쯤 경주 터미널 도착 오후9시 경주 터미널 에서 집가는버스 11시 경주 버스터미널에 도착한다고 치면 황리단길 대릉원 첨성대 월정교 동궁과월지,"['경주', '여행', '당일치기', '질문']","['박', '당일', '당일', '거', '오전', '시', '쯤', '경주', '터미널', '도착', '오후', '시', '경주', '터미널', '집', '버스', '시', '경주', '버스', '터미널', '도착', '황리', '길', '대릉원', '첨성대', '월', '정교', '동궁', '월지']","['경주', '여행', '당일치기', '질문', '박', '당일', '당일', '거', '오전', '시', '쯤', '경주', '터미널', '도착', '오후', '시', '경주', '터미널', '집', '버스', '시', '경주', '버스', '터미널', '도착', '황리', '길', '대릉원', '첨성대', '월', '정교', '동궁', '월지']"
경주 여행 가볼까 하는데요,https://kin.naver.com/qna/detail.naver?d1id=9&dirId=90111&docId=483971932&qb=6rK97KO87Jes7ZaJ&enc=utf8,다른곳은 특별히 안가고 경주만 보려고요 저도 경주 여행 준비하면서 진짜 헤맸는데요 시티투어 탈까 그냥 블로그 한 번 보고 시작해보세요 경주 여행 헛걸음 없이 딱 맞게 즐기고 싶다면 여기부터 보시는 거 추천드립니다,"['경주', '여행']","['곳', '경주', '저', '경주', '여행', '준비', '시티투어', '블로그', '번', '시작', '경주', '여행', '걸음', '여기', '거', '추천']","['경주', '여행', '곳', '경주', '저', '경주', '여행', '준비', '시티투어', '블로그', '번', '시작', '경주', '여행', '걸음', '여기', '거', '추천']"
경주여행 어때요고등학생시절 추억 만들까해요ㅠ,https://kin.naver.com/qna/detail.naver?d1id=12&dirId=12091502&docId=153078029&qb=6rK97KO87Jes7ZaJ&enc=utf8,경주여행 어때요고등학생시절 추억 만들까해요ㅠ 로또되는 꿈 꿨는데 해몽해줘요 컴퓨터 조립식은 얼마죠 경주 여행은 고등학생 시절의 추억을 만들기에 아주 좋은 선택입니다 경주는 한국의 역사와 문화를 느낄 수 있는 도시로,"['경주', '여행', '고등학생', '시절', '추억']","['경주', '여행', '고등학생', '시절', '추억', '로또', '꿈', '해몽', '컴퓨터', '조립식', '얼마', '경주', '여행', '고등학생', '시절', '추억', '선택', '경주', '한국', '역사', '문화', '수', '도시']","['경주', '여행', '고등학생', '시절', '추억', '경주', '여행', '고등학생', '시절', '추억', '로또', '꿈', '해몽', '컴퓨터', '조립식', '얼마', '경주', '여행', '고등학생', '시절', '추억', '선택', '경주', '한국', '역사', '문화', '수', '도시']"
남자혼자 경주여행 4박5일 일정 및 숙소예약 문의,https://kin.naver.com/qna/detail.naver?d1id=9&dirId=90111&docId=485830206&qb=6rK97KO87Jes7ZaJ&enc=utf8,혼자 경주 여행 멋지게 계획 중이시네요 4박 5일이면 여유 있게 경주를 제대로 느낄 수 있는 일정이에요 가성비 숙소 경주역 근처 게스트하우스나 황리단길 쪽 한옥 게스트하우스가 가격도 좋고 접근성도 좋아요 바닷가 이동,"['남자', '혼자', '경주', '여행', '박', '일', '일정', '숙소', '예약', '문의']","['경주', '여행', '계획', '중', '박', '일', '여유', '경주', '수', '일정', '가성', '숙소', '경주역', '근처', '게스트', '하우스', '황리', '길', '쪽', '한옥', '게스트', '하우스', '가격', '접근성', '바닷가', '이동']","['남자', '혼자', '경주', '여행', '박', '일', '일정', '숙소', '예약', '문의', '경주', '여행', '계획', '중', '박', '일', '여유', '경주', '수', '일정', '가성', '숙소', '경주역', '근처', '게스트', '하우스', '황리', '길', '쪽', '한옥', '게스트', '하우스', '가격', '접근성', '바닷가', '이동']"
경주여행 루트 천마총 경주중앙시장,https://kin.naver.com/qna/detail.naver?d1id=9&dirId=90111&docId=473363034&qb=6rK97KO87Jes7ZaJ&enc=utf8,경주여행 일정을 천마총 갔다가gtgtgtgt 중앙시장 가려고 하는데 네이버 지도에 검색해보니까 다시 밑으로 내려갔다가 올라가라고 하네요 동선낭비 너무 심한데 지도에 나온거처럼 삥 돌아가야 하나요  중간에 나가는 문 없나요 천마총,"['경주', '여행', '루트', '천마총', '경주', '중앙', '시장']","['경주', '여행', '일정', '천마총', '중앙', '시장', '네이버', '지도', '검색', '밑', '동선', '낭비', '데', '지도', '거', '하나', '중간', '문', '천마총']","['경주', '여행', '루트', '천마총', '경주', '중앙', '시장', '경주', '여행', '일정', '천마총', '중앙', '시장', '네이버', '지도', '검색', '밑', '동선', '낭비', '데', '지도', '거', '하나', '중간', '문', '천마총']"
20대 중반 여성 경주여행 식당 및 술집 추천해주세요,https://kin.naver.com/qna/detail.naver?d1id=12&dirId=121102&docId=471211718&qb=6rK97KO87Jes7ZaJ&enc=utf8,7월에 친구들이랑 경주 여행을 가는데 경주에 대해서 마땅히 잘 알지 못해서 막막하네요ㅜㅜ 20대 여자이며 술을 좋아합니다 황리단길이랑 보문단지 핫플 추천해 주세요 그리고 맛있는 식당도 추천 부탁드립니다 하루는 시내권,"['대', '중반', '여성', '경주', '여행', '식당', '술집', '추천']","['월', '친구', '경주', '여행', '경주', '대', '여자', '술', '황리', '길', '보문', '핫', '플', '추천', '식당', '추천', '부탁', '하루', '시내']","['대', '중반', '여성', '경주', '여행', '식당', '술집', '추천', '월', '친구', '경주', '여행', '경주', '대', '여자', '술', '황리', '길', '보문', '핫', '플', '추천', '식당', '추천', '부탁', '하루', '시내']"
경주 여행 1박2일,https://kin.naver.com/qna/detail.naver?d1id=9&dirId=901&docId=477072457&qb=6rK97KO87Jes7ZaJ&enc=utf8,경주 여행 1박 2일 경비 어느정도 나올까요 숙소랑 교통비 빼고요 쓰기나름 이지만 식대 입장료 간식 정도이면 큰돈은 들지 않겠조 본인의 주머니 만큼 생각해서 조절하여 쓰는게 좋겠네요 여유가 있다면 맛있는것도 먹고해도 좋겠죠,"['경주', '여행', '박', '일']","['경주', '여행', '박', '일', '경비', '정도', '숙소', '교통비', '나름', '식대', '입장료', '간식', '정도', '돈', '조', '본인', '주머니', '만큼', '생각', '조절', '게', '여유', '것']","['경주', '여행', '박', '일', '경주', '여행', '박', '일', '경비', '정도', '숙소', '교통비', '나름', '식대', '입장료', '간식', '정도', '돈', '조', '본인', '주머니', '만큼', '생각', '조절', '게', '여유', '것']"
경주여행지 2박3일 추천,https://kin.naver.com/qna/detail.naver?d1id=9&dirId=90111&docId=480019503&qb=6rK97KO87Jes7ZaJ&enc=utf8,이번에 남자친구 전역 직전으로 경주 여행을 가기로 했는데요 둘다 황리단길 외엔 아는게 없어서요ㅠㅠ 차가 있어서 경주여행을 계획하고 계시는군요 별다섯개 경주 2박3일 여행코스를 공유하니 내용 참고하시면 좋을 것같습니다,"['경주', '여행지', '박', '일', '추천']","['이번', '남자', '친구', '전역', '직전', '경주', '여행', '둘', '황리', '길', '외', '게', '차', '경주', '여행', '계획', '다섯', '개', '경주', '박', '일', '여행', '코스', '공유', '내용', '참고', '것']","['경주', '여행지', '박', '일', '추천', '이번', '남자', '친구', '전역', '직전', '경주', '여행', '둘', '황리', '길', '외', '게', '차', '경주', '여행', '계획', '다섯', '개', '경주', '박', '일', '여행', '코스', '공유', '내용', '참고', '것']"
아이랑 일박이일 경주여행코스,https://kin.naver.com/qna/detail.naver?d1id=9&dirId=90111&docId=484630101&qb=6rK97KO87Jes7ZaJ&enc=utf8,다섯 살 아이와 함께 경주로 가족여행을 갑니다 첫날 점심쯤 경주역 도착 예정이고 숙소는 보문관광단지 근처입니다 둘째 날은 경주월드를 다녀오고 오후 4시쯤 경주를 떠날 계획입니다 직접 운전할 예정인데 코스를 어떻게 짜야,"['아이', '일', '박', '이', '일', '경주', '여행', '코스']","['다섯', '살', '아이', '경주', '가족', '여행', '첫날', '점심', '경주역', '도착', '예정', '숙소', '보문관광단지', '근처', '둘째', '날', '경주', '월드', '오후', '시', '경주', '계획', '운전', '예정', '코스']","['아이', '일', '박', '이', '일', '경주', '여행', '코스', '다섯', '살', '아이', '경주', '가족', '여행', '첫날', '점심', '경주역', '도착', '예정', '숙소', '보문관광단지', '근처', '둘째', '날', '경주', '월드', '오후', '시', '경주', '계획', '운전', '예정', '코스']"
경주 여행 추천,https://kin.naver.com/qna/detail.naver?d1id=9&dirId=90111&docId=482537365&qb=6rK97KO87Jes7ZaJ&enc=utf8,안녕하세영 경주여행 할려고 하는 10대인데여 황리단길 근처 어둑한 분위기 좋겟어요 경주 여행 가이드 교통편 맛집 볼거리까지 모두 알려줄게요  경주 여행 가이드 교통편 맛집 볼거리까지 모두 알려줄게요,"['경주', '여행', '추천']","['세영', '경주', '여행', '대', '여', '황리', '길', '근처', '분위기', '경주', '여행', '가이드', '교통편', '맛집', '볼거리', '게', '경주', '여행', '가이드', '교통편', '맛집', '볼거리', '게요']","['경주', '여행', '추천', '세영', '경주', '여행', '대', '여', '황리', '길', '근처', '분위기', '경주', '여행', '가이드', '교통편', '맛집', '볼거리', '게', '경주', '여행', '가이드', '교통편', '맛집', '볼거리', '게요']"
경주여행 동선 부탁드려요,https://kin.naver.com/qna/detail.naver?d1id=9&dirId=90111&docId=407781929&qb=6rK97KO87Jes7ZaJ&enc=utf8,1박으로 어린애들 데리고 경주여행할거에요 숙소는 보문단지이구요 우선 정도 경주여행을 다녀온 것 같은데요 아이랑 경주여행하면서 체험코스 맛집  경주여행 TIP 1 경주 여행코스는 크게 시내권 보문관광단지 토함산 남산,"['경주', '여행', '동선', '부탁']","['박', '어린애', '경주', '여행', '거', '숙소', '보문', '단지', '정도', '경주', '여행', '것', '아이', '경주', '여행', '체험', '코스', '맛집', '경주', '여행', '경주', '여행', '코스', '시내', '보문관광단지', '토함산', '남산']","['경주', '여행', '동선', '부탁', '박', '어린애', '경주', '여행', '거', '숙소', '보문', '단지', '정도', '경주', '여행', '것', '아이', '경주', '여행', '체험', '코스', '맛집', '경주', '여행', '경주', '여행', '코스', '시내', '보문관광단지', '토함산', '남산']"
경주여행3박4일 갈려고하는데 24만원 괜찮을까요,https://kin.naver.com/qna/detail.naver?d1id=9&dirId=90111&docId=460586156&qb=6rK97KO87Jes7ZaJ&enc=utf8,애인이랑 3박4일 경주여행갈려고하는데 돈을 제가 다쓸려고 맘먹었는데 24만원이면 충분할까요 경주여행3박4일 갈려고하는데 245000원 괜찮을까 애인이랑 3박4일 경주여행갈려고하는데 돈을 제가 다쓸려고 맘먹었는데 24만원이면,"['경주', '여행', '박', '일', '데', '만', '원']","['애인', '박', '일', '경주', '여행', '돈', '제', '만', '원', '경주', '여행', '박', '일', '데', '원', '애인', '박', '일', '경주', '여행', '돈', '제', '만', '원']","['경주', '여행', '박', '일', '데', '만', '원', '애인', '박', '일', '경주', '여행', '돈', '제', '만', '원', '경주', '여행', '박', '일', '데', '원', '애인', '박', '일', '경주', '여행', '돈', '제', '만', '원']"
경주여행코스좀,https://kin.naver.com/qna/detail.naver?d1id=9&dirId=90111&docId=447058006&qb=6rK97KO87Jes7ZaJ&enc=utf8,경주여행코스좀 경주 여행을 계획하고 계신다니 정말 흥미로운 여행이 될 것 같습니다 경주는 신라의 역사와 문화 아름다운 자연경관을 느낄 수 있는 대한민국의 대표적인 관광 도시입니다 1박 2일 동안 방문할 수 있는 추천 여행,"['경주', '여행', '코스']","['경주', '여행', '코스', '경주', '여행', '계획', '흥미', '여행', '것', '경주', '신라', '역사', '문화', '자연', '경관', '수', '대한민국', '대표', '관광', '도시', '박', '일', '동안', '방문', '수', '추천', '여행']","['경주', '여행', '코스', '경주', '여행', '코스', '경주', '여행', '계획', '흥미', '여행', '것', '경주', '신라', '역사', '문화', '자연', '경관', '수', '대한민국', '대표', '관광', '도시', '박', '일', '동안', '방문', '수', '추천', '여행']"
경주여행 실내관광,https://kin.naver.com/qna/detail.naver?d1id=9&dirId=90111&docId=450211953&qb=6rK97KO87Jes7ZaJ&enc=utf8,경주여행 가는데 비가 많이 오더라고요 실내로 가는 곳 추천 좀 해주세요 검색을 기반 삼아 경주에서 비가 오는 실제 방문하시는 날씨와 여행 일정에 따라 운영시간을 확인해 보시고 즐거운 경주 여행 되시길 바랍니다 채택해,"['경주', '여행', '실내', '관광']","['경주', '여행', '비', '실내', '곳', '추천', '검색', '기반', '경주', '비', '실제', '방문', '날씨', '여행', '일정', '운영', '시간', '확인', '경주', '여행', '채택']","['경주', '여행', '실내', '관광', '경주', '여행', '비', '실내', '곳', '추천', '검색', '기반', '경주', '비', '실제', '방문', '날씨', '여행', '일정', '운영', '시간', '확인', '경주', '여행', '채택']"
경주여행 운전,https://kin.naver.com/qna/detail.naver?d1id=9&dirId=90111&docId=484876350&qb=6rK97KO87Jes7ZaJ&enc=utf8,평상시에는 운전을 안하고 제주 여행 갈때 몇번 해본게 다입니다 경주 케텍스 타고 가서 렌트 할거 같은데 초보 운전도 돌아다니기 어렵지 않을까요 경주는그렇게 복잡하지는 않은곳이지만 운전에 자신이 없다면 조심운전을 하면,"['경주', '여행', '운전']","['평상시', '운전', '제주', '여행', '때', '번', '게', '경주', '텍스', '렌트', '거', '초보', '운전', '경주', '곳', '운전', '자신', '조심', '운전']","['경주', '여행', '운전', '평상시', '운전', '제주', '여행', '때', '번', '게', '경주', '텍스', '렌트', '거', '초보', '운전', '경주', '곳', '운전', '자신', '조심', '운전']"
경주 여행 질문이요,https://kin.naver.com/qna/detail.naver?d1id=9&dirId=90111&docId=458127300&qb=6rK97KO87Jes7ZaJ&enc=utf8,사시거나 경주 여행 가보신 분들의 의견 부탁드립니다 경주 한바퀴 돌아주는 버스 타시거나 택시타세용 걸어서 경주 여행해보면 알거에요 택시잡기 힘들어요ㅋㅋ 첨부터 택시 많은관광지에서 택시잡거나 카카오 택시,"['경주', '여행', '질문']","['경주', '여행', '분', '의견', '부탁', '경주', '바퀴', '버스', '택시', '경주', '여행', '거', '택시', '첨', '택시', '관광지', '택시', '카카오', '택시']","['경주', '여행', '질문', '경주', '여행', '분', '의견', '부탁', '경주', '바퀴', '버스', '택시', '경주', '여행', '거', '택시', '첨', '택시', '관광지', '택시', '카카오', '택시']"
경주 여행 식당 추천 부탁드립니다,https://kin.naver.com/qna/detail.naver?d1id=9&dirId=90111&docId=465334623&qb=6rK97KO87Jes7ZaJ&enc=utf8,한시간 뒤면 경주 도착하는데 경주여행가서 여기는 꼭가봐야한다하는 식당이 경주 여행에서 특별한 대접을 받을 수 있는 식당을 추천해드리겠습니다 위 두 식당 중 하나를 선택하시면 경주 여행에서 특별한 대접을 받을 수 있을,"['경주', '여행', '식당', '추천', '부탁']","['시간', '경주', '도착', '경주', '여행가', '여기', '식당', '경주', '여행', '특별', '대접', '수', '식당', '추천', '식당', '중', '하나', '선택', '경주', '여행', '특별', '대접', '수']","['경주', '여행', '식당', '추천', '부탁', '시간', '경주', '도착', '경주', '여행가', '여기', '식당', '경주', '여행', '특별', '대접', '수', '식당', '추천', '식당', '중', '하나', '선택', '경주', '여행', '특별', '대접', '수']"
3월 1일 경주 여행 코스 당일치기,https://kin.naver.com/qna/detail.naver?d1id=9&dirId=90111&docId=413559176&qb=6rK97KO87Jes7ZaJ&enc=utf8,학생 4명이고 31 경주 여행 코스 좀 알려주세요 첨성대 근처 한복나드리에서 질문하신 경주 여행일정 관련 답변 드리도록 하겠습니다 황리단길과 맞춤형 경주 여행일정을 준비했어요 아래 첨부된 일정을 참고해보시고 여행에,"['월', '일', '경주', '여행', '코스', '당일치기']","['학생', '명', '경주', '여행', '코스', '첨성대', '근처', '한복', '나드리', '질문', '경주', '여행', '일정', '관련', '답변', '황리', '길', '맞춤', '경주', '여행', '일정', '준비', '아래', '첨부', '일정', '참고', '여행']","['월', '일', '경주', '여행', '코스', '당일치기', '학생', '명', '경주', '여행', '코스', '첨성대', '근처', '한복', '나드리', '질문', '경주', '여행', '일정', '관련', '답변', '황리', '길', '맞춤', '경주', '여행', '일정', '준비', '아래', '첨부', '일정', '참고', '여행']"
경주 여행,https://kin.naver.com/qna/detail.naver?d1id=9&dirId=90111&docId=454682775&qb=6rK97KO87Jes7ZaJ&enc=utf8,경주 여행은 역사 여행에 의미를 두고 다녀왔는데요 생각보다는 재미가 없었어요 너무 진지하게 공부하는 느낌으로 질문하신 경주 여행지 관련 답변 드리도록 하겠습니다 가볼만한 경주 여행지 중에서는 동궁과 월지,"['경주', '여행']","['경주', '여행', '역사', '여행', '의미', '생각', '재미', '공부', '느낌', '질문', '경주', '여행지', '관련', '답변', '만', '경주', '여행지', '중', '동궁', '월지']","['경주', '여행', '경주', '여행', '역사', '여행', '의미', '생각', '재미', '공부', '느낌', '질문', '경주', '여행지', '관련', '답변', '만', '경주', '여행지', '중', '동궁', '월지']"
2박3일 경주여행코스 추천,https://kin.naver.com/qna/detail.naver?d1id=9&dirId=90111&docId=459771722&qb=6rK97KO87Jes7ZaJ&enc=utf8,뚜벅이 위한 경주여행 코스 추천 부탁드려요 세분이 오붓하게 경주여행 계획하고 계시는군요 대중교통을 이용해서 돌아볼 생각이시라면 가볍게 코스를 짜보시는것도 좋을거 같습니다 1,"['박', '일', '경주', '여행', '코스', '추천']","['경주', '여행', '코스', '추천', '부탁', '분', '경주', '여행', '계획', '대중교통', '이용', '생각', '코스', '것', '거']","['박', '일', '경주', '여행', '코스', '추천', '경주', '여행', '코스', '추천', '부탁', '분', '경주', '여행', '계획', '대중교통', '이용', '생각', '코스', '것', '거']"
경주 여행 코스 추천,https://kin.naver.com/qna/detail.naver?d1id=9&dirId=90111&docId=436970450&qb=6rK97KO87Jes7ZaJ&enc=utf8,경주여행 코스 추천가족 안녕하세요 무계획 이 루트로 실행하면 실패없는 경주여행지를 소개해드릴까 합니다 ㅎㅎ 한번 보시고 마음에 드신다면 채택 부탁드립니다,"['경주', '여행', '코스', '추천']","['경주', '여행', '코스', '추천', '가족', '안녕', '계획', '루트', '실행', '실패', '경주', '여행지', '소개', '번', '마음', '다면', '채택', '부탁']","['경주', '여행', '코스', '추천', '경주', '여행', '코스', '추천', '가족', '안녕', '계획', '루트', '실행', '실패', '경주', '여행지', '소개', '번', '마음', '다면', '채택', '부탁']"
경주 여행 중 꼭 가봐야 할 맛집 리스트는 무엇인가요,https://kin.naver.com/qna/detail.naver?d1id=4&dirId=40702&docId=486313613&qb=6rK97KO87Jes7ZaJ&enc=utf8,경주 여행을 계획 중이며 필수 방문 맛집과 핫플레이스를 알고 싶습니다 현지인들이 추천하는 숨은 명소나 경주 여행 시 꼭 가봐야 할 맛집은 황남빵 경주식당 잔치국수 교동법주 신라밀면이에요 핫플레이스는 경주 불국사와,"['경주', '여행', '중', '맛집', '리스트', '무엇']","['경주', '여행', '계획', '중', '필수', '방문', '맛집', '핫', '플레이스', '현지인', '추천', '숨', '명소', '경주', '여행', '시', '맛집', '황남빵', '경주', '식당', '잔치국수', '교동', '법주', '신라', '밀면', '플레이스', '경주', '불국사']","['경주', '여행', '중', '맛집', '리스트', '무엇', '경주', '여행', '계획', '중', '필수', '방문', '맛집', '핫', '플레이스', '현지인', '추천', '숨', '명소', '경주', '여행', '시', '맛집', '황남빵', '경주', '식당', '잔치국수', '교동', '법주', '신라', '밀면', '플레이스', '경주', '불국사']"
경주 여행일정 도와주세요,https://kin.naver.com/qna/detail.naver?d1id=9&dirId=90111&docId=407408414&qb=6rK97KO87Jes7ZaJ&enc=utf8,그냥 최소한의 움직임으로 이틀동안 다녀올 수 있는 경주 여행 코스좀 알려주세요 예쁜 카페도 추천 질문하신 경주 여행일정 관련 답변 드리도록 하겠습니다 질문자님께서 원하신대로 최대한 여유로운 경주 여행 일정을 준비해,"['경주', '여행', '일정']","['최소한', '움직임', '이틀', '동안', '수', '경주', '여행', '코스', '카페', '추천', '질문', '경주', '여행', '일정', '관련', '답변', '질', '문자', '원', '대로', '최대한', '여유', '경주', '여행', '일정', '준비']","['경주', '여행', '일정', '최소한', '움직임', '이틀', '동안', '수', '경주', '여행', '코스', '카페', '추천', '질문', '경주', '여행', '일정', '관련', '답변', '질', '문자', '원', '대로', '최대한', '여유', '경주', '여행', '일정', '준비']"
경주여행가려는데 추천좀요,https://kin.naver.com/qna/detail.naver?d1id=9&dirId=90111&docId=407810074&qb=6rK97KO87Jes7ZaJ&enc=utf8,엄마혼자 초4초2 아들 둘 데리고 주중에 경주 여행 정도 경주여행을 다녀온 것 같은데요 구체적인 일정이 없어서 주요 경주여행 코스 맛집 숙소에 대한 제 경험담을 묶어서 소개할게요  경주여행 TIP 1 경주 여행코스는,"['경주', '여행', '추천']","['엄마', '혼자', '초', '아들', '둘', '중', '경주', '여행', '정도', '경주', '여행', '것', '구체', '일정', '경주', '여행', '코스', '맛집', '숙소', '경험담', '소개', '경주', '여행', '경주', '여행', '코스']","['경주', '여행', '추천', '엄마', '혼자', '초', '아들', '둘', '중', '경주', '여행', '정도', '경주', '여행', '것', '구체', '일정', '경주', '여행', '코스', '맛집', '숙소', '경험담', '소개', '경주', '여행', '경주', '여행', '코스']"
경주여행 추천,https://kin.naver.com/qna/detail.naver?d1id=9&dirId=90111&docId=429923899&qb=6rK97KO87Jes7ZaJ&enc=utf8,경주여행지 좀 추천 해주세요 문의주신 경주 여행지 추천드릴게요 즐거운 경주 여행 되셨으면 좋겠어요 ㅎ 경북 경주 가볼만한곳 1 황성공원 2 양남주상절리 3 동궁과 월지 4 동궁원 5 황리단길 6 첨성대 7,"['경주', '여행', '추천']","['경주', '여행지', '추천', '문', '주신', '경주', '여행지', '추천', '경주', '여행', '경북', '경주', '만', '곳', '황성', '공원', '양남', '주상', '절리', '동궁', '월지', '동', '궁원', '황리', '길', '첨성대']","['경주', '여행', '추천', '경주', '여행지', '추천', '문', '주신', '경주', '여행지', '추천', '경주', '여행', '경북', '경주', '만', '곳', '황성', '공원', '양남', '주상', '절리', '동궁', '월지', '동', '궁원', '황리', '길', '첨성대']"
경주 여행코스질문,https://kin.naver.com/qna/detail.naver?d1id=9&dirId=90111&docId=417017203&qb=6rK97KO87Jes7ZaJ&enc=utf8,경주여행을 가는데 예전에 가본적이 있어서 대충 지리적인건 아는데 질문하신 경주 여행 코스 관련 답변드리겠습니다 경주로의 1박 2일 여행을 2일 경주 여행 일정을 준비했어요 아래 첨부된 일정을 참고해 보시고 즐거운,"['경주', '여행', '코스', '질문']","['경주', '여행', '예전', '가본적', '지리', '건', '질문', '경주', '여행', '코스', '관련', '답변', '경주로', '박', '일', '여행', '일', '경주', '여행', '일정', '준비', '아래', '첨부', '일정', '참고']","['경주', '여행', '코스', '질문', '경주', '여행', '예전', '가본적', '지리', '건', '질문', '경주', '여행', '코스', '관련', '답변', '경주로', '박', '일', '여행', '일', '경주', '여행', '일정', '준비', '아래', '첨부', '일정', '참고']"
경주여행가는데 여행코스 추천이요,https://kin.naver.com/qna/detail.naver?d1id=9&dirId=90111&docId=423661627&qb=6rK97KO87Jes7ZaJ&enc=utf8,제가 중3인데 중3이 좋아할만한 경주여행코스 추천이요 문의주신 경주 여행코스 추천드릴게요 재밌게 놀다 오셨으면 좋겠어요 ㅎ 경북 경주 가볼만한곳 1 황성공원 2 양남주상절리 3 동궁과 월지 4 동궁원 5,"['경주', '여행', '여행', '코스', '추천']","['제', '중', '중', '만', '경주', '여행', '코스', '추천', '문', '주신', '경주', '여행', '코스', '추천', '경북', '경주', '만', '곳', '황성', '공원', '양남', '주상', '절리', '동궁', '월지', '동', '궁원']","['경주', '여행', '여행', '코스', '추천', '제', '중', '중', '만', '경주', '여행', '코스', '추천', '문', '주신', '경주', '여행', '코스', '추천', '경북', '경주', '만', '곳', '황성', '공원', '양남', '주상', '절리', '동궁', '월지', '동', '궁원']"
엄마와경주여행,https://kin.naver.com/qna/detail.naver?d1id=9&dirId=90101&docId=442736977&qb=6rK97KO87Jes7ZaJ&enc=utf8,엄마와 경주여행 평일에 대중교통타고 가려고하는데요 일단불국사가고 도보대중교통 이용의 경주 여행 코스 의견 드려 볼께요 먼저 평일 어머니와 어머니와 행복한 경주 여행 되세요  경주 주요 관광지의 교통편도보 포함,"['엄마', '경주', '여행']","['엄마', '경주', '여행', '평일', '대중교통', '불국사', '도보', '대중교통', '이용', '경주', '여행', '코스', '의견', '평일', '어머니', '어머니', '행복', '경주', '여행', '경주', '주요', '관광지', '교통편', '도보', '포함']","['엄마', '경주', '여행', '엄마', '경주', '여행', '평일', '대중교통', '불국사', '도보', '대중교통', '이용', '경주', '여행', '코스', '의견', '평일', '어머니', '어머니', '행복', '경주', '여행', '경주', '주요', '관광지', '교통편', '도보', '포함']"
뚜벅이 경주 여행 1박 코스 추천 좀요,https://kin.naver.com/qna/detail.naver?d1id=9&dirId=90111&docId=399331613&qb=6rK97KO87Jes7ZaJ&enc=utf8,여자친구랑 경주 여행을 가려고 하는데 뚜벅이로 돌아다닐 코스 좀 추천해주세요 경주월드는 제외하고요 그 여자친구와 가볼만한 경주여행코스 추천드릴게요 좋은하루 되세요 ㅎ 경주 가볼만한곳 1 경주,"['경주', '여행', '박', '코스', '추천']","['여자', '친구', '경주', '여행', '코스', '추천', '경주', '월드', '제외', '여자', '친구', '만', '경주', '여행', '코스', '추천', '하루', '경주', '만', '곳', '경주']","['경주', '여행', '박', '코스', '추천', '여자', '친구', '경주', '여행', '코스', '추천', '경주', '월드', '제외', '여자', '친구', '만', '경주', '여행', '코스', '추천', '하루', '경주', '만', '곳', '경주']"
경주여행 HELP,https://kin.naver.com/qna/detail.naver?d1id=9&dirId=90111&docId=411320608&qb=6rK97KO87Jes7ZaJ&enc=utf8,2월18일부터 2월20일까지 2박3일로 가족들이랑 경주여행가려고 하는데 어딜가야할지모르겠어요 도와주세요ㅜㅠ 중1 경주 여행 추천지 입니다 경주월드 테마파크 경주 엑스포 대공원 경주 국립 박물관 경주 대원릉 동굴과월지,"['경주', '여행']","['월', '일', '월', '일', '박', '일', '가족', '경주', '여행', '어딜', '중', '경주', '여행', '추천', '지', '경주', '월드', '테마파크', '경주', '엑스포', '대공원', '경주', '국립', '박물관', '경주', '원릉', '동굴', '월지']","['경주', '여행', '월', '일', '월', '일', '박', '일', '가족', '경주', '여행', '어딜', '중', '경주', '여행', '추천', '지', '경주', '월드', '테마파크', '경주', '엑스포', '대공원', '경주', '국립', '박물관', '경주', '원릉', '동굴', '월지']"
뚜벅이 경주여행,https://kin.naver.com/qna/detail.naver?d1id=9&dirId=90111&docId=443286794&qb=6rK97KO87Jes7ZaJ&enc=utf8,다음주 평일에 화 수 중 경주여행 가려고 했는데 시기상 뷰가 별로 일 거 같아서 고민입니다  혼자 뚜벅이 꽃피고 봄바람 살랑살랑 부는 4월달 경주여행 오푸스에서 즐겨보세요    전객실 개별바베큐장으로,"['경주', '여행']","['다음', '주', '평일', '화', '수', '중', '경주', '여행', '시기', '뷰', '거', '고민', '혼자', '꽃', '봄바람', '부', '월', '달', '경주', '여행', '오푸스', '객실', '개별', '바베큐', '장']","['경주', '여행', '다음', '주', '평일', '화', '수', '중', '경주', '여행', '시기', '뷰', '거', '고민', '혼자', '꽃', '봄바람', '부', '월', '달', '경주', '여행', '오푸스', '객실', '개별', '바베큐', '장']"
경주여행추천,https://kin.naver.com/qna/detail.naver?d1id=9&dirId=90111&docId=399825700&qb=6rK97KO87Jes7ZaJ&enc=utf8,50대부부10월여행 경주여행1박2일코스 밤야경과숙소및먹거리추천부탁합니다 경주 여행을 계획 중이시군요 그럼 경주에서 가볼 만한 곳들 추천해드리겠습니다 첨성대 동궁과 월지 대릉원,"['경주', '여행', '추천']","['대', '부부', '월', '여행', '경주', '여행', '박', '일', '코스', '밤', '야경', '숙소', '먹거리', '추천', '부탁', '경주', '여행', '계획', '중', '경주', '만', '곳', '추천', '첨성대', '동궁', '월지', '대릉원']","['경주', '여행', '추천', '대', '부부', '월', '여행', '경주', '여행', '박', '일', '코스', '밤', '야경', '숙소', '먹거리', '추천', '부탁', '경주', '여행', '계획', '중', '경주', '만', '곳', '추천', '첨성대', '동궁', '월지', '대릉원']"
경주 여행코스 부탁드려요,https://kin.naver.com/qna/detail.naver?d1id=9&dirId=90111&docId=436222731&qb=6rK97KO87Jes7ZaJ&enc=utf8,출발합니다 경주 여행코스 부탁드립니다 숙소는 아직 예약안했어요 코스보고 근처 게스트하우스로 잡으려고요 안녕하세요 무계획 없이 이 루트로 가면 실패없는 경주여행,"['경주', '여행', '코스', '부탁']","['출발', '경주', '여행', '코스', '부탁', '숙소', '예약', '코스', '근처', '게스트', '하우스', '계획', '루트', '실패', '경주', '여행']","['경주', '여행', '코스', '부탁', '출발', '경주', '여행', '코스', '부탁', '숙소', '예약', '코스', '근처', '게스트', '하우스', '계획', '루트', '실패', '경주', '여행']"
아이와 경주여행코스 짜려고 하는데 동선 ㅠㅠㅠ어렵네요,https://kin.naver.com/qna/detail.naver?d1id=12&dirId=121102&docId=472108317&qb=6rK97KO87Jes7ZaJ&enc=utf8,가족들과 경주 여행 계획 중입니다 구성원은 남편저 4세7세 아이와 함께 합니다 첫째날강동워터파크 6시까지 보낼 아이와 함께하는 경주 여행 정말 좋을 것 같습니다 여행하는 동안 필요한 정보를 확인하실 수 있는 정보를,"['아이', '경주', '여행', '코스', '동선']","['가족', '경주', '여행', '계획', '중', '구성원', '남편', '세', '세', '아이', '첫째', '날', '워터', '파크', '시', '아이', '경주', '여행', '것', '여행', '동안', '필요', '정보', '확인', '수', '정보']","['아이', '경주', '여행', '코스', '동선', '가족', '경주', '여행', '계획', '중', '구성원', '남편', '세', '세', '아이', '첫째', '날', '워터', '파크', '시', '아이', '경주', '여행', '것', '여행', '동안', '필요', '정보', '확인', '수', '정보']"
경주여행코스2박3일,https://kin.naver.com/qna/detail.naver?d1id=9&dirId=90111&docId=432884253&qb=6rK97KO87Jes7ZaJ&enc=utf8,질문이 있어요 5월23일5월25일 경주 여행코스 추천 해주세요 1 대상  어머니 경주여행코스2박3일답변드릴게요경주여행코스2박3일 답변드립니다  어머님을 모시고 떠나는 경주여행이 즐거운 추억으로 남을 수 있도록 제가,"['경주', '여행', '코스', '박', '일']","['질문', '월', '일', '월', '일', '경주', '여행', '코스', '추천', '대상', '어머니', '경주', '여행', '코스', '박', '일', '답변', '경주', '여행', '코스', '박', '일', '답변', '어머님', '경주', '여행', '추억', '수', '제']","['경주', '여행', '코스', '박', '일', '질문', '월', '일', '월', '일', '경주', '여행', '코스', '추천', '대상', '어머니', '경주', '여행', '코스', '박', '일', '답변', '경주', '여행', '코스', '박', '일', '답변', '어머님', '경주', '여행', '추억', '수', '제']"
2박3일 경주 여행,https://kin.naver.com/qna/detail.naver?d1id=9&dirId=90111&docId=473589663&qb=6rK97KO87Jes7ZaJ&enc=utf8,10월 2박3일 경주 여행코스 및 식당 추천부탁드립니다1인여행 숙소는 경주 여행 가실 때 방문하시기 좋은 뷰 예쁜 카페입니다포토존도 많고 다양한 작품도 함께 감상할 수 있는 카페라서경주 여행에 참고해 수면 좋을거 같아요,"['박', '일', '경주', '여행']","['월', '박', '일', '경주', '여행', '코스', '식당', '추천', '부탁', '인', '여행', '숙소', '경주', '여행', '가실', '때', '방문', '뷰', '카페', '포토', '존', '작품', '감상', '수', '카페', '경주', '여행', '참고', '수면', '거']","['박', '일', '경주', '여행', '월', '박', '일', '경주', '여행', '코스', '식당', '추천', '부탁', '인', '여행', '숙소', '경주', '여행', '가실', '때', '방문', '뷰', '카페', '포토', '존', '작품', '감상', '수', '카페', '경주', '여행', '참고', '수면', '거']"
경주 여행 질문,https://kin.naver.com/qna/detail.naver?d1id=9&dirId=90111&docId=469077239&qb=6rK97KO87Jes7ZaJ&enc=utf8,안녕하세요 경주여행을 가본 적이 없는데 이번에 가보려고 하거든요 1일 정도 돌아다닐 거 같은데 버스와 렌트카 반갑습니다 살아 있는 문화 유산의 도시 경주 여행을 1인당일로 준비중이시네요 경주 방문이 처음이시라면,"['경주', '여행', '질문']","['안녕', '경주', '여행', '적', '이번', '일', '정도', '거', '버스', '렌트카', '문화', '유산', '도시', '경주', '여행', '인', '당일', '준비', '중', '경주', '방문', '처음']","['경주', '여행', '질문', '안녕', '경주', '여행', '적', '이번', '일', '정도', '거', '버스', '렌트카', '문화', '유산', '도시', '경주', '여행', '인', '당일', '준비', '중', '경주', '방문', '처음']"
경주 여행 코스 어디가,https://kin.naver.com/qna/detail.naver?d1id=9&dirId=90111&docId=277365452&qb=6rK97KO87Jes7ZaJ&enc=utf8,가족들이랑 경주여행을 가려고 하는데  경주 여행 코스를 어떻게 해야할지 모르겟네요 경주 여행 코스 어디가 좋을까요 사실 중학교때 가보고 안가봤어요 경주 여행코스 가장 핫플레이스만 가보고 싶어요 혹시 경주 여행코스 다들,"['경주', '여행', '코스', '어디']","['가족', '경주', '여행', '경주', '여행', '코스', '경주', '여행', '코스', '어디', '중학교', '때', '경주', '여행', '코스', '핫', '플레이스', '경주', '여행', '코스']","['경주', '여행', '코스', '어디', '가족', '경주', '여행', '경주', '여행', '코스', '경주', '여행', '코스', '어디', '중학교', '때', '경주', '여행', '코스', '핫', '플레이스', '경주', '여행', '코스']"
6월 경주여행,https://kin.naver.com/qna/detail.naver?d1id=9&dirId=90111&docId=446801776&qb=6rK97KO87Jes7ZaJ&enc=utf8,제가 6월달에 엄마아빠랑 언니랑 경주여행을 가는데요 갈곳 추천해주세요너무 유명한 곳은 아니였음 하네요 예 경주여행을 계획하시는 것 같네요 저도 여러분들이 즐길 수 있는 장소와 활동을 추천해드릴게요  1 경주 월드컵,"['월', '경주', '여행']","['제', '월', '달', '엄마', '아빠', '언니', '경주', '여행', '곳', '추천', '곳', '경주', '여행', '계획', '것', '저', '여러분', '수', '장소', '활동', '추천', '경주', '월드컵']","['월', '경주', '여행', '제', '월', '달', '엄마', '아빠', '언니', '경주', '여행', '곳', '추천', '곳', '경주', '여행', '계획', '것', '저', '여러분', '수', '장소', '활동', '추천', '경주', '월드컵']"
경주여행지 추천해주세요,https://kin.naver.com/qna/detail.naver?d1id=9&dirId=90111&docId=411506708&qb=6rK97KO87Jes7ZaJ&enc=utf8,4월에 경주여행계획이 있어요 3박 일정으로 가려고해요 질문하신 경주여행지 관련 답변 드리도록 하겠습니다 4월에 경주 여행을 가시나 보군요 경주는 대부분 평지라 많으니 경주여행지 알아보실때 조금이라도 참고되셨으면,"['경주', '여행지', '추천']","['월', '경주', '여행', '계획', '박', '일정', '질문', '경주', '여행지', '관련', '답변', '월', '경주', '여행', '경주', '대부분', '평지', '경주', '여행지', '때', '조금', '참고']","['경주', '여행지', '추천', '월', '경주', '여행', '계획', '박', '일정', '질문', '경주', '여행지', '관련', '답변', '월', '경주', '여행', '경주', '대부분', '평지', '경주', '여행지', '때', '조금', '참고']"
경주여행 추천 좀 해주세요,https://kin.naver.com/qna/detail.naver?d1id=9&dirId=90111&docId=393877651&qb=6rK97KO87Jes7ZaJ&enc=utf8,가야하는 경주 여행지도 추천 부탁합니다 경주보문단지내에 위치한 우양미술관은 국내최초 경주여행에서 꼭 추천드리고 싶은 장소는 동궁과 월지인데요 신라시대의 별궁터였었고 왕자가 생활하는 장소였다고 합니다,"['경주', '여행', '추천']","['가야', '경주', '여행지', '추천', '부탁', '경주', '보문', '단지', '내', '위치', '우양', '미술관', '국내', '최초', '경주', '여행', '추천', '장소', '동궁', '월지', '신라', '시대', '궁터', '왕자', '생활', '장소']","['경주', '여행', '추천', '가야', '경주', '여행지', '추천', '부탁', '경주', '보문', '단지', '내', '위치', '우양', '미술관', '국내', '최초', '경주', '여행', '추천', '장소', '동궁', '월지', '신라', '시대', '궁터', '왕자', '생활', '장소']"
경주여행 코스지도숙소,https://kin.naver.com/qna/detail.naver?d1id=9&dirId=90111&docId=223857049&qb=6rK97KO87Jes7ZaJ&enc=utf8,2주후에 여자친구와 같이 경주여행을 하기로 했어요 차를 가지고 갈 예정인데요 경주여행 어떤식으로 코스를 잡고 가는것이 좋을까요 그리고 경주여행 코스 지도를 알아보고 외 경주여행 하면서 갈만한 곳 몇군데도 알려주세요 경주,"['경주', '여행', '코스', '지도', '숙소']","['주', '후', '여자', '친구', '경주', '여행', '차', '예정', '경주', '여행', '식', '코스', '것', '경주', '여행', '코스', '지도', '외', '경주', '여행', '만', '곳', '군데', '경주']","['경주', '여행', '코스', '지도', '숙소', '주', '후', '여자', '친구', '경주', '여행', '차', '예정', '경주', '여행', '식', '코스', '것', '경주', '여행', '코스', '지도', '외', '경주', '여행', '만', '곳', '군데', '경주']"
경주 여행 2박3일 코스 조언부탁드립니다,https://kin.naver.com/qna/detail.naver?d1id=9&dirId=90111&docId=416117973&qb=6rK97KO87Jes7ZaJ&enc=utf8,저희 가족과 저희 부모님을 모시고 경주여행을 2박3일 질문하신 경주 여행 코스 관련 답변드리겠습니다 가족 분들과 함께 경주 여행을 계획하고 계시는군요 가족 3일 경주 여행 일정을 준비했어요 아래 첨부된 일정을 참고해,"['경주', '여행', '박', '일', '코스', '조언', '부탁']","['저희', '가족', '저희', '부모', '경주', '여행', '박', '일', '질문', '경주', '여행', '코스', '관련', '답변', '가족', '분', '경주', '여행', '계획', '가족', '일', '경주', '여행', '일정', '준비', '아래', '첨부', '일정', '참고']","['경주', '여행', '박', '일', '코스', '조언', '부탁', '저희', '가족', '저희', '부모', '경주', '여행', '박', '일', '질문', '경주', '여행', '코스', '관련', '답변', '가족', '분', '경주', '여행', '계획', '가족', '일', '경주', '여행', '일정', '준비', '아래', '첨부', '일정', '참고']"
친정엄마와 2박3일 경주여행 코스요,https://kin.naver.com/qna/detail.naver?d1id=9&dirId=90111&docId=423260716&qb=6rK97KO87Jes7ZaJ&enc=utf8,7월 10일 70대초반 아주 건강한 친정엄마와 둘이 경주여행 질문하신 경주 여행 코스 관련 답변드리겠습니다 부모님과 함께하는 경주 여행을 계획 중이시군요 숙소의 맞춤형 경주 여행 일정을 준비했어요 아래 첨부된 일정을,"['친정', '엄마', '박', '일', '경주', '여행', '코스']","['월', '일', '대', '초반', '건강', '친정', '엄마', '둘', '경주', '여행', '질문', '경주', '여행', '코스', '관련', '답변', '부모', '경주', '여행', '계획', '중', '숙소', '맞춤', '경주', '여행', '일정', '준비', '아래', '첨부', '일정']","['친정', '엄마', '박', '일', '경주', '여행', '코스', '월', '일', '대', '초반', '건강', '친정', '엄마', '둘', '경주', '여행', '질문', '경주', '여행', '코스', '관련', '답변', '부모', '경주', '여행', '계획', '중', '숙소', '맞춤', '경주', '여행', '일정', '준비', '아래', '첨부', '일정']"
경주 여행 황리단길 맛집추천,https://kin.naver.com/qna/detail.naver?d1id=9&dirId=901&docId=451834956&qb=6rK97KO87Jes7ZaJ&enc=utf8,이번주에 경주여행 가는데 황리단길 근처로 맛집 많이 추천해주세요  뚜벅이라 거리멀면 힘들어요 ㅠㅠ 경주 여행을 위한 황리단길 맛집 추천과 황리단 맛집과 경주 맛집은 매일 많은 분들이 줄을 오랫동안 서서 기다려 먹는 곳과 배달,"['경주', '여행', '황리', '길', '맛집', '추천']","['이번', '주', '경주', '여행', '황리', '길', '근처', '맛집', '추천', '거리', '경주', '여행', '황리', '길', '맛집', '추천', '황리', '맛집', '경주', '맛집', '분', '줄', '오랫동안', '곳', '배달']","['경주', '여행', '황리', '길', '맛집', '추천', '이번', '주', '경주', '여행', '황리', '길', '근처', '맛집', '추천', '거리', '경주', '여행', '황리', '길', '맛집', '추천', '황리', '맛집', '경주', '맛집', '분', '줄', '오랫동안', '곳', '배달']"
경주여행숙소추천,https://kin.naver.com/qna/detail.naver?d1id=9&dirId=90111&docId=460129729&qb=6rK97KO87Jes7ZaJ&enc=utf8,안녕하세요 경기도권에 사는 사람입니다 내년 1월 중순쯤 경주여행을 갈 예정입니다 인원은 엄마3명과 초등5명 총 8명 근데 추운 겨울 걷는건 비추입니다 ㅠㅠ 가까운 거리도 택시 타고 다니세요 lt quot quot quotquot quot 즐거운 경주여행 되시기,"['경주', '여행', '숙소', '추천']","['안녕', '경기도', '사람', '내년', '월', '중순', '경주', '여행', '예정', '인원', '엄마', '명', '초등', '명', '명', '겨울', '건', '비추', '거리', '택시', '경주', '여행']","['경주', '여행', '숙소', '추천', '안녕', '경기도', '사람', '내년', '월', '중순', '경주', '여행', '예정', '인원', '엄마', '명', '초등', '명', '명', '겨울', '건', '비추', '거리', '택시', '경주', '여행']"
경주여행지,https://kin.naver.com/qna/detail.naver?d1id=9&dirId=90111&docId=393450697&qb=6rK97KO87Jes7ZaJ&enc=utf8,여자친구랑 경주여행 갈려고 하는데요 혹시 가볼만한 곳이나 경치 좋은 곳 있을까요 차타구 이동할꺼구요 해주셍ㅛ 경주 여행을 계획하고 계시는군요 요즘 경주로 여행 가시는 분들이 정말 많은데요 그만큼,"['경주', '여행지']","['여자', '친구', '경주', '여행', '만', '곳', '경치', '곳', '차', '이동', '꺼', '셍', '경주', '여행', '계획', '경주', '여행', '분']","['경주', '여행지', '여자', '친구', '경주', '여행', '만', '곳', '경치', '곳', '차', '이동', '꺼', '셍', '경주', '여행', '계획', '경주', '여행', '분']"
경주 여행 감성 독채 자쿠지 숙소 추천 부탁드립니다,https://kin.naver.com/qna/detail.naver?d1id=9&dirId=90111&docId=439595095&qb=6rK97KO87Jes7ZaJ&enc=utf8,3월 마지막 주에 경주 여행을 계획하고 있습니다 어른5명 4세 아이 가능한 독채 자쿠지 숙소 괜찮은 곳 있으면 추천 휴식을 취하고자 하는 분들께 최적의 선택입니다 즐거운 경주 여행 되시길 바랍니다 httpittastaykrhtmlindexhtml,"['경주', '여행', '감성', '독', '쿠지', '숙소', '추천', '부탁']","['월', '마지막', '주', '경주', '여행', '계획', '어른', '명', '세', '아이', '가능', '독채', '자', '쿠지', '숙소', '곳', '추천', '휴식', '분', '최적', '선택', '경주', '여행']","['경주', '여행', '감성', '독', '쿠지', '숙소', '추천', '부탁', '월', '마지막', '주', '경주', '여행', '계획', '어른', '명', '세', '아이', '가능', '독채', '자', '쿠지', '숙소', '곳', '추천', '휴식', '분', '최적', '선택', '경주', '여행']"
11월말 경주여행,https://kin.naver.com/qna/detail.naver?d1id=9&dirId=90111&docId=456230156&qb=6rK97KO87Jes7ZaJ&enc=utf8,11월 말에 1박2일로 4명 경주여행갈건데 코스 추천 부탁드립니다 경주에 놀러 오시는 군요 1박 2일 코스에다가 11월 그래도 패딩 느낌은 아니고 두꺼운 코트나 경량패딩 정도 입고 오시기를 추천드려요 즐거운 경주 여행 되세요,"['월', '말', '경주', '여행']","['월', '말', '박', '일', '명', '경주', '여행', '건데', '코스', '추천', '부탁', '경주', '군요', '박', '일', '코스', '월', '패딩', '느낌', '코트', '경량', '패딩', '정도', '추천', '경주', '여행']","['월', '말', '경주', '여행', '월', '말', '박', '일', '명', '경주', '여행', '건데', '코스', '추천', '부탁', '경주', '군요', '박', '일', '코스', '월', '패딩', '느낌', '코트', '경량', '패딩', '정도', '추천', '경주', '여행']"
경주여행 추천부탁드려요,https://kin.naver.com/qna/detail.naver?d1id=9&dirId=90111&docId=413669755&qb=6rK97KO87Jes7ZaJ&enc=utf8,경주여행을 다녀오고싶은데 기본적으로 가볼만한곳들 말고 특별히 가보면 좋을곳이 있을까요맛집이나 문의주신 경주 가볼만한곳 추천드릴게요 즐거운 경주여행 되셨으면 좋겠어요 ㅎ 경북 경주 가볼만한곳 1,"['경주', '여행', '추천', '부탁']","['경주', '여행', '기본', '만', '곳', '곳', '맛집', '문', '주신', '경주', '만', '곳', '추천', '경주', '여행', '경북', '경주', '만', '곳']","['경주', '여행', '추천', '부탁', '경주', '여행', '기본', '만', '곳', '곳', '맛집', '문', '주신', '경주', '만', '곳', '추천', '경주', '여행', '경북', '경주', '만', '곳']"
2박3일 경주여행 코스 추천이요,https://kin.naver.com/qna/detail.naver?d1id=9&dirId=90111&docId=432706403&qb=6rK97KO87Jes7ZaJ&enc=utf8,요번에는 색다른 주제로 경주 여행을 하고 싶어요 문화재 위주가 아닌 다른 위주로 갈만한 곳 추천해주세요 야경 2박3일 경주여행 코스 추천이요답변드릴게요안녕하세요 저도 저번주에 경주여행갔던 사람입니다 경주여행이,"['박', '일', '경주', '여행', '코스', '추천']","['요번', '주제', '경주', '여행', '문화재', '위주', '위주', '갈만', '곳', '추천', '야경', '박', '일', '경주', '여행', '코스', '추천', '답변', '안녕', '저', '저번', '주', '경주', '여행', '사람', '경주', '여행']","['박', '일', '경주', '여행', '코스', '추천', '요번', '주제', '경주', '여행', '문화재', '위주', '위주', '갈만', '곳', '추천', '야경', '박', '일', '경주', '여행', '코스', '추천', '답변', '안녕', '저', '저번', '주', '경주', '여행', '사람', '경주', '여행']"
추천해주세요 경주여행,https://kin.naver.com/qna/detail.naver?d1id=8&dirId=80204&docId=437683257&qb=6rK97KO87Jes7ZaJ&enc=utf8,추천해주세요 경주여행 안녕하세요 무계획 이 루트로 이용시 실패없는 경주여행 소개해드릴까 합니다 ㅎㅎ 한번 보시고 마음에 드신다면 채택 부탁드립니다,"['추천', '경주', '여행']","['추천', '경주', '여행', '안녕', '계획', '루트', '용시', '실패', '경주', '여행', '소개', '번', '마음', '다면', '채택', '부탁']","['추천', '경주', '여행', '추천', '경주', '여행', '안녕', '계획', '루트', '용시', '실패', '경주', '여행', '소개', '번', '마음', '다면', '채택', '부탁']"
캐리어사이즈 추천 경주여행,https://kin.naver.com/qna/detail.naver?d1id=9&dirId=90111&docId=456838651&qb=6rK97KO87Jes7ZaJ&enc=utf8,이번에 아버지랑 2박3일로 경주여행을 가기로 했습니다 캐리어가 없어 이참에 겸사겸사로 하나 살까 합니다 캐리어사이즈 추천 부탁드립니다 경주여행에 20인치 캐리어를 추천합니다 매일이 즐거우셨으면 좋겠습니당,"['캐리', '어사이즈', '추천', '경주', '여행']","['이번', '아버지', '박', '일', '경주', '여행', '캐리어', '참', '하나', '캐리', '어사이즈', '추천', '부탁', '경주', '여행', '인치', '캐리어', '추천', '매일']","['캐리', '어사이즈', '추천', '경주', '여행', '이번', '아버지', '박', '일', '경주', '여행', '캐리어', '참', '하나', '캐리', '어사이즈', '추천', '부탁', '경주', '여행', '인치', '캐리어', '추천', '매일']"
경주여행,https://kin.naver.com/qna/detail.naver?d1id=9&dirId=90111&docId=396653047&qb=6rK97KO87Jes7ZaJ&enc=utf8,경주 여행을 가려고 하는데 혹시 경주에 폴라로이드 카메라 대여 할 수 있는곳이나 싸게 구매하는 할 수있는곳 그리고 경주여행 온다고 하시니 숙소가 제일 중요하잖아요 그래서 저희 오푸스11 풀빌라펜션을 추천해드리려고,"['경주', '여행']","['경주', '여행', '경주', '폴라로이드', '카메라', '대여', '수', '곳', '구매', '수', '곳', '경주', '여행', '숙소', '중요', '저희', '오푸스', '풀', '빌라', '펜션', '추천']","['경주', '여행', '경주', '여행', '경주', '폴라로이드', '카메라', '대여', '수', '곳', '구매', '수', '곳', '경주', '여행', '숙소', '중요', '저희', '오푸스', '풀', '빌라', '펜션', '추천']"
경주 여행 렌터카 문의,https://kin.naver.com/qna/detail.naver?d1id=9&dirId=90111&docId=431915466&qb=6rK97KO87Jes7ZaJ&enc=utf8,경주여행을 가려고 합니다 우선 숙소는 터미널 주요 관광지를 도보 510분 경주 여행 관광지 추천해드리겠습니다 말씀하신 터미널에서 주요 관광지는 경주 여행은 황리단길에서 시작한다고 보시면 됩니다 황리단길을 시작으로,"['경주', '여행', '렌터카', '문의']","['경주', '여행', '숙소', '터미널', '주요', '관광지', '도보', '분', '경주', '여행', '관광지', '추천', '말씀', '터미널', '주요', '관광지', '경주', '여행', '황리', '길', '시작', '황리', '길', '시작']","['경주', '여행', '렌터카', '문의', '경주', '여행', '숙소', '터미널', '주요', '관광지', '도보', '분', '경주', '여행', '관광지', '추천', '말씀', '터미널', '주요', '관광지', '경주', '여행', '황리', '길', '시작', '황리', '길', '시작']"
2박3일 경주여행 코스 추천이요,https://kin.naver.com/qna/detail.naver?d1id=9&dirId=901&docId=226543245&qb=6rK97KO87Jes7ZaJ&enc=utf8,요번에는 색다른 주제로 경주 여행을 하고 싶어요 2박3일 경주여행코스 추천입니다  안녕하세요  2코스  경주 남산 정복하기 gt 경주 여행코스 중에서 많은 4코스  불국사와 석굴암 관람하기 gt 경주여행의 랜드마크죠,"['박', '일', '경주', '여행', '코스', '추천']","['요번', '주제', '경주', '여행', '박', '일', '경주', '여행', '코스', '추천', '코스', '경주', '남산', '정복', '경주', '여행', '코스', '중', '코스', '불국사', '석굴암', '관람', '경주', '여행', '랜드마크']","['박', '일', '경주', '여행', '코스', '추천', '요번', '주제', '경주', '여행', '박', '일', '경주', '여행', '코스', '추천', '코스', '경주', '남산', '정복', '경주', '여행', '코스', '중', '코스', '불국사', '석굴암', '관람', '경주', '여행', '랜드마크']"
경주 여행내공100,https://kin.naver.com/qna/detail.naver?d1id=9&dirId=90111&docId=465245141&qb=6rK97KO87Jes7ZaJ&enc=utf8,경주 여행 당일치기로 일찍아침에 거고 저녁 늦은시간에 갈려는데 꼭 가야되는곳이랑 반려건 동반입장이 되는지 궁금합니다 반려견 동반 경주 여행지 추천해드려요,"['경주', '여행', '내공']","['경주', '여행', '당일치기', '아침', '저녁', '시간', '데', '곳', '반려', '동반', '입장', '반려', '견', '동반', '경주', '여행지', '추천']","['경주', '여행', '내공', '경주', '여행', '당일치기', '아침', '저녁', '시간', '데', '곳', '반려', '동반', '입장', '반려', '견', '동반', '경주', '여행지', '추천']"
경주여행 렌트,https://kin.naver.com/qna/detail.naver?d1id=9&dirId=90111&docId=407610181&qb=6rK97KO87Jes7ZaJ&enc=utf8,렌트해서 경주여행할려하는데 경주도 부산처럼 운전하는거 많이 빡센가여 부산에 살고 있다보니 종종 경주여행을 가는데 일단 차가 많이 몰리는 곳은 황리단길 첨성대 인근 대릉원인근 경주시내 정도 입니다 여기 외에는 운전하는데,"['경주', '여행', '렌트']","['렌트', '경주', '여행', '경주', '부산', '운전', '거', '가여', '부산', '경주', '여행', '차', '곳', '황리', '길', '첨성대', '인근', '대릉원', '인근', '경주', '시내', '정도', '여기', '외', '운전']","['경주', '여행', '렌트', '렌트', '경주', '여행', '경주', '부산', '운전', '거', '가여', '부산', '경주', '여행', '차', '곳', '황리', '길', '첨성대', '인근', '대릉원', '인근', '경주', '시내', '정도', '여기', '외', '운전']"
주말 1박2일 경주 여행 코스 문의 드립니다,https://kin.naver.com/qna/detail.naver?d1id=9&dirId=90111&docId=435585473&qb=6rK97KO87Jes7ZaJ&enc=utf8,엄마 아빠랑 같이 갈건데요 전 경주로 수학여행 다녀온지 너무 오래됐고 엄마아빠는 경주 여행이 처음이라서요 그리고 경주 맛집 있으면 추도 부탁드려용 주말 1박2일 경주 여행 코스 문의 드립니다답변드릴게요경주는,"['주말', '박', '일', '경주', '여행', '코스', '문']","['엄마', '아빠', '건데요', '경주로', '수학여행', '지', '엄마', '아빠', '경주', '여행', '처음', '경주', '맛집', '추도', '부탁', '주말', '박', '일', '경주', '여행', '코스', '문', '답변', '경주']","['주말', '박', '일', '경주', '여행', '코스', '문', '엄마', '아빠', '건데요', '경주로', '수학여행', '지', '엄마', '아빠', '경주', '여행', '처음', '경주', '맛집', '추도', '부탁', '주말', '박', '일', '경주', '여행', '코스', '문', '답변', '경주']"
경주여행 숙소,https://kin.naver.com/qna/detail.naver?d1id=12&dirId=121102&docId=404430193&qb=6rK97KO87Jes7ZaJ&enc=utf8,11월20일 토요일 경주여행을 가려고 하는데 숙소 정하기가 힘드네요 5인 2021 낭만있는 가을에 경주여행 즐기고싶다면 경주 신상 풀빌라오세요 수있어요 경주펜션 경주풀빌라 경주숙소 경주신축펜션 경주가볼만한곳 경주여행,"['경주', '여행', '숙소']","['월', '일', '토요일', '경주', '여행', '숙소', '인', '낭', '가을', '경주', '여행', '경주', '신상', '풀', '수', '경주', '펜션', '경주', '풀', '빌라', '경주', '숙소', '경주', '신축', '펜션', '경주', '만', '곳', '경주', '여행']","['경주', '여행', '숙소', '월', '일', '토요일', '경주', '여행', '숙소', '인', '낭', '가을', '경주', '여행', '경주', '신상', '풀', '수', '경주', '펜션', '경주', '풀', '빌라', '경주', '숙소', '경주', '신축', '펜션', '경주', '만', '곳', '경주', '여행']"
경주여행 택시투어와 렌트카이용,https://kin.naver.com/qna/detail.naver?d1id=9&dirId=90111&docId=405169257&qb=6rK97KO87Jes7ZaJ&enc=utf8,12월에 1박2일 지인들과 경주여행 가기로 했는데 질문하신 경주여행 택시투어와 관련하여 답변드리겠습니다 음 경주택시투어도 경주여행 시 편안하게 최근들어 경주여행 시 많은 분들이 택시투어를 이용하시는데요,"['경주', '여행', '택시', '투어', '렌트카', '이용']","['월', '박', '일', '지인', '경주', '여행', '질문', '경주', '여행', '택시', '투어', '관련', '답변', '경주', '택시', '투어', '경주', '여행', '시', '편안', '최근', '경주', '여행', '시', '분', '택시', '투어', '이용']","['경주', '여행', '택시', '투어', '렌트카', '이용', '월', '박', '일', '지인', '경주', '여행', '질문', '경주', '여행', '택시', '투어', '관련', '답변', '경주', '택시', '투어', '경주', '여행', '시', '편안', '최근', '경주', '여행', '시', '분', '택시', '투어', '이용']"
1박2일로 경주여행을 갑니다,https://kin.naver.com/qna/detail.naver?d1id=12&dirId=121102&docId=426744108&qb=6rK97KO87Jes7ZaJ&enc=utf8,1박2일로 경주여행을 갑니다 천군동에 위치한 풀빌라 3시 입실인데 경주 12시 도착예정이라서 그동안 안녕하세요 무계획없이 이 루트로 가면 실패가 없는 경주여행 소개해볼까 합니다 ㅎㅎ 한번 보시고 마음에 드신다면,"['박', '일', '경주', '여행']","['박', '일', '경주', '여행', '천군동', '위치', '풀', '빌라', '시', '입실', '경주', '시', '도착', '예정', '그동안', '안녕', '계획', '루트', '실패', '경주', '여행', '소개', '번', '마음']","['박', '일', '경주', '여행', '박', '일', '경주', '여행', '천군동', '위치', '풀', '빌라', '시', '입실', '경주', '시', '도착', '예정', '그동안', '안녕', '계획', '루트', '실패', '경주', '여행', '소개', '번', '마음']"
경주 여행에 빠질 수 없는 빵집,https://kin.naver.com/qna/detail.naver?d1id=9&dirId=90111&docId=329388645&qb=6rK97KO87Jes7ZaJ&enc=utf8,경주 여행에 빠질 수 없는 빵집 알려주세요 주말에 남편과 경주 여행 갑니다 제가 빵을 너무 좋아하는데 경주 여행 에서만 먹을 수 있는 빵집 어딘가요 경주 여행하기 좋은 계절입니다 저도 늘 이맘때 아이들과 경주에 가거든요,"['경주', '여행', '수', '빵집']","['경주', '여행', '수', '빵집', '주말', '남편', '경주', '여행', '제', '빵', '경주', '여행', '에서', '수', '빵집', '어딘가요', '경주', '여행', '계절', '저', '이맘때', '아이', '경주']","['경주', '여행', '수', '빵집', '경주', '여행', '수', '빵집', '주말', '남편', '경주', '여행', '제', '빵', '경주', '여행', '에서', '수', '빵집', '어딘가요', '경주', '여행', '계절', '저', '이맘때', '아이', '경주']"
경주여행 추천,https://kin.naver.com/qna/detail.naver?d1id=9&dirId=90111&docId=409786002&qb=6rK97KO87Jes7ZaJ&enc=utf8,중학생이고 친구랑 당일치기로 경주여행을 할려고 하는데 가볼만한 곳 제가 저번에 다녀온 경주 여행 코스를 같이 추천드릴테니 참고용으로 tistorycom46 제 글이 도움이 되서 즐거운 경주 여행 보내시면 좋겠네요 ㅎㅎ,"['경주', '여행', '추천']","['중학', '친구', '당일치기', '경주', '여행', '만', '곳', '제', '저번', '경주', '여행', '코스', '추천', '테', '참고', '제', '글', '도움', '경주', '여행']","['경주', '여행', '추천', '중학', '친구', '당일치기', '경주', '여행', '만', '곳', '제', '저번', '경주', '여행', '코스', '추천', '테', '참고', '제', '글', '도움', '경주', '여행']"
경주여행 코스 동선 어떻게 짜야될까요,https://kin.naver.com/qna/detail.naver?d1id=9&dirId=90101&docId=448411905&qb=6rK97KO87Jes7ZaJ&enc=utf8,자차 이용해서 1박2일로 경주 여행을 가려고 합니다 경주여행 코스 동선 어떻게 짜야될까요 이 문제에 대한 해결책을 제시해 드리도록 하겠습니다 Step 1 경주여행 이처럼 경주여행 코스 동선을 메인으로 잡은 장소와 그와,"['경주', '여행', '코스', '동선']","['자차', '이용', '박', '일', '경주', '여행', '경주', '여행', '코스', '동선', '문제', '해결책', '제시', '경주', '여행', '경주', '여행', '코스', '동선', '장소', '그']","['경주', '여행', '코스', '동선', '자차', '이용', '박', '일', '경주', '여행', '경주', '여행', '코스', '동선', '문제', '해결책', '제시', '경주', '여행', '경주', '여행', '코스', '동선', '장소', '그']"
1박2일 어르신들과함께 경주여행숙소와,https://kin.naver.com/qna/detail.naver?d1id=9&dirId=90111&docId=448650337&qb=6rK97KO87Jes7ZaJ&enc=utf8,1박2일 어르신들 경주여행추천 해주세요인원2025명 숙소는 식사가 함께 경주여행 추천 안녕하세요 경주여행에 관심이 있으신 것 같아서 저희가 함께하는 경주여행에서는 역사와 문화를 경험할 수 있는 명소를 추천합니다,"['박', '일', '어르신', '경주', '여행', '숙소']","['박', '일', '어르신', '경주', '여행', '추천', '인원', '명', '숙소', '식사', '경주', '여행', '추천', '안녕', '경주', '여행', '관심', '것', '저희', '경주', '여행', '역사', '문화', '경험', '수', '명소', '추천']","['박', '일', '어르신', '경주', '여행', '숙소', '박', '일', '어르신', '경주', '여행', '추천', '인원', '명', '숙소', '식사', '경주', '여행', '추천', '안녕', '경주', '여행', '관심', '것', '저희', '경주', '여행', '역사', '문화', '경험', '수', '명소', '추천']"
경주여행 용황이 무엇인가요,https://kin.naver.com/qna/detail.naver?d1id=9&dirId=90111&docId=466305148&qb=6rK97KO87Jes7ZaJ&enc=utf8,안녕하세요 경주 여행하려고 알아보고있습니다 알아보던중 황리단길과 용황동 용황지구 이렇게 알게되었는데 지역민은 용황쪽에서 자주 놀고 관광객들은 황리단길에서 논다는 말이 있더라고요 용황동 이라는 곳은 아예없던데,"['경주', '여행', '황', '무엇']","['안녕', '경주', '여행', '중', '황리', '길', '용', '황동', '황지', '지역민', '용', '황', '쪽', '관광객', '황리', '길', '말', '용', '황동', '곳']","['경주', '여행', '황', '무엇', '안녕', '경주', '여행', '중', '황리', '길', '용', '황동', '황지', '지역민', '용', '황', '쪽', '관광객', '황리', '길', '말', '용', '황동', '곳']"
경주 여행 돌아볼곳,https://kin.naver.com/qna/detail.naver?d1id=9&dirId=90111&docId=384132147&qb=6rK97KO87Jes7ZaJ&enc=utf8,경주 여행코스 알아보고있는데 마땅히 갈만한 곳있을까영 안녕하세요 취향대로 머물다 여기어때 입니다 질문하신 경주 여행 관련 답변 드리도록 하겠습니다 경주 여행을 하시나 봅니다 갈만한 곳 몇가지 알려드리도록,"['경주', '여행', '곳']","['경주', '여행', '코스', '갈만', '곳', '안녕', '취향', '때', '질문', '경주', '여행', '관련', '답변', '경주', '여행', '만', '곳', '가지']","['경주', '여행', '곳', '경주', '여행', '코스', '갈만', '곳', '안녕', '취향', '때', '질문', '경주', '여행', '관련', '답변', '경주', '여행', '만', '곳', '가지']"
할머니랑 12월 경주여행,https://kin.naver.com/qna/detail.naver?d1id=9&dirId=90111&docId=405014251&qb=6rK97KO87Jes7ZaJ&enc=utf8,할머니랑 1박2일로 경주여행 갈려고 하는데 코스를 어떻게 짜면 좋을까요 질문하신 경주여행과 관련하여 답변드리겠습니다 할머니랑 여행을 요즘에는 경주택시투어를 통해 보다 편안하게 경주여행을 즐겨보실 수,"['할머니', '월', '경주', '여행']","['할머니', '박', '일', '경주', '여행', '코스', '질문', '경주', '여행', '관련', '답변', '할머니', '여행', '요즘', '경주', '택시', '투어', '편안', '경주', '여행', '수']","['할머니', '월', '경주', '여행', '할머니', '박', '일', '경주', '여행', '코스', '질문', '경주', '여행', '관련', '답변', '할머니', '여행', '요즘', '경주', '택시', '투어', '편안', '경주', '여행', '수']"
경주여행 1박2일 알찬코스로 추천해주세요,https://kin.naver.com/qna/detail.naver?d1id=9&dirId=90105&docId=434332784&qb=6rK97KO87Jes7ZaJ&enc=utf8,경주여행 1박2일 알찬코스로 추천해주세요 1박이라 짧지만 질문하신 경주여행 관련 답변 드리도록 하겠습니다 1박2일 경주여행을 다녀오실 예정이시군요 가볼만한 곳들 좋으니 경주 여행하시는데 참고하시기 바랍니다 도움이,"['경주', '여행', '박', '일', '코스', '추천']","['경주', '여행', '박', '일', '코스', '추천', '박', '질문', '경주', '여행', '관련', '답변', '박', '일', '경주', '여행', '예정', '만', '곳', '경주', '여행', '참고', '도움']","['경주', '여행', '박', '일', '코스', '추천', '경주', '여행', '박', '일', '코스', '추천', '박', '질문', '경주', '여행', '관련', '답변', '박', '일', '경주', '여행', '예정', '만', '곳', '경주', '여행', '참고', '도움']"
사월말에 가족들과 경주여행 계획중인데,https://kin.naver.com/qna/detail.naver?d1id=9&dirId=90111&docId=402100153&qb=6rK97KO87Jes7ZaJ&enc=utf8,사월말에 가족들과 경주여행 계획중인데 경주는 처음가는곳이 업네요 가족들과 가볼만한곳 즘 소개해주세요경경주는 가족과 함께 경주 여행 계획하고 계시군요한화리조트 경주 내에서도 즐거운 경주 여행의 추억을 만드실 수,"['사월', '말', '가족', '경주', '여행', '계획', '중']","['사월', '말', '가족', '경주', '여행', '계획', '중', '경주', '곳', '가족', '만', '곳', '소개', '경경', '가족', '경주', '여행', '계획', '한화', '리조트', '경주', '내', '경주', '여행', '추억', '수']","['사월', '말', '가족', '경주', '여행', '계획', '중', '사월', '말', '가족', '경주', '여행', '계획', '중', '경주', '곳', '가족', '만', '곳', '소개', '경경', '가족', '경주', '여행', '계획', '한화', '리조트', '경주', '내', '경주', '여행', '추억', '수']"
경주여행 지금,https://kin.naver.com/qna/detail.naver?d1id=12&dirId=121102&docId=365192852&qb=6rK97KO87Jes7ZaJ&enc=utf8,경주여행 3가지만 답해주세요 1지금 경주여행가면 많이 더울까요 2쪄죽을정도로 못돌아다니나요 3 고속버스타고 1지금 경주여행가면 많이 더울까요 가장 더운 시기입니다 낮에 30도가 넘고 34도까지 갈수도 있습니다 2,"['경주', '여행', '지금']","['경주', '여행', '가지', '답', '경주', '여행', '정도', '고속버스', '경주', '여행', '시기', '낮', '도', '도', '수']","['경주', '여행', '지금', '경주', '여행', '가지', '답', '경주', '여행', '정도', '고속버스', '경주', '여행', '시기', '낮', '도', '도', '수']"
경주여행 3박4일 가족 여행 코스 추천부탁드려요,https://kin.naver.com/qna/detail.naver?d1id=9&dirId=90111&docId=450900235&qb=6rK97KO87Jes7ZaJ&enc=utf8,경주여행 3박4일 코스로 추천 부탁드려요 이번 추석기간에 4인 가족아이들은 없어요이 함께 여행을 가고자 경주여행 3박4일 가족 여행 코스 추천해 드릴게요 제가 여러분을 위해 직접 조사한 결과를 바탕으로 최적의 코스를 제안해,"['경주', '여행', '박', '일', '가족', '여행', '코스', '추천', '부탁']","['경주', '여행', '박', '일', '코스', '추천', '부탁', '이번', '추석', '기간', '인', '가족', '아이', '여행', '경주', '여행', '박', '일', '가족', '여행', '코스', '추천', '제', '여러분', '조사', '결과', '바탕', '최적', '코스', '제안']","['경주', '여행', '박', '일', '가족', '여행', '코스', '추천', '부탁', '경주', '여행', '박', '일', '코스', '추천', '부탁', '이번', '추석', '기간', '인', '가족', '아이', '여행', '경주', '여행', '박', '일', '가족', '여행', '코스', '추천', '제', '여러분', '조사', '결과', '바탕', '최적', '코스', '제안']"
초등학생경주여행,https://kin.naver.com/qna/detail.naver?d1id=9&dirId=90111&docId=455869243&qb=6rK97KO87Jes7ZaJ&enc=utf8,전남에서 2박3일로 초등학생데리고 경주여행을 가져고하는데요 아 코스짜기가 쉽지않네요 숙소는 질문하신 경주여행지 관련 답변 드리도록 하겠습니다 2박3일간 다녀올만한 곳으로 경주여행지를 찾고 계시나 봅니다 경주에,"['초등학생', '경주', '여행']","['전남', '박', '일', '초등학생', '경주', '여행', '코스', '숙소', '질문', '경주', '여행지', '관련', '답변', '박', '일', '간', '만', '곳', '경주', '여행지', '경주']","['초등학생', '경주', '여행', '전남', '박', '일', '초등학생', '경주', '여행', '코스', '숙소', '질문', '경주', '여행지', '관련', '답변', '박', '일', '간', '만', '곳', '경주', '여행지', '경주']"
경주 여행코스 동선별로 추천해주세요,https://kin.naver.com/qna/detail.naver?d1id=9&dirId=90111&docId=405771688&qb=6rK97KO87Jes7ZaJ&enc=utf8,경주 여행코스 동선 일이 있어서 경주 가는김에 다음주에 하루 정도만 보려고 하는데 일단 석굴암 불국사는 질문하신 경주 여행일정 관련 답변 드리도록 하겠습니다 비록 1박2일이지만 사실상 당일치기인 경주 여행을 준비,"['경주', '여행', '코스', '동선', '추천']","['경주', '여행', '코스', '동선', '일', '경주', '김', '다음', '주', '하루', '정도', '석굴암', '불국사', '질문', '경주', '여행', '일정', '관련', '답변', '박', '일', '당일치기', '경주', '여행', '준비']","['경주', '여행', '코스', '동선', '추천', '경주', '여행', '코스', '동선', '일', '경주', '김', '다음', '주', '하루', '정도', '석굴암', '불국사', '질문', '경주', '여행', '일정', '관련', '답변', '박', '일', '당일치기', '경주', '여행', '준비']"
1박2일 초보운전 경주여행코스,https://kin.naver.com/qna/detail.naver?d1id=9&dirId=901&docId=248854588&qb=6rK97KO87Jes7ZaJ&enc=utf8,1박2일로 경주여행 코스좀 짜주세요 아무래도 가는데는 어려움이 없을것 4월 12일에 경주여행하기에 좋은 날일 것 같아요 벚꽃들이 서서히 개화를 참고로 쭈니아빠 블로그를 방문하시면 경주여행 카테고리가 있습니다,"['박', '일', '초보', '운전', '경주', '여행', '코스']","['박', '일', '경주', '여행', '코스', '데', '어려움', '것', '월', '일', '경주', '여행', '날', '것', '벚꽃', '개화', '참고', '쭈니', '아빠', '블로그', '방문', '경주', '여행', '카테고리']","['박', '일', '초보', '운전', '경주', '여행', '코스', '박', '일', '경주', '여행', '코스', '데', '어려움', '것', '월', '일', '경주', '여행', '날', '것', '벚꽃', '개화', '참고', '쭈니', '아빠', '블로그', '방문', '경주', '여행', '카테고리']"
아들과초4년 경주여행 일정,https://kin.naver.com/qna/detail.naver?d1id=9&dirId=90111&docId=230463403&qb=6rK97KO87Jes7ZaJ&enc=utf8,아들과 경주여행을 가려합니다 선배님들의 조언을 경주여행코스 추천드립니다 안녕하세요 여행전문블로거 초등학교 4학년 아들과 함께 가는 경주여행이라면 역사와  하루 코스  경주 남산 정복하기 gt 경주 여행코스 중에서,"['아들', '년', '경주', '여행', '일정']","['아들', '경주', '여행', '선배', '조언', '경주', '여행', '코스', '추천', '여행', '전문', '블로거', '초등', '학교', '학년', '아들', '경주', '여행', '역사', '하루', '코스', '경주', '남산', '정복', '경주', '여행', '코스', '중']","['아들', '년', '경주', '여행', '일정', '아들', '경주', '여행', '선배', '조언', '경주', '여행', '코스', '추천', '여행', '전문', '블로거', '초등', '학교', '학년', '아들', '경주', '여행', '역사', '하루', '코스', '경주', '남산', '정복', '경주', '여행', '코스', '중']"
경주 여행을 가려고 함니다,https://kin.naver.com/qna/detail.naver?d1id=13&dirId=130102&docId=38195921&qb=6rK97KO87Jes7ZaJ&enc=utf8,저희 가족이 2박 3일로 경주 여행을 가려고 합니다 가족은 4인가족 3학년 5학년이구요 경주에 있는 문화재를 보고 작년 여름방학 때 저도 경주여행 한 번 했었죠 저는 2박3일로 갔다온게 아니라 당일로 갔다왔습니다 성심껏 답변,"['경주', '여행']","['저희', '가족', '박', '일', '경주', '여행', '가족', '인', '가족', '학년', '학년', '경주', '문화재', '작년', '여름', '방학', '때', '저', '경주', '여행', '번', '저', '박', '일', '게', '당일', '답변']","['경주', '여행', '저희', '가족', '박', '일', '경주', '여행', '가족', '인', '가족', '학년', '학년', '경주', '문화재', '작년', '여름', '방학', '때', '저', '경주', '여행', '번', '저', '박', '일', '게', '당일', '답변']"
포항에서 경주가는 기차와 요금 그리고 경주 여행시,https://kin.naver.com/qna/detail.naver?d1id=9&dirId=90111&docId=432662556&qb=6rK97KO87Jes7ZaJ&enc=utf8,포항에서 경주가는 기차와 요금 그리고 경주 여행시 중3과 경주 여행시 가보아야 할 코스 그리고 경주 맛집 그리고 경주 여행시 가보아야 할곳답변드릴게요포항에서 경주 가시는 열차 시간가격경주여행시 가보아야 할,"['포항', '경주', '기차', '요금', '경주', '여행', '시']","['포항', '경주', '기차', '요금', '경주', '여행', '시', '중', '경주', '여행', '코스', '경주', '맛집', '경주', '여행', '곳', '답변', '포항', '경주', '가시', '열차', '시간', '가격', '경주', '여행']","['포항', '경주', '기차', '요금', '경주', '여행', '시', '포항', '경주', '기차', '요금', '경주', '여행', '시', '중', '경주', '여행', '코스', '경주', '맛집', '경주', '여행', '곳', '답변', '포항', '경주', '가시', '열차', '시간', '가격', '경주', '여행']"
경주여행 갈만한곳 알려주세요,https://kin.naver.com/qna/detail.naver?d1id=9&dirId=90111&docId=228946682&qb=6rK97KO87Jes7ZaJ&enc=utf8,경주여행을 가려고 합니다 2박3일 경주를 관광하며 옛 문화와 정서를 배워보고 체험하고자 경주여행 계획을 세우고 있는데요 1일차 2일차 3일차 어떤식으로 경주여행 계획을 세워야할지 궁금합니다 가족들과 함께하는 경주여행,"['경주', '여행', '갈만', '곳']","['경주', '여행', '박', '일', '경주', '관광', '문화', '정서', '체험', '경주', '여행', '계획', '일', '차', '일', '차', '일', '차', '식', '경주', '여행', '계획', '가족', '경주', '여행']","['경주', '여행', '갈만', '곳', '경주', '여행', '박', '일', '경주', '관광', '문화', '정서', '체험', '경주', '여행', '계획', '일', '차', '일', '차', '일', '차', '식', '경주', '여행', '계획', '가족', '경주', '여행']"
경주여행 질문이요,https://kin.naver.com/qna/detail.naver?d1id=9&dirId=90111&docId=126885458&qb=6rK97KO87Jes7ZaJ&enc=utf8,안녕하세요 경주여행을 준비중인데요 출발지는 서울이구요 3월 22일 오전6시경에 서울에서 출발하려고 하고요 부탁드려요 경주여행 일정과 형편에 맞게 아래코스에서 조절하면 됩니다 시내버스투어도보 자전거,"['경주', '여행', '질문']","['안녕', '경주', '여행', '준비', '중', '출발지', '서울', '월', '일', '오전', '시', '서울', '출발', '경주', '여행', '일정', '형편', '아래', '코스', '조절', '시내버스', '투어', '도보', '자전거']","['경주', '여행', '질문', '안녕', '경주', '여행', '준비', '중', '출발지', '서울', '월', '일', '오전', '시', '서울', '출발', '경주', '여행', '일정', '형편', '아래', '코스', '조절', '시내버스', '투어', '도보', '자전거']"
역사에무지한 경주여행코스 부탁 드려요,https://kin.naver.com/qna/detail.naver?d1id=9&dirId=90105&docId=392846970&qb=6rK97KO87Jes7ZaJ&enc=utf8,이번에 여동생이랑 경주여행1박2일 하려고 하는데요 부끄럽지만 고등학생때 역사 넘 싫어해서 역사 잘 몰라요 안내소 책자나 경주 여행 사이트 활용하시면 됩니다 책자가 진짜 잘 나와있어서 그리고 경주나 어디 여행 가시면,"['역사', '경주', '여행', '코스', '부탁']","['이번', '여동생', '경주', '여행', '박', '일', '고등학생', '때', '역사', '역사', '안내소', '책자', '경주', '여행', '사이트', '활용', '책자', '경주', '어디', '여행']","['역사', '경주', '여행', '코스', '부탁', '이번', '여동생', '경주', '여행', '박', '일', '고등학생', '때', '역사', '역사', '안내소', '책자', '경주', '여행', '사이트', '활용', '책자', '경주', '어디', '여행']"
경주여행 코스추천,https://kin.naver.com/qna/detail.naver?d1id=9&dirId=90111&docId=75240723&qb=6rK97KO87Jes7ZaJ&enc=utf8,경주 여행 가려고 합니다 4우러 30일 새벽에 출발 해서 대명 콘도에 묵을 예정인데 1박2일동안 있을 예정이고 기림사 분황사 부처골 무열왕릉 석굴암 황룡사지 오릉 국립경주박물관 참고하시어 유쾌한 경주여행 하시기를,"['경주', '여행', '코스', '추천']","['경주', '여행', '일', '새벽', '대명', '콘도', '예정', '박', '일', '동안', '예정', '기림사', '분황사', '부처', '골', '무열왕릉', '석굴암', '황룡', '사지', '오릉', '국립', '경주', '박물관', '참고', '경주', '여행']","['경주', '여행', '코스', '추천', '경주', '여행', '일', '새벽', '대명', '콘도', '예정', '박', '일', '동안', '예정', '기림사', '분황사', '부처', '골', '무열왕릉', '석굴암', '황룡', '사지', '오릉', '국립', '경주', '박물관', '참고', '경주', '여행']"
경주여행 날씨,https://kin.naver.com/qna/detail.naver?d1id=8&dirId=815&docId=476096844&qb=6rK97KO87Jes7ZaJ&enc=utf8,10월 8일날 경주여행 가려는데 날씨가어떤가요 10월 8일 경주 날씨는 대체로 흐릴 가능성이 있으며 낮 기온은 1822C 정도로 예상돼요 비가 내릴 가능성은 낮지만 흐린 날씨가 이어질 수 있으니 여행 계획에 참고하시면 좋을 것,"['경주', '여행', '날씨']","['월', '일', '날', '경주', '여행', '날씨', '가요', '월', '일', '경주', '날씨', '가능', '낮', '기온', '정도', '예상', '비', '가능', '날씨', '수', '여행', '계획', '참고', '것']","['경주', '여행', '날씨', '월', '일', '날', '경주', '여행', '날씨', '가요', '월', '일', '경주', '날씨', '가능', '낮', '기온', '정도', '예상', '비', '가능', '날씨', '수', '여행', '계획', '참고', '것']"
경주여행코스2박3일,https://kin.naver.com/qna/detail.naver?d1id=9&dirId=90111&docId=224961090&qb=6rK97KO87Jes7ZaJ&enc=utf8,5월23일5월25일 경주 여행코스 추천 해주세요 1 대상  어머니 자녀 9세 본인 경주여행코스2박3일 답변드립니다 안녕하세요 여행전문 블로거  어머님을 모시고 떠나는 경주여행이 즐거운 추억으로 남을 수 있도록 제가 경험한,"['경주', '여행', '코스', '박', '일']","['월', '일', '월', '일', '경주', '여행', '코스', '추천', '대상', '어머니', '자녀', '세', '본인', '경주', '여행', '코스', '박', '일', '답변', '여행', '전문', '블로거', '어머님', '경주', '여행', '추억', '수', '제', '경험']","['경주', '여행', '코스', '박', '일', '월', '일', '월', '일', '경주', '여행', '코스', '추천', '대상', '어머니', '자녀', '세', '본인', '경주', '여행', '코스', '박', '일', '답변', '여행', '전문', '블로거', '어머님', '경주', '여행', '추억', '수', '제', '경험']"
경주 여행가려구요,https://kin.naver.com/qna/detail.naver?d1id=9&dirId=90111&docId=455851613&qb=6rK97KO87Jes7ZaJ&enc=utf8,경주 여행 가려고 하는데 11월 초에나 갈 것 같아요 그쯤 되면 날씨가 많이 추울 것 같은데 그 시즌에 다니기가 괜찮을까요 11월이면 가을도 무르익어갈무렵이고 그리 춥지않아서,"['경주', '여행']","['경주', '여행', '데', '월', '초', '것', '그', '날씨', '것', '시즌', '월', '가을', '무렵']","['경주', '여행', '경주', '여행', '데', '월', '초', '것', '그', '날씨', '것', '시즌', '월', '가을', '무렵']"
경주 여행코스 신경주역 경주역 질문 드려요,https://kin.naver.com/qna/detail.naver?d1id=9&dirId=90101&docId=405110520&qb=6rK97KO87Jes7ZaJ&enc=utf8,안녕하세요 20대 여성이고요 친구랑 여행 가려고 계획짜고 있는데 경주 여행은 처음이라 질문드려요 2박3일 어디가 이동하기 좋을까요 바다위주 야경 여행 아직 숙소도 잡기 전입니다 경주여행시 가볼만한곳,"['경주', '여행', '코스', '신경주역', '경주역', '질문']","['안녕', '대', '여성', '고요', '친구', '여행', '계획', '경주', '여행', '처음', '질문', '박', '일', '어디', '이동', '바다', '위주', '야경', '여행', '숙소', '전', '경주', '여행', '만', '곳']","['경주', '여행', '코스', '신경주역', '경주역', '질문', '안녕', '대', '여성', '고요', '친구', '여행', '계획', '경주', '여행', '처음', '질문', '박', '일', '어디', '이동', '바다', '위주', '야경', '여행', '숙소', '전', '경주', '여행', '만', '곳']"
7월 말에 경주 여행을 계획했는데비피해 어떤가요,https://kin.naver.com/qna/detail.naver?d1id=9&dirId=90111&docId=450306376&qb=6rK97KO87Jes7ZaJ&enc=utf8,7월말에 경주 여행을 계획했는데 뉴스보니 비가 계속 많이 오더라구요 여행을 미뤄야 하나 고민입니다 경주에 기상 예보 확인하기  경주 여행을 하기 전에 기상 예보를 확인하는 것이 중요합니다  기상청이나 날씨 앱을 통해,"['월', '말', '경주', '여행', '계획', '비피', '가요']","['월', '말', '경주', '여행', '계획', '뉴스', '비', '여행', '하나', '고민', '경주', '기상', '예보', '확인', '경주', '여행', '전', '기상', '예보', '확인', '것', '중요', '기상청', '날씨', '앱']","['월', '말', '경주', '여행', '계획', '비피', '가요', '월', '말', '경주', '여행', '계획', '뉴스', '비', '여행', '하나', '고민', '경주', '기상', '예보', '확인', '경주', '여행', '전', '기상', '예보', '확인', '것', '중요', '기상청', '날씨', '앱']"
2박 경주여행,https://kin.naver.com/qna/detail.naver?d1id=9&dirId=901&docId=458084780&qb=6rK97KO87Jes7ZaJ&enc=utf8,11월 중순에 남편과 경주여행을 계획하고 있는데요 처음 가보는곳이라 첫날은 황남관한옥호텔 에서 1박하고 이튿날은 청공한옥스테이에서 1박 총 2박3일 계획인데요 여행스케쥴을 어떻게,"['박', '경주', '여행']","['월', '중순', '남편', '경주', '여행', '계획', '곳', '첫날', '황남', '옥', '호텔', '박', '이튿날', '청공', '옥스', '테이', '박', '박', '일', '계획', '여행', '쥴']","['박', '경주', '여행', '월', '중순', '남편', '경주', '여행', '계획', '곳', '첫날', '황남', '옥', '호텔', '박', '이튿날', '청공', '옥스', '테이', '박', '박', '일', '계획', '여행', '쥴']"
경주 여행지 추천,https://kin.naver.com/qna/detail.naver?d1id=9&dirId=90111&docId=261370795&qb=6rK97KO87Jes7ZaJ&enc=utf8,2부산을 벗어난 경주 여행지 알려주세요 3당일치기로 경주 여행코스 gt 밑에 자세하게 권역별로 여행코스를 소개했습니다 경주여행이 처음이라면 대릉원 첨성대 참고로 쭈니아빠 블로그를 방문하시면 경주여행,"['경주', '여행지', '추천']","['부산', '경주', '여행지', '당일', '경주', '여행', '코스', '밑', '권역', '여행', '코스', '소개', '경주', '여행', '처음', '대릉원', '첨성대', '참고', '쭈니', '아빠', '블로그', '방문', '경주', '여행']","['경주', '여행지', '추천', '부산', '경주', '여행지', '당일', '경주', '여행', '코스', '밑', '권역', '여행', '코스', '소개', '경주', '여행', '처음', '대릉원', '첨성대', '참고', '쭈니', '아빠', '블로그', '방문', '경주', '여행']"
경주여행 관련질문,https://kin.naver.com/qna/detail.naver?d1id=8&dirId=81204&docId=464245871&qb=6rK97KO87Jes7ZaJ&enc=utf8,이번에 경주여행을 가게되었는데 중2학생입니다 KTX타고 부산에서 경주까지 가려고해요 기차표를 예매하는데 나이제한이있을까요 기차표받을때 여권청소년증 같은게 필요할까요 코레일 앱으로 예매하는데 표는 어디서 받는건가요,"['경주', '여행', '관련', '질문']","['이번', '경주', '여행', '중', '학생', '부산', '경주', '기차표', '예매', '데', '나이', '제한', '기차표', '때', '여권', '청소년', '증', '게', '필요', '코레', '일', '앱', '예매', '데', '표', '어디', '건가요']","['경주', '여행', '관련', '질문', '이번', '경주', '여행', '중', '학생', '부산', '경주', '기차표', '예매', '데', '나이', '제한', '기차표', '때', '여권', '청소년', '증', '게', '필요', '코레', '일', '앱', '예매', '데', '표', '어디', '건가요']"
경주 여행코스경비,https://kin.naver.com/qna/detail.naver?d1id=9&dirId=90111&docId=74091594&qb=6rK97KO87Jes7ZaJ&enc=utf8,10월말이나 11월초에 경주 여행 가려고합니다 여자친구랑요질문 경주여행과 바닷가에서감포 봉길해변 숙박도 한다면 2박3일은  경주여행  터미날 또는 경주역에서 이동시에는 10번 버스를 이용하면 편리,"['경주', '여행', '코스', '경비']","['월', '말', '월', '초', '경주', '여행', '여자', '친구', '질문', '경주', '여행', '바닷가', '감포', '봉길', '해변', '숙박', '박', '일', '경주', '여행', '터', '미', '날', '경주', '역', '동시', '번', '버스', '이용', '편리']","['경주', '여행', '코스', '경비', '월', '말', '월', '초', '경주', '여행', '여자', '친구', '질문', '경주', '여행', '바닷가', '감포', '봉길', '해변', '숙박', '박', '일', '경주', '여행', '터', '미', '날', '경주', '역', '동시', '번', '버스', '이용', '편리']"
경주여행코스,https://kin.naver.com/qna/detail.naver?d1id=9&dirId=90105&docId=224640901&qb=6rK97KO87Jes7ZaJ&enc=utf8,여자친구와 데이트겸 경주여행을 준비중인데요 데이트하기 좋은 경주여행코스좀 알려주세요 둘다 자전거 타는것을 있는 경주여행코스로 알려주시면 감사합니다 답변 경주여행코스 추천드립니다  안녕하세요 여행전문,"['경주', '여행', '코스']","['여자', '친구', '데이트', '겸', '경주', '여행', '준비', '중', '데이트', '경주', '여행', '코스', '둘', '자전거', '것', '경주', '여행', '코스', '감사', '답변', '경주', '여행', '코스', '추천', '여행', '전문']","['경주', '여행', '코스', '여자', '친구', '데이트', '겸', '경주', '여행', '준비', '중', '데이트', '경주', '여행', '코스', '둘', '자전거', '것', '경주', '여행', '코스', '감사', '답변', '경주', '여행', '코스', '추천', '여행', '전문']"
경주 여행 코스 추천,https://kin.naver.com/qna/detail.naver?d1id=9&dirId=90111&docId=454815254&qb=6rK97KO87Jes7ZaJ&enc=utf8,경주 여행을 가게 되었는데 온전히 즐길 수 있는 날이 하루밖에 없어요 오전에는 한복 빌려입고 첨성대 근처에서 돌아다닐 생각인데 이후에 가기 좋은 곳 추천 받을 수 있을까요 뚜벅이 여행입니다,"['경주', '여행', '코스', '추천']","['경주', '여행', '수', '날', '하루', '오전', '한복', '첨성대', '근처', '생각', '이후', '곳', '추천', '수', '여행']","['경주', '여행', '코스', '추천', '경주', '여행', '수', '날', '하루', '오전', '한복', '첨성대', '근처', '생각', '이후', '곳', '추천', '수', '여행']"
경주여행 내공有,https://kin.naver.com/qna/detail.naver?d1id=9&dirId=90111&docId=75419492&qb=6rK97KO87Jes7ZaJ&enc=utf8,경주여행일정을 짜야하는데요 불국사 포석정 안압지 첨성대 무열왕릉 성덕대왕릉을 간다면 위치상으로 순서대로 기림사 분황사 부처골 무열왕릉 석굴암 황룡사지 오릉 국립경주박물관 참고하시어 유쾌한 경주여행 하시기를,"['경주', '여행', '내공', '有']","['경주', '여행', '일정', '불국사', '포석정', '안압지', '첨성대', '무열왕릉', '성덕대왕', '릉', '위치', '순서', '기림사', '분황사', '부처', '골', '무열왕릉', '석굴암', '황룡', '사지', '오릉', '국립', '경주', '박물관', '참고', '경주', '여행']","['경주', '여행', '내공', '有', '경주', '여행', '일정', '불국사', '포석정', '안압지', '첨성대', '무열왕릉', '성덕대왕', '릉', '위치', '순서', '기림사', '분황사', '부처', '골', '무열왕릉', '석굴암', '황룡', '사지', '오릉', '국립', '경주', '박물관', '참고', '경주', '여행']"
경주 여행지 코스 문의드려요,https://kin.naver.com/qna/detail.naver?d1id=9&dirId=90111&docId=482488838&qb=6rK97KO87Jes7ZaJ&enc=utf8,석굴암 옆에 __가 있는데 거기가 첨성대보다 낫습니다 식의 정보 경주 여행 가이드 교통편 맛집 볼거리까지 모두 알려줄게요 경주는 한국의 역사와 문화가 살아 숨 쉬는 도시로 여행하기 좋은 명소가 많아요 2025년,"['경주', '여행지', '코스', '문']","['석굴암', '옆', '거기', '첨성대', '식', '정보', '경주', '여행', '가이드', '교통편', '맛집', '볼거리', '게', '경주', '한국', '역사', '문화', '숨', '도시', '여행', '명소', '년']","['경주', '여행지', '코스', '문', '석굴암', '옆', '거기', '첨성대', '식', '정보', '경주', '여행', '가이드', '교통편', '맛집', '볼거리', '게', '경주', '한국', '역사', '문화', '숨', '도시', '여행', '명소', '년']"
1229 30 구미에서 경주여행,https://kin.naver.com/qna/detail.naver?d1id=9&dirId=90111&docId=480983057&qb=6rK97KO87Jes7ZaJ&enc=utf8,차타고 가는데 눈때문에 사고위험이 높나요 눈이많이 내렸다면 그럴수도 있죠 그렇지만 경주 구미쪽은 많은눈은 내리지 않는편 입니다,"['구미', '경주', '여행']","['차', '눈', '때문', '위험', '눈', '수', '경주', '구미', '쪽', '눈', '편']","['구미', '경주', '여행', '차', '눈', '때문', '위험', '눈', '수', '경주', '구미', '쪽', '눈', '편']"
제주도에서 경주여행가는데 어디공항으로,https://kin.naver.com/qna/detail.naver?d1id=9&dirId=90111&docId=449763204&qb=6rK97KO87Jes7ZaJ&enc=utf8,제주도에서 경주여행가는데 어디공항으로가야 좋을까요 포항경주 공항이 제일 나은가요 옵션이 뭐뭐있는지 모르겠습니다ㅜ 정성 답변드릴께요 제주도에서 경주로 가는 경우 포항경주공항이 가장 편리한 선택입니다,"['제주도', '경주', '여행', '어디', '공항']","['제주도', '경주', '여행', '어디', '공항', '포항', '경주', '공항', '가요', '옵션', '정성', '답변', '제주도', '경주', '경우', '포항', '경주', '공항', '편리', '선택']","['제주도', '경주', '여행', '어디', '공항', '제주도', '경주', '여행', '어디', '공항', '포항', '경주', '공항', '가요', '옵션', '정성', '답변', '제주도', '경주', '경우', '포항', '경주', '공항', '편리', '선택']"
부모님과 애들하고 경주여행 문의 드립니다,https://kin.naver.com/qna/detail.naver?d1id=9&dirId=90111&docId=432894727&qb=6rK97KO87Jes7ZaJ&enc=utf8,3살 딸래미 4개월 된 아들 이렇게 경주 여행 하려 합니다 오래 걷지 않으며 걷더라도 쉬엄 쉬엄 돌아 볼수 있는 부모님과 애들하고 경주여행 문의 드립니다답변드릴게요첫째날은 시간이 많이 늦었으니 일단 저녁식사 하시고,"['부모', '애', '경주', '여행', '문']","['살', '딸래미', '개월', '아들', '경주', '여행', '쉬엄', '쉬엄', '수', '부모', '애', '경주', '여행', '문', '답변', '첫째', '날', '시간', '저녁', '식사']","['부모', '애', '경주', '여행', '문', '살', '딸래미', '개월', '아들', '경주', '여행', '쉬엄', '쉬엄', '수', '부모', '애', '경주', '여행', '문', '답변', '첫째', '날', '시간', '저녁', '식사']"
경주여행 숙박,https://kin.naver.com/qna/detail.naver?d1id=9&dirId=90111&docId=456928408&qb=6rK97KO87Jes7ZaJ&enc=utf8,11월 15 16 경주 여행 계획중입니다 50대 여자 3명입니다 중요 유적지랑 많이 멀지 않은 곳이면 좋겟어요 숙박 추천해주세요 1박입니다 경주는 역사와 문화가 어우러진 곳으로 다양한 숙박 시설이 있습니다 50대 여성 3분이 이용하기 좋은,"['경주', '여행', '숙박']","['월', '경주', '여행', '계획', '중', '대', '여자', '명', '중요', '유적지', '곳', '숙박', '추천', '박', '경주', '역사', '문화', '곳', '숙박', '시설', '대', '여성', '분', '이용']","['경주', '여행', '숙박', '월', '경주', '여행', '계획', '중', '대', '여자', '명', '중요', '유적지', '곳', '숙박', '추천', '박', '경주', '역사', '문화', '곳', '숙박', '시설', '대', '여성', '분', '이용']"
경주여행을 하려고 하는데 숙박이나 맛집좀 알려주세요,https://kin.naver.com/qna/detail.naver?d1id=9&dirId=90111&docId=440987466&qb=6rK97KO87Jes7ZaJ&enc=utf8,경주여행코스는 어떤게 짜는게 좋은건지 2 숙박은 어디에 바쁘네요 경주여행 다녀오신분들 많은 정보 부탁드릴게요  경주여행을 하려고 하는데 숙박이나 맛집좀 경주여행은 권역별로 분류 되어 있어서 참으로 구경하기가 좋은,"['경주', '여행', '숙박', '맛집']","['경주', '여행', '코스', '게', '게', '건지', '숙박', '어디', '경주', '여행', '분', '정보', '부탁', '경주', '여행', '숙박', '맛집', '경주', '여행', '권역', '분류', '구경']","['경주', '여행', '숙박', '맛집', '경주', '여행', '코스', '게', '게', '건지', '숙박', '어디', '경주', '여행', '분', '정보', '부탁', '경주', '여행', '숙박', '맛집', '경주', '여행', '권역', '분류', '구경']"
경주여행숙소,https://kin.naver.com/qna/detail.naver?d1id=9&dirId=90114&docId=446671068&qb=6rK97KO87Jes7ZaJ&enc=utf8,제가3명에서경주여행을가는데 저렴한숙소 추천할수도있을까요 저렴한 숙소는 경주시내아랫시장부터 구경주역  황성공원까지의 모텔이 많습니다 그곳을 이용하시면 됩니다 그 다음으로는 경주에서 울산가는 7번국도변 구,"['경주', '여행', '숙소']","['제', '명', '경주', '여행', '숙소', '추천', '수', '숙소', '경주', '시내', '시장', '구경', '주역', '황성', '공원', '모텔', '그곳', '이용', '다음', '경주', '울산', '번국', '도변', '구']","['경주', '여행', '숙소', '제', '명', '경주', '여행', '숙소', '추천', '수', '숙소', '경주', '시내', '시장', '구경', '주역', '황성', '공원', '모텔', '그곳', '이용', '다음', '경주', '울산', '번국', '도변', '구']"
코로나가 끝나면 경주 여행을 갈 건데,https://kin.naver.com/qna/detail.naver?d1id=9&dirId=90111&docId=397056799&qb=6rK97KO87Jes7ZaJ&enc=utf8,부모님과 경주 여행을 코로나가 끝나면 가려고 하는데 지금부터 준비해두고 싶어요 생각났을때 경주 여행 코스 추천드려요 참고하시면 좋을 것 같네요 httpssailingshiptistorycom1518 https,"['코로나', '경주', '여행', '건데']","['부모', '경주', '여행', '코', '지금', '준비', '때', '경주', '여행', '코스', '추천', '참고', '것']","['코로나', '경주', '여행', '건데', '부모', '경주', '여행', '코', '지금', '준비', '때', '경주', '여행', '코스', '추천', '참고', '것']"
2박 3일 경주여행 이동방법 알려주세요,https://kin.naver.com/qna/detail.naver?d1id=9&dirId=90111&docId=151568995&qb=6rK97KO87Jes7ZaJ&enc=utf8,다음주에 친구랑 경주여행을 계획하고 있습니다 그런데 감사하겠습니다 경주여행 일정과 형편에 맞게 0547436001 아래사이트에서 경주여행후기 몇편만 읽어보면 많은 도움이 될것입니다 좋은 경주여행 다녀,"['박', '일', '경주', '여행', '이동', '방법']","['다음', '주', '친구', '경주', '여행', '계획', '감사', '경주', '여행', '일정', '형편', '아래', '사이트', '경주', '여행', '후기', '편', '도움', '것', '경주', '여행']","['박', '일', '경주', '여행', '이동', '방법', '다음', '주', '친구', '경주', '여행', '계획', '감사', '경주', '여행', '일정', '형편', '아래', '사이트', '경주', '여행', '후기', '편', '도움', '것', '경주', '여행']"
경주여행 10일 짜주세요,https://kin.naver.com/qna/detail.naver?d1id=9&dirId=90111&docId=460161071&qb=6rK97KO87Jes7ZaJ&enc=utf8,10일 계획으로 경주여행 코스 잘 짜주실 수 있을까요 경주는 처음이라 짜기 어렵네요 ㅠㅠㅠ 하루에 한 관광지도 괜찮고 말만되면 좋습니다 Day 12 도착 및 경주 시내 탐방 도착 및 숙소 이동 경주에 도착 후 호텔이나 숙소로,"['경주', '여행', '일']","['일', '계획', '경주', '여행', '코스', '수', '경주', '처음', '하루', '관광지', '말', '도착', '경주', '시내', '탐방', '도착', '숙소', '이동', '경주', '도착', '후', '호텔', '숙소']","['경주', '여행', '일', '일', '계획', '경주', '여행', '코스', '수', '경주', '처음', '하루', '관광지', '말', '도착', '경주', '시내', '탐방', '도착', '숙소', '이동', '경주', '도착', '후', '호텔', '숙소']"
경주여행을가려고합니다,https://kin.naver.com/qna/detail.naver?d1id=9&dirId=90111&docId=129139971&qb=6rK97KO87Jes7ZaJ&enc=utf8,제가경주 여행을가려고해요 4월23일토요일에 광주에서 수학여행만가봤지 경주여행은처음이라서요 답변좀부탁드릴게요ㅠㅠ 경주여행 일정과 형편에 맞게 0547436001 아래사이트에서 경주여행후기 몇편만 읽어보면 많은,"['경주', '여행']","['제', '경주', '여행', '월', '일', '토요일', '광주', '수학여행', '경주', '여행', '처음', '답변', '부탁', '경주', '여행', '일정', '형편', '아래', '사이트', '경주', '여행', '후기', '편']","['경주', '여행', '제', '경주', '여행', '월', '일', '토요일', '광주', '수학여행', '경주', '여행', '처음', '답변', '부탁', '경주', '여행', '일정', '형편', '아래', '사이트', '경주', '여행', '후기', '편']"
경주 여행 당일치기,https://kin.naver.com/qna/detail.naver?d1id=12&dirId=12110212&docId=229475160&qb=6rK97KO87Jes7ZaJ&enc=utf8,경주 여행 당일치기로 가는데 찾아보니까 경주역 당일치기 경주 여행코스 추천드립니다 안녕하세요  하루 코스  경주 남산 정복하기 gt 경주 여행코스 중에서 반나절 코스  불국사와 석굴암 관람하기 gt 경주여행의,"['경주', '여행', '당일치기']","['경주', '여행', '당일치기', '데', '경주역', '당일치기', '경주', '여행', '코스', '추천', '하루', '코스', '경주', '남산', '정복', '경주', '여행', '코스', '중', '반나절', '코스', '불국사', '석굴암', '관람', '경주', '행의']","['경주', '여행', '당일치기', '경주', '여행', '당일치기', '데', '경주역', '당일치기', '경주', '여행', '코스', '추천', '하루', '코스', '경주', '남산', '정복', '경주', '여행', '코스', '중', '반나절', '코스', '불국사', '석굴암', '관람', '경주', '행의']"
여자친구랑 1박2일로 경주여행을 가려고 합니다,https://kin.naver.com/qna/detail.naver?d1id=9&dirId=90111&docId=435069133&qb=6rK97KO87Jes7ZaJ&enc=utf8,안녕하세요ㅠ 이번주 토요일부터 일요일 까지 1박2일로 경주 여행가려고 내공 최대한 다겁니다__ 여자친구랑 1박2일로 경주여행을 가려고 합니다 바다여행과 고적답사  천년고도 경주여행으로 초대합니다 즐거운,"['여자', '친구', '박', '일', '경주', '여행']","['안녕', '이번', '주', '토요일', '일요일', '박', '일', '경주', '여행', '내공', '겁니다', '여자', '친구', '박', '일', '경주', '여행', '바다', '여행', '고적', '사', '천', '년', '고도', '경주', '여행', '초대']","['여자', '친구', '박', '일', '경주', '여행', '안녕', '이번', '주', '토요일', '일요일', '박', '일', '경주', '여행', '내공', '겁니다', '여자', '친구', '박', '일', '경주', '여행', '바다', '여행', '고적', '사', '천', '년', '고도', '경주', '여행', '초대']"
경주 여행 및 일출보기,https://kin.naver.com/qna/detail.naver?d1id=9&dirId=90111&docId=124829959&qb=6rK97KO87Jes7ZaJ&enc=utf8,일출 보고 경주여행할만한 코스 추천해주세요 감사드립니다 경주여행 일정과 형편에 맞게 아래코스에서 조절하면 됩니다 시내버스투어도보 자전거 불국사권시내버스10번 11번이용 터미널경주역 도착,"['경주', '여행', '일출']","['일출', '경주', '여행', '만', '코스', '추천', '감사', '경주', '여행', '일정', '형편', '아래', '코스', '조절', '시내버스', '투어', '도보', '자전거', '불국사', '시내버스', '번', '번', '이용', '터미널', '주역', '도착']","['경주', '여행', '일출', '일출', '경주', '여행', '만', '코스', '추천', '감사', '경주', '여행', '일정', '형편', '아래', '코스', '조절', '시내버스', '투어', '도보', '자전거', '불국사', '시내버스', '번', '번', '이용', '터미널', '주역', '도착']"
경주 여행,https://kin.naver.com/qna/detail.naver?d1id=9&dirId=90111&docId=482221779&qb=6rK97KO87Jes7ZaJ&enc=utf8,경주 여행 가이드 교통편 맛집 볼거리까지 모두 알려줄게요 경주는 한국의 역사와 문화가 살아 숨 쉬는 도시로 여행하기 좋은 명소가 많아요 2025년 봄 경주로 떠나고 싶은 분들을 위해 교통편부터 맛집,"['경주', '여행']","['경주', '여행', '가이드', '교통편', '맛집', '볼거리', '게', '경주', '한국', '역사', '문화', '숨', '도시', '여행', '명소', '년', '봄', '경주', '분', '교통편', '맛집']","['경주', '여행', '경주', '여행', '가이드', '교통편', '맛집', '볼거리', '게', '경주', '한국', '역사', '문화', '숨', '도시', '여행', '명소', '년', '봄', '경주', '분', '교통편', '맛집']"
경주 여행지 추천,https://kin.naver.com/qna/detail.naver?d1id=9&dirId=90111&docId=464805475&qb=6rK97KO87Jes7ZaJ&enc=utf8,안녕하세요 부모님 결혼기념일 기념으로 2박 3일 경주 여행을 가게 되었는데요 혹시 경주 맛집이나 경주에 가면 가야될 장소좀 알려주세요  자세하고 많이 알려주시면,"['경주', '여행지', '추천']","['안녕', '부모', '결혼기념일', '기념', '박', '일', '경주', '여행', '경주', '맛집', '경주', '장소']","['경주', '여행지', '추천', '안녕', '부모', '결혼기념일', '기념', '박', '일', '경주', '여행', '경주', '맛집', '경주', '장소']"
경주 여행 코스좀,https://kin.naver.com/qna/detail.naver?d1id=9&dirId=90111&docId=141065585&qb=6rK97KO87Jes7ZaJ&enc=utf8,일정에 맞게 경주여행 코스가 궁굼합니다 숙박 은 한곳에 머물예정인데 좋은 호텔이나 펜션 이 있는지 궁금하네요 경주 여행을 하시면서 잘모르시는 곳이 경주에서도 바다를 볼 수 있다는 것입니다 요즘 같은 겨울에 바다의,"['경주', '여행', '코스']","['일정', '경주', '여행', '코스', '숙박', '곳', '예정', '호텔', '펜션', '경주', '여행', '곳', '경주', '바다', '수', '것', '겨울', '바', '다의']","['경주', '여행', '코스', '일정', '경주', '여행', '코스', '숙박', '곳', '예정', '호텔', '펜션', '경주', '여행', '곳', '경주', '바다', '수', '것', '겨울', '바', '다의']"
경주여행 도와주세요,https://kin.naver.com/qna/detail.naver?d1id=9&dirId=90111&docId=225476254&qb=6rK97KO87Jes7ZaJ&enc=utf8,가족과 함께하는 경주여행 2번째 입니다 지난번 가보지 못한곳인데요 이동을 어떻게 해야할지 도와주세요 양동마을입니다 경주여행에 대한 팁을 드릴게요  안녕하세요 여행전문블로그 쭈니아빠입니다 이번에 가시면,"['경주', '여행']","['가족', '경주', '여행', '번', '지난번', '곳', '이동', '양동', '마을', '경주', '여행', '팁', '안녕', '여행', '전문', '블로그', '쭈니', '아빠', '이번']","['경주', '여행', '가족', '경주', '여행', '번', '지난번', '곳', '이동', '양동', '마을', '경주', '여행', '팁', '안녕', '여행', '전문', '블로그', '쭈니', '아빠', '이번']"
경주여행 재밋나용,https://kin.naver.com/qna/detail.naver?d1id=9&dirId=90111&docId=470590542&qb=6rK97KO87Jes7ZaJ&enc=utf8,경주여행 재밋나용 네 재미있네요,"['경주', '여행', '밋', '나용']","['경주', '여행', '밋', '나용']","['경주', '여행', '밋', '나용', '경주', '여행', '밋', '나용']"
경주여행 2박3일 코스 좀 짜주세요,https://kin.naver.com/qna/detail.naver?d1id=9&dirId=901&docId=134154130&qb=6rK97KO87Jes7ZaJ&enc=utf8,친구와 2박3일 동안 경주여행을 다녀오기로 했습니다 경주여행 일정과 형편에 맞게 아래코스에서 조절하면 됩니다 0547436001 아래사이트에서 경주여행후기 몇편만 읽어보면 많은 도움이 될것입니다 좋은 경주여행 다녀,"['경주', '여행', '박', '일', '코스']","['친구', '박', '일', '동안', '경주', '여행', '경주', '여행', '일정', '형편', '아래', '코스', '조절', '아래', '사이트', '경주', '여행', '후기', '편', '도움', '것', '경주', '여행']","['경주', '여행', '박', '일', '코스', '친구', '박', '일', '동안', '경주', '여행', '경주', '여행', '일정', '형편', '아래', '코스', '조절', '아래', '사이트', '경주', '여행', '후기', '편', '도움', '것', '경주', '여행']"
2박3일 경주여행 코스 추천 부탁드립니다,https://kin.naver.com/qna/detail.naver?d1id=12&dirId=121102&docId=157466933&qb=6rK97KO87Jes7ZaJ&enc=utf8,안녕하세요 이번 여름 휴가를 경주여행을 가고자 합니다 첫날과 둘째날의 경주여행코스 부탁드립니다 첫날은 오후부터 관광을 시작할 수 있겠네요 경주여행은 요약입니다 즐겁고 행복한 경주 여행 되세요 경주행복알리미가,"['박', '일', '경주', '여행', '코스', '추천', '부탁']","['안녕', '이번', '여름', '휴가', '경주', '여행', '날', '둘째', '날', '경주', '여행', '코스', '부탁', '첫날', '오후', '관광', '시작', '수', '경주', '여행', '요약', '행복', '경주', '여행', '경주', '행복', '알리', '미가']","['박', '일', '경주', '여행', '코스', '추천', '부탁', '안녕', '이번', '여름', '휴가', '경주', '여행', '날', '둘째', '날', '경주', '여행', '코스', '부탁', '첫날', '오후', '관광', '시작', '수', '경주', '여행', '요약', '행복', '경주', '여행', '경주', '행복', '알리', '미가']"
경주 여행 지리 질문드립니다 내공15,https://kin.naver.com/qna/detail.naver?d1id=9&dirId=90111&docId=235476835&qb=6rK97KO87Jes7ZaJ&enc=utf8,1박2일로 경주여행을 갈건데요 갈곳은 대릉원 경주교촌마을 첨성대 계림 경주여행 코스관련하여 답변드립니다 안녕하세요 여행전문블로거 참고로 제 블로그를 방문하시면 경주여행 카테고리가 있습니다 여행코스 짜실 때,"['경주', '여행', '지리', '질문', '내공']","['박', '일', '경주', '여행', '건데요', '곳', '대릉원', '경주', '교촌', '마을', '첨성대', '계림', '경주', '여행', '코스', '관련', '답변', '여행', '전문', '블로거', '참고', '블로그', '방문', '경주', '여행', '카테고리', '여행', '코스', '때']","['경주', '여행', '지리', '질문', '내공', '박', '일', '경주', '여행', '건데요', '곳', '대릉원', '경주', '교촌', '마을', '첨성대', '계림', '경주', '여행', '코스', '관련', '답변', '여행', '전문', '블로거', '참고', '블로그', '방문', '경주', '여행', '카테고리', '여행', '코스', '때']"
경주여행,https://kin.naver.com/qna/detail.naver?d1id=12&dirId=121102&docId=149850165&qb=6rK97KO87Jes7ZaJ&enc=utf8,6월초쯤 경주여행을 하려고 하는데요 혼자갑니다ㅋㅋ저는 여자 처음으로 하는 경주여행인만큼 코스나 출발시간등 정확히 좀 알려주셨으면 6월초쯤 경주여행  비수기 없는 경주의 그나마 비수기라서 비교적 덜 붐벼서,"['경주', '여행']","['월', '초', '경주', '여행', '혼자', '저', '여자', '처음', '경주', '여행', '만큼', '코스', '출발', '시간', '등', '월', '초', '경주', '여행', '비수기', '경주', '비수기']","['경주', '여행', '월', '초', '경주', '여행', '혼자', '저', '여자', '처음', '경주', '여행', '만큼', '코스', '출발', '시간', '등', '월', '초', '경주', '여행', '비수기', '경주', '비수기']"
경주 여행 동선좀 알려주세요,https://kin.naver.com/qna/detail.naver?d1id=12&dirId=12110212&docId=222556649&qb=6rK97KO87Jes7ZaJ&enc=utf8,안녕하세요 지식인님들 여자친구와 경주여행을 가려고 하는데요 이동수단은 자차를 이용할거구요 대구에서 덕분에 경주여행을 자주 하게 됩니다 제 경험을 조금 공유할까 합니다 ㅎㅎㅎ 우선 동선을 파악해봐야겠군요 대구,"['경주', '여행', '동선']","['안녕', '지식인', '여자', '친구', '경주', '여행', '이동', '수단', '자차', '이용', '거', '대구', '덕분', '경주', '여행', '제', '경험', '공유', '동선', '파악']","['경주', '여행', '동선', '안녕', '지식인', '여자', '친구', '경주', '여행', '이동', '수단', '자차', '이용', '거', '대구', '덕분', '경주', '여행', '제', '경험', '공유', '동선', '파악']"
경주여행 2박3일,https://kin.naver.com/qna/detail.naver?d1id=20&dirId=2002&docId=463417631&qb=6rK97KO87Jes7ZaJ&enc=utf8,경주여행 처음인데 여쭤볼게있습니다 1 부산에서경주 아니면 대구에서 경주가 나을까요 2 경주숙소위치는 어디가 괜찮을까요 동네이름 적어주시면 감사하겠습니다 안녕하세요  경주 라구스힐 풀빌라 펜션입니다 환절기인 만큼,"['경주', '여행', '박', '일']","['경주', '여행', '처음', '게', '부산', '경주', '대구', '경주', '경주', '숙소', '위치', '어디', '동네', '이름', '감사', '경주', '라', '구스', '힐', '풀', '빌라', '펜션', '환절기', '만큼']","['경주', '여행', '박', '일', '경주', '여행', '처음', '게', '부산', '경주', '대구', '경주', '경주', '숙소', '위치', '어디', '동네', '이름', '감사', '경주', '라', '구스', '힐', '풀', '빌라', '펜션', '환절기', '만큼']"
경주 여행 코스,https://kin.naver.com/qna/detail.naver?d1id=12&dirId=121102&docId=226939317&qb=6rK97KO87Jes7ZaJ&enc=utf8,아이들을 데리고 경주여행을 갈려고 합니다 당일치기 당일치기 경주여행 코스 추천합니다 안녕하세요  2코스  경주 남산 정복하기 gt 경주 여행코스 중에서 많은 4코스  불국사와 석굴암 관람하기 gt 경주여행의 랜드마크죠,"['경주', '여행', '코스']","['아이', '경주', '여행', '당일치기', '당일치기', '경주', '여행', '코스', '추천', '코스', '경주', '남산', '정복', '경주', '여행', '코스', '중', '코스', '불국사', '석굴암', '관람', '경주', '여행', '랜드마크']","['경주', '여행', '코스', '아이', '경주', '여행', '당일치기', '당일치기', '경주', '여행', '코스', '추천', '코스', '경주', '남산', '정복', '경주', '여행', '코스', '중', '코스', '불국사', '석굴암', '관람', '경주', '여행', '랜드마크']"
경주여행코스,https://kin.naver.com/qna/detail.naver?d1id=9&dirId=90111&docId=475863908&qb=6rK97KO87Jes7ZaJ&enc=utf8,좋을까요 경주 여행에서 주요 관광지들의 동선과 주차를 고려해 코스를 짜는 방법을 아래와 같이 추천드립니다 1 불국사  석굴암 코스 추천 먼저 불국사에 도착하여 주차한 뒤 불국사를 둘러보세요 불국사에서 석굴암까지는,"['경주', '여행', '코스']","['경주', '여행', '주요', '관광지', '동선', '주차', '고려', '코스', '방법', '아래', '추천', '불국사', '석굴암', '코스', '추천', '불국사', '도착', '주차', '뒤', '불국사', '불국사', '석굴암']","['경주', '여행', '코스', '경주', '여행', '주요', '관광지', '동선', '주차', '고려', '코스', '방법', '아래', '추천', '불국사', '석굴암', '코스', '추천', '불국사', '도착', '주차', '뒤', '불국사', '불국사', '석굴암']"
경주 여행 질문드립니다,https://kin.naver.com/qna/detail.naver?d1id=9&dirId=90111&docId=483281928&qb=6rK97KO87Jes7ZaJ&enc=utf8,가기가 좀 그렇네요  경주 여행 가이드 교통편 맛집 볼거리까지 모두 알려줄게요 경주는 한국의 역사와 문화가 살아 숨 쉬는 도시로 여행하기 좋은 명소가 많아요 2025년 봄 경주로 떠나고 싶은 분들을 위해,"['경주', '여행', '질문']","['경주', '여행', '가이드', '교통편', '맛집', '볼거리', '게', '경주', '한국', '역사', '문화', '숨', '도시', '여행', '명소', '년', '봄', '경주', '분']","['경주', '여행', '질문', '경주', '여행', '가이드', '교통편', '맛집', '볼거리', '게', '경주', '한국', '역사', '문화', '숨', '도시', '여행', '명소', '년', '봄', '경주', '분']"
경주여행 1박2일어케 해야하죠,https://kin.naver.com/qna/detail.naver?d1id=9&dirId=901&docId=138713802&qb=6rK97KO87Jes7ZaJ&enc=utf8,경주여행을 1박 2일정도 혼자 갈려고 합니다 경기도 경주여행 일정과 형편에 맞게 아래코스에서 조절하면 0547436001 아래사이트에서 경주여행후기 몇편만 읽어보면 많은 도움이 될것입니다 좋은 경주여행 다녀,"['경주', '여행', '박', '일']","['경주', '여행', '박', '일', '정도', '경기도', '경주', '여행', '일정', '형편', '아래', '코스', '조절', '아래', '사이트', '경주', '여행', '후기', '편', '도움', '것', '경주', '여행']","['경주', '여행', '박', '일', '경주', '여행', '박', '일', '정도', '경기도', '경주', '여행', '일정', '형편', '아래', '코스', '조절', '아래', '사이트', '경주', '여행', '후기', '편', '도움', '것', '경주', '여행']"
이번 추석때 경주 여행가려는데 코스 추천좀 부탁드립니다,https://kin.naver.com/qna/detail.naver?d1id=9&dirId=90111&docId=399334854&qb=6rK97KO87Jes7ZaJ&enc=utf8,28살 청년입니다 다가오는 추석 연휴에 충주에서 경주로 여자친구랑 둘이 여행가보려하는데 경주 여행은 자차 있어서 자차끌고 가려해요 많은 관심과 추천 부탁드립니다 안녕하세요 경주 여행 코스 추천드려요,"['이번', '추석', '때', '경주', '여행', '코스', '추천']","['살', '청년', '추석', '연휴', '충주', '경주', '여자', '친구', '둘', '이', '여행가', '경주', '여행', '자차', '자차', '관심', '추천', '부탁', '경주', '여행', '코스', '추천']","['이번', '추석', '때', '경주', '여행', '코스', '추천', '살', '청년', '추석', '연휴', '충주', '경주', '여자', '친구', '둘', '이', '여행가', '경주', '여행', '자차', '자차', '관심', '추천', '부탁', '경주', '여행', '코스', '추천']"
전주경주 여행코스,https://kin.naver.com/qna/detail.naver?d1id=9&dirId=901&docId=474983238&qb=6rK97KO87Jes7ZaJ&enc=utf8,나혼자산다 예고편을 보니 전현무 코쿤 이주승이 경주 여행첨성대 등을 한것이 나오던데 또 가고 저도 최근에 경주여행을 다녀왔는데 글을 쓰다보니 경주를 또 가고 싶은 생각이 드네요 아래 사진 보시고 몇개 골라서 계획,"['전주', '경주', '여행', '코스']","['나', '예고편', '전현무', '코', '쿤', '이주승', '경주', '여행', '첨성대', '등', '것', '저', '최근', '경주', '여행', '글', '경주', '생각', '아래', '사진', '개', '계획']","['전주', '경주', '여행', '코스', '나', '예고편', '전현무', '코', '쿤', '이주승', '경주', '여행', '첨성대', '등', '것', '저', '최근', '경주', '여행', '글', '경주', '생각', '아래', '사진', '개', '계획']"
내공100 경주여행 꼭 가야하는 곳,https://kin.naver.com/qna/detail.naver?d1id=12&dirId=12110212&docId=203240749&qb=6rK97KO87Jes7ZaJ&enc=utf8,안녕하세요 2박3일 경주여행 계획하고 있는 사람입니다 가족여행이구요 이 외에 경주여행 꼭 가야하는 곳이나 여행지 추천해주세요 예 무열왕릉 등 이 외에 경주여행 꼭 가야하는 곳이나 여행지 추천해주세요 예 무열왕릉 등,"['내공', '경주', '여행', '곳']","['안녕', '박', '일', '경주', '여행', '계획', '사람', '가족', '여행', '외', '경주', '여행', '곳', '여행지', '추천', '무열왕릉', '등', '외', '경주', '여행', '곳', '여행지', '추천', '무열왕릉', '등']","['내공', '경주', '여행', '곳', '안녕', '박', '일', '경주', '여행', '계획', '사람', '가족', '여행', '외', '경주', '여행', '곳', '여행지', '추천', '무열왕릉', '등', '외', '경주', '여행', '곳', '여행지', '추천', '무열왕릉', '등']"
경주여행코스 추천해주세요,https://kin.naver.com/qna/detail.naver?d1id=9&dirId=9&docId=254943812&qb=6rK97KO87Jes7ZaJ&enc=utf8,경주로 여행 가려고 하는데 경주여행코스 추천좀 해주세요 ㅎㅎㅎ 맛집이나 숙박도 알려주시면 좋구요 경주풀빌라추천 경주스파펜션 경주애견동반 경주데이트 경주커플펜션 경주가족펜션 경주여행 사진 설명을 입력하세요,"['경주', '여행', '코스', '추천']","['경주', '여행', '경주', '여행', '코스', '추천', '맛집', '숙박', '경주', '풀', '빌라', '추천', '경주', '스파', '펜션', '경주', '애견', '동반', '경주', '데이트', '경주', '커플', '펜션', '경주', '가족', '펜션', '경주', '여행', '사진', '설명', '입력']","['경주', '여행', '코스', '추천', '경주', '여행', '경주', '여행', '코스', '추천', '맛집', '숙박', '경주', '풀', '빌라', '추천', '경주', '스파', '펜션', '경주', '애견', '동반', '경주', '데이트', '경주', '커플', '펜션', '경주', '가족', '펜션', '경주', '여행', '사진', '설명', '입력']"
혼자가는 1박 2일 경주 여행코스,https://kin.naver.com/qna/detail.naver?d1id=9&dirId=90111&docId=135099890&qb=6rK97KO87Jes7ZaJ&enc=utf8,제가 휴가로 혼자 1박 2일 경주 여행을 가려고 합니다 저의 첫 번째 여행에 도움 부탁드려요 경주여행 일정과 0547436001 아래사이트에서 경주여행후기 몇편만 읽어보면 많은 도움이 될것입니다 좋은 경주여행 다녀,"['박', '일', '경주', '여행', '코스']","['제', '휴가', '혼자', '박', '일', '경주', '여행', '저', '번', '여행', '도움', '부탁', '경주', '여행', '일정', '아래', '사이트', '경주', '여행', '후기', '편', '도움', '것', '경주', '여행']","['박', '일', '경주', '여행', '코스', '제', '휴가', '혼자', '박', '일', '경주', '여행', '저', '번', '여행', '도움', '부탁', '경주', '여행', '일정', '아래', '사이트', '경주', '여행', '후기', '편', '도움', '것', '경주', '여행']"
1박2일 경주여행,https://kin.naver.com/qna/detail.naver?d1id=9&dirId=90111&docId=151289529&qb=6rK97KO87Jes7ZaJ&enc=utf8,6월초에 언니랑 둘이서 1박2일로 경주여행 다녀올까 봐둔곳이있습니다 경주여행 일정과 형편에 맞게 0547436001 아래사이트에서 경주여행후기 몇편만 읽어보면 많은 도움이 될것입니다 좋은 경주여행 다녀,"['박', '일', '경주', '여행']","['월', '초', '언니', '둘', '박', '일', '경주', '여행', '곳', '경주', '여행', '일정', '형편', '아래', '사이트', '경주', '여행', '후기', '편', '도움', '것', '경주', '여행']","['박', '일', '경주', '여행', '월', '초', '언니', '둘', '박', '일', '경주', '여행', '곳', '경주', '여행', '일정', '형편', '아래', '사이트', '경주', '여행', '후기', '편', '도움', '것', '경주', '여행']"
경주여행 스케줄,https://kin.naver.com/qna/detail.naver?d1id=9&dirId=90105&docId=430944679&qb=6rK97KO87Jes7ZaJ&enc=utf8,경주여행 2박 3일 여행가는데 스케쥴좀 짜주세요 ㅠ 워터파크 경주월드 이런데 말고 역사 관련 문화유산 위주로요 그리고 참고로 가족여행이에요 다들 저질체력이라 하루에23개,"['경주', '여행', '스케줄']","['경주', '여행', '박', '일', '여행', '데', '쥴', '워터', '파크', '경주', '월드', '데', '역사', '관련', '문화유산', '위주', '참고', '가족', '여행', '저질', '체력', '하루', '개']","['경주', '여행', '스케줄', '경주', '여행', '박', '일', '여행', '데', '쥴', '워터', '파크', '경주', '월드', '데', '역사', '관련', '문화유산', '위주', '참고', '가족', '여행', '저질', '체력', '하루', '개']"
경주여행 장소,https://kin.naver.com/qna/detail.naver?d1id=9&dirId=90111&docId=430145793&qb=6rK97KO87Jes7ZaJ&enc=utf8,1박2일 경주여행 첫째날은 황리단길 갈 예정이고 둘째날은 보문단지랑 불국사랑 어디를 가는게 더 나을까요 놀거리 위주라면 보문단지쪽으로 가시고 걷고 볼거리를 생각하신다면 불국사쪽으로,"['경주', '여행', '장소']","['박', '일', '경주', '여행', '첫째', '날', '황리', '길', '예정', '둘째', '날', '보문', '단지', '불국사', '어디', '게', '위주', '보문', '단지', '쪽', '볼거리', '생각', '불국사', '쪽']","['경주', '여행', '장소', '박', '일', '경주', '여행', '첫째', '날', '황리', '길', '예정', '둘째', '날', '보문', '단지', '불국사', '어디', '게', '위주', '보문', '단지', '쪽', '볼거리', '생각', '불국사', '쪽']"
경주 여행,https://kin.naver.com/qna/detail.naver?d1id=9&dirId=90111&docId=444214600&qb=6rK97KO87Jes7ZaJ&enc=utf8,경주여행 하려고 하는데 4월 2930 일박 이일 동안 머물수있는 숙소 추천 부탁드립니다 가격대는 이십만원 아래로 하고 잠이 많아서 되도록이면 11식 체크아웃이 아닌곳 그리고 볼거리가 많은 경주 시내로 추천해주셨으면,"['경주', '여행']","['경주', '여행', '데', '월', '일', '박', '이', '일', '동안', '수', '숙소', '추천', '부탁', '가격대', '이', '십', '만', '원', '아래', '잠', '식', '체크아웃', '곳', '볼거리', '경주', '시내', '추천']","['경주', '여행', '경주', '여행', '데', '월', '일', '박', '이', '일', '동안', '수', '숙소', '추천', '부탁', '가격대', '이', '십', '만', '원', '아래', '잠', '식', '체크아웃', '곳', '볼거리', '경주', '시내', '추천']"
경주여행 1박2일 코스좀 부탁드립니다,https://kin.naver.com/qna/detail.naver?d1id=9&dirId=901&docId=137625538&qb=6rK97KO87Jes7ZaJ&enc=utf8,1박2일로 혼자여행 하려고 하는데 경주여행은 처음이라 경주여행 일정과 형편에 맞게 아래코스에서 조절하면 0547436001 아래사이트에서 경주여행후기 몇편만 읽어보면 많은 도움이 될것입니다 좋은 경주여행 다녀,"['경주', '여행', '박', '일', '코스']","['박', '일', '혼자', '여행', '경주', '여행', '처음', '경주', '여행', '일정', '형편', '아래', '코스', '조절', '아래', '사이트', '경주', '여행', '후기', '편', '도움', '것', '경주', '여행']","['경주', '여행', '박', '일', '코스', '박', '일', '혼자', '여행', '경주', '여행', '처음', '경주', '여행', '일정', '형편', '아래', '코스', '조절', '아래', '사이트', '경주', '여행', '후기', '편', '도움', '것', '경주', '여행']"
경주 여행코스,https://kin.naver.com/qna/detail.naver?d1id=9&dirId=90105&docId=347541068&qb=6rK97KO87Jes7ZaJ&enc=utf8,경주 여행을 가려고 하는데요 가보고 싶은곳은 다 정했는데 코스를 어찌해야 좋을지 잘 모르겠어서요 총 3일로 주상절리 경주여행코스 보문단지 황리단길 경주에서 가볼만한 곳 들에 가깝게 위치하고 있습니다 많이,"['경주', '여행', '코스']","['경주', '여행', '곳', '코스', '일', '주상', '절리', '경주', '여행', '코스', '보문', '황리', '길', '경주', '만', '곳', '위치']","['경주', '여행', '코스', '경주', '여행', '곳', '코스', '일', '주상', '절리', '경주', '여행', '코스', '보문', '황리', '길', '경주', '만', '곳', '위치']"
경주여행 일정,https://kin.naver.com/qna/detail.naver?d1id=9&dirId=90111&docId=133794393&qb=6rK97KO87Jes7ZaJ&enc=utf8,안녕하세요 이번에 경주여행을 가려는데 혼자서는 맛집도 있으면 알려주세요 경주여행 일정과 형편에 맞게 0547436001 아래사이트에서 경주여행후기 몇편만 읽어보면 많은 도움이 될것입니다 좋은 경주여행 다녀,"['경주', '여행', '일정']","['안녕', '이번', '경주', '여행', '혼자', '맛집', '경주', '여행', '일정', '형편', '아래', '사이트', '경주', '여행', '후기', '편', '도움', '것', '경주', '여행']","['경주', '여행', '일정', '안녕', '이번', '경주', '여행', '혼자', '맛집', '경주', '여행', '일정', '형편', '아래', '사이트', '경주', '여행', '후기', '편', '도움', '것', '경주', '여행']"
경주여행 차를 가지고 가야 할까요,https://kin.naver.com/qna/detail.naver?d1id=12&dirId=121102&docId=219068619&qb=6rK97KO87Jes7ZaJ&enc=utf8,경주여행을 하기로 했는데 경주까지 너무 멀어서 걱정이네요 차를 놓고 구경할 곳도 많을거구요 경주 여행하실 때 필요한 정보들 모아 놓은 경주여행에 도움이 되셨으면 좋겠네요 경주야 홈페이지  www경주야com,"['경주', '여행', '차']","['경주', '여행', '경주', '걱정', '차', '구경', '곳', '거', '경주', '여행', '때', '필요', '정보', '경주', '여행', '도움', '경주', '홈페이지', '경주']","['경주', '여행', '차', '경주', '여행', '경주', '걱정', '차', '구경', '곳', '거', '경주', '여행', '때', '필요', '정보', '경주', '여행', '도움', '경주', '홈페이지', '경주']"
경주여행코스추천요,https://kin.naver.com/qna/detail.naver?d1id=9&dirId=90111&docId=347417465&qb=6rK97KO87Jes7ZaJ&enc=utf8,3월20금요일밤에경기도에서 출발해서 22일오전까지 경주여행하려해요 코스추천해주세요 안녕하세요 경주 주상절리 경주여행코스 보문단지 황리단길 경주에서 가볼만한 곳 들에 가깝게 위치하고 있습니다 많이 찾아주세요,"['경주', '여행', '코스', '추천요']","['월', '금요일', '밤', '경기도', '출발', '일', '오전', '경주', '여행', '코스', '추천', '경주', '주상', '절리', '경주', '여행', '코스', '보문', '황리', '길', '경주', '만', '곳', '위치']","['경주', '여행', '코스', '추천요', '월', '금요일', '밤', '경기도', '출발', '일', '오전', '경주', '여행', '코스', '추천', '경주', '주상', '절리', '경주', '여행', '코스', '보문', '황리', '길', '경주', '만', '곳', '위치']"
경주 여행,https://kin.naver.com/qna/detail.naver?d1id=9&dirId=90111&docId=74175460&qb=6rK97KO87Jes7ZaJ&enc=utf8,둘이서 경주 여행거의 유명한 유적을 보기위한을 가보려고합니다 초등학생에겐 경주여행만큼 도움되는 등 150000원대 전후로 투숙 가능  경주여행   시티투어  홈페이지  천마관광 wwwcmtournet 문 의  0547436001,"['경주', '여행']","['둘', '경주', '여행', '유적', '위한', '초등학생', '경주', '여행', '도움', '등', '원대', '전후', '투숙', '가능', '경주', '여행', '시티투어', '홈페이지', '천마', '관광', '문']","['경주', '여행', '둘', '경주', '여행', '유적', '위한', '초등학생', '경주', '여행', '도움', '등', '원대', '전후', '투숙', '가능', '경주', '여행', '시티투어', '홈페이지', '천마', '관광', '문']"
경주 여행 숙박 문의드립니다,https://kin.naver.com/qna/detail.naver?d1id=9&dirId=90111&docId=455881791&qb=6rK97KO87Jes7ZaJ&enc=utf8,저희 어머니 칠순이 10월 중순이라 경주 여행 3박 4일정도 예정입니다 인원은 성인 5명 어린이 3명으로 8명인데 숙박 검색해보니 금액대가 만만치가 않더군요 저희 8인 가족이 숙박할 수 있는 곳으로 추천 부탁합니다,"['경주', '여행', '숙박', '문']","['저희', '어머니', '칠순', '월', '중순', '경주', '여행', '박', '일', '정도', '예정', '인원', '성인', '명', '어린이', '명', '명', '숙박', '검색', '금액', '대', '저희', '인', '가족', '숙박', '수', '곳', '추천', '부탁']","['경주', '여행', '숙박', '문', '저희', '어머니', '칠순', '월', '중순', '경주', '여행', '박', '일', '정도', '예정', '인원', '성인', '명', '어린이', '명', '명', '숙박', '검색', '금액', '대', '저희', '인', '가족', '숙박', '수', '곳', '추천', '부탁']"
외도경주 여행,https://kin.naver.com/qna/detail.naver?d1id=9&dirId=90111&docId=74587144&qb=6rK97KO87Jes7ZaJ&enc=utf8,이튿날 경주여행을 하고 또 하룻밤 자고 원주로 오는 일정입니다 제가 궁굼한거는 여행경비를 알고  경주여행  부산대동요금소gt경주IC  708Km  3600원  약 50분소요 경주에 도착하면 숙소를 잡으세요 보문내에는,"['외도', '경주', '여행']","['이튿날', '경주', '여행', '하룻밤', '원주', '일정', '제', '거', '여행', '경비', '경주', '여행', '부산대', '동요', '금소', '경주', '원', '분', '소요', '경주', '도착', '숙소', '보문', '내']","['외도', '경주', '여행', '이튿날', '경주', '여행', '하룻밤', '원주', '일정', '제', '거', '여행', '경비', '경주', '여행', '부산대', '동요', '금소', '경주', '원', '분', '소요', '경주', '도착', '숙소', '보문', '내']"
경주 여행 코스,https://kin.naver.com/qna/detail.naver?d1id=12&dirId=121102&docId=295358524&qb=6rK97KO87Jes7ZaJ&enc=utf8,3월 중순에 친구들과 차를 렌트하여 경주 여행을 하고 안녕하세요 경주여행을 계획하시는군요 우선 몇 박 또한 제가 경주 여행할때 느꼈던 점이 생각보다 일찍 가족들과 경주 여행시 한 번쯤 들리면 좋은 곳이다,"['경주', '여행', '코스']","['월', '중순', '친구', '차', '렌트', '경주', '여행', '안녕', '경주', '여행', '계획', '박', '제', '경주', '여행', '때', '점', '생각', '가족', '경주', '여행', '시', '번', '곳']","['경주', '여행', '코스', '월', '중순', '친구', '차', '렌트', '경주', '여행', '안녕', '경주', '여행', '계획', '박', '제', '경주', '여행', '때', '점', '생각', '가족', '경주', '여행', '시', '번', '곳']"
가족경주여행 일정 및 유의사항을 알려주세요,https://kin.naver.com/qna/detail.naver?d1id=9&dirId=90111&docId=60087839&qb=6rK97KO87Jes7ZaJ&enc=utf8,가족 경주여행을 다녀오려고 합니다 큰아이가 초등학교 2학년인데 요즘 역사에 관심이 많아서 경주여행을 그리고 경주여행이 수학여행 이후로 첨이라 여행시 좋은 답변에는 추가내공 드리겠습니다_  4박5일의 경주 여행이,"['가족', '경주', '여행', '일정', '유', '사항']","['가족', '경주', '여행', '큰아이', '초등', '학교', '학년', '요즘', '역사', '관심', '경주', '여행', '경주', '여행', '수학여행', '이후', '첨', '여행', '시', '답변', '추가', '내공', '박', '일', '경주', '여행']","['가족', '경주', '여행', '일정', '유', '사항', '가족', '경주', '여행', '큰아이', '초등', '학교', '학년', '요즘', '역사', '관심', '경주', '여행', '경주', '여행', '수학여행', '이후', '첨', '여행', '시', '답변', '추가', '내공', '박', '일', '경주', '여행']"
경주여행가기,https://kin.naver.com/qna/detail.naver?d1id=9&dirId=90111&docId=460733045&qb=6rK97KO87Jes7ZaJ&enc=utf8,안녕하세요 경주 여행을 2024 기준으로 중1친구들 4명에서 가려고 하는데 황리단길이랑 가까운 숙소 예약 가능한 곳이 있을까요 안녕하세요 경주마벨라풀빌라amp스크린골프 입니다 독채69평형개별수영장바베큐장,"['경주', '여행']","['안녕', '경주', '여행', '기준', '중', '친구', '명', '황리', '길', '숙소', '예약', '가능', '곳', '안녕', '경주마', '벨라', '풀', '스크린골프', '독채', '평', '개별', '수영장', '바베큐', '장']","['경주', '여행', '안녕', '경주', '여행', '기준', '중', '친구', '명', '황리', '길', '숙소', '예약', '가능', '곳', '안녕', '경주마', '벨라', '풀', '스크린골프', '독채', '평', '개별', '수영장', '바베큐', '장']"
경주 여행을 가려고 하는데요,https://kin.naver.com/qna/detail.naver?d1id=9&dirId=90111&docId=74279907&qb=6rK97KO87Jes7ZaJ&enc=utf8,전 수도권에 살고 있고요 이번에 경주여행을 가볼 생각입니다 월성터를 비롯한 신라유적지를 둘러보고  경주여행  터미날 또는 경주역에서 이동시에는 10번 버스를 이용하면 편리 합니다 10번  터미날gt경주역,"['경주', '여행']","['수도', '이번', '경주', '여행', '생각', '월성', '터', '신라', '유적지', '경주', '여행', '터', '미', '날', '경주', '역', '동시', '번', '버스', '이용', '편리', '번', '미', '날', '주역']","['경주', '여행', '수도', '이번', '경주', '여행', '생각', '월성', '터', '신라', '유적지', '경주', '여행', '터', '미', '날', '경주', '역', '동시', '번', '버스', '이용', '편리', '번', '미', '날', '주역']"
경주여행질문,https://kin.naver.com/qna/detail.naver?d1id=9&dirId=90111&docId=149630194&qb=6rK97KO87Jes7ZaJ&enc=utf8,3박4일동안 경주여행을 할려고 합니다 자가용을 가지고 또하나는 경주여행 팁이나 코스를 알려주시면 정말 감사하겠습니다 경주여행을 계획하시는군요 휴양이 저렴한 숙박을 원하신다면 경주여행게스트하우스 추천해,"['경주', '여행', '질문']","['박', '일', '동안', '경주', '여행', '자가용', '하나', '경주', '여행', '팁', '코스', '감사', '경주', '여행', '계획', '휴양', '숙박', '경주', '여행', '게스트', '하우스', '추천']","['경주', '여행', '질문', '박', '일', '동안', '경주', '여행', '자가용', '하나', '경주', '여행', '팁', '코스', '감사', '경주', '여행', '계획', '휴양', '숙박', '경주', '여행', '게스트', '하우스', '추천']"
경주여행 코스 질문,https://kin.naver.com/qna/detail.naver?d1id=9&dirId=90101&docId=477420197&qb=6rK97KO87Jes7ZaJ&enc=utf8,월지야경중앙시장 3일차 보문단지권 경주월드 루지공원카트라이더엑스포공원솔거미술관동궁원식물원버드파크 경주 여행관련해서 참고할만한 포스팅 남겨봅니다,"['경주', '여행', '코스', '질문']","['월지', '야경', '중앙', '시장', '일', '차', '보문', '단지', '경주', '월드', '루지', '공원', '카트라이더', '엑스포', '공원', '솔거', '미술', '관동', '궁원', '식물원', '버드', '파크', '경주', '여행', '관련', '참고', '만', '포스팅']","['경주', '여행', '코스', '질문', '월지', '야경', '중앙', '시장', '일', '차', '보문', '단지', '경주', '월드', '루지', '공원', '카트라이더', '엑스포', '공원', '솔거', '미술', '관동', '궁원', '식물원', '버드', '파크', '경주', '여행', '관련', '참고', '만', '포스팅']"
경주여행 문의드려요,https://kin.naver.com/qna/detail.naver?d1id=9&dirId=90111&docId=128051003&qb=6rK97KO87Jes7ZaJ&enc=utf8,1박 2일로 경주여행 가려고 하는데요 첫날 경주에 도착하면 많은 답변 부탁드려요 0 경주여행 일정과 형편에 맞게 0547436001 아래사이트에서 경주여행후기 몇편만 읽어보면 많은 도움이 될것입니다 좋은 경주여행 다녀,"['경주', '여행', '문']","['박', '일', '경주', '여행', '날', '경주', '도착', '답변', '부탁', '경주', '여행', '일정', '형편', '아래', '사이트', '경주', '여행', '후기', '편', '도움', '것', '경주', '여행']","['경주', '여행', '문', '박', '일', '경주', '여행', '날', '경주', '도착', '답변', '부탁', '경주', '여행', '일정', '형편', '아래', '사이트', '경주', '여행', '후기', '편', '도움', '것', '경주', '여행']"
경주여행8월7일,https://kin.naver.com/qna/detail.naver?d1id=9&dirId=90111&docId=114506991&qb=6rK97KO87Jes7ZaJ&enc=utf8,작은애6살 경주 여행을 계획하고 있습니다도통 일정을 짜기가 가보시면 아시겠지만 경주 여행하는 사람들 거의 대부분 스템프 가지고 그리고 제가 경주 여행 다녀온 후에 블로그에 올린 사진들입니다 즐거운 여행,"['경주', '여행', '월', '일']","['애', '살', '경주', '여행', '계획', '일정', '경주', '여행', '사람', '대부분', '스템프', '제', '경주', '여행', '후', '블로그', '사진', '여행']","['경주', '여행', '월', '일', '애', '살', '경주', '여행', '계획', '일정', '경주', '여행', '사람', '대부분', '스템프', '제', '경주', '여행', '후', '블로그', '사진', '여행']"
경주여행 중 대형택시 8명정도,https://kin.naver.com/qna/detail.naver?d1id=8&dirId=81207&docId=485979818&qb=6rK97KO87Jes7ZaJ&enc=utf8,경주에 단체로 기차를 타고 갑니다 경주 시내황리단길  숙소천북면 까지 대형택시가8명정도 탑승 해야함 있을까요 그 다음 날 다시 숙소천북면  경주 시내황리단길 이용 예정 일요일에 퇴실 후 다시 이용도 해야합니다,"['경주', '여행', '중', '대형', '택시', '명', '정도']","['경주', '단체', '기차', '경주', '시내', '황리', '길', '숙소', '천', '북면', '대형', '택시', '명', '정도', '탑승', '다음', '날', '숙소', '천북면', '경주', '시내', '황리', '길', '이용', '예정', '일요일', '퇴실', '후', '이용']","['경주', '여행', '중', '대형', '택시', '명', '정도', '경주', '단체', '기차', '경주', '시내', '황리', '길', '숙소', '천', '북면', '대형', '택시', '명', '정도', '탑승', '다음', '날', '숙소', '천북면', '경주', '시내', '황리', '길', '이용', '예정', '일요일', '퇴실', '후', '이용']"
경주 여행코스 질문이요,https://kin.naver.com/qna/detail.naver?d1id=12&dirId=12110212&docId=225460658&qb=6rK97KO87Jes7ZaJ&enc=utf8,안녕하세요 경주여행을 할려고하는데요 경남진주에서 출발해서 경주에 당일치기로 친구들이랑 여행을 가기로 경주 여행코스에 대한 생각입니다  안녕하세요 여행전문블로거 쭈니아빠입니다 아침일찍 출발해서 오전에 경주에,"['경주', '여행', '코스', '질문']","['안녕', '경주', '여행', '경남', '진주', '출발', '경주', '당일치기', '친구', '여행', '경주', '여행', '코스', '생각', '여행', '전문', '블로거', '쭈니', '아빠', '아침', '출발', '오전', '경주']","['경주', '여행', '코스', '질문', '안녕', '경주', '여행', '경남', '진주', '출발', '경주', '당일치기', '친구', '여행', '경주', '여행', '코스', '생각', '여행', '전문', '블로거', '쭈니', '아빠', '아침', '출발', '오전', '경주']"
경주여행을 하는게 숙소 괜찮을까요,https://kin.naver.com/qna/detail.naver?d1id=9&dirId=90111&docId=390639707&qb=6rK97KO87Jes7ZaJ&enc=utf8,경주 여행을 가는데 경주 월드 기준으로 숙소를 잡으려고 합니다 근데 거리가 경주여행을 정말 많이많이 다니고 있는 쭈니아빠입니다 솔직하게 경주여행 코스가 며칠일지 모르겠지만 굳이 1시간 이동해야 되는 숙소를 잡은,"['경주', '여행', '게', '숙소']","['경주', '여행', '경주', '월드', '기준', '숙소', '거리', '경주', '여행', '쭈니', '아빠', '경주', '여행', '코스', '며칠', '시간', '이동', '숙소']","['경주', '여행', '게', '숙소', '경주', '여행', '경주', '월드', '기준', '숙소', '거리', '경주', '여행', '쭈니', '아빠', '경주', '여행', '코스', '며칠', '시간', '이동', '숙소']"
무궁화호 경주여행,https://kin.naver.com/qna/detail.naver?d1id=9&dirId=90111&docId=423832731&qb=6rK97KO87Jes7ZaJ&enc=utf8,이번에 친구랑 부산에서 무궁화호로 경주여행 가는데 동궁과 월지에서 신경주역으로 버스타고 가려면 몇 번 버스 타야되나요 버스 시간표 어디서 볼 수 있나요 ㅜㅜ 50경주새천년미소 신경주역  신경주역 첫차 0730,"['무궁화호', '경주', '여행']","['이번', '친구', '부산', '무궁화호', '경주', '여행', '동궁', '월지', '신경', '주역', '버스', '번', '버스', '버스', '시간표', '어디', '수', '경주', '새천년', '미소', '신경', '주역', '신경', '주역', '첫차']","['무궁화호', '경주', '여행', '이번', '친구', '부산', '무궁화호', '경주', '여행', '동궁', '월지', '신경', '주역', '버스', '번', '버스', '버스', '시간표', '어디', '수', '경주', '새천년', '미소', '신경', '주역', '신경', '주역', '첫차']"
당일치기로 경주여행을 할려고 합니다,https://kin.naver.com/qna/detail.naver?d1id=9&dirId=90111&docId=74792456&qb=6rK97KO87Jes7ZaJ&enc=utf8,저는 부산에 살구요 휴일을 이용해 사진도 찍을겸해서 경주여행을  우선 즐거운 여행이 돼셨으면 좋겠네요  경주여행 편하게 하시려면 퍼온글이지만 경주여행에 도움이 되셨으면 함니다  경주여행과,"['당일', '경주', '여행']","['저', '부산', '휴일', '이용', '사진', '겸', '경주', '여행', '여행', '경주', '여행', '글', '경주', '여행', '도움', '경주', '여행']","['당일', '경주', '여행', '저', '부산', '휴일', '이용', '사진', '겸', '경주', '여행', '여행', '경주', '여행', '글', '경주', '여행', '도움', '경주', '여행']"
4월 18일부터 2박 3일 경주여행가,https://kin.naver.com/qna/detail.naver?d1id=9&dirId=90111&docId=443681948&qb=6rK97KO87Jes7ZaJ&enc=utf8,4월 18일부터 2박 3일 경주여행가는데 차가 없어서 걸어다닐겁니다 그리고 숙소는 시외버스터미널 주변이구요 16시에 체크인할수있는데 그 전에 너무 왔다갔다하지않는 코스 좀 알려주세요 점심시간과 저녁시간을 넣어서 짜주시면 더,"['월', '일', '박', '일', '경주', '여행가']","['월', '일', '박', '일', '경주', '여행', '차', '겁니다', '숙소', '시외버스', '터미널', '주변', '시', '체크인', '수', '전', '코스', '점심', '시간', '저녁', '시간']","['월', '일', '박', '일', '경주', '여행가', '월', '일', '박', '일', '경주', '여행', '차', '겁니다', '숙소', '시외버스', '터미널', '주변', '시', '체크인', '수', '전', '코스', '점심', '시간', '저녁', '시간']"
경주여행 1박2일 코스좀 추천부탁해요,https://kin.naver.com/qna/detail.naver?d1id=9&dirId=90105&docId=464368916&qb=6rK97KO87Jes7ZaJ&enc=utf8,여친이랑 둘이 경주 여행갈려고 그러는데 1박2일 코스좀 짜주세여 한복대여코스 포함 부탁드립니다 내공 100드릴께요 경주 좋죠 아니면 저는 3만원만 내고 경비 다 지원받는 여기로 여행 프로그램 이용해보시는 것도,"['경주', '여행', '박', '일', '코스', '추천', '부탁']","['여친', '둘', '경주', '여행', '데', '박', '일', '코스', '한복', '대여', '코스', '포함', '부탁', '내공', '경주', '저', '만', '원', '경비', '지원', '여기', '여행', '프로그램', '이용', '것']","['경주', '여행', '박', '일', '코스', '추천', '부탁', '여친', '둘', '경주', '여행', '데', '박', '일', '코스', '한복', '대여', '코스', '포함', '부탁', '내공', '경주', '저', '만', '원', '경비', '지원', '여기', '여행', '프로그램', '이용', '것']"
경주여행코스,https://kin.naver.com/qna/detail.naver?d1id=9&dirId=90111&docId=251235682&qb=6rK97KO87Jes7ZaJ&enc=utf8,경주여행 갈려구하는데 처음방문이라 모르겟어요 코스는 점심먹고 경주여행이 처음이세요 지금 생각하고 계시는 코스는 주상절리를 제외하고는 참고로 쭈니아빠 블로그를 방문하시면 경주여행 카테고리가 있습니다 여행코스,"['경주', '여행', '코스']","['경주', '여행', '처음', '방문', '코스', '점심', '경주', '여행', '처음', '생각', '코스', '주상', '절리', '제외', '참고', '쭈니', '아빠', '블로그', '방문', '경주', '여행', '카테고리', '여행', '코스']","['경주', '여행', '코스', '경주', '여행', '처음', '방문', '코스', '점심', '경주', '여행', '처음', '생각', '코스', '주상', '절리', '제외', '참고', '쭈니', '아빠', '블로그', '방문', '경주', '여행', '카테고리', '여행', '코스']"
경주여행 코스좀 짜주세요,https://kin.naver.com/qna/detail.naver?d1id=12&dirId=121102&docId=113438262&qb=6rK97KO87Jes7ZaJ&enc=utf8,7월 24일부터 7월26일까지 2박3일 경주 여행을 가려고 합니다 초등4학년2학년과 본격적으로 경주 여행을 하고 싶고 스템프 여행 이라는 것도 있던데 안녕하세염ㅋ 경주 여행 하실려구염ㅋㅋ 제가 아는만큼 일정,"['경주', '여행', '코스']","['월', '일', '월', '일', '박', '일', '경주', '여행', '초등', '학년', '학년', '본격', '경주', '여행', '스템프', '여행', '것', '데', '안녕', '세염', '경주', '여행', '제', '만큼', '일정']","['경주', '여행', '코스', '월', '일', '월', '일', '박', '일', '경주', '여행', '초등', '학년', '학년', '본격', '경주', '여행', '스템프', '여행', '것', '데', '안녕', '세염', '경주', '여행', '제', '만큼', '일정']"
경주 여행 동궁과월지 보문관광단지 일정코스 질문입니다,https://kin.naver.com/qna/detail.naver?d1id=9&dirId=90105&docId=483702753&qb=6rK97KO87Jes7ZaJ&enc=utf8,경주 여행 계획 정말 알차게 잘 세우셨어요 특히 동궁과월지 amp 월정교 야경은 진짜 멋지기 때문에 그 부분 고민하신 게 완전 공감됩니다 1 1안 일정 요약 점저 백년손님 대릉원  첨성대  월정교  동궁과월지 점저2,"['경주', '여행', '동궁', '월지', '보문관광단지', '일정', '코스', '질문']","['경주', '여행', '계획', '동궁', '월지', '월', '정교', '야경', '때문', '부분', '고민', '게', '공감', '안', '일정', '요약', '점', '백', '년', '손님', '대릉원', '첨성대', '월', '정교', '동궁', '월지', '점']","['경주', '여행', '동궁', '월지', '보문관광단지', '일정', '코스', '질문', '경주', '여행', '계획', '동궁', '월지', '월', '정교', '야경', '때문', '부분', '고민', '게', '공감', '안', '일정', '요약', '점', '백', '년', '손님', '대릉원', '첨성대', '월', '정교', '동궁', '월지', '점']"
경주여행,https://kin.naver.com/qna/detail.naver?d1id=13&dirId=13&docId=38061362&qb=6rK97KO87Jes7ZaJ&enc=utf8,안녕하세요 경주여행을가려고 합니다 전 1박2일로 다녀올건데요 어디가 꼭 가봐야 할곳 좀알려주세요 표로 만들어주시면 더 ㄳ 천년고도 경주여행 경주여행에관한 궁금사항은 wwwcityvilcom 경주씨티빌민박에 오셔서 참고하세요,"['경주', '여행']","['안녕', '경주', '여행', '박', '일', '건데요', '어디', '곳', '표', '천', '년', '고도', '경주', '여행', '경주', '여행', '궁금', '사항', '경주', '씨티', '민박', '참고']","['경주', '여행', '안녕', '경주', '여행', '박', '일', '건데요', '어디', '곳', '표', '천', '년', '고도', '경주', '여행', '경주', '여행', '궁금', '사항', '경주', '씨티', '민박', '참고']"
경주 여행가면 볼거 많겠죠,https://kin.naver.com/qna/detail.naver?d1id=9&dirId=90111&docId=419732451&qb=6rK97KO87Jes7ZaJ&enc=utf8,중학생인데 경주 여행가볼려고 하는데 볼거 많겠죠 경주에는 문화재 관광이 많습니다 첨성대 주변에는 황리단길도 있습니다 불국사와 석굴암도 있습니다 경주월드도 있어요 중학생이시라면 대중교통을 이용하실꺼라면 한번에 다,"['경주', '여행', '거']","['중학생', '경주', '여행가', '데', '거', '경주', '문화재', '관광', '첨성대', '주변', '황리', '길', '불국사', '석굴암', '경주', '월드', '중학', '대중교통', '이용', '꺼', '번']","['경주', '여행', '거', '중학생', '경주', '여행가', '데', '거', '경주', '문화재', '관광', '첨성대', '주변', '황리', '길', '불국사', '석굴암', '경주', '월드', '중학', '대중교통', '이용', '꺼', '번']"
경주 여행 태풍 카눈 10일부터 11,https://kin.naver.com/qna/detail.naver?d1id=9&dirId=90111&docId=451850316&qb=6rK97KO87Jes7ZaJ&enc=utf8,경주 여행 태풍 카눈 10일부터 11일까지 가는데 영향이 클까요 8월10일 태풍의 영향으로 인한 종일 비 예보 있습니다 9일 오후부터 11일 오전까지 비가 온다고 합니다,"['경주', '여행', '태풍', '카눈', '일']","['경주', '여행', '태풍', '카눈', '일', '일', '영향', '월', '일', '태풍', '영향', '종일', '예보', '일', '오후', '일', '오전', '비']","['경주', '여행', '태풍', '카눈', '일', '경주', '여행', '태풍', '카눈', '일', '일', '영향', '월', '일', '태풍', '영향', '종일', '예보', '일', '오후', '일', '오전', '비']"
경주 여행코스,https://kin.naver.com/qna/detail.naver?d1id=9&dirId=90111&docId=320573759&qb=6rK97KO87Jes7ZaJ&enc=utf8,1박 2일 경주여행코스 추천좀 해주세요 차는 없구요 운전할 수 있는사람도 없어서 대중교통을 이용하려고 하는데 주상절리 경주여행코스 보문단지 황리단길 경주에서 가볼만한 곳 들에 가깝게 위치하고 있습니다 많이,"['경주', '여행', '코스']","['박', '일', '경주', '여행', '코스', '추천', '차', '운전', '수', '사람', '대중교통', '이용', '주상', '절리', '경주', '여행', '코스', '보문', '황리', '길', '경주', '만', '곳', '위치']","['경주', '여행', '코스', '박', '일', '경주', '여행', '코스', '추천', '차', '운전', '수', '사람', '대중교통', '이용', '주상', '절리', '경주', '여행', '코스', '보문', '황리', '길', '경주', '만', '곳', '위치']"
경주 여행가는데 찐찐맛집 추천 해주세요,https://kin.naver.com/qna/detail.naver?d1id=1&dirId=1060101&docId=482235855&qb=6rK97KO87Jes7ZaJ&enc=utf8,부모님이랑 거의 2년만에 여행가는데 진짜 맛있는집에서 먹고 싶어요 가볼 기회도 적구요 찾아보면 황남두꺼비집있다는데 솔직히 그냥 유명세 아닌가 싶어서 현지인들만 가는 맛집으로 추천 부탁드립니다 경주 여행,"['경주', '여행', '데', '맛집', '추천']","['부모', '년', '만', '여행', '집', '기회', '황남', '두꺼비집', '유명세', '현지', '맛집', '추천', '부탁', '경주', '여행']","['경주', '여행', '데', '맛집', '추천', '부모', '년', '만', '여행', '집', '기회', '황남', '두꺼비집', '유명세', '현지', '맛집', '추천', '부탁', '경주', '여행']"
코로나끝나면 갈 경주여행코스좀 부탁드립니다,https://kin.naver.com/qna/detail.naver?d1id=9&dirId=90111&docId=378689442&qb=6rK97KO87Jes7ZaJ&enc=utf8,경주여행이면 첨성대나 뭐이런곳 추천해주시길래 커플끼리간다면 뭐 교복사진찍고 이런걸 해볼건데 좀 ㅠ 경주 여행은 대중교통으로 가시는지 차로 가시는지도 무척 중요합니다 숙박 하는 곳 위치도,"['코로나', '끝', '경주', '여행', '코스']","['경주', '여행', '첨성대', '곳', '추천', '커플', '교복', '사진', '걸', '건데', '경주', '여행', '대중교통', '차', '중요', '숙박', '곳', '위치']","['코로나', '끝', '경주', '여행', '코스', '경주', '여행', '첨성대', '곳', '추천', '커플', '교복', '사진', '걸', '건데', '경주', '여행', '대중교통', '차', '중요', '숙박', '곳', '위치']"
경주여행을 가려하는데 서울에서 출발,https://kin.naver.com/qna/detail.naver?d1id=8&dirId=81208&docId=456326492&qb=6rK97KO87Jes7ZaJ&enc=utf8,경주여행을 가려하는데 서울에서 출발 하고 한번에 가진 않고 갈아타야한대서요 동서울 터미널에서 타고 낙동강휴하행 까지 가는 걸 탄 다음 내려서 환승으로 낙동강휴상행 버스를 타면 되는,"['경주', '여행', '서울', '출발']","['경주', '여행', '서울', '출발', '번', '동서', '터미널', '낙동강', '하행', '걸', '다음', '환승', '낙동강', '휴상', '버스']","['경주', '여행', '서울', '출발', '경주', '여행', '서울', '출발', '번', '동서', '터미널', '낙동강', '하행', '걸', '다음', '환승', '낙동강', '휴상', '버스']"
경주여행 대명콘도,https://kin.naver.com/qna/detail.naver?d1id=12&dirId=121102&docId=289780474&qb=6rK97KO87Jes7ZaJ&enc=utf8,경주여행을가는데요 20대남자둘 50대 여성 이모와 할머니 네명이서가는데요 대명콘도에서 2박할거에요 주변에맛집 경주여행을 좋아하는 여행 전문블로거 쭈니아빠입니다  겨울에 할머님과 이모님을 모시고 경주여행을 준비하시는,"['경주', '여행', '대명', '콘']","['경주', '여행', '대', '남자', '둘', '대', '여성', '이모', '할머니', '명', '대명', '콘도', '박', '거', '주변', '맛집', '경주', '여행', '여행', '전문', '블로거', '쭈니', '아빠', '겨울', '할머님', '이모님', '경주', '여행', '준비']","['경주', '여행', '대명', '콘', '경주', '여행', '대', '남자', '둘', '대', '여성', '이모', '할머니', '명', '대명', '콘도', '박', '거', '주변', '맛집', '경주', '여행', '여행', '전문', '블로거', '쭈니', '아빠', '겨울', '할머님', '이모님', '경주', '여행', '준비']"
경주여행 갈껀데 경주펜션 이나 풀빌라 추천좀 해주세요,https://kin.naver.com/qna/detail.naver?d1id=9&dirId=9011403&docId=388900732&qb=6rK97KO87Jes7ZaJ&enc=utf8,내공 겁니다 경주여행 중 갈만한 경주펜션 or 경주풀빌라 추천해주세요 ㅎㅎㅎ 경주여행의 퀄리티를 높여줄 숙소 오푸스11풀빌라 추천합니다,"['경주', '여행', '껀', '데', '경주', '펜션', '이나', '풀', '빌라', '추천']","['내공', '겁니다', '경주', '여행', '중', '갈만', '경주', '펜션', '경주', '풀', '빌라', '추천', '경주', '여행', '퀄리티', '숙소', '오푸스', '풀', '빌라', '추천']","['경주', '여행', '껀', '데', '경주', '펜션', '이나', '풀', '빌라', '추천', '내공', '겁니다', '경주', '여행', '중', '갈만', '경주', '펜션', '경주', '풀', '빌라', '추천', '경주', '여행', '퀄리티', '숙소', '오푸스', '풀', '빌라', '추천']"
경주여행 야경 좋은곳,https://kin.naver.com/qna/detail.naver?d1id=8&dirId=8030205&docId=419488145&qb=6rK97KO87Jes7ZaJ&enc=utf8,경주여행 야경 좋은곳 경주의 야간 관광명소 베스트 5 동궁과월지 월정교 신라밀레니엄파크 첨성대 황룡원 중도타워,"['경주', '여행', '야경', '곳']","['경주', '여행', '야경', '곳', '경주', '야간', '관광', '명소', '베스트', '동궁', '월지', '월', '정교', '신라', '밀레니엄', '파크', '첨성대', '황룡', '원', '중도', '타워']","['경주', '여행', '야경', '곳', '경주', '여행', '야경', '곳', '경주', '야간', '관광', '명소', '베스트', '동궁', '월지', '월', '정교', '신라', '밀레니엄', '파크', '첨성대', '황룡', '원', '중도', '타워']"
경주여행 택시 괜찮을까요,https://kin.naver.com/qna/detail.naver?d1id=9&dirId=90111&docId=454325379&qb=6rK97KO87Jes7ZaJ&enc=utf8,경주여행 택시 괜찮을까요 카카오택시 쓰면 요금도 정해져서 사기 못칩니다,"['경주', '여행', '택시']","['경주', '여행', '택시', '카카오', '택시', '요금', '사기']","['경주', '여행', '택시', '경주', '여행', '택시', '카카오', '택시', '요금', '사기']"
경주 여행 질문,https://kin.naver.com/qna/detail.naver?d1id=9&dirId=90111&docId=436631344&qb=6rK97KO87Jes7ZaJ&enc=utf8,경주여행을 갈려고 하는데 구경 할만한 곳이나 음식점 추천좀 해주세요 사진찍기도 괜찮은곳이나 이쁜 카페 등등 구경 거리 할만 한것들 자세히 알려주시면 감사합니다 또한 숙소도 추천 해주시면 정 말 고맙겠습니다,"['경주', '여행', '질문']","['경주', '여행', '구경', '만', '곳', '음식점', '추천', '사진', '곳', '카페', '등등', '구경', '거리', '만', '것', '감사', '숙소', '추천', '말']","['경주', '여행', '질문', '경주', '여행', '구경', '만', '곳', '음식점', '추천', '사진', '곳', '카페', '등등', '구경', '거리', '만', '것', '감사', '숙소', '추천', '말']"
경주 여행,https://kin.naver.com/qna/detail.naver?d1id=9&dirId=90111&docId=439138671&qb=6rK97KO87Jes7ZaJ&enc=utf8,경주 여행 처음 가보는데 경주에 볼거리나 찐맛집 알려주세요 황리단길 안에도맛집도 많고 맛있는 집들도 있고 황리단길 구경도 좋겠죠 대릉원까지 구경가능하죠 추억의 달동네 교촌 한옥마을 보문단지 밤야경은 월정교 동궁과 월지,"['경주', '여행']","['경주', '여행', '처음', '경주', '거리', '맛집', '황리', '길', '안', '맛집', '집', '황리', '길', '구경', '대릉원', '구경', '가능', '추억', '달동네', '교촌', '한옥마을', '보문', '밤', '야경', '월', '정교', '동궁', '월지']","['경주', '여행', '경주', '여행', '처음', '경주', '거리', '맛집', '황리', '길', '안', '맛집', '집', '황리', '길', '구경', '대릉원', '구경', '가능', '추억', '달동네', '교촌', '한옥마을', '보문', '밤', '야경', '월', '정교', '동궁', '월지']"
혼자 경주여행 하려고합니다,https://kin.naver.com/qna/detail.naver?d1id=12&dirId=121102&docId=100089978&qb=6rK97KO87Jes7ZaJ&enc=utf8,혼자 경주여행하려는 20살 대학생입니다 기말고사 곳에서 경주여행 정보지 받는곳 알려달라고 하면 알려줄거에요 정보지 참고 경주 여행을 완벽하게 계획하는 것도 2 경주 시청 홈피에 있는 경주 여행지 정보얻기 3 간단한 경주,"['경주', '여행']","['경주', '여행', '살', '대학생', '기말고사', '곳', '경주', '여행', '정보지', '곳', '거', '정보지', '참고', '경주', '여행', '완벽', '계획', '것', '경주', '시청', '홈피', '경주', '여행지', '정보', '경주']","['경주', '여행', '경주', '여행', '살', '대학생', '기말고사', '곳', '경주', '여행', '정보지', '곳', '거', '정보지', '참고', '경주', '여행', '완벽', '계획', '것', '경주', '시청', '홈피', '경주', '여행지', '정보', '경주']"
경주 여행가는데,https://kin.naver.com/qna/detail.naver?d1id=6&dirId=61303&docId=398606272&qb=6rK97KO87Jes7ZaJ&enc=utf8,경주 여행가는데 혼자가면 좀 그런가요 경주는 가족이나 커플단위가 거의 대부분이라고 하더라구요 혼자가도 상관은 없지만 경주가 가족같이 여럿이서 둘러보기 위한 공간들이 많아요 유명한 유적들도 사실 젊은 사람이라면 크게,"['경주', '여행']","['경주', '여행', '경주', '가족', '커플', '단위', '대부분', '혼자', '상관', '경주', '가족', '여럿', '공간', '유적', '사람']","['경주', '여행', '경주', '여행', '경주', '가족', '커플', '단위', '대부분', '혼자', '상관', '경주', '가족', '여럿', '공간', '유적', '사람']"
부산출발1박2일 아이들이랑 경주여행,https://kin.naver.com/qna/detail.naver?d1id=9&dirId=901&docId=335111199&qb=6rK97KO87Jes7ZaJ&enc=utf8,부산출발1박2일 아이들이랑 경주여행가려고 합니다초53아이들이구요 추천코스 숙소 음식등등 참고할만한 내용 경주엄청 좋죠 ㅠㅠ 매년 1회는 꼭 가는 곳인데 제가 경주 여행 하면서 진짜 친구나 지인에게 추천하고 싶은곳 몇군데,"['부산', '출발', '박', '일', '아이', '경주', '여행']","['부산', '출발', '박', '일', '아이', '경주', '여행', '아이', '구요', '추천', '코스', '숙소', '음식', '등등', '참고', '만', '내용', '경주', '회', '곳', '제', '경주', '여행', '친구', '지인', '추천', '곳', '군데']","['부산', '출발', '박', '일', '아이', '경주', '여행', '부산', '출발', '박', '일', '아이', '경주', '여행', '아이', '구요', '추천', '코스', '숙소', '음식', '등등', '참고', '만', '내용', '경주', '회', '곳', '제', '경주', '여행', '친구', '지인', '추천', '곳', '군데']"
남친이랑 경주여행 가려고 하는데,https://kin.naver.com/qna/detail.naver?d1id=8&dirId=80101&docId=478429891&qb=6rK97KO87Jes7ZaJ&enc=utf8,남친이랑 경주여행 가려고 하는데 gtgt 남자친구가 생물학적으로는 19세인데 정신적으로는 21세정도 되지 않나요 남자친구가 아직 미성년자19세일 경우 당일치기 여행은 크게 문제가 되지 않을 것입니다 특히 경주와 같은,"['남친', '경주', '여행']","['남친', '경주', '여행', '남자', '친구', '생물학', '세', '정신', '세', '정도', '남자', '친구', '미성년자', '세일', '경우', '당일치기', '여행', '문제', '것', '경주']","['남친', '경주', '여행', '남친', '경주', '여행', '남자', '친구', '생물학', '세', '정신', '세', '정도', '남자', '친구', '미성년자', '세일', '경우', '당일치기', '여행', '문제', '것', '경주']"
경주 여행을 가려고 하는데 차가 없고,https://kin.naver.com/qna/detail.naver?d1id=9&dirId=90111&docId=358932011&qb=6rK97KO87Jes7ZaJ&enc=utf8,경주 여행을 가려고 하는데 차가 없고 버스를 많이 이용하려고 하면 숙소 위치는 어디쪽이 좋을까요 경주 여행을 하는데 숙소는 풍경이 좋은 보문단지 관광 호텔에 정하는 것도 좋고 경비를 줄일려면 시내 모텔을 이용하기 바랍니다,"['경주', '여행', '차']","['경주', '여행', '차', '버스', '이용', '숙소', '위치', '어디', '쪽', '경주', '여행', '숙소', '풍경', '보문', '관광', '호텔', '것', '경비', '시내', '모텔', '이용']","['경주', '여행', '차', '경주', '여행', '차', '버스', '이용', '숙소', '위치', '어디', '쪽', '경주', '여행', '숙소', '풍경', '보문', '관광', '호텔', '것', '경비', '시내', '모텔', '이용']"
11월 말 경주 여행,https://kin.naver.com/qna/detail.naver?d1id=9&dirId=90111&docId=404030604&qb=6rK97KO87Jes7ZaJ&enc=utf8,11월 3쨋주쯤 경주 여행 갈 예정인데 어디가 가장 좋은가요 역사 탐방도 좋아하고 자연 좋아합니다 가보셨던 곳 중 추천할 만한 곳 있으면 추천 부탁드립니다 동궁과 월지 월정교는 낮과밤이 모두,"['월', '말', '경주', '여행']","['월', '주', '경주', '여행', '예정', '어디', '가요', '역사', '탐방', '자연', '곳', '중', '추천', '만', '곳', '추천', '부탁', '동궁', '월지', '월', '정교', '낮', '밤']","['월', '말', '경주', '여행', '월', '주', '경주', '여행', '예정', '어디', '가요', '역사', '탐방', '자연', '곳', '중', '추천', '만', '곳', '추천', '부탁', '동궁', '월지', '월', '정교', '낮', '밤']"
경주 여행 1박2일,https://kin.naver.com/qna/detail.naver?d1id=12&dirId=121102&docId=382286443&qb=6rK97KO87Jes7ZaJ&enc=utf8,다가오는 일월요일 경주여행을 갑니다 사진에 적혀있는 장소는 제가 가보고 싶은 장소에요 여기서 질문 위치  경주시 산업로 3012 불국동행정복지센터옆 배달지역 보문불국외동 지역 일대 즐거운 경주 여행 되세요,"['경주', '여행', '박', '일']","['일', '월요일', '경주', '여행', '사진', '장소', '제', '장소', '여기', '질문', '위치', '경주시', '산업', '불', '국동', '행정', '복지', '센터', '옆', '배달', '지역', '보문', '불국', '외동', '지역', '일대', '경주', '여행']","['경주', '여행', '박', '일', '일', '월요일', '경주', '여행', '사진', '장소', '제', '장소', '여기', '질문', '위치', '경주시', '산업', '불', '국동', '행정', '복지', '센터', '옆', '배달', '지역', '보문', '불국', '외동', '지역', '일대', '경주', '여행']"
경주 여행 일정좀 도와주세요,https://kin.naver.com/qna/detail.naver?d1id=9&dirId=90111&docId=128788818&qb=6rK97KO87Jes7ZaJ&enc=utf8,서울에서 ktx를 타고 경주여행을 갑니다 하루 머무르고 부산으로 다시 이동해야해서 짧은 시간이지만 좋은 추억 ㅡㅡ 하여간 부탁드릴께요 경주여행 좋으시겠네용  요즘 경주 벚꽃이 완전 이쁘게 폈다 하더라구용 벚꽃축제,"['경주', '여행', '일정']","['서울', '경주', '여행', '하루', '부산', '이동', '시간', '추억', '경주', '여행', '요즘', '경주', '벚꽃', '구용', '벚꽃', '축제']","['경주', '여행', '일정', '서울', '경주', '여행', '하루', '부산', '이동', '시간', '추억', '경주', '여행', '요즘', '경주', '벚꽃', '구용', '벚꽃', '축제']"
1박2일 경주여행 코스좀 짜주세요 ㅠㅠ,https://kin.naver.com/qna/detail.naver?d1id=9&dirId=90111&docId=138040381&qb=6rK97KO87Jes7ZaJ&enc=utf8,1박2일 경주여행을 다녀오려고 합니다 경주에는 한 오후 2 ㅠㅠ 경주여행 일정과 형편에 맞게 아래코스에서 0547436001 아래사이트에서 경주여행후기 몇편만 읽어보면 많은 도움이 될것입니다 좋은 경주여행 다녀,"['박', '일', '경주', '여행', '코스']","['박', '일', '경주', '여행', '경주', '오후', '경주', '여행', '일정', '형편', '아래', '코스', '아래', '사이트', '경주', '여행', '후기', '편', '도움', '것', '경주', '여행']","['박', '일', '경주', '여행', '코스', '박', '일', '경주', '여행', '경주', '오후', '경주', '여행', '일정', '형편', '아래', '코스', '아래', '사이트', '경주', '여행', '후기', '편', '도움', '것', '경주', '여행']"
여자친구와 경주여행,https://kin.naver.com/qna/detail.naver?d1id=9&dirId=90111&docId=162915488&qb=6rK97KO87Jes7ZaJ&enc=utf8,여자친구와 경주여행을 가려고합니다 대구에서 경주 감포감포여행경주여행경주바다감포감포깍지길 감포 여행 경주 감포 경주 여행 경주 바다 감포 감포 quot  lt감포 깍지길gt 67p 중 감포 여행 경주 감포 경주 여행 경주,"['여자', '친구', '경주', '여행']","['여자', '친구', '경주', '여행', '대구', '경주', '감포', '감포', '여행', '경주', '여행', '경주', '바다', '감포', '감포', '깍지', '길', '감포', '여행', '경주', '감포', '경주', '여행', '경주', '바다', '감포', '감포', '감포', '깍지', '길', '중', '감포', '여행', '경주', '감포', '경주', '여행', '경주']","['여자', '친구', '경주', '여행', '여자', '친구', '경주', '여행', '대구', '경주', '감포', '감포', '여행', '경주', '여행', '경주', '바다', '감포', '감포', '깍지', '길', '감포', '여행', '경주', '감포', '경주', '여행', '경주', '바다', '감포', '감포', '감포', '깍지', '길', '중', '감포', '여행', '경주', '감포', '경주', '여행', '경주']"
경주여행코스,https://kin.naver.com/qna/detail.naver?d1id=9&dirId=90111&docId=469816188&qb=6rK97KO87Jes7ZaJ&enc=utf8,동궁야경 야경이 좋은 곳은 첨성대 동궁 월정교이니 19시 이후부터 조명이 들어오는 시간에 맞추어서 동선에 맞는 코스는 얼마던지 변경이 가능하세요 경주 지도를 첨부 드리니 참고하시고요 행복한 경주 여행 되세요,"['경주', '여행', '코스']","['동궁', '야경', '야경', '곳', '첨성대', '동궁', '월', '정교', '시', '이후', '조명', '시간', '동선', '코스', '얼마', '변경', '가능', '경주', '지도', '첨부', '참고', '행복', '경주', '여행']","['경주', '여행', '코스', '동궁', '야경', '야경', '곳', '첨성대', '동궁', '월', '정교', '시', '이후', '조명', '시간', '동선', '코스', '얼마', '변경', '가능', '경주', '지도', '첨부', '참고', '행복', '경주', '여행']"
국어 숙제입니다경주 여행에서 꼭 가,https://kin.naver.com/qna/detail.naver?d1id=9&dirId=90105&docId=328320773&qb=6rK97KO87Jes7ZaJ&enc=utf8,국어 숙제입니다경주 여행에서 꼭 가보아야 할 곳 5가지만 선정해 주세요그리고 경주 주요 문화재도 뭐뭐 있는지 경주여행에서 꼭 가보아야 할곳  첨성대 국립경주박물관 석굴암 불국사 경주월드 답변 2 경주 주요 문화재,"['국어', '숙제', '경주', '여행']","['국어', '숙제', '경주', '여행', '곳', '가지', '선정', '경주', '주요', '문화재', '경주', '여행', '곳', '첨성대', '국립', '경주', '박물관', '석굴암', '불국사', '경주', '월드', '답변', '경주', '주요', '문화재']","['국어', '숙제', '경주', '여행', '국어', '숙제', '경주', '여행', '곳', '가지', '선정', '경주', '주요', '문화재', '경주', '여행', '곳', '첨성대', '국립', '경주', '박물관', '석굴암', '불국사', '경주', '월드', '답변', '경주', '주요', '문화재']"
1박2일 경주여행 가는데 게스트하우스랑 맛집 궁금합니다,https://kin.naver.com/qna/detail.naver?d1id=9&dirId=90111&docId=218137852&qb=6rK97KO87Jes7ZaJ&enc=utf8,주말에 친구들하고 같이 커플경주여행을 가기로 했습니다 학생 때 수학여행 가고 처음가는 경주여행이라 경주여행코스를 어떻게 짜야할지 고민이 되네요 가볼만한 경주여행지와 경주 유명한 맛집 아시는 곳 있으면,"['박', '일', '경주', '여행', '게스트', '하우스', '맛집']","['주말', '친구', '커플', '경주', '여행', '학생', '때', '수학여행', '경주', '여행', '경주', '여행', '코스', '고민', '만', '경주', '여행지', '경주', '맛집', '곳']","['박', '일', '경주', '여행', '게스트', '하우스', '맛집', '주말', '친구', '커플', '경주', '여행', '학생', '때', '수학여행', '경주', '여행', '경주', '여행', '코스', '고민', '만', '경주', '여행지', '경주', '맛집', '곳']"
경주여행 코스,https://kin.naver.com/qna/detail.naver?d1id=9&dirId=90111&docId=220775872&qb=6rK97KO87Jes7ZaJ&enc=utf8,친구랑 1박2일정도 경주 여행을 갈려고 하는데요 대구출발입니당 대충 제가 코스 짜본거는 저녁쯤에 경주역에 그 유명한 김밥도 먹어보고 싶어요 ㅎㅎㅎ 추천좀 해주세요 경주여행 일정과 형편에 맞게 아래코스에서,"['경주', '여행', '코스']","['친구', '박', '일', '정도', '경주', '여행', '제', '코스', '거', '저녁', '경주역', '김밥', '추천', '경주', '여행', '일정', '형편', '아래', '코스']","['경주', '여행', '코스', '친구', '박', '일', '정도', '경주', '여행', '제', '코스', '거', '저녁', '경주역', '김밥', '추천', '경주', '여행', '일정', '형편', '아래', '코스']"
친구들이랑 경주 여행 장소 추천,https://kin.naver.com/qna/detail.naver?d1id=9&dirId=90111&docId=438556497&qb=6rK97KO87Jes7ZaJ&enc=utf8,친구들이랑 봄방학에 경주 여행 가기로 했어요 아마 218 쯤에 갈 거 같아요 토 갈만한 장소 추천 해주세요 경주월드는 안가요 추워서 놀이기구 개장X 당일치기고 불국사같은 역사적 장소는 안갈거예요 황리단길은 가기로,"['친구', '경주', '여행', '장소', '추천']","['친구', '봄', '방학', '경주', '여행', '쯤', '거', '토', '갈만', '장소', '추천', '경주', '월드', '놀이기구', '개장', '당일', '불국사', '역사', '장소', '거', '황리', '길']","['친구', '경주', '여행', '장소', '추천', '친구', '봄', '방학', '경주', '여행', '쯤', '거', '토', '갈만', '장소', '추천', '경주', '월드', '놀이기구', '개장', '당일', '불국사', '역사', '장소', '거', '황리', '길']"
경주여행 1박2일 코스좀 짜주세요,https://kin.naver.com/qna/detail.naver?d1id=9&dirId=90111&docId=342318601&qb=6rK97KO87Jes7ZaJ&enc=utf8,내년 1월에 결혼하는 형이랑 결혼적 둘이서 경주 여행을 하려고 합니다 서울에서 출발하는데 경주가는길에 주상절리 경주여행코스 보문단지 황리단길 경주에서 가볼만한 곳 들에 가깝게 위치하고 있습니다 많이 찾아주세요,"['경주', '여행', '박', '일', '코스']","['내년', '월', '결혼', '형', '결혼', '둘', '경주', '여행', '서울', '출발', '경주', '길', '주상', '절리', '경주', '여행', '코스', '보문', '황리', '길', '경주', '만', '곳', '위치']","['경주', '여행', '박', '일', '코스', '내년', '월', '결혼', '형', '결혼', '둘', '경주', '여행', '서울', '출발', '경주', '길', '주상', '절리', '경주', '여행', '코스', '보문', '황리', '길', '경주', '만', '곳', '위치']"
경주 여행코스,https://kin.naver.com/qna/detail.naver?d1id=9&dirId=90111&docId=433434307&qb=6rK97KO87Jes7ZaJ&enc=utf8,2박 3일 경주 여행을 생각중인데 제가 뚜벅이기도 하고 지리를 전혀 몰라서요 첫째날은 북홈 경주가서 책 좀 읽다가 야경관광지로 이동 첫날은 야경 이쁜곳 한곳만 구경할 생각입니다 숙소가,"['경주', '여행', '코스']","['박', '일', '경주', '여행', '생각', '중', '제', '지리', '첫째', '날', '북', '홈', '경주', '책', '야경', '관광지', '이동', '첫날', '야경', '곳', '곳', '구경', '생각', '숙소']","['경주', '여행', '코스', '박', '일', '경주', '여행', '생각', '중', '제', '지리', '첫째', '날', '북', '홈', '경주', '책', '야경', '관광지', '이동', '첫날', '야경', '곳', '곳', '구경', '생각', '숙소']"
6월의 경주여행 추천좀,https://kin.naver.com/qna/detail.naver?d1id=9&dirId=90111&docId=447624886&qb=6rK97KO87Jes7ZaJ&enc=utf8,6월의 경주여행 추천좀 경주는 역사적인 유적지가 많은 지역이며 자연경관을 갖추고 있는 도시입니다 경주 가보실만한 장소로는 불국사 석굴암 양동마을 교촌마을,"['월', '경주', '여행', '추천']","['월', '경주', '여행', '추천', '경주', '역사', '유적지', '지역', '자연', '경관', '도시', '경주', '만', '장소', '불국사', '석굴암', '양동', '마을', '교촌', '마을']","['월', '경주', '여행', '추천', '월', '경주', '여행', '추천', '경주', '역사', '유적지', '지역', '자연', '경관', '도시', '경주', '만', '장소', '불국사', '석굴암', '양동', '마을', '교촌', '마을']"
경주여행 코스,https://kin.naver.com/qna/detail.naver?d1id=12&dirId=121102&docId=117115193&qb=6rK97KO87Jes7ZaJ&enc=utf8,추석때 부모님 보시고 모두 6명이 경주 여행을 갑니다초등학생 고등학생 각 1명 포함 3박 4일 예정입니다 첫날 추석에 경주여행이라니 좋네요 부럽습니다 당장 내일 떠나시는 것인지 하루는 가볍게 첨성대 근처를 산책삼아,"['경주', '여행', '코스']","['추석', '때', '부모', '명', '경주', '여행', '초등학생', '고등학생', '명', '포함', '박', '일', '예정', '날', '추석', '경주', '여행', '것', '하루', '첨성대', '근처', '산책']","['경주', '여행', '코스', '추석', '때', '부모', '명', '경주', '여행', '초등학생', '고등학생', '명', '포함', '박', '일', '예정', '날', '추석', '경주', '여행', '것', '하루', '첨성대', '근처', '산책']"
경주 여행,https://kin.naver.com/qna/detail.naver?d1id=9&dirId=90111&docId=413231142&qb=6rK97KO87Jes7ZaJ&enc=utf8,이번에 친구들이랑 경주여행 가려고 하는데 처음 가는거라 뭐를 어떻게 타고가야하는지 몰라서 물어봅니다 대구 북구쪽에서 살고있고 최대한 저렴하게 갈수있는 방법과 어디서 타서 어디에서 내리면 좋은지 경주,"['경주', '여행']","['이번', '친구', '경주', '여행', '거', '뭐', '대구', '북구', '쪽', '최대한', '수', '방법', '어디', '어디', '경주']","['경주', '여행', '이번', '친구', '경주', '여행', '거', '뭐', '대구', '북구', '쪽', '최대한', '수', '방법', '어디', '어디', '경주']"
경주여행코스 가볼만한 곳 알려주세요,https://kin.naver.com/qna/detail.naver?d1id=3&dirId=3&docId=251198236&qb=6rK97KO87Jes7ZaJ&enc=utf8,안녕하세요 경주여행 가려고 합니다 경주여행코스 가볼만한 곳 알려주세요 안녕하세요 네이버 여행전문 블로거 참고로 쭈니아빠 블로그를 방문하시면 경주여행 카테고리가 있습니다 여행코스 짜실 때 도움이 될 수 있을거에요,"['경주', '여행', '코스', '만', '곳']","['안녕', '경주', '여행', '경주', '여행', '코스', '만', '곳', '네이버', '여행', '전문', '블로거', '참고', '쭈니', '아빠', '블로그', '방문', '경주', '여행', '카테고리', '여행', '코스', '때', '도움', '수', '거']","['경주', '여행', '코스', '만', '곳', '안녕', '경주', '여행', '경주', '여행', '코스', '만', '곳', '네이버', '여행', '전문', '블로거', '참고', '쭈니', '아빠', '블로그', '방문', '경주', '여행', '카테고리', '여행', '코스', '때', '도움', '수', '거']"
경주여행지추천,https://kin.naver.com/qna/detail.naver?d1id=9&dirId=90111&docId=398250260&qb=6rK97KO87Jes7ZaJ&enc=utf8,9월7일10일 경주여행 가려고합니다 여덟살 여섯살 여자아이들과 엄빠 네가족이구요 첫날은 엘라포니시 호텔에서 묵을예정입니다 가능하다면 첫날부터 마지막날까지 좋은,"['경주', '여행지', '추천']","['월', '일', '일', '경주', '여행', '여덟', '살', '여섯', '살', '여자', '아이', '빠', '가족', '날', '엘라', '포니', '시', '호텔', '예정', '가능', '첫날', '마지막', '날']","['경주', '여행지', '추천', '월', '일', '일', '경주', '여행', '여덟', '살', '여섯', '살', '여자', '아이', '빠', '가족', '날', '엘라', '포니', '시', '호텔', '예정', '가능', '첫날', '마지막', '날']"
경주여행 코스,https://kin.naver.com/qna/detail.naver?d1id=9&dirId=90111&docId=404523807&qb=6rK97KO87Jes7ZaJ&enc=utf8,친구랑 둘이서 제 생일 기념으로 경주여행 갈거같은데 코스좀 추천해주세요ㅠㅠ 나이는 중학생이구여 일요일에 당일치기로 갔다올거에욤 카페 맛집 놀거리 사진찍을곳 등등 5만원 정도로 기준을 잡고있긴해용,"['경주', '여행', '코스']","['친구', '둘', '생일', '기념', '경주', '여행', '거', '코스', '추천', '나이', '중학생', '구여', '일요일', '당일치기', '거', '욤', '카페', '맛집', '사진', '곳', '등등', '만', '원', '정도', '기준']","['경주', '여행', '코스', '친구', '둘', '생일', '기념', '경주', '여행', '거', '코스', '추천', '나이', '중학생', '구여', '일요일', '당일치기', '거', '욤', '카페', '맛집', '사진', '곳', '등등', '만', '원', '정도', '기준']"
경주여행 코스추천해주세요,https://kin.naver.com/qna/detail.naver?d1id=9&dirId=90111&docId=462894228&qb=6rK97KO87Jes7ZaJ&enc=utf8,질문하신 경주여행코스 관련 답변 드리도록 하겠습니다 2박 3일간 다녀올만한 경주여행코스 중에서는 경주동궁원 버드파크 추억의달동네 바니베어뮤지엄 등 있으며 이 외에 주변에 둘러볼만한 곳들도 많이 있으니 여행하시는데,"['경주', '여행', '코스', '추천']","['질문', '경주', '여행', '코스', '관련', '답변', '박', '일', '간', '만', '경주', '여행', '코스', '중', '경주', '동궁', '원', '버드', '파크', '추억', '달동네', '바니', '베어', '뮤지엄', '등', '외', '주변', '만', '곳', '여행']","['경주', '여행', '코스', '추천', '질문', '경주', '여행', '코스', '관련', '답변', '박', '일', '간', '만', '경주', '여행', '코스', '중', '경주', '동궁', '원', '버드', '파크', '추억', '달동네', '바니', '베어', '뮤지엄', '등', '외', '주변', '만', '곳', '여행']"
경주 여행갈여고 하는데 이쁜카페 추천해주세요,https://kin.naver.com/qna/detail.naver?d1id=9&dirId=90111&docId=423151060&qb=6rK97KO87Jes7ZaJ&enc=utf8,이번주말에 경주여행 갈려고하는데 카페추천부탁드려요 안녕하세요  경주 봉황대 맞은편 케이크한입 시그니처 카페입니다  경주 관광지중 하나인 황리단길과도 인접해 있어서 접근성도 좋고 금요일 저녁 8시마다 봉황대 뮤직,"['경주', '여행', '여고', '데', '카페', '추천']","['이번', '주말', '경주', '여행', '카페', '추천', '부탁', '안녕', '경주', '봉황대', '맞은편', '케이크', '한입', '시그', '처', '카페', '경주', '관광지', '중', '하나', '황리', '길', '인접', '접근성', '금요일', '저녁', '시', '봉황대', '뮤직']","['경주', '여행', '여고', '데', '카페', '추천', '이번', '주말', '경주', '여행', '카페', '추천', '부탁', '안녕', '경주', '봉황대', '맞은편', '케이크', '한입', '시그', '처', '카페', '경주', '관광지', '중', '하나', '황리', '길', '인접', '접근성', '금요일', '저녁', '시', '봉황대', '뮤직']"
경주여행 준비좀 도와주세요 ㅜㅜ,https://kin.naver.com/qna/detail.naver?d1id=4&dirId=40502&docId=182585798&qb=6rK97KO87Jes7ZaJ&enc=utf8,가족끼리 경주여행을 준비하고 있어요 부모님이 저랑 경주여행하면 떡갈비가 유명하다고 하는데 저희가 예전에 그럼 경주여행 할 때 가보면 좋을 만한 관광지 추천 부탁 드리겠고요 맛집이랑 숙소도 같이 알려주세요 경주여행,"['경주', '여행', '준비']","['가족', '경주', '여행', '준비', '부모', '저', '경주', '여행', '떡갈비', '저희', '예전', '경주', '여행', '때', '만', '관광지', '추천', '부탁', '맛집', '숙소', '경주', '여행']","['경주', '여행', '준비', '가족', '경주', '여행', '준비', '부모', '저', '경주', '여행', '떡갈비', '저희', '예전', '경주', '여행', '때', '만', '관광지', '추천', '부탁', '맛집', '숙소', '경주', '여행']"
경주여행추천 빨리요,https://kin.naver.com/qna/detail.naver?d1id=9&dirId=90111&docId=410695255&qb=6rK97KO87Jes7ZaJ&enc=utf8,제가 가족과 경주여행을 왔는데요 저렴하고 놀거 많는 곳 추천해 주세요 제발요 빨리요 급해요급해 추가내공 50걸게요 경주는 일단 황리단길 가셔서 이것저것 구경 해보시고 음식이나 카페나 소품들 엄청 많아요 그리고 가격들도 다,"['경주', '여행', '추천']","['제', '가족', '경주', '여행', '거', '곳', '추천', '요급', '추가', '내공', '걸', '게요', '경주', '황리', '길', '이것저것', '구경', '음식', '카페', '소품', '가격']","['경주', '여행', '추천', '제', '가족', '경주', '여행', '거', '곳', '추천', '요급', '추가', '내공', '걸', '게요', '경주', '황리', '길', '이것저것', '구경', '음식', '카페', '소품', '가격']"
2박 3일 경주여행 코스 추천,https://kin.naver.com/qna/detail.naver?d1id=9&dirId=90111&docId=125467546&qb=6rK97KO87Jes7ZaJ&enc=utf8,제목그대로 2박3일 경주여행을 갈꺼에요 그래서 그 코스를 짜 주셨으면 합니다 여행가는 날은 다음주 즉 2212 찜질방에서 자려고 하는데 찜질방 위치좀 말해주세요마지막 여행지 근처에 찜질방이 있으면 좋구요 경주여행,"['박', '일', '경주', '여행', '코스', '추천']","['제목', '박', '일', '경주', '여행', '꺼', '코스', '여행가', '날', '다음', '주', '찜질방', '찜질방', '위치', '말', '마지막', '여행지', '근처', '찜질방', '경주', '여행']","['박', '일', '경주', '여행', '코스', '추천', '제목', '박', '일', '경주', '여행', '꺼', '코스', '여행가', '날', '다음', '주', '찜질방', '찜질방', '위치', '말', '마지막', '여행지', '근처', '찜질방', '경주', '여행']"
이번주에 경주 여행을 가려는데 월정교,https://kin.naver.com/qna/detail.naver?d1id=9&dirId=90111&docId=437166018&qb=6rK97KO87Jes7ZaJ&enc=utf8,이번주에 경주 여행을 가려는데 월정교 밑에 물 얼었을까요 일단 경주 최저기온은 8도 입니다 아마 자세한 요일은 잘 모르겠지만 옷 따뜻하게 하시고 잘 다녀오십시요,"['이번', '주', '경주', '여행', '월', '정교']","['이번', '주', '경주', '여행', '월', '정교', '밑', '물', '경주', '최저', '기온', '도', '요일', '옷']","['이번', '주', '경주', '여행', '월', '정교', '이번', '주', '경주', '여행', '월', '정교', '밑', '물', '경주', '최저', '기온', '도', '요일', '옷']"
경주여행 전 알아야할 역사지식 추천도서 등,https://kin.naver.com/qna/detail.naver?d1id=9&dirId=90111&docId=268635329&qb=6rK97KO87Jes7ZaJ&enc=utf8,경주에 얽힌 이야기를 알고가면 좋을것같아서요 경주여행할때 꼭 알아야할 역사지식을 담고있는 추천도서라던지 다음으로 경주여행에서 갈만한 곳은 일단 버스터미널이나 경주역 주변의 경주역사지구가 있습니다 그 주변에는,"['경주', '여행', '전', '역사', '지식', '추천', '도서', '등']","['경주', '이야기', '것', '경주', '여행', '때', '역사', '지식', '추천', '도서', '다음', '경주', '여행', '갈만', '곳', '버스', '터미널', '경주역', '주변', '경주', '역사', '지구', '주변']","['경주', '여행', '전', '역사', '지식', '추천', '도서', '등', '경주', '이야기', '것', '경주', '여행', '때', '역사', '지식', '추천', '도서', '다음', '경주', '여행', '갈만', '곳', '버스', '터미널', '경주역', '주변', '경주', '역사', '지구', '주변']"
경주 여행 코스 추천 좀 해주세요,https://kin.naver.com/qna/detail.naver?d1id=9&dirId=90111&docId=179035808&qb=6rK97KO87Jes7ZaJ&enc=utf8,이번에 8월 말에 경주여행을 여자친구랑 가게 되었습니다 경주여행 코스좀 추천좀 해주세요 그리고 당일 점심 감사하겠습니다 경주여행의 많은 고수님들 많은 조언 부탁드려요 내공 드릴께요  부탁드립니다 경주여행 추천,"['경주', '여행', '코스', '추천']","['이번', '월', '말', '경주', '여행', '여자', '친구', '경주', '여행', '코스', '추천', '당일', '점심', '감사', '경주', '여행', '고수', '조언', '부탁', '내공', '경주', '여행', '추천']","['경주', '여행', '코스', '추천', '이번', '월', '말', '경주', '여행', '여자', '친구', '경주', '여행', '코스', '추천', '당일', '점심', '감사', '경주', '여행', '고수', '조언', '부탁', '내공', '경주', '여행', '추천']"
경주여행코스좀알려주세요2박3일,https://kin.naver.com/qna/detail.naver?d1id=12&dirId=121102&docId=115323440&qb=6rK97KO87Jes7ZaJ&enc=utf8,안녕하세요저는 요번에 경주여행을 하려고 하는데요 2박3일 코스로 하려구요 출발은 충주에서 합니다 가보시면 아시겠지만 경주 여행하는 사람들 거의 대부분 스템프 가지고 움직일거구요 찍은 스템프 용지를,"['경주', '여행', '코스', '박', '일']","['안녕', '저', '요번', '경주', '여행', '박', '일', '코스', '출발', '충주', '경주', '여행', '사람', '대부분', '스템프', '거', '스템프', '용지']","['경주', '여행', '코스', '박', '일', '안녕', '저', '요번', '경주', '여행', '박', '일', '코스', '출발', '충주', '경주', '여행', '사람', '대부분', '스템프', '거', '스템프', '용지']"
1박2일 경주여행 맛집추천장소,https://kin.naver.com/qna/detail.naver?d1id=9&dirId=90107&docId=464312689&qb=6rK97KO87Jes7ZaJ&enc=utf8,대학생 남자2명 엄마1명 ㅎㅎ 1박2일 야무지게 여행가려구요 짧지만 강렬하게 기억될 장소나 맛집추천 부탁드립니당 현지인추천 다녀오시분들 추천 적극바랍니다 20년만에 경주여행 계획이라서 ㅎㅎ기대,"['박', '일', '경주', '여행', '맛집', '추천장', '소']","['대학생', '남자', '명', '엄마', '명', '박', '일', '여행', '기억', '장소', '맛집', '추천', '부탁', '드립', '현지', '추천', '분', '추천', '적극', '년', '만', '경주', '여행', '계획', '기대']","['박', '일', '경주', '여행', '맛집', '추천장', '소', '대학생', '남자', '명', '엄마', '명', '박', '일', '여행', '기억', '장소', '맛집', '추천', '부탁', '드립', '현지', '추천', '분', '추천', '적극', '년', '만', '경주', '여행', '계획', '기대']"
경주여행을 하려구하는데 도움좀여,https://kin.naver.com/qna/detail.naver?d1id=9&dirId=90111&docId=149271213&qb=6rK97KO87Jes7ZaJ&enc=utf8,1박2일로 경주여행을 하려해요 수학여행을 경주로 가보지 ㅠㅠㅠ 경주여행 일정과 형편에 맞게 아래코스에서 0547436001 아래사이트에서 경주여행후기 몇편만 읽어보면 많은 도움이 될것입니다 좋은 경주여행 다녀,"['경주', '여행', '도움', '여']","['박', '일', '경주', '여행', '수학여행', '경주', '경주', '여행', '일정', '형편', '아래', '코스', '아래', '사이트', '경주', '여행', '후기', '편', '도움', '것', '경주', '여행']","['경주', '여행', '도움', '여', '박', '일', '경주', '여행', '수학여행', '경주', '경주', '여행', '일정', '형편', '아래', '코스', '아래', '사이트', '경주', '여행', '후기', '편', '도움', '것', '경주', '여행']"
경주여행과 스쿠터대여,https://kin.naver.com/qna/detail.naver?d1id=9&dirId=90111&docId=73871121&qb=6rK97KO87Jes7ZaJ&enc=utf8,경주여행을 혼자하려고하는데 막막하네요 맨날 버스 타기도 귀찬코 짐도 출처  경주여행과 스쿠터 대여  네이버 지식iN 경주여행 경주는 수많은 경주여행은  최소한 2박3일의 일정이어야합니다 동해바다까지 갈려면,"['경주', '여행', '스쿠터', '대여']","['경주', '여행', '혼자', '버스', '코', '짐', '출처', '경주', '여행', '스쿠터', '대여', '네이버', '지식', '경주', '여행', '경주', '경주', '여행', '최소한', '박', '일', '일정', '동해', '바다']","['경주', '여행', '스쿠터', '대여', '경주', '여행', '혼자', '버스', '코', '짐', '출처', '경주', '여행', '스쿠터', '대여', '네이버', '지식', '경주', '여행', '경주', '경주', '여행', '최소한', '박', '일', '일정', '동해', '바다']"
경주여행코스 주변의 숙박할만한 곳 알려주세요,https://kin.naver.com/qna/detail.naver?d1id=9&dirId=90108&docId=111134879&qb=6rK97KO87Jes7ZaJ&enc=utf8,다던 경주여행을 1박2일에 다녀 올 참이거든요ㅋㅋ 앞서 보셨듯이 경주여행코스 주변에 숙박할만한 곳 경주 택시비와 경주시외버스 터미널부터 목적지경주여행코 2930일 경주여행 여자셋이 다녀온 사람입니다 1불국사가,"['경주', '여행', '코스', '주변', '숙박', '만', '곳']","['경주', '여행', '박', '일', '참', '경주', '여행', '코스', '주변', '숙박', '만', '곳', '경주', '택시', '비', '경주', '시외버스', '터미널', '목적지', '경주', '여행', '일', '경주', '여행', '여자', '셋', '사람', '불국사']","['경주', '여행', '코스', '주변', '숙박', '만', '곳', '경주', '여행', '박', '일', '참', '경주', '여행', '코스', '주변', '숙박', '만', '곳', '경주', '택시', '비', '경주', '시외버스', '터미널', '목적지', '경주', '여행', '일', '경주', '여행', '여자', '셋', '사람', '불국사']"
경주여행 저녁에 숙소에서 먹을거,https://kin.naver.com/qna/detail.naver?d1id=9&dirId=90111&docId=414458080&qb=6rK97KO87Jes7ZaJ&enc=utf8,경주여행 저녁에 숙소에서 먹을거,"['경주', '여행', '저녁', '숙소', '거']","['경주', '여행', '저녁', '숙소', '거']","['경주', '여행', '저녁', '숙소', '거', '경주', '여행', '저녁', '숙소', '거']"
2박3일로 경주여행 추천좀,https://kin.naver.com/qna/detail.naver?d1id=9&dirId=90105&docId=157912051&qb=6rK97KO87Jes7ZaJ&enc=utf8,2박3일로 신랑과 경주여행을 갈려고 하는데 날짜는 다가오는데 아직 정해진게 아무것도 없어요 ㅜㅜ 괜찮은 곳으로 우선 경주여행을 생각하고 계신다면 경주여행의 지도가 필요하겠죠 경주시청 홈페이지 가시면 경주여행에 필요한,"['박', '일', '경주', '여행', '추천']","['박', '일', '신랑', '경주', '여행', '날짜', '게', '아무것', '곳', '경주', '여행', '생각', '경주', '여행', '지도', '필요', '경주', '시청', '홈페이지', '경주', '여행', '필요']","['박', '일', '경주', '여행', '추천', '박', '일', '신랑', '경주', '여행', '날짜', '게', '아무것', '곳', '경주', '여행', '생각', '경주', '여행', '지도', '필요', '경주', '시청', '홈페이지', '경주', '여행', '필요']"
2박3일 경주 여행,https://kin.naver.com/qna/detail.naver?d1id=13&dirId=1306&docId=155064766&qb=6rK97KO87Jes7ZaJ&enc=utf8,제가 2박3일 경주여행을 가요 출발지는 부산이고 어른 1 어린이 2명 12살 7살이 가요가볼만한 곳 좀 신라역사과학관불국사석굴암감은사지동서삼층석탑문무대왕릉 경주여행 2박 3일 일정이구요 당일 이동 경로를 최소화 해서,"['박', '일', '경주', '여행']","['제', '박', '일', '경주', '여행', '가요', '출발지', '부산', '어른', '어린이', '명', '살', '살', '가요', '만', '곳', '신라', '역사', '과학관', '불국사', '석굴암', '감은사지', '동서', '삼층석탑', '문무대왕', '릉', '경주', '여행', '박', '일', '일정', '당일', '이동', '경로', '최소']","['박', '일', '경주', '여행', '제', '박', '일', '경주', '여행', '가요', '출발지', '부산', '어른', '어린이', '명', '살', '살', '가요', '만', '곳', '신라', '역사', '과학관', '불국사', '석굴암', '감은사지', '동서', '삼층석탑', '문무대왕', '릉', '경주', '여행', '박', '일', '일정', '당일', '이동', '경로', '최소']"
경주여행ㅎ,https://kin.naver.com/qna/detail.naver?d1id=9&dirId=901&docId=369224341&qb=6rK97KO87Jes7ZaJ&enc=utf8,친구랑 둘이서 우정여행으로 경주여행갈건데요 10대 입니다 돈을 얼마나 들까요 돈이랑 갈곳 정해야하는데 보통 얼마쯤 드나요 1인당이요 버스를 타고 갈 지 기차를 타고 갈 지 도보로 이동할 지 자전거로 이동할 지 버스로 이동할 지,"['경주', '여행']","['친구', '둘', '여행', '경주', '여행', '건데요', '대', '돈', '돈', '곳', '보통', '얼마', '인당', '버스', '지', '기차', '지', '도보', '이동', '지', '자전거', '이동', '지', '버스', '이동', '지']","['경주', '여행', '친구', '둘', '여행', '경주', '여행', '건데요', '대', '돈', '돈', '곳', '보통', '얼마', '인당', '버스', '지', '기차', '지', '도보', '이동', '지', '자전거', '이동', '지', '버스', '이동', '지']"
경주 여행,https://kin.naver.com/qna/detail.naver?d1id=9&dirId=90111&docId=408576942&qb=6rK97KO87Jes7ZaJ&enc=utf8,안녕하세요 저서울 사는 중학생인데 내일 경주여행가요 애들하고만용 그 첫날은 경주월드 개장시간폐장시간까지 놀거고요 둘쨋날 원래 계획 다 세워놧었는데 폰 버꾸면서 그 파일이 날라갔습니다ㅠㅠ,"['경주', '여행']","['안녕', '서울', '중학생', '내일', '경주', '여행', '가요', '애', '만용', '첫날', '경주', '월드', '개장', '시간', '폐장', '시간', '거', '날', '계획', '폰', '버꾸', '파일']","['경주', '여행', '안녕', '서울', '중학생', '내일', '경주', '여행', '가요', '애', '만용', '첫날', '경주', '월드', '개장', '시간', '폐장', '시간', '거', '날', '계획', '폰', '버꾸', '파일']"
4월 경주여행,https://kin.naver.com/qna/detail.naver?d1id=9&dirId=90111&docId=415431515&qb=6rK97KO87Jes7ZaJ&enc=utf8,4월첫째주 혹은 둘째주 주말에 경주여행 계획하고 있는데 사람들 많을까요 렌트를 할지말지 고민하고 있어 질문합니다 사람 엄청 많을겁니다 나 같으면 택시 타겠네요,"['월', '경주', '여행']","['월', '첫째', '주', '둘째', '주', '주말', '경주', '여행', '계획', '사람', '렌트', '고민', '질문', '사람', '겁니다', '나', '택시']","['월', '경주', '여행', '월', '첫째', '주', '둘째', '주', '주말', '경주', '여행', '계획', '사람', '렌트', '고민', '질문', '사람', '겁니다', '나', '택시']"
2박3일 일정으로 경주 여행을 할려고 하는데,https://kin.naver.com/qna/detail.naver?d1id=12&dirId=121102&docId=20016515&qb=6rK97KO87Jes7ZaJ&enc=utf8,2박3일 일정으로 경주 여행을 갈려고 하는데 8월13일 부터 8월15일 까지 13일 경주여행에대한 추가적인 정보는 경주시 홈페이지 문화예술관광 또는 경주 바다여행과 고적답사  천년고도 경주여행으로 초대합니다,"['박', '일', '일정', '경주', '여행']","['박', '일', '일정', '경주', '여행', '데', '월', '일', '월', '일', '까지', '일', '경주', '여행', '추가', '정보', '경주시', '홈페이지', '문화', '예술', '관광', '경주', '바다', '여행', '고적', '사', '천', '년', '고도', '경주', '여행', '초대']","['박', '일', '일정', '경주', '여행', '박', '일', '일정', '경주', '여행', '데', '월', '일', '월', '일', '까지', '일', '경주', '여행', '추가', '정보', '경주시', '홈페이지', '문화', '예술', '관광', '경주', '바다', '여행', '고적', '사', '천', '년', '고도', '경주', '여행', '초대']"
나홀로경주여행 당일치기,https://kin.naver.com/qna/detail.naver?d1id=9&dirId=90109&docId=117670834&qb=6rK97KO87Jes7ZaJ&enc=utf8,근데그전에 혼자 경주여행이라도가서 사진도찎고 전 저혼자서 경주여행을 당일치기로가고싶습니다 승용차 이런거없고 httpdomesticmodetourcomeventevent_090717_domemodeaspxMloc070112 즐거운 나만의 경주여행이 되시길,"['나', '경주', '여행', '당일치기']","['전', '경주', '여행', '사진', '전', '혼자', '경주', '여행', '당일', '승용차', '거', '나만', '경주', '여행']","['나', '경주', '여행', '당일치기', '전', '경주', '여행', '사진', '전', '혼자', '경주', '여행', '당일', '승용차', '거', '나만', '경주', '여행']"
경주 여행 코스 문의드립니다,https://kin.naver.com/qna/detail.naver?d1id=9&dirId=90111&docId=133407695&qb=6rK97KO87Jes7ZaJ&enc=utf8,모처럼 시간의 여유가 생겨서 혼자 경주 여행을 하려 합니다 사는 곳은 인천이구요 담주 화요일이나 수요일에 혼자서 경주여행이라 여자분인가요 남자분인가요 일단 경주에 도착하시면 터미널이든 경주역이든지 아님 KTX는,"['경주', '여행', '코스', '문']","['시간', '여유', '경주', '여행', '곳', '인천', '담주', '화요일', '수요일', '혼자', '경주', '여행', '여자', '분', '남자', '분', '경주', '도착', '터미널', '경주역']","['경주', '여행', '코스', '문', '시간', '여유', '경주', '여행', '곳', '인천', '담주', '화요일', '수요일', '혼자', '경주', '여행', '여자', '분', '남자', '분', '경주', '도착', '터미널', '경주역']"
아이들과 1박2일경주여행 코스부탁요,https://kin.naver.com/qna/detail.naver?d1id=11&dirId=110202&docId=110541949&qb=6rK97KO87Jes7ZaJ&enc=utf8,6월5일 아홉살 네살 아이들 데리고1박2일로 경주여행 갈 예정이예요 숙소는 현대호텔이구요짧은 시간이라 어떻게 많은 조언 부탁드려요 경주여행 오시는걸 환영합니다 숙소가 현대호텔 이시면 숙소로 바로 가시지 마시고,"['아이', '박', '일', '경주', '여행', '코스', '부탁']","['월', '일', '아홉', '살', '살', '아이', '박', '일', '경주', '여행', '예정', '숙소', '현대', '호텔', '시간', '조언', '부탁', '경주', '여행', '걸', '환영', '숙소', '현대', '호텔', '숙소']","['아이', '박', '일', '경주', '여행', '코스', '부탁', '월', '일', '아홉', '살', '살', '아이', '박', '일', '경주', '여행', '예정', '숙소', '현대', '호텔', '시간', '조언', '부탁', '경주', '여행', '걸', '환영', '숙소', '현대', '호텔', '숙소']"
5월초 아이들과 경주여행가는데요펜션,https://kin.naver.com/qna/detail.naver?d1id=9&dirId=90111&docId=348793962&qb=6rK97KO87Jes7ZaJ&enc=utf8,5월초 아이들과 경주여행가는데요펜션은 예약했는데 가족들과 경주에 가볼만한곳좀 알고 싶어요경주여행은 오랜만에 가는거라 정보가 없어서 막막하네요경주에 유적지는 밤에 안압지야경보거 가려고 하구요낮에,"['월', '초', '아이', '경주', '여행', '펜션']","['월', '초', '아이', '경주', '여행', '펜션', '예약', '가족', '경주', '만', '곳', '경주', '여행', '오랜만', '거', '정보', '경주', '유적지', '밤', '안압지', '야경', '보거', '낮']","['월', '초', '아이', '경주', '여행', '펜션', '월', '초', '아이', '경주', '여행', '펜션', '예약', '가족', '경주', '만', '곳', '경주', '여행', '오랜만', '거', '정보', '경주', '유적지', '밤', '안압지', '야경', '보거', '낮']"
경주 여행 렌트 or 택시 뭐가 나을까요,https://kin.naver.com/qna/detail.naver?d1id=12&dirId=121102&docId=369572803&qb=6rK97KO87Jes7ZaJ&enc=utf8,여자친구와 경주 여행 일정을 잡았는데 일단 첫날 숙소는 시청근처 모텔이고 둘째날은 힐튼호텔을 잡았습니다 카페라고 오시면 여러가지 경주 여행정보및 경주 사람들이 모여있는 카페니 오셔서 물어보시면 더좋으실것같아요 그럼이만,"['경주', '여행', '렌트', '택시', '뭐']","['여자', '친구', '경주', '여행', '일정', '첫날', '숙소', '시청', '근처', '모텔', '둘째', '날', '힐튼', '호텔', '카페', '가지', '경주', '여행', '정보', '경주', '사람', '카페', '것', '이']","['경주', '여행', '렌트', '택시', '뭐', '여자', '친구', '경주', '여행', '일정', '첫날', '숙소', '시청', '근처', '모텔', '둘째', '날', '힐튼', '호텔', '카페', '가지', '경주', '여행', '정보', '경주', '사람', '카페', '것', '이']"
경주여행 코스좀 짜주세요,https://kin.naver.com/qna/detail.naver?d1id=9&dirId=90111&docId=154158293&qb=6rK97KO87Jes7ZaJ&enc=utf8,2주후에 혼자 경주여행갈예정입니다 첫날은 게스트하우스 가서 짐풀고 경주여행 유적지 답사는 크게 보면 시내권과 불국사권 입니다 시내권은 포항 호미곳까지 동해바다를 끼고 달려보세요 즐거운 추억의 경주여행 하시길,"['경주', '여행', '코스']","['주', '후', '경주', '여행', '예정', '날', '게스트', '하우스', '경주', '여행', '유적지', '답사', '시내', '불국사', '시내', '포항', '호미', '곳', '바다', '추억', '경주', '여행']","['경주', '여행', '코스', '주', '후', '경주', '여행', '예정', '날', '게스트', '하우스', '경주', '여행', '유적지', '답사', '시내', '불국사', '시내', '포항', '호미', '곳', '바다', '추억', '경주', '여행']"
2박3일 경주 여행 코스 차는 경주에서 렌트,https://kin.naver.com/qna/detail.naver?d1id=9&dirId=901&docId=253732521&qb=6rK97KO87Jes7ZaJ&enc=utf8,안녕하세요 여름에 2박 3일 경주 여행을 가려고하는데 코스 2박3일 경주여행코스 정말 알차게 보내시길 바랄께요 경주여행코스는 크게 경주시내 관광지와 보문관광지 끝으로 2박3일 동안 경주여행코스를 둘러보려면 대중교통이,"['박', '일', '경주', '여행', '코스', '차', '경주', '렌트']","['안녕', '여름', '박', '일', '경주', '여행', '코스', '박', '일', '경주', '여행', '코스', '바랄', '경주', '여행', '코스', '경주', '시내', '관광지', '보문', '관광지', '끝', '박', '일', '동안', '경주', '여행', '코스', '대중교통']","['박', '일', '경주', '여행', '코스', '차', '경주', '렌트', '안녕', '여름', '박', '일', '경주', '여행', '코스', '박', '일', '경주', '여행', '코스', '바랄', '경주', '여행', '코스', '경주', '시내', '관광지', '보문', '관광지', '끝', '박', '일', '동안', '경주', '여행', '코스', '대중교통']"
내년초에 친구들과 경주여행 가는데 괜찮을까요,https://kin.naver.com/qna/detail.naver?d1id=9&dirId=90111&docId=460101489&qb=6rK97KO87Jes7ZaJ&enc=utf8,내년초에 친구들과 경주여행을 갈려고 계획중이신가요 음 아무래도 서울에서 출발 하더라도 친구들과 함께 여행을 가는거라면 자차가 있으면 자차로 가시는데 추억도 더 많이 쌓이고,"['내년', '초', '친구', '경주', '여행', '데']","['내년', '초', '친구', '경주', '여행', '계획', '중', '서울', '출발', '친구', '여행', '거', '자차', '자차', '추억']","['내년', '초', '친구', '경주', '여행', '데', '내년', '초', '친구', '경주', '여행', '계획', '중', '서울', '출발', '친구', '여행', '거', '자차', '자차', '추억']"
안녕하세요다음주 월요일날 경주여행가,https://kin.naver.com/qna/detail.naver?d1id=12&dirId=121102&docId=301387487&qb=6rK97KO87Jes7ZaJ&enc=utf8,안녕하세요다음주 월요일날 경주여행가서 불국사 겹벚꽃보러 안녕하세요 다음주 경주 여행을 계획하시는군요 아쉽지만 벚꽃은 다 가족들과 경주 여행시 한 번쯤 들리면 좋은 곳이다 3 보문호반길   위치,"['안녕', '다음', '주', '월요일', '날', '경주', '여행가']","['안녕', '다음', '주', '월요일', '날', '경주', '여행가', '불국사', '겹벚꽃', '안녕', '다음', '주', '경주', '여행', '계획', '벚꽃', '가족', '경주', '여행', '시', '번', '곳', '보', '문호', '위치']","['안녕', '다음', '주', '월요일', '날', '경주', '여행가', '안녕', '다음', '주', '월요일', '날', '경주', '여행가', '불국사', '겹벚꽃', '안녕', '다음', '주', '경주', '여행', '계획', '벚꽃', '가족', '경주', '여행', '시', '번', '곳', '보', '문호', '위치']"
경주여행을 가려합니다,https://kin.naver.com/qna/detail.naver?d1id=9&dirId=90111&docId=74414544&qb=6rK97KO87Jes7ZaJ&enc=utf8,혼자 경주여행을 가려합니다 경주여행시 빼놓지 말고 구경해야할 명소추천해주세요 그리고 경주터미널에서 불국사랑 첨성대에 관해 자세히 설명되어서 좋은 것 같아요 제가 아는 것 까지 답변했어요 그럼 경주여행 잘 다녀오시길,"['경주', '여행']","['경주', '여행', '경주', '여행', '구경', '명소', '추천', '경주', '터미널', '불국사', '첨성대', '설명', '것', '제', '것', '답변', '경주', '여행']","['경주', '여행', '경주', '여행', '경주', '여행', '구경', '명소', '추천', '경주', '터미널', '불국사', '첨성대', '설명', '것', '제', '것', '답변', '경주', '여행']"
경주 여행 질문,https://kin.naver.com/qna/detail.naver?d1id=9&dirId=90105&docId=406384829&qb=6rK97KO87Jes7ZaJ&enc=utf8,친구랑 1박2일 경주여행을 가려고 하는데 어느 순으로 가야 할지 알려주세요 첨성대 불국사 석굴암 동궁과 월지야경보러 가고 싶어요 첫째날에는 불국사 갔다가 석굴암가고 두번째 날에 첨성대 보고,"['경주', '여행', '질문']","['친구', '박', '일', '경주', '여행', '순', '첨성대', '불국사', '석굴암', '동궁', '월지', '야경', '첫째', '날', '불국사', '석굴암', '번', '날', '첨성대']","['경주', '여행', '질문', '친구', '박', '일', '경주', '여행', '순', '첨성대', '불국사', '석굴암', '동궁', '월지', '야경', '첫째', '날', '불국사', '석굴암', '번', '날', '첨성대']"
12월 2박3일 일정 경주여행 코스 알려주세요,https://kin.naver.com/qna/detail.naver?d1id=9&dirId=90111&docId=141098723&qb=6rK97KO87Jes7ZaJ&enc=utf8,오랜만의 경주여행 기대됩니다 경주여행 일정과 형편에 맞게 아래코스에서 조절하면 됩니다 시내버스투어 0547436001 아래사이트에서 경주여행후기 몇편만 읽어보면 많은 도움이 될것입니다 좋은 경주여행 다녀,"['월', '박', '일', '일정', '경주', '여행', '코스']","['오랜만', '경주', '여행', '기대', '경주', '여행', '일정', '형편', '아래', '코스', '조절', '시내버스', '투어', '아래', '사이트', '경주', '여행', '후기', '편', '도움', '것', '경주', '여행']","['월', '박', '일', '일정', '경주', '여행', '코스', '오랜만', '경주', '여행', '기대', '경주', '여행', '일정', '형편', '아래', '코스', '조절', '시내버스', '투어', '아래', '사이트', '경주', '여행', '후기', '편', '도움', '것', '경주', '여행']"
경주 여행코스 부탁드립니다,https://kin.naver.com/qna/detail.naver?d1id=9&dirId=90111&docId=168000398&qb=6rK97KO87Jes7ZaJ&enc=utf8,이번주말 2박3일 경주여행을 떠납니다 쿠팡으로 콩코드호텔 패키지를 살고있고 경주여행은 처음이라 어디서부터 어떻게 여행을해야할지 알찬여행할수있도록 경주여행코스좀 부탁드려요 경주여행 정보가 나와 있는,"['경주', '여행', '코스', '부탁']","['이번', '주말', '박', '일', '경주', '여행', '쿠팡', '콩코드', '호텔', '패키지', '경주', '여행', '처음', '어디', '여행', '여행', '수', '경주', '여행', '코스', '부탁', '경주', '여행', '정보']","['경주', '여행', '코스', '부탁', '이번', '주말', '박', '일', '경주', '여행', '쿠팡', '콩코드', '호텔', '패키지', '경주', '여행', '처음', '어디', '여행', '여행', '수', '경주', '여행', '코스', '부탁', '경주', '여행', '정보']"
경주 여행,https://kin.naver.com/qna/detail.naver?d1id=9&dirId=90111&docId=425235362&qb=6rK97KO87Jes7ZaJ&enc=utf8,경주여행 가서 야경을 보려는데 동궁과월지랑 월정교랑 다른 거죠 두 개가 비슷하게 생겼는데 어디가 더 유명한가욥 동궁과월지 공사는 혹시 끝났나여 아래 지도에서 보이듯이 동궁과 월지A는,"['경주', '여행']","['경주', '여행', '야경', '동궁', '월지', '월', '정교', '거', '개', '어디', '욥', '동궁', '월지', '공사', '끝', '아래', '지도', '동궁', '월지']","['경주', '여행', '경주', '여행', '야경', '동궁', '월지', '월', '정교', '거', '개', '어디', '욥', '동궁', '월지', '공사', '끝', '아래', '지도', '동궁', '월지']"
남자 5명이서 경주여행,https://kin.naver.com/qna/detail.naver?d1id=9&dirId=90111&docId=146400345&qb=6rK97KO87Jes7ZaJ&enc=utf8,대학생 남자5명이서 할것도없고해서 경주여행을 갈려고하는데요 20대 청년들이 경주여행은 무리수인가요 주변에 놀거리 or 술집 과 재밌게 밥까지 볶아먹으면 아주 그냥 죽여줘요ㅎㅎㅎ 즐거운 경주여행되세요,"['남자', '명', '경주', '여행']","['대학생', '남자', '명', '것', '경주', '여행', '대', '청년', '경주', '여행', '무리수', '주변', '술집', '과', '밥', '경주', '여행']","['남자', '명', '경주', '여행', '대학생', '남자', '명', '것', '경주', '여행', '대', '청년', '경주', '여행', '무리수', '주변', '술집', '과', '밥', '경주', '여행']"
경주여행문의,https://kin.naver.com/qna/detail.naver?d1id=12&dirId=121102&docId=445632052&qb=6rK97KO87Jes7ZaJ&enc=utf8,경주여행시 택시도 많이 다니나요 첨성대근처랑 황리단길안압지등 야간구경하고 택시로 이동해야하는데 택시잘안다니는지요 택시 어려움없이 잘잡고 타고 다닐수있을가요 첨성대콜 택시나 카카오택시 부르면 됩니다 근데 경주택시는,"['경주', '여행', '문의']","['경주', '여행', '시', '택시', '첨성대', '근처', '황리', '길안', '압지', '등', '야간', '구경', '택시', '이동', '택시', '택시', '어려움', '수', '가요', '첨성대', '콜', '택시', '카카오', '택시', '경주', '택시']","['경주', '여행', '문의', '경주', '여행', '시', '택시', '첨성대', '근처', '황리', '길안', '압지', '등', '야간', '구경', '택시', '이동', '택시', '택시', '어려움', '수', '가요', '첨성대', '콜', '택시', '카카오', '택시', '경주', '택시']"
경주여행코스,https://kin.naver.com/qna/detail.naver?d1id=9&dirId=901&docId=248387784&qb=6rK97KO87Jes7ZaJ&enc=utf8,벚꽃구경도하고 당일로 경주여행을 하고싶은데 경주역에서 달동네가 먼가요 달동네를 먼저 가고 벚꽃구경과 경주를 경주여행에서 벚꽃으로 유명한 곳입니다 1 경주시내김유신장군묘길 2 경주시내대릉원길 3 보문관광단지,"['경주', '여행', '코스']","['벚꽃', '구경', '당일', '경주', '여행', '경주', '역', '달', '동네', '가요', '달', '동네', '벚꽃', '구경', '경주', '경주', '여행', '벚꽃', '곳', '경주', '시내', '김유신', '장군', '묘', '길', '경주', '시내', '대릉원', '길', '보문관광단지']","['경주', '여행', '코스', '벚꽃', '구경', '당일', '경주', '여행', '경주', '역', '달', '동네', '가요', '달', '동네', '벚꽃', '구경', '경주', '경주', '여행', '벚꽃', '곳', '경주', '시내', '김유신', '장군', '묘', '길', '경주', '시내', '대릉원', '길', '보문관광단지']"
경주여행코스 질문이요 내공 겁니다 ㅎㅎㅎㅎ,https://kin.naver.com/qna/detail.naver?d1id=9&dirId=90111&docId=381072601&qb=6rK97KO87Jes7ZaJ&enc=utf8,경주여행코스 숙소랑 가볼만한곳 추천 부탁드립니다  httpsdailyfeedkr33904f1161249629107 경주 여행 코스 크 경주하면 또 가봐야 할곳이 한두개 가 아니죠 전통 한옥 카페와 만난 스타벅스 경주대릉원점에서 커피 부터,"['경주', '여행', '코스', '질문', '내공', '겁니다']","['경주', '여행', '코스', '숙소', '만', '곳', '추천', '부탁', '경주', '여행', '코스', '경주', '곳', '개', '전통', '한옥', '카페', '스타', '벅스', '경주', '대릉', '원점', '커피']","['경주', '여행', '코스', '질문', '내공', '겁니다', '경주', '여행', '코스', '숙소', '만', '곳', '추천', '부탁', '경주', '여행', '코스', '경주', '곳', '개', '전통', '한옥', '카페', '스타', '벅스', '경주', '대릉', '원점', '커피']"
경주여행 계획중입니다 도와주세요 내공20,https://kin.naver.com/qna/detail.naver?d1id=12&dirId=121102&docId=21080326&qb=6rK97KO87Jes7ZaJ&enc=utf8,경주에 사시거나 다녀오신 님들 경주여행tip이나 여행코스 등등 부탁드려요 1제가 인천공항에서 경주까지 경주여행에 대한 정보는 30분만 검색하시면 엄청많으니 더욱 많은 정보 알아보시길 원합니다 즐거운 여행 되세요,"['경주', '여행', '계획', '중', '내공']","['경주', '님', '경주', '여행', '여행', '코스', '등등', '부탁', '제', '인천', '공항', '경주', '경주', '여행', '정보', '분', '검색', '정보', '여행']","['경주', '여행', '계획', '중', '내공', '경주', '님', '경주', '여행', '여행', '코스', '등등', '부탁', '제', '인천', '공항', '경주', '경주', '여행', '정보', '분', '검색', '정보', '여행']"
경주 여행 코스 좀 짜주세요,https://kin.naver.com/qna/detail.naver?d1id=9&dirId=90111&docId=73572998&qb=6rK97KO87Jes7ZaJ&enc=utf8,이번 여름휴가때 남편이랑 경주여행을 할까하는데 여행코스 좀 짜주세요 불국사첨성대안압지야경보문단지 근처 맛집 소개도 해주시면 감솨 저두 처음 경주 에 여러번 갔었지만 이번 경주 여행에서는 여러정보를 파악해서,"['경주', '여행', '코스']","['이번', '여름휴가', '때', '남편', '경주', '여행', '여행', '코스', '불국사', '첨성', '대안', '압지', '야경', '보문', '근처', '맛집', '소개', '저', '경주', '번', '이번', '경주', '여행', '정보', '파악']","['경주', '여행', '코스', '이번', '여름휴가', '때', '남편', '경주', '여행', '여행', '코스', '불국사', '첨성', '대안', '압지', '야경', '보문', '근처', '맛집', '소개', '저', '경주', '번', '이번', '경주', '여행', '정보', '파악']"
경주여행 멋진 풀빌라 추천좀 해주세요,https://kin.naver.com/qna/detail.naver?d1id=9&dirId=90111&docId=403217042&qb=6rK97KO87Jes7ZaJ&enc=utf8,이번에 가족들이랑 경주 여행 일정으로 풀빌라 알아보고 있습니다 추천 부탁드려요 ㅎㅎ 안녕하세요 오푸스11 풀빌라 입니다  365일 미온수인 경주 최대크기의 인피니티풀을 운영하고 있으며 오푸스 고객이라면 누구나 버블타임,"['경주', '여행', '풀', '빌라', '추천']","['이번', '가족', '경주', '여행', '일정', '풀', '추천', '안녕', '오푸스', '풀', '빌라', '일', '미온수', '경주', '최대', '크기', '인피니티', '풀', '운영', '오푸스', '고객', '누구', '버블', '타임']","['경주', '여행', '풀', '빌라', '추천', '이번', '가족', '경주', '여행', '일정', '풀', '추천', '안녕', '오푸스', '풀', '빌라', '일', '미온수', '경주', '최대', '크기', '인피니티', '풀', '운영', '오푸스', '고객', '누구', '버블', '타임']"
2박 3일 경주여행 가려고 합니다,https://kin.naver.com/qna/detail.naver?d1id=9&dirId=90111&docId=413497567&qb=6rK97KO87Jes7ZaJ&enc=utf8,경주여행이 처음이에요 3월에 경주여행 2박 3일을 계획하고 있습니다 커플이구요 볼거리 즐길거리 이런게 궁금해서 올립니다 1 추천하는 이동수단이 있나요 2 서울에서 운전해서 가면 많이 힘들까요 3 2박 3일 볼거리 먹을거리,"['박', '일', '경주', '여행']","['경주', '여행', '처음', '월', '경주', '여행', '박', '일', '계획', '커플', '볼거리', '거리', '게', '추천', '이동', '수단', '서울', '운전', '박', '일', '볼거리', '거리']","['박', '일', '경주', '여행', '경주', '여행', '처음', '월', '경주', '여행', '박', '일', '계획', '커플', '볼거리', '거리', '게', '추천', '이동', '수단', '서울', '운전', '박', '일', '볼거리', '거리']"
강아지랑 경주여행 가볼만한곳,https://kin.naver.com/qna/detail.naver?d1id=9&dirId=90111&docId=464848879&qb=6rK97KO87Jes7ZaJ&enc=utf8,내일부터 2박3일 동안 강아지랑 경주로 여행가는데 추천해주세요 경주 강아지랑 가볼만한 곳 불국사 교촌마을 화랑의 언덕 보문단지 등 많아요 ㅎㅎ 아래의 글 보시고 댕댕이랑 좋은 여행 하세요,"['강아지', '경주', '여행', '만', '곳']","['내일', '박', '일', '동안', '강아지', '경주', '여행', '추천', '경주', '강아지', '만', '곳', '불국사', '교촌', '마을', '화랑', '언덕', '보문', '단지', '등', '아래', '글', '댕댕이', '여행']","['강아지', '경주', '여행', '만', '곳', '내일', '박', '일', '동안', '강아지', '경주', '여행', '추천', '경주', '강아지', '만', '곳', '불국사', '교촌', '마을', '화랑', '언덕', '보문', '단지', '등', '아래', '글', '댕댕이', '여행']"
경주여행가볼만한곳 추천해주세요,https://kin.naver.com/qna/detail.naver?d1id=9&dirId=90111&docId=209433460&qb=6rK97KO87Jes7ZaJ&enc=utf8,경주여행가볼만한곳 추천해주세요 친구들과 추억여행을 가려고 하는데 예전 수학여행으로 간 경주가 생각이 났어요 멋있는 볼거리가 많은 경주 여행지 추천해주세요  httpsgghyuitistorycom,"['경주', '여행가', '만', '곳', '추천']","['경주', '여행가', '만', '곳', '추천', '친구', '추억', '여행', '예전', '수학여행', '경주', '생각', '볼거리', '경주', '여행지', '추천']","['경주', '여행가', '만', '곳', '추천', '경주', '여행가', '만', '곳', '추천', '친구', '추억', '여행', '예전', '수학여행', '경주', '생각', '볼거리', '경주', '여행지', '추천']"
경주여행질문,https://kin.naver.com/qna/detail.naver?d1id=9&dirId=90111&docId=137623365&qb=6rK97KO87Jes7ZaJ&enc=utf8,갈꺼에요 경주여행은 첨이라 ㅎㅎ 첫쨰날에는 터미널 근처에 있는것부터 볼려고합니다 이 걸 중점으로 경주여행오신다면 첫째날둘째날셋째날 날짜별로 어디가실지 선택하신후 가시는게 좋을듯 하네요 생각보다 교통편이,"['경주', '여행', '질문']","['꺼', '경주', '여행', '첨', '날', '터미널', '근처', '것', '걸', '중점', '경주', '여행', '첫째', '날', '둘째', '날', '셋째', '날', '날짜', '어디', '선택', '후', '게', '듯', '생각', '교통편']","['경주', '여행', '질문', '꺼', '경주', '여행', '첨', '날', '터미널', '근처', '것', '걸', '중점', '경주', '여행', '첫째', '날', '둘째', '날', '셋째', '날', '날짜', '어디', '선택', '후', '게', '듯', '생각', '교통편']"
경주여행 추천해 주세요,https://kin.naver.com/qna/detail.naver?d1id=9&dirId=90111&docId=440483099&qb=6rK97KO87Jes7ZaJ&enc=utf8,경주여행 추천해 주세요 아이와 함께 갑니다 펜션은 잡으셨겠죠 미디어파크도 좋았어요,"['경주', '여행', '추천']","['경주', '여행', '추천', '아이', '펜션', '미디어', '파크']","['경주', '여행', '추천', '경주', '여행', '추천', '아이', '펜션', '미디어', '파크']"
경주여행,https://kin.naver.com/qna/detail.naver?d1id=9&dirId=90111&docId=75246089&qb=6rK97KO87Jes7ZaJ&enc=utf8,안녕하세요 경주여행 가는데 코스좀 봐주세요 일정은 514일  516 일 까지이고 기차로 갈꺼구요 숙소는 quot사랑채 안녕하세요 경주여행 가는데 코스좀 봐주세요 일정은 514일  516 일 까지이고 기차로 갈꺼구요 숙소는,"['경주', '여행']","['안녕', '경주', '여행', '코스', '일정', '일', '일', '까지', '기차', '꺼', '숙소', '사랑', '안녕', '경주', '여행', '코스', '일정', '일', '일', '까지', '기차', '꺼', '숙소']","['경주', '여행', '안녕', '경주', '여행', '코스', '일정', '일', '일', '까지', '기차', '꺼', '숙소', '사랑', '안녕', '경주', '여행', '코스', '일정', '일', '일', '까지', '기차', '꺼', '숙소']"
경주 여행 코스좀 봐주세요,https://kin.naver.com/qna/detail.naver?d1id=12&dirId=121102&docId=163989163&qb=6rK97KO87Jes7ZaJ&enc=utf8,경주여행가려고하는데 주상절리 테디베어박물관 보문단지 저녁엔 안압지 첨성대 어떻게 돌아다니는게 효율적인가요 안압지 첨성대는 야경이 더 보기가 좋습니다 경주여행 오셨서 즐거운 시간 되시길 바랍니다,"['경주', '여행', '코스']","['경주', '여행', '주상', '절리', '테디', '베어', '박물관', '보문', '저녁', '압지', '첨성대', '게', '효율', '가요', '안압지', '첨성대', '야경', '경주', '여행', '시간']","['경주', '여행', '코스', '경주', '여행', '주상', '절리', '테디', '베어', '박물관', '보문', '저녁', '압지', '첨성대', '게', '효율', '가요', '안압지', '첨성대', '야경', '경주', '여행', '시간']"
12월 경주여행,https://kin.naver.com/qna/detail.naver?d1id=9&dirId=90111&docId=403283941&qb=6rK97KO87Jes7ZaJ&enc=utf8,12월에 경주 여행가는데 갈만한곳이 있나여 경주 가까워서 자주가는데 황리단길 동궁원추천해요동궁원은 12월25일까지 무료로 개방한다고하니 꼭 가보세요 참고할 만한 포스팅들 올려드립니다,"['월', '경주', '여행']","['월', '경주', '여행', '데', '만', '곳', '경주', '황리', '길', '동궁', '원추', '천해', '요동', '궁원', '월', '일', '무료', '개방', '가보세요', '참고', '만', '포스팅']","['월', '경주', '여행', '월', '경주', '여행', '데', '만', '곳', '경주', '황리', '길', '동궁', '원추', '천해', '요동', '궁원', '월', '일', '무료', '개방', '가보세요', '참고', '만', '포스팅']"
친구랑 경주여행 코스,https://kin.naver.com/qna/detail.naver?d1id=9&dirId=90111&docId=407094323&qb=6rK97KO87Jes7ZaJ&enc=utf8,시험 다치고 친구랑 경주여행 갈려하는데 포항에서 경주까지 가서 경주에서 갈만한곳 코스 좀 알려주세요 경주 추천지 입니다 1경주월드 2황리단길 3첨성대 4경주국립박물관 5동궁과 월지 입니다,"['친구', '경주', '여행', '코스']","['시험', '친구', '경주', '여행', '포항', '경주', '경주', '갈만', '곳', '코스', '경주', '추천', '지', '경주', '월드', '황리', '길', '첨성대', '경주', '국립', '박물관', '동궁', '월지']","['친구', '경주', '여행', '코스', '시험', '친구', '경주', '여행', '포항', '경주', '경주', '갈만', '곳', '코스', '경주', '추천', '지', '경주', '월드', '황리', '길', '첨성대', '경주', '국립', '박물관', '동궁', '월지']"
나홀로 경주여행 조언좀 부탁 드립니다,https://kin.naver.com/qna/detail.naver?d1id=9&dirId=90111&docId=74979886&qb=6rK97KO87Jes7ZaJ&enc=utf8,9월 18일 부터 경주여행을 계획중입니다 경주여행은 6학년 중학교때 갔던 그래서 그런지 경주여행이 다시금 그리워 지는 이시점 여행을 계획하게 ㅡ 경주 여행 1박 2일로 다녀오기엔 너무 짧은 감이 있지 않을까요 ㅎㅎ,"['나', '경주', '여행', '조언', '부탁']","['월', '일', '경주', '여행', '계획', '중', '경주', '여행', '학년', '중학교', '때', '경주', '여행', '시점', '여행', '계획', '경주', '여행', '박', '일', '감']","['나', '경주', '여행', '조언', '부탁', '월', '일', '경주', '여행', '계획', '중', '경주', '여행', '학년', '중학교', '때', '경주', '여행', '시점', '여행', '계획', '경주', '여행', '박', '일', '감']"
경주 여행시 펜션 배달의민족 되나요,https://kin.naver.com/qna/detail.naver?d1id=8&dirId=8020207&docId=408273978&qb=6rK97KO87Jes7ZaJ&enc=utf8,경주 여행시 펜션 배달의민족 되나요 그 지역에 배달되는 업장이면 당연 되겠습니다,"['경주', '여행', '시', '펜션', '배달', '민족']","['경주', '여행', '시', '펜션', '배달', '민족', '지역', '배달', '업장']","['경주', '여행', '시', '펜션', '배달', '민족', '경주', '여행', '시', '펜션', '배달', '민족', '지역', '배달', '업장']"
경주 여행 일정,https://kin.naver.com/qna/detail.naver?d1id=9&dirId=90111&docId=418869951&qb=6rK97KO87Jes7ZaJ&enc=utf8,안녕하세요 5월 8일에 가족과 함께 경주 여행을 가는데 일정 짜는 걸 제가 맡기로 했어요 경주월드 안압지 월정교 모르겠더라구요 경주 여행이 처음이라 2박 3일로 가고 차 타고 이동할거에요 호텔은 일단 소노벨 경주로,"['경주', '여행', '일정']","['안녕', '월', '일', '가족', '경주', '여행', '일정', '걸', '제', '경주', '월드', '안압지', '월', '정교', '경주', '여행', '처음', '박', '일', '차', '이동', '거', '호텔', '소노', '벨', '경주로']","['경주', '여행', '일정', '안녕', '월', '일', '가족', '경주', '여행', '일정', '걸', '제', '경주', '월드', '안압지', '월', '정교', '경주', '여행', '처음', '박', '일', '차', '이동', '거', '호텔', '소노', '벨', '경주로']"
경주여행 1박 2일,https://kin.naver.com/qna/detail.naver?d1id=9&dirId=90111&docId=74516216&qb=6rK97KO87Jes7ZaJ&enc=utf8,친구와 저 이렇게 두명이서 경주 여행을 1박2일로 갈 예정입니다 여행하기 좋은 루트를 부탁드립니다 제가 아파트가 있는데 이곳이 바로 경주의 quot최고 갑부quot들만 사는 곳이랍니다그럼 경주 여행 잘 하시길 바랄께요,"['경주', '여행', '박', '일']","['친구', '명', '경주', '여행', '박', '일', '예정', '여행', '루트', '제', '아파트', '이곳', '경주', '최고', '갑부', '곳', '경주', '여행', '께']","['경주', '여행', '박', '일', '친구', '명', '경주', '여행', '박', '일', '예정', '여행', '루트', '제', '아파트', '이곳', '경주', '최고', '갑부', '곳', '경주', '여행', '께']"
경주여행 가볼만한 곳 추천,https://kin.naver.com/qna/detail.naver?d1id=12&dirId=121102&docId=130040407&qb=6rK97KO87Jes7ZaJ&enc=utf8,안녕하세요 고등학생 둘이서 당일치기 경주 여행을 계획했어요 친구가 국사에 얼마전 경주가서 보고 좋았던것들 추천해 드릴깨요 ㅎ 갠적으로 경주여행 참고하시면 좋을거 같네용  그럼 즐거운 경주여행 하기길 바래여,"['경주', '여행', '만', '곳', '추천']","['안녕', '고등학생', '둘', '당일치기', '경주', '여행', '계획', '친구', '국사', '얼마', '전', '경주', '것', '추천', '갠', '경주', '여행', '참고', '거', '경주', '여행']","['경주', '여행', '만', '곳', '추천', '안녕', '고등학생', '둘', '당일치기', '경주', '여행', '계획', '친구', '국사', '얼마', '전', '경주', '것', '추천', '갠', '경주', '여행', '참고', '거', '경주', '여행']"
여자혼자가는 경주여행,https://kin.naver.com/qna/detail.naver?d1id=9&dirId=90110&docId=111717602&qb=6rK97KO87Jes7ZaJ&enc=utf8,암튼 1박2일 경주여행 여자혼자루트를 짜주세요감사합니다 혼자가는 경주여행 선택하신 질문자님께 용기와 정보를 드립니다 먼저 다녀 온 나홀로 여행 후기를 몇편 읽어 보면 감을 잡을 수 있게 됩니다 경주는 한국최고의,"['여자', '경주', '여행']","['박', '일', '경주', '여행', '여자', '혼자', '루트', '감사', '경주', '여행', '선택', '질', '문자', '용기', '정보', '나', '여행', '후기', '편', '수', '경주', '한국', '고의']","['여자', '경주', '여행', '박', '일', '경주', '여행', '여자', '혼자', '루트', '감사', '경주', '여행', '선택', '질', '문자', '용기', '정보', '나', '여행', '후기', '편', '수', '경주', '한국', '고의']"
포항경주 여행,https://kin.naver.com/qna/detail.naver?d1id=9&dirId=90111&docId=395937019&qb=6rK97KO87Jes7ZaJ&enc=utf8,8월 중순 두명이서 포항경주 여행 계획입니다 포항 2박 경주2박 총 4박5일 예정인데 가볼만한 곳맛집 추천 부탁드립니다 회는 못먹습니다 안녕하세요  경주 청도에 풀빌라 운영중이고 밑에 정보 남겨두겠습니다 ㅎㅎ 각 지점별로,"['포항', '경주', '여행']","['월', '중순', '명', '포항', '경주', '여행', '계획', '포항', '박', '경주', '박', '박', '일', '예정', '만', '곳', '맛집', '추천', '부탁', '회', '경주', '청도', '빌라', '운영', '중', '밑', '정보', '지점']","['포항', '경주', '여행', '월', '중순', '명', '포항', '경주', '여행', '계획', '포항', '박', '경주', '박', '박', '일', '예정', '만', '곳', '맛집', '추천', '부탁', '회', '경주', '청도', '빌라', '운영', '중', '밑', '정보', '지점']"
경주여행 어디가야 좋을까요,https://kin.naver.com/qna/detail.naver?d1id=13&dirId=1306&docId=138584913&qb=6rK97KO87Jes7ZaJ&enc=utf8,제가 이번달에 경주여행을 가는데요 간다고 하기만 하고 여러분 경주여행 관련많유용한많사이트가많많은곳을많 도움되시라고 경주여행 관련한많사이트를많 많밑에 경주여행 주소많클릭하세요,"['경주', '여행', '어디']","['제', '이번', '달', '경주', '여행', '여러분', '경주', '여행', '관련', '사이트', '곳', '도움', '경주', '여행', '관련', '사이트', '밑', '경주', '여행', '주소', '클릭']","['경주', '여행', '어디', '제', '이번', '달', '경주', '여행', '여러분', '경주', '여행', '관련', '사이트', '곳', '도움', '경주', '여행', '관련', '사이트', '밑', '경주', '여행', '주소', '클릭']"
경주여행 괜찮을까요,https://kin.naver.com/qna/detail.naver?d1id=9&dirId=90111&docId=260875163&qb=6rK97KO87Jes7ZaJ&enc=utf8,다음주거든요 경주여행 괜찮을까요 지금 경주상황이 어떤가요 다음주면 괜찮을런지 경주여행 되도록 가지 분들이 많다고 해요 제대로 대피처도 마련되어 있지 않은 상태라 되도록이면 경주여행 피해 주셨으면 합니다,"['경주', '여행']","['다음', '경주', '여행', '경주', '상황', '가요', '다음', '경주', '여행', '분', '피처', '마련', '상태', '경주', '여행']","['경주', '여행', '다음', '경주', '여행', '경주', '상황', '가요', '다음', '경주', '여행', '분', '피처', '마련', '상태', '경주', '여행']"
여자친구랑 1박2일로 경주여행을 가려고 합니다,https://kin.naver.com/qna/detail.naver?d1id=9&dirId=90111&docId=74876809&qb=6rK97KO87Jes7ZaJ&enc=utf8,이번주 토요일부터 일요일 까지 1박2일로 경주 여행가려고 합니다 나이도 적잖이 있는데 여행이라고는 전혀 친하지 바다여행과 고적답사  천년고도 경주여행으로 초대합니다 즐거운 여행되세요 역사와 문화가 많은,"['여자', '친구', '박', '일', '경주', '여행']","['이번', '주', '토요일', '일요일', '박', '일', '경주', '여행', '나이', '여행', '바다', '여행', '고적', '사', '천', '년', '고도', '경주', '여행', '초대', '여행', '역사', '문화']","['여자', '친구', '박', '일', '경주', '여행', '이번', '주', '토요일', '일요일', '박', '일', '경주', '여행', '나이', '여행', '바다', '여행', '고적', '사', '천', '년', '고도', '경주', '여행', '초대', '여행', '역사', '문화']"
경주여행이요경주여행으로 벚꽃축제 가려고 하는데요,https://kin.naver.com/qna/detail.naver?d1id=9&dirId=901&docId=127781903&qb=6rK97KO87Jes7ZaJ&enc=utf8,경주여행 질문 좀 하려구요 매년마다 그냥 여의도 벚꽃축제 경주여행이라고 하면예 예전에 수학여행 때 많이 갔던 곳이라 지금 가면 또 기분도 다를 것 같고 경주여행 경주여행 가시는 군요ㅜㅠ저도 경주여행 가고 싶네요,"['경주', '여행', '경주', '여행', '벚꽃', '축제']","['경주', '여행', '질문', '매년', '여의도', '벚꽃', '축제', '경주', '여행', '예전', '수학여행', '때', '곳', '기분', '것', '경주', '여행', '경주', '여행', '가시', '군요', '경주', '여행']","['경주', '여행', '경주', '여행', '벚꽃', '축제', '경주', '여행', '질문', '매년', '여의도', '벚꽃', '축제', '경주', '여행', '예전', '수학여행', '때', '곳', '기분', '것', '경주', '여행', '경주', '여행', '가시', '군요', '경주', '여행']"
경주여행 대중교통,https://kin.naver.com/qna/detail.naver?d1id=9&dirId=90111&docId=179363021&qb=6rK97KO87Jes7ZaJ&enc=utf8,부산출발로 금요일에 경주여행을 할계획인데 우선 이동수단은 대중교통을 생각하고 있습니다 경주시 천군동에 그외에 버스들도 많으니 기사분에게 경주터미널가냐고 물어보시면 알려줄 겁니다 즐거운 경주여행 되세요ampamp,"['경주', '여행', '대중교통']","['부산', '출발', '금요일', '경주', '여행', '계획', '이동', '수단', '대중교통', '생각', '경주시', '천군동', '외', '버스', '기사', '분', '경주', '터미널', '겁니다', '경주', '여행']","['경주', '여행', '대중교통', '부산', '출발', '금요일', '경주', '여행', '계획', '이동', '수단', '대중교통', '생각', '경주시', '천군동', '외', '버스', '기사', '분', '경주', '터미널', '겁니다', '경주', '여행']"
경주 여행,https://kin.naver.com/qna/detail.naver?d1id=9&dirId=90111&docId=415681624&qb=6rK97KO87Jes7ZaJ&enc=utf8,경주여행 갈려고 하는데요 경주에 귀신으로 유명한 심령스팟 같은데없 나요 알면 알려주세요 내공30검니다 어떤 목적으로 심령스팟을 찾으시는 건지는 모르지만 경주에 대릉원이 심령스팟이 아닐까요 거기 미추왕릉이 있어요 거기에,"['경주', '여행']","['경주', '여행', '경주', '귀신', '심령', '스팟', '데', '내공', '검니', '목적', '심령', '스팟', '건지', '경주', '대릉원', '심령', '스팟', '거기', '미추왕', '릉', '거기']","['경주', '여행', '경주', '여행', '경주', '귀신', '심령', '스팟', '데', '내공', '검니', '목적', '심령', '스팟', '건지', '경주', '대릉원', '심령', '스팟', '거기', '미추왕', '릉', '거기']"
친구랑 당일로 경주 여행을 하려는데요,https://kin.naver.com/qna/detail.naver?d1id=9&dirId=90111&docId=223867125&qb=6rK97KO87Jes7ZaJ&enc=utf8,들꺼같아서 경주여행 경험이 있거나 현지인 분들한테 안비싸고 빠르게 갈수있는 방법이 있는지 어쭤보려 답변당일 경주 여행코스 추천 일단 희망하는 코스 동선을 분석해볼게요 ㅎ 경주시외버스터미널 출발 70,"['친구', '당일', '경주', '여행', '데']","['경주', '여행', '경험', '현지', '분', '수', '방법', '답변', '당일', '경주', '여행', '코스', '추천', '희망', '코스', '동선', '분석', '경주', '시외버스', '터미널', '출발']","['친구', '당일', '경주', '여행', '데', '경주', '여행', '경험', '현지', '분', '수', '방법', '답변', '당일', '경주', '여행', '코스', '추천', '희망', '코스', '동선', '분석', '경주', '시외버스', '터미널', '출발']"
단체 경주여행,https://kin.naver.com/qna/detail.naver?d1id=12&dirId=121102&docId=308232437&qb=6rK97KO87Jes7ZaJ&enc=utf8,10월 중순 1520명 정도 경기도에서 경주여행 가려고합니다 경주까지 이동은 역사체험은 안좋아할것 같아서  경주 여행을 환영합니다 신경주역에서 즐거운 경주 여행되세요 추가 질문 있을 경우 연락 주세요,"['단체', '경주', '여행']","['월', '중순', '명', '정도', '경기도', '경주', '여행', '경주', '이동은', '역사', '체험', '것', '경주', '여행', '환영', '신경', '주역', '경주', '여행', '추가', '질문', '경우', '연락', '주세']","['단체', '경주', '여행', '월', '중순', '명', '정도', '경기도', '경주', '여행', '경주', '이동은', '역사', '체험', '것', '경주', '여행', '환영', '신경', '주역', '경주', '여행', '추가', '질문', '경우', '연락', '주세']"
추석연휴 토월 가족단위 경주 여행 갈만한 곳 문의,https://kin.naver.com/qna/detail.naver?d1id=9&dirId=90111&docId=474981875&qb=6rK97KO87Jes7ZaJ&enc=utf8,나혼자산다 예고편을 보니 전현무 코쿤 이주승이 경주 여행첨성대 등을 한것이 나오던데 또 가고 저도 최근에 경주여행을 다녀왔는데 글을 쓰다보니 경주를 또 가고 싶은 생각이 드네요 아래 사진 보시고 몇개 골라서 계획,"['추석', '연휴', '토월', '가족', '단위', '경주', '여행', '갈만', '곳', '문의']","['나', '예고편', '전현무', '코', '쿤', '이주승', '경주', '여행', '첨성대', '등', '것', '저', '최근', '경주', '여행', '글', '경주', '생각', '아래', '사진', '개', '계획']","['추석', '연휴', '토월', '가족', '단위', '경주', '여행', '갈만', '곳', '문의', '나', '예고편', '전현무', '코', '쿤', '이주승', '경주', '여행', '첨성대', '등', '것', '저', '최근', '경주', '여행', '글', '경주', '생각', '아래', '사진', '개', '계획']"
경주여행 불교 유적 책,https://kin.naver.com/qna/detail.naver?d1id=11&dirId=111001&docId=391504609&qb=6rK97KO87Jes7ZaJ&enc=utf8,경주여행을 계획중입니다 제가 외국인이다 보니 한국의 역사를 잘 몰라서 가기 전에 책을 읽고 공부하고 싶습니다 그래서 신라시대의 역사유적지불교와 관련된 책을 추천부탁드립니다 유흥준의 나의문화유산답사기 중에서 신라쪽,"['경주', '여행', '불교', '유적', '책']","['경주', '여행', '계획', '중', '제', '외국인', '한국', '역사', '전', '책', '공부', '신라', '시대', '역사', '유적지', '불교', '관련', '책', '추천', '부탁', '유흥', '준', '나', '문화유산', '답', '사기', '중', '신라', '쪽']","['경주', '여행', '불교', '유적', '책', '경주', '여행', '계획', '중', '제', '외국인', '한국', '역사', '전', '책', '공부', '신라', '시대', '역사', '유적지', '불교', '관련', '책', '추천', '부탁', '유흥', '준', '나', '문화유산', '답', '사기', '중', '신라', '쪽']"
경주여행가는데 추천좀 해주세요,https://kin.naver.com/qna/detail.naver?d1id=12&dirId=121102&docId=388120381&qb=6rK97KO87Jes7ZaJ&enc=utf8,경주여행가는데 추천좀 해주세요 안녕하세요  경주 청도에 풀빌라 운영중이고 밑에 정보 남겨두겠습니다 ㅎㅎ 각 지점별로 3월 초특가 할인 이벤트도 진행중이니 홈페이지 방문 후 문의주시고 좋은하루 되세요 1 경주 오푸스,"['경주', '여행', '추천']","['경주', '여행', '추천', '경주', '청도', '빌라', '운영', '중', '밑', '정보', '지점', '월', '초', '특가', '할인', '이벤트', '진행', '중', '홈페이지', '방문', '후', '문', '하루', '경주', '오푸스']","['경주', '여행', '추천', '경주', '여행', '추천', '경주', '청도', '빌라', '운영', '중', '밑', '정보', '지점', '월', '초', '특가', '할인', '이벤트', '진행', '중', '홈페이지', '방문', '후', '문', '하루', '경주', '오푸스']"
여자4명이서 경주여행갑니다 일정 좀 부탁드립니다,https://kin.naver.com/qna/detail.naver?d1id=9&dirId=90111&docId=100536451&qb=6rK97KO87Jes7ZaJ&enc=utf8,26살 여자 4명이서 1박 2일로 경주여행을 가거든요  연말파티 겸 해서 펜션에서 보내는데 보분단지 근처에 있구요 더 좋은 방법은 경주여행 후기를 몇개 읽어 보면 큰도움이 된답니다 좋은 여행 많이 하세요,"['여자', '명', '경주', '여행', '일정']","['살', '여자', '명', '박', '일', '경주', '여행', '연말', '파티', '겸', '펜션', '분', '근처', '방법', '경주', '여행', '후기', '개', '도움', '여행']","['여자', '명', '경주', '여행', '일정', '살', '여자', '명', '박', '일', '경주', '여행', '연말', '파티', '겸', '펜션', '분', '근처', '방법', '경주', '여행', '후기', '개', '도움', '여행']"
경주여행을 하려고 합니다,https://kin.naver.com/qna/detail.naver?d1id=9&dirId=90111&docId=75183951&qb=6rK97KO87Jes7ZaJ&enc=utf8,안녕하세요 25살 회사원 입니다 저희반원들이 가족동반으로 경주여행을 하려고 합니다 문제가 되는것이 숙바시설에 대해서 전혀 아는게 없습니다 숙박시설좀 가르처 주세요 총 인원은 16명입니다 lt어른 10명 아이 6명gt 가족동반이니까,"['경주', '여행']","['안녕', '살', '회사원', '저희', '반원', '가족', '동반', '경주', '여행', '문제', '것', '시설', '게', '숙박', '시설', '가르', '처', '인원', '명', '어른', '명', '아이', '명', '가족', '동반']","['경주', '여행', '안녕', '살', '회사원', '저희', '반원', '가족', '동반', '경주', '여행', '문제', '것', '시설', '게', '숙박', '시설', '가르', '처', '인원', '명', '어른', '명', '아이', '명', '가족', '동반']"
경주 여행을 갈건데요 경주가볼만한곳과 꼭 알아야 할,https://kin.naver.com/qna/detail.naver?d1id=9&dirId=90111&docId=420124732&qb=6rK97KO87Jes7ZaJ&enc=utf8,제가 경주 여행을 가는데요 거의 2주이상 있어야 해서요 도와주시면 내공걸게요 숙소는 코오롱호텔입니다 안녕하세요 경주여행 2주동안 같아요 경주여행 음식 숙박 문화행사 문화재역사 여행필수정보,"['경주', '여행', '건데요', '경주', '만', '곳']","['제', '경주', '여행', '주', '이상', '내공', '걸', '게요', '숙소', '코오롱', '호텔', '경주', '여행', '주', '동안', '경주', '여행', '음식', '숙박', '문화', '행사', '문화재', '역사', '여행', '필수', '정보']","['경주', '여행', '건데요', '경주', '만', '곳', '제', '경주', '여행', '주', '이상', '내공', '걸', '게요', '숙소', '코오롱', '호텔', '경주', '여행', '주', '동안', '경주', '여행', '음식', '숙박', '문화', '행사', '문화재', '역사', '여행', '필수', '정보']"
경주여행,https://kin.naver.com/qna/detail.naver?d1id=13&dirId=1306&docId=111819180&qb=6rK97KO87Jes7ZaJ&enc=utf8,경주여행을 하려고 하는데요 일정을 알려드리겟습니다 울산경주경주시내숙박경주월드울산 이렇게 저도 경주 여행갔을 때 여기서 숙박했었는데 아주 만족이었어요 한옥 민박인데 깨끗하고 저렴하고 특히 주인 아저씨,"['경주', '여행']","['경주', '여행', '일정', '울산', '경주', '경주', '시내', '숙박', '경주', '월드', '울산', '저', '경주', '여행', '때', '여기', '숙박', '만족', '한옥', '민박', '주인', '아저씨']","['경주', '여행', '경주', '여행', '일정', '울산', '경주', '경주', '시내', '숙박', '경주', '월드', '울산', '저', '경주', '여행', '때', '여기', '숙박', '만족', '한옥', '민박', '주인', '아저씨']"
10월 경주여행 코스,https://kin.naver.com/qna/detail.naver?d1id=9&dirId=90111&docId=456737894&qb=6rK97KO87Jes7ZaJ&enc=utf8,질문하신 경주여행 코스 관련 답변 드리도록 하겠습니다 10월에 가볼만한 곳으로 경주 여행 코스를 알아보고 계시나 봅니다 경주는 한복을 입고 방문하기에 매우 적합한 곳이며 역사적이고 아름다운 장소가 많이 있습니다,"['월', '경주', '여행', '코스']","['질문', '경주', '여행', '코스', '관련', '답변', '월', '만', '곳', '경주', '여행', '코스', '경주', '한복', '방문', '곳', '역사', '장소']","['월', '경주', '여행', '코스', '질문', '경주', '여행', '코스', '관련', '답변', '월', '만', '곳', '경주', '여행', '코스', '경주', '한복', '방문', '곳', '역사', '장소']"
경주여행 관련 질문이요 숙소랑 가볼만한곳 추천좀,https://kin.naver.com/qna/detail.naver?d1id=9&dirId=90111&docId=373258567&qb=6rK97KO87Jes7ZaJ&enc=utf8,여자친구랑 경주여행 계획중인데 좋은 펜션이나 풀빌라 그리고 데이트 할만한곳 추천좀 부탁드립니다 ㅎㅎ 경주 여행 준비중이시라면 추천드리고 싶은 펜션이 하나 있습니다 경주의아침펜션인데요 아래 사진 보시면 아시겠지만,"['경주', '여행', '관련', '질문', '숙소', '만', '곳', '추천']","['여자', '친구', '경주', '여행', '계획', '중', '펜션', '풀', '데이트', '만', '곳', '추천', '부탁', '경주', '여행', '준비', '중', '추천', '펜션', '경주', '아침', '펜션', '아래', '사진']","['경주', '여행', '관련', '질문', '숙소', '만', '곳', '추천', '여자', '친구', '경주', '여행', '계획', '중', '펜션', '풀', '데이트', '만', '곳', '추천', '부탁', '경주', '여행', '준비', '중', '추천', '펜션', '경주', '아침', '펜션', '아래', '사진']"
경주 여행 박물관 많이 알려주세요,https://kin.naver.com/qna/detail.naver?d1id=9&dirId=90111&docId=469733442&qb=6rK97KO87Jes7ZaJ&enc=utf8,동궁 첨성대 월정교의 야경도 멋진 경주 여행 추천해 드려봅니다 먼저 여행 날짜가 언제인지 모르겠지만 경주의 왕복 약 35시간 3일차  시내권 amp 불국사권 4일차  황리단길의 카페 및 맛집 행복하고 즐거운 경주 여행 되세요,"['경주', '여행', '박물관']","['동궁', '첨성대', '월정', '교의', '야경', '경주', '여행', '추천', '여행', '날짜', '언제', '경주', '왕복', '시간', '일', '차', '시내', '불국사', '일', '차', '황리', '길', '카페', '맛집', '행복', '경주', '여행']","['경주', '여행', '박물관', '동궁', '첨성대', '월정', '교의', '야경', '경주', '여행', '추천', '여행', '날짜', '언제', '경주', '왕복', '시간', '일', '차', '시내', '불국사', '일', '차', '황리', '길', '카페', '맛집', '행복', '경주', '여행']"
경주여행 코스,https://kin.naver.com/qna/detail.naver?d1id=12&dirId=121102&docId=287379584&qb=6rK97KO87Jes7ZaJ&enc=utf8,혼자 경주여행을 가는데요 코스짜는게 너무 어렵네여ㅜㅜ 경주시외버스터미널에서 내리고 숙소는 도와주세요ㅠㅠ 경주 여행 환영합니다 경주 도착을 가능한 빨리 하시고 아래 일정으로 추천 드립니다 도착일  황리단길점심,"['경주', '여행', '코스']","['경주', '여행', '코스', '게', '경주', '시외버스', '터미널', '숙소', '경주', '여행', '환영', '경주', '도착', '가능', '아래', '일정', '추천', '도착', '일', '황리', '길', '점심']","['경주', '여행', '코스', '경주', '여행', '코스', '게', '경주', '시외버스', '터미널', '숙소', '경주', '여행', '환영', '경주', '도착', '가능', '아래', '일정', '추천', '도착', '일', '황리', '길', '점심']"
1박2일 경주여행 코스꼼꼼하게 내공있음,https://kin.naver.com/qna/detail.naver?d1id=9&dirId=90111&docId=153432107&qb=6rK97KO87Jes7ZaJ&enc=utf8,안녕하세요 7월 중순 1박 2일로 주말 경주 여행을 가려고 합니다 토요일에 출근을 해야 해서 경주에 도착하면 경주여행은 권역별로 분류 되어 있어서 참으로 구경하기가 좋은 곳입니다 먼저 경주에 오시면 숙소에서 여정을 푸시고,"['박', '일', '경주', '여행', '코스', '내공']","['안녕', '월', '중순', '박', '일', '주말', '경주', '여행', '토요일', '출근', '경주', '도착', '경주', '여행', '권역', '분류', '구경', '곳', '경주', '숙소', '여정']","['박', '일', '경주', '여행', '코스', '내공', '안녕', '월', '중순', '박', '일', '주말', '경주', '여행', '토요일', '출근', '경주', '도착', '경주', '여행', '권역', '분류', '구경', '곳', '경주', '숙소', '여정']"
경주여행 1박 2일 용돈은 얼마정도 챙기는게 좋을까요,https://kin.naver.com/qna/detail.naver?d1id=9&dirId=90111&docId=449991226&qb=6rK97KO87Jes7ZaJ&enc=utf8,경주여행 1박 2일 용돈은 얼마정도 챙기는게 좋을까요 경주여행 1박 2일 동안의 용돈은 다양한 요인에 따라 따라서 경주여행 1박 2일 동안의 용돈 총액은 대략적으로 다음과 같이 계산될 수 있습니다 기념품 10000원  30000원,"['경주', '여행', '박', '일', '용돈', '얼마', '정도', '게']","['경주', '여행', '박', '일', '용돈', '얼마', '정도', '게', '경주', '여행', '박', '일', '동안', '용돈', '요인', '경주', '여행', '박', '일', '동안', '용돈', '총액', '대략', '다음', '계산', '수', '기념품', '원', '원']","['경주', '여행', '박', '일', '용돈', '얼마', '정도', '게', '경주', '여행', '박', '일', '용돈', '얼마', '정도', '게', '경주', '여행', '박', '일', '동안', '용돈', '요인', '경주', '여행', '박', '일', '동안', '용돈', '총액', '대략', '다음', '계산', '수', '기념품', '원', '원']"
경주여행 코스,https://kin.naver.com/qna/detail.naver?d1id=13&dirId=1306&docId=138267885&qb=6rK97KO87Jes7ZaJ&enc=utf8,저희 가족이 경주여행을 가는데 9시 쯤에 경주에 도착해서 다음날 8시에 집으로 가는데 경주여행 코스를 아직 정하지 못했습니다 경주여행 코스좀 정해주세요 저희는 신경주역에서 내립니다 질문자님 방갑습니당  경주여행코스에,"['경주', '여행', '코스']","['저희', '가족', '경주', '여행', '데', '시', '쯤', '경주', '도착', '다음', '날', '시', '집', '경주', '여행', '코스', '경주', '여행', '코스', '저희', '신경', '주역', '질', '문자', '방', '경주', '여행', '코스']","['경주', '여행', '코스', '저희', '가족', '경주', '여행', '데', '시', '쯤', '경주', '도착', '다음', '날', '시', '집', '경주', '여행', '코스', '경주', '여행', '코스', '저희', '신경', '주역', '질', '문자', '방', '경주', '여행', '코스']"
경주 여행할려고 합니다,https://kin.naver.com/qna/detail.naver?d1id=9&dirId=90111&docId=277913032&qb=6rK97KO87Jes7ZaJ&enc=utf8,경주여행은 처음입니다 경주 시외버스터미널 혹은 고속터미널에서 황리단길까지 걸어서 갈수 있는 거리인가요 지도를 보았을 때 갈 수 있을 것 같은데ㅠㅠ 잘 모르겠네요 그리고 첨성대안압지도 걸어서 갈 수 있는 거리인가요,"['경주', '여행']","['경주', '여행', '처음', '경주', '시외버스', '터미널', '고속', '터미널', '황리', '길', '수', '거리', '지도', '때', '수', '것', '첨성', '대안', '압지', '수', '거리']","['경주', '여행', '경주', '여행', '처음', '경주', '시외버스', '터미널', '고속', '터미널', '황리', '길', '수', '거리', '지도', '때', '수', '것', '첨성', '대안', '압지', '수', '거리']"
1박2일 경주여행 추천코스 부탁드립니다,https://kin.naver.com/qna/detail.naver?d1id=9&dirId=90111&docId=151342052&qb=6rK97KO87Jes7ZaJ&enc=utf8,1박 2일로 경주여행을 가려고 합니다 보문관광단지와 안압지 첨성대 등 1박 2일로 경주여행을 가려고 합니다 보문관광단지와 안압지 첨성대 등 보았듯이 경주여행중에 스탬프투어가 있는데 이투어 추천해드립니다 자전거로,"['박', '일', '경주', '여행', '추천', '코스', '부탁']","['박', '일', '경주', '여행', '보문관광단지', '안압지', '첨성대', '등', '박', '일', '경주', '여행', '보문관광단지', '안압지', '첨성대', '등', '경주', '여행', '중', '스탬프', '투어', '투어', '추천', '자전거']","['박', '일', '경주', '여행', '추천', '코스', '부탁', '박', '일', '경주', '여행', '보문관광단지', '안압지', '첨성대', '등', '박', '일', '경주', '여행', '보문관광단지', '안압지', '첨성대', '등', '경주', '여행', '중', '스탬프', '투어', '투어', '추천', '자전거']"
경주 여행질문,https://kin.naver.com/qna/detail.naver?d1id=9&dirId=90111&docId=395772573&qb=6rK97KO87Jes7ZaJ&enc=utf8,요번주 저 혼자 경주 여행 당일치기로 갓다올껀데 여자 혼자 가기좋은 경주 코스쫌 알려주세요 그리고 돈 많이 안드는 곳으로 추천해주세요 낮에만 갓다가 저녁에 올거라서요 안녕하세요 토글 하루보험 입니다  경주는 볼거리가 너무,"['경주', '여행', '질문']","['요번', '주', '혼자', '경주', '여행', '당일치기', '껀', '데', '여자', '경주', '코스', '돈', '곳', '추천', '낮', '저녁', '거', '안녕', '토글', '하루', '보험', '경주', '볼거리']","['경주', '여행', '질문', '요번', '주', '혼자', '경주', '여행', '당일치기', '껀', '데', '여자', '경주', '코스', '돈', '곳', '추천', '낮', '저녁', '거', '안녕', '토글', '하루', '보험', '경주', '볼거리']"
경주 여행코스 문의드려요,https://kin.naver.com/qna/detail.naver?d1id=9&dirId=90111&docId=274606498&qb=6rK97KO87Jes7ZaJ&enc=utf8,가족들이랑 경주여행을 가려고 하는데  경주 여행코스를 어떻게 해야할지 모르겟네요 사실 중학교때 가보고 안가봤어요 경주 여행코스 가장 핫플레이스만 가보고 싶어요 혹시 경주 여행코스 다들 어떻게,"['경주', '여행', '코스', '문']","['가족', '경주', '여행', '경주', '여행', '코스', '중학교', '때', '경주', '여행', '코스', '핫', '플레이스', '경주', '여행', '코스']","['경주', '여행', '코스', '문', '가족', '경주', '여행', '경주', '여행', '코스', '중학교', '때', '경주', '여행', '코스', '핫', '플레이스', '경주', '여행', '코스']"
경주여행 몇박,https://kin.naver.com/qna/detail.naver?d1id=9&dirId=901&docId=442657560&qb=6rK97KO87Jes7ZaJ&enc=utf8,4월에 경주여행을 가려합니다 가서 렌트카를 빌려서 다닐예정인데 경주는 1박2일이면 충분할까요 아님 2박3일 가야할까요 1박2일이면 충분합니다,"['경주', '여행', '몇', '박']","['월', '경주', '여행', '렌트카', '예정', '경주', '박', '일', '박', '일', '박', '일']","['경주', '여행', '몇', '박', '월', '경주', '여행', '렌트카', '예정', '경주', '박', '일', '박', '일', '박', '일']"
경주여행코스,https://kin.naver.com/qna/detail.naver?d1id=9&dirId=90111&docId=292139666&qb=6rK97KO87Jes7ZaJ&enc=utf8,동생과 당일치기 혹은 1박으로 경주여행을 가려고해요 가고싶은곳은 황리단길 주렁주렁 콜로세움 추억의달동네 경주 여행을 환영합니다 Case1 당일 여행 추억에달동네gt콜로세움gt주렁주렁gt황리단길gt안압지첨성대야경 Case2 1박2일,"['경주', '여행', '코스']","['동생', '당일', '박', '경주', '여행', '곳', '황리', '길', '콜로세움', '추억', '달동네', '경주', '여행', '환영', '당일', '여행', '추억', '달동네', '콜로세움', '황리', '길', '안압지', '첨성대', '야경', '박', '일']","['경주', '여행', '코스', '동생', '당일', '박', '경주', '여행', '곳', '황리', '길', '콜로세움', '추억', '달동네', '경주', '여행', '환영', '당일', '여행', '추억', '달동네', '콜로세움', '황리', '길', '안압지', '첨성대', '야경', '박', '일']"
경주여행추천,https://kin.naver.com/qna/detail.naver?d1id=9&dirId=90111&docId=450477144&qb=6rK97KO87Jes7ZaJ&enc=utf8,괜찮아용 경주 여행을 계획중이시군요 그럼 경주에서 꼭 가봐야한는 곳들 추천해드리겠습니다 첨성대 황리단길 대릉원 월정교 동궁과 월지 동궁원 화랑의 언덕,"['경주', '여행', '추천']","['경주', '여행', '계획', '중', '경주', '곳', '추천', '첨성대', '황리', '길', '대릉원', '월', '정교', '동궁', '월지', '동궁', '원', '화랑', '언덕']","['경주', '여행', '추천', '경주', '여행', '계획', '중', '경주', '곳', '추천', '첨성대', '황리', '길', '대릉원', '월', '정교', '동궁', '월지', '동궁', '원', '화랑', '언덕']"
경주 여행에 관해서 자문을 얻고자 이렇게 질문을 하네요,https://kin.naver.com/qna/detail.naver?d1id=9&dirId=90111&docId=130782811&qb=6rK97KO87Jes7ZaJ&enc=utf8,제가 6월4일부터 6일까지 2박3일로 경주 여행을 친구들과 갈려고 하는데요 경주여행은 처음이라 일정을 어떻게 정말 알짜배기 정보만 모아 놓아서 초보여행자에겐 도움이 많이 되죠 경주 톨게이트 지나면 바로 오른 편에 경주여행안,"['경주', '여행', '자문', '질문']","['제', '월', '일', '일', '박', '일', '경주', '여행', '친구', '경주', '여행', '처음', '일정', '알짜배기', '정보', '초보', '여행자', '도움', '경주', '톨게이트', '편', '경주', '여행', '안']","['경주', '여행', '자문', '질문', '제', '월', '일', '일', '박', '일', '경주', '여행', '친구', '경주', '여행', '처음', '일정', '알짜배기', '정보', '초보', '여행자', '도움', '경주', '톨게이트', '편', '경주', '여행', '안']"
1박2일코스 자전거로 경주여행하고싶어요,https://kin.naver.com/qna/detail.naver?d1id=9&dirId=90111&docId=147556443&qb=6rK97KO87Jes7ZaJ&enc=utf8,둘러보면서 경주여행해보고싶어서요 그리구 때맞침 이때 벚꽃도 경주여행을 계획하고 있으시군요 1박2일 여행일정이니 다소 빡빡하게 제 블로그로 오셔서 문의주세요 즐거운 경주여행하시길 바래요 httpblognavercomponat3,"['박', '일', '코스', '자전거', '경주', '여행']","['경주', '여행', '침', '이때', '벚꽃', '경주', '여행', '계획', '박', '일', '여행', '일정', '제', '블로그', '문', '주세요', '경주', '여행']","['박', '일', '코스', '자전거', '경주', '여행', '경주', '여행', '침', '이때', '벚꽃', '경주', '여행', '계획', '박', '일', '여행', '일정', '제', '블로그', '문', '주세요', '경주', '여행']"
경주 여행 계획표 봐주세용,https://kin.naver.com/qna/detail.naver?d1id=9&dirId=90111&docId=393543073&qb=6rK97KO87Jes7ZaJ&enc=utf8,안녕하세요 이번에 여자친구와 경주여행을 가게되어서 계획표를 한번 짜봤거든용 계획표 일정 괜찮나요 혹시 시간을 너무 많이 쓰는 관광지가 있다거나 이거 꼭 봐야되는데 빼먹은게 있다거나 동선이 이상하다던지 지적 및 수정 할거,"['경주', '여행', '계획표']","['안녕', '이번', '여자', '친구', '경주', '여행', '계획표', '계획표', '일정', '시간', '관광지', '이거', '데', '게', '동선', '이상', '지적', '수정', '거']","['경주', '여행', '계획표', '안녕', '이번', '여자', '친구', '경주', '여행', '계획표', '계획표', '일정', '시간', '관광지', '이거', '데', '게', '동선', '이상', '지적', '수정', '거']"
아이들과 즐거운 경주여행 코스 부탁드립니다2박3일,https://kin.naver.com/qna/detail.naver?d1id=9&dirId=90111&docId=163048459&qb=6rK97KO87Jes7ZaJ&enc=utf8,경주여행이 처음이라 고수 여러분의 도움을 청합니다 경주여행에 필요한 경주지도 경주시청 홈페이지 가시면 경주여행에 필요한 관광지소개 지도를 무료로 받을 수 아이 위주로 경주여행지를 추천하자면 체험과 관람 위주의,"['아이', '경주', '여행', '코스', '부탁', '박', '일']","['경주', '여행', '처음', '고수', '여러분', '도움', '청', '경주', '여행', '필요', '경주', '지도', '경주', '시청', '홈페이지', '경주', '여행', '필요', '관광지', '소개', '지도', '무료', '수', '위주', '경주', '여행지', '추천', '체험', '관람', '위', '주의']","['아이', '경주', '여행', '코스', '부탁', '박', '일', '경주', '여행', '처음', '고수', '여러분', '도움', '청', '경주', '여행', '필요', '경주', '지도', '경주', '시청', '홈페이지', '경주', '여행', '필요', '관광지', '소개', '지도', '무료', '수', '위주', '경주', '여행지', '추천', '체험', '관람', '위', '주의']"
경주여행코스 질문 경주에서 유명한 곳과 숙박시설,https://kin.naver.com/qna/detail.naver?d1id=9&dirId=90111&docId=374401351&qb=6rK97KO87Jes7ZaJ&enc=utf8,경주여행 알차게 다녀오고 싶은데 가볼만한곳이랑 숙박시설 좋은 곳 추천좀 해주세요 경주불국사 안압지 너무이쁜 오푸스11풀빌라 도 추천이요 경주여행코스 오푸스11풀빌라 영상 감상하세요 경주여행코스 오푸스11풀빌라,"['경주', '여행', '코스', '질문', '경주', '곳', '숙박', '시설']","['경주', '여행', '만', '곳', '숙박', '시설', '곳', '추천', '경주', '불국사', '안압지', '오푸스', '풀', '빌라', '도', '추천', '경주', '여행', '코스', '오푸스', '풀', '빌라', '영상', '감상', '경주', '여행', '코스', '오푸스', '풀']","['경주', '여행', '코스', '질문', '경주', '곳', '숙박', '시설', '경주', '여행', '만', '곳', '숙박', '시설', '곳', '추천', '경주', '불국사', '안압지', '오푸스', '풀', '빌라', '도', '추천', '경주', '여행', '코스', '오푸스', '풀', '빌라', '영상', '감상', '경주', '여행', '코스', '오푸스', '풀']"
경주여행 코스좀 짜주셔요,https://kin.naver.com/qna/detail.naver?d1id=12&dirId=121102&docId=133803801&qb=6rK97KO87Jes7ZaJ&enc=utf8,1박2일로 경주여행을 가려고 해요 자전거 대여해서 다닐까 합니다 경주까지는 고속버스로 갈꺼예요 터미널 답변 부탁해용 1박 2일 여정으로 경주 여행을 갈 때 자전거 대여는 충분히 가능하지만 분실 야기 등을 고려해서,"['경주', '여행', '코스']","['박', '일', '경주', '여행', '자전거', '대여', '경주', '고속버스', '꺼', '터미널', '답변', '부탁', '해용', '박', '일', '여정', '경주', '여행', '때', '자전거', '대여', '가능', '분실', '야기', '등', '고려']","['경주', '여행', '코스', '박', '일', '경주', '여행', '자전거', '대여', '경주', '고속버스', '꺼', '터미널', '답변', '부탁', '해용', '박', '일', '여정', '경주', '여행', '때', '자전거', '대여', '가능', '분실', '야기', '등', '고려']"
차 없이 1박2일 경주여행 좋은코스,https://kin.naver.com/qna/detail.naver?d1id=9&dirId=90111&docId=443511700&qb=6rK97KO87Jes7ZaJ&enc=utf8,차 없이 1박2일 경주여행 좋은코스 알려주세요 4월에 가요 당연히황리단길이죠,"['차', '박', '일', '경주', '여행', '코스']","['차', '박', '일', '경주', '여행', '코스', '월', '가요', '황리', '길']","['차', '박', '일', '경주', '여행', '코스', '차', '박', '일', '경주', '여행', '코스', '월', '가요', '황리', '길']"
100경주여행,https://kin.naver.com/qna/detail.naver?d1id=9&dirId=90111&docId=274117454&qb=6rK97KO87Jes7ZaJ&enc=utf8,14일이나 21일에 경주여행을가려합니다 언제가좋을지와 이유를 설명해주세요ㅜ 밑에 제가 가본 관광지들 인데 전통의 멋과 부담없이 가기좋은 경주 여행 코스 소개시켜드릴게요 저는 대중교통을 이용했지만 스쿠터 여행을,"['경주', '여행']","['일', '일', '경주', '여행', '언제', '이유', '설명', '밑', '제', '가본', '관광지', '전통', '멋', '경주', '여행', '코스', '소개', '저', '대중교통', '이용', '스쿠터', '여행']","['경주', '여행', '일', '일', '경주', '여행', '언제', '이유', '설명', '밑', '제', '가본', '관광지', '전통', '멋', '경주', '여행', '코스', '소개', '저', '대중교통', '이용', '스쿠터', '여행']"
경주여행2박3일가족여행 추천코스 부탁드립니다,https://kin.naver.com/qna/detail.naver?d1id=9&dirId=90111&docId=74122692&qb=6rK97KO87Jes7ZaJ&enc=utf8,2박 3일 일정으로 가족여행을 준비중인데요 저와 아내 그리고 다섯살 된 딸과 함께 경주여행을 하려고 합니다 숙소는 첫날 저녁식사전 경주도착예정 둘째날 관광 세째날 점심먹고 대전출발예정 경주 여행 가볼만한 곳입니다,"['경주', '여행', '박', '일', '가족', '여행', '추천', '코스', '부탁']","['박', '일', '일정', '가족', '여행', '준비', '중', '저', '아내', '다섯', '살', '딸', '경주', '여행', '숙소', '첫날', '저녁', '식사', '전', '경주', '도착', '예정', '둘째', '날', '관광', '세째', '날', '점심', '대전', '출발', '예정', '경주', '여행', '만', '곳']","['경주', '여행', '박', '일', '가족', '여행', '추천', '코스', '부탁', '박', '일', '일정', '가족', '여행', '준비', '중', '저', '아내', '다섯', '살', '딸', '경주', '여행', '숙소', '첫날', '저녁', '식사', '전', '경주', '도착', '예정', '둘째', '날', '관광', '세째', '날', '점심', '대전', '출발', '예정', '경주', '여행', '만', '곳']"
경주여행 코스에 도움을 주세요 _,https://kin.naver.com/qna/detail.naver?d1id=12&dirId=121102&docId=220201160&qb=6rK97KO87Jes7ZaJ&enc=utf8,경주 여행코스 짜고있는데요 경주여행 숙소나 경주 펜션 괜찮은곳 알려주세요 아직 숙소를 못구해서요 그리고 경주 가볼만한곳도 추천해주세요 유명한데가 많긴한데 사람도 너무 많을 것같고 ㅠ 적당히 유명한대로요 거기맞춰서,"['경주', '여행', '코스', '도움']","['경주', '여행', '코스', '경주', '여행', '숙소', '경주', '펜션', '곳', '숙소', '경주', '만', '곳', '추천', '데', '사람', '것', '대로', '거기']","['경주', '여행', '코스', '도움', '경주', '여행', '코스', '경주', '여행', '숙소', '경주', '펜션', '곳', '숙소', '경주', '만', '곳', '추천', '데', '사람', '것', '대로', '거기']"
통영 여수 포항 경주 여행,https://kin.naver.com/qna/detail.naver?d1id=12&dirId=121205&docId=444573002&qb=6rK97KO87Jes7ZaJ&enc=utf8,통영 여수 포항 경주 여행 두곳골라서 여행가려고 하는데 추천해주세요 시장도는거랑 맛집 예쁜바다 좋아합니다 고향이 여수인 사람입니다 먹거리도 최고인 여수추천합니다 여수 통영 추천해요,"['통영', '여수', '포항', '경주', '여행']","['통영', '여수', '포항', '경주', '여행', '곳', '여행', '추천', '시장', '거', '맛집', '바', '고향', '여수인', '사람', '먹거리', '최고', '여수', '추천', '여수', '통영', '추천']","['통영', '여수', '포항', '경주', '여행', '통영', '여수', '포항', '경주', '여행', '곳', '여행', '추천', '시장', '거', '맛집', '바', '고향', '여수인', '사람', '먹거리', '최고', '여수', '추천', '여수', '통영', '추천']"
경주여행 코스좀알려주세요 ㅜㅜ,https://kin.naver.com/qna/detail.naver?d1id=12&dirId=121102&docId=118354873&qb=6rK97KO87Jes7ZaJ&enc=utf8,안녕하세요 토요일쯤에 여자친구랑 경주 여행을갈껀데 어떻게 어디를가야하는지 도무지감이 잡히질않네요ㅜㅜ 요즘 경주 여행의 트랜드는 1박2일에 나왔던 스탬프 투어죠 경주 곳곳의 문화유적들을 빼놓지 않고 볼 수도,"['경주', '여행', '코스']","['안녕', '토요일', '여자', '친구', '경주', '여행', '껀', '데', '어디', '도무지', '요즘', '경주', '여행', '트랜드', '박', '일', '스탬프', '투어', '경주', '곳곳', '문화', '유적', '수']","['경주', '여행', '코스', '안녕', '토요일', '여자', '친구', '경주', '여행', '껀', '데', '어디', '도무지', '요즘', '경주', '여행', '트랜드', '박', '일', '스탬프', '투어', '경주', '곳곳', '문화', '유적', '수']"
힌남노 태풍 경주여행 추석기간,https://kin.naver.com/qna/detail.naver?d1id=6&dirId=612&docId=427734657&qb=6rK97KO87Jes7ZaJ&enc=utf8,경주 여행을 9월9일부터 11일까지 있다가 오는데 가면 경주사람들께서 싫어하시나요 1 경주도 이번 태풍에 피해를 많이 입은듯 합니다 그러나 추석전에는 말끔하게 정리가 될 듯 합니다 2 추석에 여행을 해도 지장이 없습니다,"['힌', '남노', '태풍', '경주', '여행', '추석', '기간']","['경주', '여행', '월', '일', '일', '경주', '사람', '경주', '이번', '태풍', '피해', '듯', '추석', '전', '정리', '듯', '추석', '여행', '지장']","['힌', '남노', '태풍', '경주', '여행', '추석', '기간', '경주', '여행', '월', '일', '일', '경주', '사람', '경주', '이번', '태풍', '피해', '듯', '추석', '전', '정리', '듯', '추석', '여행', '지장']"
1박2일 경주여행지 코스좀 정해주세요,https://kin.naver.com/qna/detail.naver?d1id=9&dirId=90111&docId=448490170&qb=6rK97KO87Jes7ZaJ&enc=utf8,질문하신 경주여행지 관련 답변 드리도록 하겠습니다 1박2일간 다녀올만한 곳으로 경주여행지를 찾고 계시나 봅니다 경주에 가볼만한 곳들 중에서는 대릉원 추억의 달동네 불국사 동궁과월지 오류고아라해변 화랑의언덕,"['박', '일', '경주', '여행지', '코스']","['질문', '경주', '여행지', '관련', '답변', '박', '일', '간', '만', '곳', '경주', '여행지', '경주', '만', '곳', '중', '대릉원', '추억', '달동네', '불국사', '동궁', '월지', '오류', '고아라', '해변', '화랑', '언덕']","['박', '일', '경주', '여행지', '코스', '질문', '경주', '여행지', '관련', '답변', '박', '일', '간', '만', '곳', '경주', '여행지', '경주', '만', '곳', '중', '대릉원', '추억', '달동네', '불국사', '동궁', '월지', '오류', '고아라', '해변', '화랑', '언덕']"
경주여행 코스짜기,https://kin.naver.com/qna/detail.naver?d1id=9&dirId=90111&docId=427665514&qb=6rK97KO87Jes7ZaJ&enc=utf8,1박2일로 아이와 경주여행가려고해요 추억의달동네 부터 시작점으로 하려고하는데 달동네 주변 갈만한곳 어디있을까요 추억의달동네gt 추억의 달동네 교촌마을 황리단길 주렁주렁동물파크 야경 첨성대 동궁과월지 월정교 이런곳은,"['경주', '여행', '코스']","['박', '일', '아이', '경주', '여행', '추억', '달동네', '시작점', '달동네', '주변', '갈만', '곳', '어디', '추억', '달동네', '추억', '달동네', '교촌', '마을', '황리', '길', '동물', '파크', '야경', '첨성대', '동궁', '월지', '월', '정교', '곳']","['경주', '여행', '코스', '박', '일', '아이', '경주', '여행', '추억', '달동네', '시작점', '달동네', '주변', '갈만', '곳', '어디', '추억', '달동네', '추억', '달동네', '교촌', '마을', '황리', '길', '동물', '파크', '야경', '첨성대', '동궁', '월지', '월', '정교', '곳']"
경주여행 동선,https://kin.naver.com/qna/detail.naver?d1id=9&dirId=90111&docId=402170379&qb=6rK97KO87Jes7ZaJ&enc=utf8,2박3일 경주여행 할거에요 동선 좀 짜주세요 불국사 석굴암 대릉원 황리단길 첨성대안압지추억의달동네경주 열기구 문무대왕릉교촌마을 어떻게 이동해야 알차게 보낼까요 안녕하세요 경주는 관광도시인만큼,"['경주', '여행', '동선']","['박', '일', '경주', '여행', '거', '동선', '불국사', '석굴암', '대릉원', '황리', '길', '첨성', '대안', '압지', '추억', '달동네', '경주', '열기구', '문무대왕', '릉', '교촌', '마을', '이동해', '안녕', '경주', '관광', '시인']","['경주', '여행', '동선', '박', '일', '경주', '여행', '거', '동선', '불국사', '석굴암', '대릉원', '황리', '길', '첨성', '대안', '압지', '추억', '달동네', '경주', '열기구', '문무대왕', '릉', '교촌', '마을', '이동해', '안녕', '경주', '관광', '시인']"
12월 경주여행을 가려고합니다 여행코스,https://kin.naver.com/qna/detail.naver?d1id=9&dirId=90111&docId=342333096&qb=6rK97KO87Jes7ZaJ&enc=utf8,여자친구와 2박3일로 경주여행을 가려고합니다 보문단지 쪽에 토일월 코스고 경주도착하면 토요일 오전 10시쯤 될 것 같습니다 경주 여행 주상절리 경주여행코스 보문단지 황리단길 경주에서 가볼만한 곳 들에 가깝게,"['월', '경주', '여행', '여행', '코스']","['여자', '친구', '박', '일', '경주', '여행', '보문', '단지', '쪽', '토', '일월', '코스', '경주', '도착', '토요일', '오전', '시', '것', '경주', '여행', '주상', '절리', '경주', '여행', '코스', '보문', '황리', '길', '경주', '만', '곳']","['월', '경주', '여행', '여행', '코스', '여자', '친구', '박', '일', '경주', '여행', '보문', '단지', '쪽', '토', '일월', '코스', '경주', '도착', '토요일', '오전', '시', '것', '경주', '여행', '주상', '절리', '경주', '여행', '코스', '보문', '황리', '길', '경주', '만', '곳']"
lt경주여행gt잘 할수있는 방법좀 알려주세요부탁 내공100,https://kin.naver.com/qna/detail.naver?d1id=13&dirId=1306&docId=112741176&qb=6rK97KO87Jes7ZaJ&enc=utf8,lt경주여행gt보람있게 가고싶습니다 부탁드립니다 내공은100아니아니1000걸게요 제발 부탁드립니다 경주여행때문에 걱정하고 계시군요 저가 경주여행을 갔다왔습니다 빨리 출발하는게 무엇보다 낫죠 님이 가보고 싶은 곳을,"['경주', '여행', '수', '방법', '부탁', '내공']","['경주', '여행', '보람', '내공', '경주', '여행', '때문', '걱정', '저', '경주', '여행', '출발', '게', '무엇', '님', '곳']","['경주', '여행', '수', '방법', '부탁', '내공', '경주', '여행', '보람', '내공', '경주', '여행', '때문', '걱정', '저', '경주', '여행', '출발', '게', '무엇', '님', '곳']"
경주 여행,https://kin.naver.com/qna/detail.naver?d1id=9&dirId=90111&docId=391320632&qb=6rK97KO87Jes7ZaJ&enc=utf8,제가 기말고사 끝나고 친구들이랑 경주여행 갈려고 하는데요 경주 시내가 놀 곳이 많나요 아님 황리단길이 많나욥 황리단길도 있구요 첨성대 주변과 보문단지 정도 가시면 좋을것 같습니다 골든트립 여행으로 만나는 행복한 일상,"['경주', '여행']","['제', '기말고사', '끝', '친구', '경주', '여행', '경주', '시내', '곳', '황리', '길', '욥', '황리', '길', '첨성대', '주변', '보문', '정도', '것', '골든', '트립', '여행', '행복', '일상']","['경주', '여행', '제', '기말고사', '끝', '친구', '경주', '여행', '경주', '시내', '곳', '황리', '길', '욥', '황리', '길', '첨성대', '주변', '보문', '정도', '것', '골든', '트립', '여행', '행복', '일상']"
경주여행가요경주여행다녀오신분 경주KTX타고,https://kin.naver.com/qna/detail.naver?d1id=9&dirId=90103&docId=127250253&qb=6rK97KO87Jes7ZaJ&enc=utf8,경주여행가요경주여행다녀오신분 경주KTX타고 여행갈껀데 싸게 제가 경주여행을 갈꺼라서요 조금만있으면 벚꽃개화 시기잔아요 그래서 추천받던중에 경주여행으로 택했어요 겸사겸사 경주여행 한번 다녀올까 했는데,"['경주', '여행', '가요', '경주', '여행', '분', '경주']","['경주', '여행', '가요', '경주', '여행', '분', '경주', '여행', '껀', '데', '제', '경주', '여행', '꺼', '벚꽃', '개화', '시기', '추천', '중', '경주', '여행', '경주', '여행']","['경주', '여행', '가요', '경주', '여행', '분', '경주', '경주', '여행', '가요', '경주', '여행', '분', '경주', '여행', '껀', '데', '제', '경주', '여행', '꺼', '벚꽃', '개화', '시기', '추천', '중', '경주', '여행', '경주', '여행']"
경주여행 렌트,https://kin.naver.com/qna/detail.naver?d1id=9&dirId=90111&docId=397143819&qb=6rK97KO87Jes7ZaJ&enc=utf8,경주 여행을 친구랑 둘이 가려는데 저희가 경기도 평택에 살고 있어서 저희 치종이 경주까지 운전하기엔 무리가 있어서요 렌트를 하려는데 평택에서 렌트를 해서 경주까지 다녀오기엔 무리가 있겠죠 경주에서 렌트를 하는게 나을까요,"['경주', '여행', '렌트']","['경주', '여행', '친구', '둘', '저희', '경기도', '평택', '저희', '종이', '경주', '운전', '무리', '렌트', '평택', '렌트', '경주', '무리', '경주', '렌트', '게']","['경주', '여행', '렌트', '경주', '여행', '친구', '둘', '저희', '경기도', '평택', '저희', '종이', '경주', '운전', '무리', '렌트', '평택', '렌트', '경주', '무리', '경주', '렌트', '게']"
경주 여행 질문입니다,https://kin.naver.com/qna/detail.naver?d1id=9&dirId=90111&docId=394787849&qb=6rK97KO87Jes7ZaJ&enc=utf8,제가 오늘 경주 여행가는데 오늘 황리단길 대릉원 첨성대 동궁과 월지 이렇게 가려구 합니다 그런데 제가 차를 렌트해서 가는데 어디에 주차를 해야할까요 저기가 다 붙어있는데 이동할때마다 차를 끌고가야할지 아니면 한균데,"['경주', '여행', '질문']","['제', '경주', '여행', '황리', '길', '대릉원', '첨성대', '동궁', '월지', '제', '차', '렌트', '어디', '주차', '저기', '이동', '때', '차', '균']","['경주', '여행', '질문', '제', '경주', '여행', '황리', '길', '대릉원', '첨성대', '동궁', '월지', '제', '차', '렌트', '어디', '주차', '저기', '이동', '때', '차', '균']"
2박3일 경주여행코스 추천좀요,https://kin.naver.com/qna/detail.naver?d1id=9&dirId=90111&docId=464660860&qb=6rK97KO87Jes7ZaJ&enc=utf8,경주 여행을 계획하시는데 친구들과 함께 2박 3일 동안 즐길만한 코스를 추천해드리겠습니다 남자 애들이 지루해하지 않을만한 재미있는 장소를 고려하여 아래 코스를 고려해보세요 득춘 경주에서 유명한 뚜렷한 맛을 가진,"['박', '일', '경주', '여행', '코스', '추천']","['경주', '여행', '계획', '친구', '박', '일', '동안', '만', '코스', '추천', '남자', '애', '만', '재미', '장소', '고려', '아래', '코스', '고려', '경주', '맛']","['박', '일', '경주', '여행', '코스', '추천', '경주', '여행', '계획', '친구', '박', '일', '동안', '만', '코스', '추천', '남자', '애', '만', '재미', '장소', '고려', '아래', '코스', '고려', '경주', '맛']"
포항 경주 여행 동선,https://kin.naver.com/qna/detail.naver?d1id=12&dirId=121110&docId=451000817&qb=6rK97KO87Jes7ZaJ&enc=utf8,포항 경주 여행 동선에 대해 알려드리겠습니다 1박 2일 또는 2박 3일로 계획하고 계시는 것 같네요 홍성에서 출발하신 후에 기차를 이용하여 포항으로 이동하신 다음 렌트카나 택시를 이용하실 예정이시군요 그리고 마지막으로,"['포항', '경주', '여행', '동선']","['포항', '경주', '여행', '동선', '박', '일', '박', '일', '계획', '것', '홍성', '출발', '후', '기차', '이용', '포항', '이동', '다음', '렌트카', '택시', '이용', '예정', '마지막']","['포항', '경주', '여행', '동선', '포항', '경주', '여행', '동선', '박', '일', '박', '일', '계획', '것', '홍성', '출발', '후', '기차', '이용', '포항', '이동', '다음', '렌트카', '택시', '이용', '예정', '마지막']"
경주 여행 코스,https://kin.naver.com/qna/detail.naver?d1id=9&dirId=90111&docId=288851085&qb=6rK97KO87Jes7ZaJ&enc=utf8,경주여행을 계획하고있는데욤 인터녯검색을 아무리해도 코스를 어떻게짜야할지 감이 안잡혀서 도움을청해봅니당 또 언제올지모르니 잘돌아보고 가고싶습니다 2일여행 3일여행 순차적이동 코스 부탁드려봅니당 경주 여행을,"['경주', '여행', '코스']","['경주', '여행', '계획', '욤', '인터', '코스', '도움', '봅', '일', '여행', '일', '여행', '순차', '이동', '코스', '부탁', '봅', '경주', '여행']","['경주', '여행', '코스', '경주', '여행', '계획', '욤', '인터', '코스', '도움', '봅', '일', '여행', '일', '여행', '순차', '이동', '코스', '부탁', '봅', '경주', '여행']"
경주여행 2박3일 코스 부탁드려요,https://kin.naver.com/qna/detail.naver?d1id=12&dirId=121102&docId=305579215&qb=6rK97KO87Jes7ZaJ&enc=utf8,남자친구랑 2박3일 휴가로 경주여행 가려고합니다 움 교촌마을이랑 첨성대는 꼭 가보고싶어용 꼭 코스에 경우 3040분 대기 시간 발생 또한 경주시티투어도 추천 드립니다 인터넷 검색해서 참조 바랍니다 즐거운 경주 여행되세요,"['경주', '여행', '박', '일', '코스', '부탁']","['남자', '친구', '박', '일', '휴가', '경주', '여행', '교촌', '마을', '첨성대', '코스', '경우', '분', '대기', '시간', '발생', '경주', '시티투어', '추천', '인터넷', '검색', '참조', '경주', '여행']","['경주', '여행', '박', '일', '코스', '부탁', '남자', '친구', '박', '일', '휴가', '경주', '여행', '교촌', '마을', '첨성대', '코스', '경우', '분', '대기', '시간', '발생', '경주', '시티투어', '추천', '인터넷', '검색', '참조', '경주', '여행']"
혼자서 당일로 경주여행 가려고 하는데요,https://kin.naver.com/qna/detail.naver?d1id=9&dirId=90111&docId=105393042&qb=6rK97KO87Jes7ZaJ&enc=utf8,경주여행에 대해 좀 가르쳐주십시요 기차타고 경주역에서 내려서 조금만 걸으면 첨성대 있던데 그 주위에 안압지 걱정은 식당에서 혼자 밥먹을때가 좀 걱정되네요 ㅎㅎ 경주 여행에서 첫코스는 천마총이지요 경주역에서,"['혼자', '당일', '경주', '여행']","['경주', '여행', '기차', '경주', '역', '첨성대', '주위', '안압지', '걱정', '식당', '혼자', '밥', '때', '걱정', '경주', '여행', '코스', '천마총', '경주', '역']","['혼자', '당일', '경주', '여행', '경주', '여행', '기차', '경주', '역', '첨성대', '주위', '안압지', '걱정', '식당', '혼자', '밥', '때', '걱정', '경주', '여행', '코스', '천마총', '경주', '역']"
경주여행질문,https://kin.naver.com/qna/detail.naver?d1id=12&dirId=121102&docId=202352868&qb=6rK97KO87Jes7ZaJ&enc=utf8,경주여행 계획중이라 루트를 짜는데 질문이 있습니다 대릉원 국립경주박물관 첨성대 이렇게 갈 예정인데요 출발지는 경주시외버스터미널이나 고속버스터미널에서 출발합니다 세곳이 거의 비슷한데 있다고 들어서요 대중교통을,"['경주', '여행', '질문']","['경주', '여행', '계획', '중', '루트', '질문', '대릉원', '국립', '경주', '박물관', '첨성대', '예정', '출발지', '경주', '시외버스', '터미널', '고속버스', '터미널', '출발', '곳', '대중교통']","['경주', '여행', '질문', '경주', '여행', '계획', '중', '루트', '질문', '대릉원', '국립', '경주', '박물관', '첨성대', '예정', '출발지', '경주', '시외버스', '터미널', '고속버스', '터미널', '출발', '곳', '대중교통']"
경주여행가는데 핫플레이스 있을까요,https://kin.naver.com/qna/detail.naver?d1id=9&dirId=90105&docId=386975168&qb=6rK97KO87Jes7ZaJ&enc=utf8,제가 이번주 금욜날 가족들이랑 경주여행을 가는데요 핫플레이스가 별로 없어서 추천 부탁드릴게요 아 그리고 여행가는거는 어른 둘 초등학생 한명입니다 첫번째로 답하신분 내공 10 드립니다 안녕하세요  경주 핫플레이스론,"['경주', '여행', '핫', '플레이스']","['제', '이번', '주', '날', '가족', '경주', '여행', '플레이스', '추천', '부탁', '여행', '거', '어른', '둘', '초등학생', '명', '번', '답', '분', '내공', '경주', '핫', '플레이스']","['경주', '여행', '핫', '플레이스', '제', '이번', '주', '날', '가족', '경주', '여행', '플레이스', '추천', '부탁', '여행', '거', '어른', '둘', '초등학생', '명', '번', '답', '분', '내공', '경주', '핫', '플레이스']"
내일 남자친구와 경주 여행을 갑니다,https://kin.naver.com/qna/detail.naver?d1id=6&dirId=612&docId=397952536&qb=6rK97KO87Jes7ZaJ&enc=utf8,내일 남자친구와 경주 여행을 갑니다 그런데 비가 내린다고 하군요 그래서 숙소에서 그냥 콕 박혀서 놀려고 하는데 괜찮을까요 한옥숙소로 가시면 마루에서 비내리는것도 구경하고 분위기도 좋아요 맛잇는거 사서 마루에서 나눠먹고,"['남자', '친구', '경주', '여행']","['남자', '친구', '경주', '여행', '비', '숙소', '데', '한옥', '숙소', '마루', '비', '것', '구경', '분위기', '맛', '거', '마루']","['남자', '친구', '경주', '여행', '남자', '친구', '경주', '여행', '비', '숙소', '데', '한옥', '숙소', '마루', '비', '것', '구경', '분위기', '맛', '거', '마루']"
경주여행가요 맛집좀알려주세요,https://kin.naver.com/qna/detail.naver?d1id=9&dirId=90111&docId=392512415&qb=6rK97KO87Jes7ZaJ&enc=utf8,내일 딸둘과 와이프 함께 경주여행가요 당일은 경주월드가서놀다 밤되면 동궁과월지 가서 마무리하고 다음날 어디가면 좋을지 추천좀해주세요 그리고 현지인 추천맛집 추천좀 부탁드리겠습니다,"['경주', '여행', '가요', '맛집']","['딸', '둘', '와이프', '경주', '여행', '가요', '당일', '경주', '월드', '밤', '동궁', '월지', '마무리', '다음', '날', '어디', '면', '추천', '현지', '추천', '맛집', '추천', '부탁']","['경주', '여행', '가요', '맛집', '딸', '둘', '와이프', '경주', '여행', '가요', '당일', '경주', '월드', '밤', '동궁', '월지', '마무리', '다음', '날', '어디', '면', '추천', '현지', '추천', '맛집', '추천', '부탁']"
미취학 초딩 아이들과 경주 여행,https://kin.naver.com/qna/detail.naver?d1id=9&dirId=90111&docId=454123083&qb=6rK97KO87Jes7ZaJ&enc=utf8,좋은 여행 경로 추천 바랍니다 안녕하세요 매크로가 아닌 손수 답변드립니다 불국사 석굴암 안압지 경리단길 정도는 꼭 가보세요 경주 여행 가볼만한 곳입니다 관련 내용은 아래 링크를 참고해보세요 httpsme2do5aqBLsDW,"['미취학', '초딩', '아이', '경주', '여행']","['여행', '경로', '추천', '매크로', '답변', '불국사', '석굴암', '안압지', '경리', '길', '정도', '가보세요', '경주', '여행', '만', '곳', '관련', '내용', '아래', '링크', '참고']","['미취학', '초딩', '아이', '경주', '여행', '여행', '경로', '추천', '매크로', '답변', '불국사', '석굴암', '안압지', '경리', '길', '정도', '가보세요', '경주', '여행', '만', '곳', '관련', '내용', '아래', '링크', '참고']"
경주 여행 데이트 코스,https://kin.naver.com/qna/detail.naver?d1id=9&dirId=90111&docId=362352764&qb=6rK97KO87Jes7ZaJ&enc=utf8,20대 초중반 뚜벅이 1박2일로 경주여행을 가려고 하는데요 원래 경주월드 가려고 햇는데 저희가 가는날에 비가 온다해가지고 러브캐슬이랑 주렁주렁동물원을 가려고 합니다 혹시 또 좋은 데이트장소가 있을까요,"['경주', '여행', '데이트', '코스']","['대', '중반', '박', '일', '경주', '여행', '경주', '월드', '저희', '날', '비', '러브', '캐슬', '동물원', '데이트', '장소']","['경주', '여행', '데이트', '코스', '대', '중반', '박', '일', '경주', '여행', '경주', '월드', '저희', '날', '비', '러브', '캐슬', '동물원', '데이트', '장소']"
6월 경주여행에서 꼭 방문해야 할 베스트 5 관광지는,https://kin.naver.com/qna/detail.naver?d1id=9&dirId=90111&docId=486062709&qb=6rK97KO87Jes7ZaJ&enc=utf8,6월에 경주를 여행하면서 놓치지 말아야 할 최고의 관광지 다섯 곳을 추천받고 싶습니다 각 장소의 독특한 매력과 방문할 만한 시간대나 특별한 팁이 있다면 함께 알려주세요 6월의 경주는 초록이 짙고 날씨도 좋아 여행하기 정말 좋은,"['월', '경주', '여행', '방문', '베스트', '관광지']","['월', '경주', '여행', '최고', '관광지', '다섯', '곳', '추천', '장소', '독특', '매력', '방문', '만', '시간', '대나', '특별', '팁', '월', '경주', '초록', '날씨', '여행']","['월', '경주', '여행', '방문', '베스트', '관광지', '월', '경주', '여행', '최고', '관광지', '다섯', '곳', '추천', '장소', '독특', '매력', '방문', '만', '시간', '대나', '특별', '팁', '월', '경주', '초록', '날씨', '여행']"
경주여행 질문드립니다,https://kin.naver.com/qna/detail.naver?d1id=9&dirId=90111&docId=449499905&qb=6rK97KO87Jes7ZaJ&enc=utf8,경주여행 질문을 주셔서 감사합니다 한화리조트와 소노벨은 경주에서 인기있는 숙박시설 중 두 곳입니다 두 곳 다 고려하여 선택하시면 됩니다 어떤 숙소를 선택하든 즐거운 경주여행이 되기를 바랍니다 도움 되시기 바랍니다,"['경주', '여행', '질문']","['경주', '여행', '질문', '감사', '한화', '리조트', '소노', '벨', '경주', '인기', '숙박', '시설', '중', '곳', '곳', '고려', '선택', '숙소', '선택', '경주', '여행', '도움']","['경주', '여행', '질문', '경주', '여행', '질문', '감사', '한화', '리조트', '소노', '벨', '경주', '인기', '숙박', '시설', '중', '곳', '곳', '고려', '선택', '숙소', '선택', '경주', '여행', '도움']"
경주 여행으로 어때요,https://kin.naver.com/qna/detail.naver?d1id=9&dirId=90111&docId=430760583&qb=6rK97KO87Jes7ZaJ&enc=utf8,경주 여행으로 가는거 어떤가요 경주 좋죠 지금쯤 단풍도 들 때이고 춥지도 덥지도 않아 움직이기도 좋은 날이죠,"['경주', '여행']","['경주', '여행', '거', '가요', '경주', '쯤', '단풍', '때', '날']","['경주', '여행', '경주', '여행', '거', '가요', '경주', '쯤', '단풍', '때', '날']"
경주 여행 숙소 어디 근처가 좋을가요,https://kin.naver.com/qna/detail.naver?d1id=9&dirId=9011401&docId=429315512&qb=6rK97KO87Jes7ZaJ&enc=utf8,감사합니다 1박 2일 경주여행 계획하고 계시나봐요 숙소는 황리단길이요 최대한 편하게 이동하기 좋게 관광지가 집중되어 있거든요 순서는 대릉원  첨성대  월정교  동궁과월지 순입니다 풍경이 좋아서 걸으면서 가기에,"['경주', '여행', '숙소', '어디', '근처', '가요']","['감사', '박', '일', '경주', '여행', '계획', '숙소', '황리', '길', '이동', '관광지', '집중', '순서', '대릉원', '첨성대', '월', '정교', '동궁', '월지', '순', '풍경']","['경주', '여행', '숙소', '어디', '근처', '가요', '감사', '박', '일', '경주', '여행', '계획', '숙소', '황리', '길', '이동', '관광지', '집중', '순서', '대릉원', '첨성대', '월', '정교', '동궁', '월지', '순', '풍경']"
경주여행코스 문의드립니다,https://kin.naver.com/qna/detail.naver?d1id=12&dirId=121102&docId=365515066&qb=6rK97KO87Jes7ZaJ&enc=utf8,이번주 일요일 월요일 1박 2일 자차로 경주 여행을 가려고 합니 다 경주여행은 초등학교 수학여행 이후로 없어서 도무지 코스 가 안 잡히네요 일요일 숙소는 아직 안 정해져 있는 상태이고 월요일 은 경주 감포에 있는 라마다 호텔,"['경주', '여행', '코스', '문']","['이번', '주', '일요일', '월요일', '박', '일', '자차', '경주', '여행', '합', '경주', '여행', '초등', '학교', '수학여행', '이후', '코스', '일요일', '숙소', '상태', '월요일', '경주', '감포', '라', '호텔']","['경주', '여행', '코스', '문', '이번', '주', '일요일', '월요일', '박', '일', '자차', '경주', '여행', '합', '경주', '여행', '초등', '학교', '수학여행', '이후', '코스', '일요일', '숙소', '상태', '월요일', '경주', '감포', '라', '호텔']"
2박3일 자가 이용 경주 여행,https://kin.naver.com/qna/detail.naver?d1id=9&dirId=90111&docId=74060356&qb=6rK97KO87Jes7ZaJ&enc=utf8,2박3일 자가 이용 경주 여행을 가려 하는데요 수학여행때 빼고는 처음 가는 경주라 어떤 코스로 어딜 구경해야 과거 경주 여행수학여행 때 가보셨다니 잘 아시겠지만 으뜸순위를 적는다면 불국사 석굴암 안압지여름의 연꽃,"['박', '일', '자', '이용', '경주', '여행']","['박', '일', '자', '이용', '경주', '여행', '수학여행', '때', '경주', '코스', '어딜', '구경', '과거', '경주', '여행', '수학여행', '때', '으뜸', '순위', '불국사', '석굴암', '안압지', '여름', '연꽃']","['박', '일', '자', '이용', '경주', '여행', '박', '일', '자', '이용', '경주', '여행', '수학여행', '때', '경주', '코스', '어딜', '구경', '과거', '경주', '여행', '수학여행', '때', '으뜸', '순위', '불국사', '석굴암', '안압지', '여름', '연꽃']"
경주 여행,https://kin.naver.com/qna/detail.naver?d1id=9&dirId=90111&docId=391390379&qb=6rK97KO87Jes7ZaJ&enc=utf8,중학생 딸과 경주 여행을 생각하는데보문단지쪽 숙소와 황리단길 숙소중 숙소 근처에서 걸어서 구경하기 좋은 곳은 어느쪽인가요 보문단지에서 걸어갈수 있는 곳과 황리단길에서 걸어서 갈만한 곳 알려주세요 둘 다 좋아요 보문단지,"['경주', '여행']","['중학생', '딸', '경주', '여행', '생각', '데', '보문', '단지', '쪽', '숙소', '황리', '길', '숙소', '중', '숙소', '근처', '구경', '곳', '쪽', '보문', '단지', '수', '곳', '황리', '길', '만', '곳', '둘', '보문', '단지']","['경주', '여행', '중학생', '딸', '경주', '여행', '생각', '데', '보문', '단지', '쪽', '숙소', '황리', '길', '숙소', '중', '숙소', '근처', '구경', '곳', '쪽', '보문', '단지', '수', '곳', '황리', '길', '만', '곳', '둘', '보문', '단지']"
김해에서 경주 여행,https://kin.naver.com/qna/detail.naver?d1id=9&dirId=90111&docId=448871155&qb=6rK97KO87Jes7ZaJ&enc=utf8,김해에서 경주 여행을 계획하시는 것 같아요 차를 렌트해서 6명이 같이 가실 거라면 좋은 카페도 알아보고 싶고 경주에서의 일정도 짜고 싶으시다는 건가요  김해에서 경주로 바다를 보면서 가는 길에 좋은 카페 추천  국도,"['김해', '경주', '여행']","['김해', '경주', '여행', '계획', '것', '차', '렌트', '명', '거', '카페', '경주', '일정', '건가요', '김해', '경주', '바다', '길', '카페', '추천', '국도']","['김해', '경주', '여행', '김해', '경주', '여행', '계획', '것', '차', '렌트', '명', '거', '카페', '경주', '일정', '건가요', '김해', '경주', '바다', '길', '카페', '추천', '국도']"
경주여행코스추천,https://kin.naver.com/qna/detail.naver?d1id=9&dirId=90111&docId=423145491&qb=6rK97KO87Jes7ZaJ&enc=utf8,질문하신 경주 여행 코스 관련 답변드리겠습니다 부모님과 함께하는 경주 여행을 계획 중이시군요 머무시는 숙소와 경주의 추천 스팟 맛집들을 포함해 여다에서 맞춤형 2박 3일 경주 여행 일정을 준비했어요 아래,"['경주', '여행', '코스', '추천']","['질문', '경주', '여행', '코스', '관련', '답변', '부모', '경주', '여행', '계획', '중', '숙소', '경주', '추천', '스팟', '맛집', '포함', '맞춤', '박', '일', '경주', '여행', '일정', '준비', '아래']","['경주', '여행', '코스', '추천', '질문', '경주', '여행', '코스', '관련', '답변', '부모', '경주', '여행', '계획', '중', '숙소', '경주', '추천', '스팟', '맛집', '포함', '맞춤', '박', '일', '경주', '여행', '일정', '준비', '아래']"
제가 아버지와 경주여행을 가는데 갈만,https://kin.naver.com/qna/detail.naver?d1id=12&dirId=121102&docId=307167348&qb=6rK97KO87Jes7ZaJ&enc=utf8,제가 아버지와 경주여행을 가는데 갈만한데가 생각나지가 않네요 경주 가볼만한 곳 좀 알려주세요 경주 여행을 환영합니다 역사 유적지 기준으로 말씀 드리겠습니다 1경주 시내 유적지 대릉원천마총  1400년 전후 고분 첨성대,"['제', '아버지', '경주', '여행', '갈만']","['제', '아버지', '경주', '여행', '데', '만', '데', '경주', '만', '곳', '경주', '여행', '환영', '역사', '유적지', '기준', '말씀', '경주', '시내', '유적지', '대릉원', '천마총', '년', '전후', '고분', '첨성대']","['제', '아버지', '경주', '여행', '갈만', '제', '아버지', '경주', '여행', '데', '만', '데', '경주', '만', '곳', '경주', '여행', '환영', '역사', '유적지', '기준', '말씀', '경주', '시내', '유적지', '대릉원', '천마총', '년', '전후', '고분', '첨성대']"
경주여행 이동코스 도와주세요,https://kin.naver.com/qna/detail.naver?d1id=12&dirId=121102&docId=469923521&qb=6rK97KO87Jes7ZaJ&enc=utf8,ㅁ황리단길 황리단길에서 디저트를 즐기고 대릉빵도 구경해보세요 ㅁ양동마을 양동마을을 방문해보세요 아기자기한 소품들과 예쁜 카페가 있습니다 즐거운 경주 여행이 되길 바랍니다,"['경주', '여행', '이동', '코스']","['ㅁ', '황리', '길', '황리', '길', '디저트', '대릉', '빵', '구경', 'ㅁ', '양동', '마을', '양동', '마을', '방문', '소품', '카페', '경주', '여행']","['경주', '여행', '이동', '코스', 'ㅁ', '황리', '길', '황리', '길', '디저트', '대릉', '빵', '구경', 'ㅁ', '양동', '마을', '양동', '마을', '방문', '소품', '카페', '경주', '여행']"
경주여행추천쫌해주세요,https://kin.naver.com/qna/detail.naver?d1id=9&dirId=90108&docId=391046139&qb=6rK97KO87Jes7ZaJ&enc=utf8,경주여행을 7월달쯤에 갈여고하는데요 여학생둘이서 2박3일을 가는데 풀빌라나 팬션 아님 글램핑을 가고싶어요 추천쫌 부탁드릴께요 그리고 얼마정도드는지 예상해서 알려주세요 경주가볼만한곳도 추천부탁드립니다 quot quot quot quot,"['경주', '여행', '추천']","['경주', '여행', '월', '달', '여고', '여학생', '둘', '박', '일', '데', '빌라', '팬', '션', '글', '램', '핑', '추천', '얼마', '정도', '예상', '경주', '만', '곳', '추천', '부탁']","['경주', '여행', '추천', '경주', '여행', '월', '달', '여고', '여학생', '둘', '박', '일', '데', '빌라', '팬', '션', '글', '램', '핑', '추천', '얼마', '정도', '예상', '경주', '만', '곳', '추천', '부탁']"
경주여행코스 어떻게 가는게 좋아요,https://kin.naver.com/qna/detail.naver?d1id=5&dirId=51003&docId=201746219&qb=6rK97KO87Jes7ZaJ&enc=utf8,처음가보는데요 경주여행코스 어떻게 짜는게 좋을까요 1박2일 경주여행코스 추천해주세요 경주1박2일로 다돌아보진 못해도 몇군데는 갈수있을거에요 경주여행코스 알아보기 여자친구분이랑 1박2일동안 경주여행 잘다녀오세요,"['경주', '여행', '코스', '게']","['처음', '경주', '여행', '코스', '게', '박', '일', '경주', '여행', '코스', '추천', '경주', '박', '일', '군데', '수', '거', '경주', '여행', '코스', '여자', '친구', '분', '박', '일', '동안', '경주', '여행']","['경주', '여행', '코스', '게', '처음', '경주', '여행', '코스', '게', '박', '일', '경주', '여행', '코스', '추천', '경주', '박', '일', '군데', '수', '거', '경주', '여행', '코스', '여자', '친구', '분', '박', '일', '동안', '경주', '여행']"
2박 3일 경주 여행 생각하고 있습니다,https://kin.naver.com/qna/detail.naver?d1id=9&dirId=90111&docId=448854286&qb=6rK97KO87Jes7ZaJ&enc=utf8,경주여행을 계획중이시군요 숙소는 황리단길주변으로 잡으시는걸 추천드려요 경주에서 가볼만한 곳들도 몇군데 추천해드리겠습니다 첨성대 동궁과 월지 대릉원 월정교,"['박', '일', '경주', '여행', '생각']","['경주', '여행', '계획', '중', '숙소', '황리', '길', '주변', '걸', '추천', '경주', '만', '곳', '군데', '추천', '첨성대', '동궁', '월지', '대릉원', '월', '정교']","['박', '일', '경주', '여행', '생각', '경주', '여행', '계획', '중', '숙소', '황리', '길', '주변', '걸', '추천', '경주', '만', '곳', '군데', '추천', '첨성대', '동궁', '월지', '대릉원', '월', '정교']"
이시국 경주여행가는거 에반가요,https://kin.naver.com/qna/detail.naver?d1id=9&dirId=90111&docId=410827195&qb=6rK97KO87Jes7ZaJ&enc=utf8,이시국 경주여행가는거 에반가요 울산 사람인데 울산은 200명씩 나오거든요 근데 경주는 막 4050밖에 안 나오더라고요 그래서 경주 갈까생각중인데 에바일까오 마스크 잘 쓰고 도시락 들고 간다면 아무 문제 없습니다,"['시국', '경주', '여행', '거', '에반', '가요']","['시국', '경주', '여행', '거', '에반', '가요', '울산', '사람', '울산', '명', '경주', '막', '밖', '경주', '생각', '중', '에바', '도시락', '문제']","['시국', '경주', '여행', '거', '에반', '가요', '시국', '경주', '여행', '거', '에반', '가요', '울산', '사람', '울산', '명', '경주', '막', '밖', '경주', '생각', '중', '에바', '도시락', '문제']"
경주 여행2박3일경주코스,https://kin.naver.com/qna/detail.naver?d1id=9&dirId=90111&docId=371057316&qb=6rK97KO87Jes7ZaJ&enc=utf8,경주 여행2박3일코스 숙소는 괜찮은 한옥펜션으로 해요 여자들끼리 여행이라 자동차이동 여행 코스 알려주세요 1 경주 도착 첫날 황리단길에서 멋진 카페에 앉아 폼 한 번 잡으셔야죠 기본코스이지 싶네요 황리단길 정문주차장,"['경주', '여행', '박', '일', '경주', '코스']","['경주', '여행', '박', '일', '코스', '숙소', '한옥', '펜션', '여자', '여행', '자동차', '이동', '여행', '코스', '경주', '도착', '첫날', '황리', '길', '카페', '폼', '번', '죠', '기본', '코스', '황리', '길', '정문', '주차장']","['경주', '여행', '박', '일', '경주', '코스', '경주', '여행', '박', '일', '코스', '숙소', '한옥', '펜션', '여자', '여행', '자동차', '이동', '여행', '코스', '경주', '도착', '첫날', '황리', '길', '카페', '폼', '번', '죠', '기본', '코스', '황리', '길', '정문', '주차장']"
경주여행 여기는 꼭 가봐야한다는,https://kin.naver.com/qna/detail.naver?d1id=9&dirId=90111&docId=372818569&qb=6rK97KO87Jes7ZaJ&enc=utf8,경주여행 여기는 꼭 가봐야한다는 곳 있을까용ㅎ 경주라고 역사적인곳만 가란법 없습니다 불국사 뒷길 석굴암 가는길 중간에서 우측으로가면 감포로갑니다 여기 중간에 풍력발전소 거대한 풍력발전기아래 대형주차장에서 쉬면 됩니다,"['경주', '여행', '여기']","['경주', '여행', '여기', '곳', '경주', '역사', '곳', '법', '불국사', '뒷길', '석굴암', '길', '중간', '우측', '감포', '여기', '중간', '풍력', '발전소', '거대', '풍력', '발전기', '아래', '대형', '주차장']","['경주', '여행', '여기', '경주', '여행', '여기', '곳', '경주', '역사', '곳', '법', '불국사', '뒷길', '석굴암', '길', '중간', '우측', '감포', '여기', '중간', '풍력', '발전소', '거대', '풍력', '발전기', '아래', '대형', '주차장']"
겨울 경주여행 갈만한곳펜션맛집,https://kin.naver.com/qna/detail.naver?d1id=9&dirId=90111&docId=242336597&qb=6rK97KO87Jes7ZaJ&enc=utf8,이번 겨울에 여자친구랑 경주여행을 하려고 합니다 특히 야경 안압지 첨성대 어떤식으로 경주여행을 하는것이 좋을까요 또한 경주 펜션이나 맛집등 알고싶어요 경주여행중 시내권가까운 그집이야기펜션 안압지첨성대5분거리,"['겨울', '경주', '여행', '갈만', '곳', '펜션', '맛집']","['이번', '겨울', '여자', '친구', '경주', '여행', '야경', '안압지', '첨성대', '식', '경주', '여행', '것', '경주', '펜션', '맛집', '등', '경주', '여행', '중', '시내', '집', '이야기', '펜션', '안압지', '첨성대', '분', '거리']","['겨울', '경주', '여행', '갈만', '곳', '펜션', '맛집', '이번', '겨울', '여자', '친구', '경주', '여행', '야경', '안압지', '첨성대', '식', '경주', '여행', '것', '경주', '펜션', '맛집', '등', '경주', '여행', '중', '시내', '집', '이야기', '펜션', '안압지', '첨성대', '분', '거리']"
경주 여행하기 좋은 이유 좀,https://kin.naver.com/qna/detail.naver?d1id=9&dirId=90105&docId=361259334&qb=6rK97KO87Jes7ZaJ&enc=utf8,경주 여행하기 좋은이유나 특징좀요 그리고 설명같은것도 있으면 좋아요ㅠㅠ 짧은건 채택안함 안녕하세요 경주 최대 규모를 자랑하는 히어로키즈파크 입니다 1200평 이상의 대형 규모에서 자유롭게 아이들이 뛰어 놀 수,"['경주', '여행', '이유']","['경주', '여행', '이유', '특징', '설명', '것', '건', '채택', '안함', '안녕', '경주', '최대', '규모', '자랑', '히어로', '키즈', '파크', '평', '이상', '대형', '규모', '자유', '아이', '수']","['경주', '여행', '이유', '경주', '여행', '이유', '특징', '설명', '것', '건', '채택', '안함', '안녕', '경주', '최대', '규모', '자랑', '히어로', '키즈', '파크', '평', '이상', '대형', '규모', '자유', '아이', '수']"
경주 여행 코스,https://kin.naver.com/qna/detail.naver?d1id=9&dirId=90111&docId=410314489&qb=6rK97KO87Jes7ZaJ&enc=utf8,질문하신 경주 여행일정 관련 답변 드리도록 하겠습니다 질문자님께서 원하시는 여행지들 모두 비교적 가깝게 아래 말씀하신 여행지를 추가한 당일치기 경주 여행일정을 준비했어요 첨부된 일정을 참고해보시고 즐거운,"['경주', '여행', '코스']","['질문', '경주', '여행', '일정', '관련', '답변', '질', '문자', '원', '여행지', '비교', '아래', '말씀', '여행지', '추가', '당일치기', '경주', '여행', '일정', '준비', '첨부', '일정', '참고']","['경주', '여행', '코스', '질문', '경주', '여행', '일정', '관련', '답변', '질', '문자', '원', '여행지', '비교', '아래', '말씀', '여행지', '추가', '당일치기', '경주', '여행', '일정', '준비', '첨부', '일정', '참고']"
경주 여행,https://kin.naver.com/qna/detail.naver?d1id=9&dirId=90111&docId=387459818&qb=6rK97KO87Jes7ZaJ&enc=utf8,경주 여행 가려고 하는데 장소마다 가는 시간 적절한지 이동 시간 적절한지 봐주세요 1 아침에 황리단길에서 2시간반이나 있을 필요는 없죠 아점 먹을 시간 정도면 충분합니다 11시까지 있는 걸로 2 대릉원에서 동궁원까지,"['경주', '여행']","['경주', '여행', '장소', '시간', '이동', '시간', '아침', '황리', '길', '시간', '반', '필요', '아점', '시간', '정도', '시', '걸로', '대릉원', '동궁', '원']","['경주', '여행', '경주', '여행', '장소', '시간', '이동', '시간', '아침', '황리', '길', '시간', '반', '필요', '아점', '시간', '정도', '시', '걸로', '대릉원', '동궁', '원']"
경주여행 추천,https://kin.naver.com/qna/detail.naver?d1id=9&dirId=90111&docId=425512965&qb=6rK97KO87Jes7ZaJ&enc=utf8,경주여행 추천 경리단길 이요,"['경주', '여행', '추천']","['경주', '여행', '추천', '경리', '길']","['경주', '여행', '추천', '경주', '여행', '추천', '경리', '길']"
경주여행지,https://kin.naver.com/qna/detail.naver?d1id=9&dirId=90111&docId=75501323&qb=6rK97KO87Jes7ZaJ&enc=utf8,경주여행지좀알려주세요제가네일경주에가거든요네꼭좀요 저는 경주에 사시는 거든요 경주는 그리 넓지 않아서 꼭 숙박시설과 가까운데 경주시내권 불국사권 보문관광단지권 남산권 서악권 북부문화권 동해안권 등등 이렇게,"['경주', '여행지']","['경주', '여행지', '제', '일', '경주', '저', '경주', '거', '경주', '숙박', '시설', '경주', '시내', '불국사', '보문관광단지', '남산', '서악', '북부', '문화', '동해안', '등등']","['경주', '여행지', '경주', '여행지', '제', '일', '경주', '저', '경주', '거', '경주', '숙박', '시설', '경주', '시내', '불국사', '보문관광단지', '남산', '서악', '북부', '문화', '동해안', '등등']"
경주여행코스,https://kin.naver.com/qna/detail.naver?d1id=9&dirId=90111&docId=369462128&qb=6rK97KO87Jes7ZaJ&enc=utf8,그래서 겸사겸사 2박 3일 경주여행을 하고싶은데 효율적으로 이동하면서 경주문화를 많이 알수있는 코너좀 부탁드립니다 정말 이번에 갔다오면 또 언제 이동이 가능할지 몰라 도움을 청해봅니다 경주는 도착하면 먼저 봐야 할 곳이,"['경주', '여행', '코스']","['박', '일', '경주', '여행', '효율', '이동', '경주', '문화', '수', '코너', '부탁', '이번', '이동', '가능', '도움', '경주', '도착', '곳']","['경주', '여행', '코스', '박', '일', '경주', '여행', '효율', '이동', '경주', '문화', '수', '코너', '부탁', '이번', '이동', '가능', '도움', '경주', '도착', '곳']"
경주 여행,https://kin.naver.com/qna/detail.naver?d1id=9&dirId=90111&docId=447787797&qb=6rK97KO87Jes7ZaJ&enc=utf8,경주 여행 놀거리 추천 1 경주 국립박물관  경주의 역사와 문화에 대해 배울 수 있는 곳입니다 재미있고 유익한 전시물들이 많아서 꼭 방문해보시길 추천합니다 2 안압지  경주에서 가장 아름다운 곳 중 하나로 손꼽히는 곳입니다,"['경주', '여행']","['경주', '여행', '추천', '경주', '국립', '박물관', '경주', '역사', '문화', '수', '곳', '전시물', '방문', '추천', '안압지', '경주', '곳', '중', '하나', '곳']","['경주', '여행', '경주', '여행', '추천', '경주', '국립', '박물관', '경주', '역사', '문화', '수', '곳', '전시물', '방문', '추천', '안압지', '경주', '곳', '중', '하나', '곳']"
경주여행장소추천,https://kin.naver.com/qna/detail.naver?d1id=9&dirId=90107&docId=280380663&qb=6rK97KO87Jes7ZaJ&enc=utf8,15살여자4명에서 경주여행갈껀데 추천장소알러주세요 경주 여행을 환영합니다 1일차 대릉원천마총 gt 황리단길최근 젊은층 핫한곳 gt 월성석빙고 gt 경주국립박물관 gt 교촌마을 경주최부자집 고택 교리김밥 gt 야경투어,"['경주', '여행', '장소', '추천']","['살', '여자', '명', '경주', '여행', '껀', '데', '추천장', '소', '경주', '여행', '환영', '일', '차', '대릉원', '천마총', '황리', '길', '최근', '층', '핫', '곳', '월성', '석빙고', '경주', '국립', '박물관', '교촌', '마을', '경주', '부자', '집', '고택', '교리', '김밥', '야경', '투어']","['경주', '여행', '장소', '추천', '살', '여자', '명', '경주', '여행', '껀', '데', '추천장', '소', '경주', '여행', '환영', '일', '차', '대릉원', '천마총', '황리', '길', '최근', '층', '핫', '곳', '월성', '석빙고', '경주', '국립', '박물관', '교촌', '마을', '경주', '부자', '집', '고택', '교리', '김밥', '야경', '투어']"
1박2일 커플경주여행,https://kin.naver.com/qna/detail.naver?d1id=9&dirId=901&docId=404644734&qb=6rK97KO87Jes7ZaJ&enc=utf8,1박2일로 경주여행을 가려고하는데 총경비가 어떻게들까요  차는있구요 숙소도 남친이 다예약했어요 10만원대중반 식비랑 이래저래 얼마들까욤 경주는 워낙 돈을 주고 들어가는 관광지가 많아서 그냥 숙소에만 계시고 식사정도,"['박', '일', '커플', '경주', '여행']","['박', '일', '경주', '여행', '경비', '차', '숙소', '남친', '예약', '만', '원', '대중', '반', '식비', '얼마', '경주', '돈', '관광지', '숙소', '식사', '정도']","['박', '일', '커플', '경주', '여행', '박', '일', '경주', '여행', '경비', '차', '숙소', '남친', '예약', '만', '원', '대중', '반', '식비', '얼마', '경주', '돈', '관광지', '숙소', '식사', '정도']"
경주여행코스,https://kin.naver.com/qna/detail.naver?d1id=9&dirId=90111&docId=279461450&qb=6rK97KO87Jes7ZaJ&enc=utf8,제가 경주를갈려고하는데 2박3일을 갈려고계획을 짜는데 경주여행 코스하고 가볼만한데그리고 숙박 놀이동산같은 부탁드립니다  경주 여행을 환영합니다 1일차역사 투어 경주 시내 대릉원천마총 gt 점심첨성대 근처 한식,"['경주', '여행', '코스']","['제', '경주', '데', '박', '일', '계획', '경주', '여행', '코스', '만', '숙박', '놀이', '동산', '부탁', '경주', '여행', '환영', '일', '차', '역사', '투어', '경주', '시내', '대릉원', '천마총', '점심', '첨성대', '근처', '한식']","['경주', '여행', '코스', '제', '경주', '데', '박', '일', '계획', '경주', '여행', '코스', '만', '숙박', '놀이', '동산', '부탁', '경주', '여행', '환영', '일', '차', '역사', '투어', '경주', '시내', '대릉원', '천마총', '점심', '첨성대', '근처', '한식']"
경주여행 내일,https://kin.naver.com/qna/detail.naver?d1id=8&dirId=814&docId=347835171&qb=6rK97KO87Jes7ZaJ&enc=utf8,내일 22일에 아침부터 저녁전까지 경주여행 당일치기로 후딱 다녀오려고하는데 이 시기에 가기엔 에바일까요 가는건 승용차로 갑니다 큰 무리는 없을거 같습니다 경주에는 확진자가 나온 것도 아니구요 승용차로 가신다고하면,"['경주', '여행', '내일']","['일', '아침', '저녁', '전', '경주', '여행', '당일치기', '시기', '에바', '건', '승용차', '무리', '거', '경주', '확진', '것', '승용차']","['경주', '여행', '내일', '일', '아침', '저녁', '전', '경주', '여행', '당일치기', '시기', '에바', '건', '승용차', '무리', '거', '경주', '확진', '것', '승용차']"
2박3일 경주 여행코스 추천해주세요,https://kin.naver.com/qna/detail.naver?d1id=9&dirId=901&docId=231319229&qb=6rK97KO87Jes7ZaJ&enc=utf8,8월 9일  11일까지 2박 3일 경주 여행을 갑니다 숙소는 경주 대명리조트이구요 참고로 7살짜리 아이가 있어 아이 며칠전에 경주여행 다녀왔어요 제가 이번에 경주여행 가기전에 여기저기 알아보다가 알게된 사이튼데 경주여행코,"['박', '일', '경주', '여행', '코스', '추천']","['월', '일', '일', '박', '일', '경주', '여행', '숙소', '경주', '대명', '리조트', '참고', '살', '아이', '아이', '며칠', '전', '경주', '여행', '제', '이번', '경주', '여행', '전', '여기저기', '사이', '데', '경주', '여행']","['박', '일', '경주', '여행', '코스', '추천', '월', '일', '일', '박', '일', '경주', '여행', '숙소', '경주', '대명', '리조트', '참고', '살', '아이', '아이', '며칠', '전', '경주', '여행', '제', '이번', '경주', '여행', '전', '여기저기', '사이', '데', '경주', '여행']"
경주여행을 하려고 하는데 숙박이나 맛집좀 알려주세요,https://kin.naver.com/qna/detail.naver?d1id=9&dirId=90111&docId=153310137&qb=6rK97KO87Jes7ZaJ&enc=utf8,경주여행코스는 어떤게 짜는게 좋은건지 2 숙박은 어디에 해야 이동하기 바쁘네요 경주여행 다녀오신분들 많은 정보 부탁드릴게요  안녕하세요 먼저 경주여행은 권역별로 분류 되어 있어서 참으로 구경하기가 좋은 곳입니다 1,"['경주', '여행', '숙박', '맛집']","['경주', '여행', '코스', '게', '게', '건지', '숙박', '어디', '이동', '경주', '여행', '분', '정보', '부탁', '안녕', '경주', '여행', '권역', '분류', '구경', '곳']","['경주', '여행', '숙박', '맛집', '경주', '여행', '코스', '게', '게', '건지', '숙박', '어디', '이동', '경주', '여행', '분', '정보', '부탁', '안녕', '경주', '여행', '권역', '분류', '구경', '곳']"
경주여행코스좀도와주세요,https://kin.naver.com/qna/detail.naver?d1id=12&dirId=121102&docId=145757591&qb=6rK97KO87Jes7ZaJ&enc=utf8,이번 3월1일날 경주여행을 가려고 합니다 그래서 여행코스를 짜려고 하는데 몇시간째 사이트를 둘러봐도 감이 감솨 __ 경주여행 경험있으신 분들 도와도와도와주세요용 먼저 교통편을 얘기하면 경주에서 수원가는 기차가 6시,"['경주', '여행', '코스']","['이번', '월', '일', '날', '경주', '여행', '여행', '코스', '시간', '사이트', '경주', '여행', '경험', '분', '교통편', '얘기', '경주', '수원', '기차', '시']","['경주', '여행', '코스', '이번', '월', '일', '날', '경주', '여행', '여행', '코스', '시간', '사이트', '경주', '여행', '경험', '분', '교통편', '얘기', '경주', '수원', '기차', '시']"
1박2일 경주여행 코스,https://kin.naver.com/qna/detail.naver?d1id=9&dirId=90111&docId=72361698&qb=6rK97KO87Jes7ZaJ&enc=utf8,가족끼리 1월20일토날 경주여행 가는데요 아빠께서 경주 코스를 잘 모르셔서요 1박 2일로 갔다 올건데 경주에 유명한곳 위주로 해서 코스 좀 짜주세요 구체적으로 짜주시면 감사내공 드릴게요 질문 1 경주에,"['박', '일', '경주', '여행', '코스']","['가족', '월', '일', '토', '날', '경주', '여행', '아빠', '경주', '코스', '박', '일', '경주', '곳', '위주', '코스', '구체', '감사', '내공', '질문', '경주']","['박', '일', '경주', '여행', '코스', '가족', '월', '일', '토', '날', '경주', '여행', '아빠', '경주', '코스', '박', '일', '경주', '곳', '위주', '코스', '구체', '감사', '내공', '질문', '경주']"
경주여행 반려동물 동반,https://kin.naver.com/qna/detail.naver?d1id=12&dirId=121102&docId=404277518&qb=6rK97KO87Jes7ZaJ&enc=utf8,반려견 5kg 이하과 함께 경주여행을 가려고하는데요 경주는 반려동물 입장이 가능한 관광지가 하나도없어요 첨성대말고 갈수았는곳이없어요 남산이나 토함산은 국립공원이니까 그렇다고 치는데 양동마을은 마을인데 관광지로 보존을,"['경주', '여행', '반려', '동물', '동반']","['반려', '견', '이하', '경주', '여행', '경주', '반려', '동물', '입장', '가능', '관광지', '하나', '첨성대', '수', '곳', '남산', '토함산', '국립', '공원', '양동', '마을', '마을', '관광지', '보존']","['경주', '여행', '반려', '동물', '동반', '반려', '견', '이하', '경주', '여행', '경주', '반려', '동물', '입장', '가능', '관광지', '하나', '첨성대', '수', '곳', '남산', '토함산', '국립', '공원', '양동', '마을', '마을', '관광지', '보존']"
경주 여행,https://kin.naver.com/qna/detail.naver?d1id=9&dirId=90111&docId=75173917&qb=6rK97KO87Jes7ZaJ&enc=utf8,보문단지에 안이나 숙박 시설을 좀 알려주세요 호텔은 여유가 없어서 안되고 모텔 정도로 알려주세요 ㅋ 추억에 남을 만한 경주 여행을 하기 위해 무엇을 하면 좋을지 알려주시면 정말 감사하겠습니다 내공은 올리수 있는대로,"['경주', '여행']","['보문', '단지', '안', '숙박', '시설', '호텔', '여유', '모텔', '정도', '추억', '만', '경주', '여행', '무엇', '감사', '내공', '대로']","['경주', '여행', '보문', '단지', '안', '숙박', '시설', '호텔', '여유', '모텔', '정도', '추억', '만', '경주', '여행', '무엇', '감사', '내공', '대로']"
경주여행에 대해서,https://kin.naver.com/qna/detail.naver?d1id=9&dirId=90111&docId=443024465&qb=6rK97KO87Jes7ZaJ&enc=utf8,제가 5월달에 경주 여행을 가려고 하는데 여자친구 생일겸 놀러 갑니다 저녁에 여자친구랑 분위기도 좋고 맛도 좋은곳에서 식사를 하고 싶은데 추천해주실곳있나요 약간 서프라이즈로 해줄려고 합니다 황리단길에 아니마 예약해서,"['경주', '여행']","['제', '월', '달', '경주', '여행', '여자', '친구', '생일', '겸', '저녁', '여자', '친구', '분위기', '맛', '곳', '식사', '추천', '곳', '서프라이즈', '황리', '길', '아니마', '예약']","['경주', '여행', '제', '월', '달', '경주', '여행', '여자', '친구', '생일', '겸', '저녁', '여자', '친구', '분위기', '맛', '곳', '식사', '추천', '곳', '서프라이즈', '황리', '길', '아니마', '예약']"
2박3일경주여행코스좀 추천해주세요,https://kin.naver.com/qna/detail.naver?d1id=9&dirId=90111&docId=112105456&qb=6rK97KO87Jes7ZaJ&enc=utf8,2박 3일로 경주여행을 가족과 함께 다녀올려합니다 근데 가는날 빼고 이틀은 비가 온다하네요 경주여행이 수학여행때빼고 첨이라  여행정보가 없네요 좋은정보좀 주세욨 여행코스면 더욱 좋습니다 경주 볼것도 체험할것도,"['박', '일', '경주', '여행', '코스', '추천']","['박', '일', '경주', '여행', '가족', '날', '이틀', '비', '경주', '여행', '수학여행', '때', '첨', '여행', '정보', '정보', '주세', '여행', '코스', '경주', '것', '체험', '것']","['박', '일', '경주', '여행', '코스', '추천', '박', '일', '경주', '여행', '가족', '날', '이틀', '비', '경주', '여행', '수학여행', '때', '첨', '여행', '정보', '정보', '주세', '여행', '코스', '경주', '것', '체험', '것']"
경주여행 가볼 만한 곳,https://kin.naver.com/qna/detail.naver?d1id=9&dirId=90111&docId=287030264&qb=6rK97KO87Jes7ZaJ&enc=utf8,일이 생겨서 경주여행을 가족끼리 1박 2일로 갔다오게 됬어요경주 역사 문화재 몇 개랑 가보면 좋을 곳 좀 경주 여행 환영합니다 역사 유적지 이므로 다음과 같이 추천드립니다 1일차 자전거 렌탈 후 투어 대릉원gt첨성대,"['경주', '여행', '만', '곳']","['일', '경주', '여행', '가족', '박', '일', '경주', '역사', '문화재', '개', '곳', '경주', '여행', '환영', '역사', '유적지', '다음', '추천', '일', '차', '자전거', '렌탈', '후', '투어', '대릉원', '첨성대']","['경주', '여행', '만', '곳', '일', '경주', '여행', '가족', '박', '일', '경주', '역사', '문화재', '개', '곳', '경주', '여행', '환영', '역사', '유적지', '다음', '추천', '일', '차', '자전거', '렌탈', '후', '투어', '대릉원', '첨성대']"
경주여행코스 순서,https://kin.naver.com/qna/detail.naver?d1id=12&dirId=121102&docId=293981463&qb=6rK97KO87Jes7ZaJ&enc=utf8,경주여행을 가려고하는데요 콜로세움 황리단길 안압지 첨성대 추억의달동네 를 가려고 하는데 시외버스터미널에서 내리면 경로상 순서를 어떻게 짜는게 좋을까요ㅠ ㅠ도와주세용 안녕하세요 macham입니다 경주시,"['경주', '여행', '코스', '순서']","['경주', '여행', '콜로세움', '황리', '길', '안압지', '첨성대', '추억', '달동네', '시외버스', '터미널', '경로', '순서', '게', '안녕', '경주', '시']","['경주', '여행', '코스', '순서', '경주', '여행', '콜로세움', '황리', '길', '안압지', '첨성대', '추억', '달동네', '시외버스', '터미널', '경로', '순서', '게', '안녕', '경주', '시']"
경주여행 가려는데 여행코스 어케 잡아야 할까요,https://kin.naver.com/qna/detail.naver?d1id=9&dirId=90111&docId=131443517&qb=6rK97KO87Jes7ZaJ&enc=utf8,경주여행을 이번주 주말쯤에 친구들이랑 다녀오려고 하는데요  경주여행 코스를 어케 잡아야 경주 여행코스 추천 부탁드려요 보문단지 근처로 추천해 주시면 좋을듯 하네요 경주여행을 이번주 주말쯤에,"['경주', '여행', '여행', '코스']","['경주', '여행', '이번', '주', '주말', '친구', '경주', '여행', '코스', '경주', '여행', '코스', '추천', '부탁', '보문', '근처', '추천', '듯', '경주', '여행', '이번', '주', '주말']","['경주', '여행', '여행', '코스', '경주', '여행', '이번', '주', '주말', '친구', '경주', '여행', '코스', '경주', '여행', '코스', '추천', '부탁', '보문', '근처', '추천', '듯', '경주', '여행', '이번', '주', '주말']"
경주 여행 코스,https://kin.naver.com/qna/detail.naver?d1id=9&dirId=90111&docId=340807078&qb=6rK97KO87Jes7ZaJ&enc=utf8,경주 여행 코스좀 알려주세요 저희가 차가 없어서 부산에서 시외버스나 srt타고 가려고 합니다 1경주버스터미널 근처 경주월드까지 하나씩 둘러볼만한 코스 2신경주역 근처 경주월드까지 코스 저희가 저는 면허가 없어서 둘 다,"['경주', '여행', '코스']","['경주', '여행', '코스', '저희', '차', '부산', '시외버스', '경주', '버스', '터미널', '근처', '경주', '월드', '하나', '만', '코스', '신경', '주역', '근처', '경주', '월드', '코스', '저희', '저', '면허', '다']","['경주', '여행', '코스', '경주', '여행', '코스', '저희', '차', '부산', '시외버스', '경주', '버스', '터미널', '근처', '경주', '월드', '하나', '만', '코스', '신경', '주역', '근처', '경주', '월드', '코스', '저희', '저', '면허', '다']"
아이들과2박3일경주여행,https://kin.naver.com/qna/detail.naver?d1id=9&dirId=90111&docId=364939415&qb=6rK97KO87Jes7ZaJ&enc=utf8,그쪽에 있는데 어디를 어찌가야하는지 모르겠어서 여쭤봅니다 1일차는 어디어디 이런식으로 좀 부탁드립니다 자세히 추천 부탁드립니다 첫 경주 여행인데 알차게 보내고싶어요 아이들 나이는 9세7세4세 입니다 안녕하세요,"['아이', '박', '일', '경주', '여행']","['그쪽', '어디', '일', '차', '어디', '어디', '식', '추천', '부탁', '경주', '여행', '아이', '나이', '세', '세', '세']","['아이', '박', '일', '경주', '여행', '그쪽', '어디', '일', '차', '어디', '어디', '식', '추천', '부탁', '경주', '여행', '아이', '나이', '세', '세', '세']"
경주여행  버스,https://kin.naver.com/qna/detail.naver?d1id=9&dirId=90111&docId=369274389&qb=6rK97KO87Jes7ZaJ&enc=utf8,안녕하세요 경주여행을 계획중인데요  100번 1001번 10번 버스 이용할건데 배차시간이 각각 35분 20분씩 이라고는 하는데 버스어플로보면 정보없음으로만 뜨네요 배차시간에 맞게 오는건가요뚜벅이라서ㅜ,"['경주', '여행', '버스']","['안녕', '경주', '여행', '계획', '중', '번', '번', '번', '버스', '이용', '건데', '배차', '시간', '분', '분', '버스', '플', '정보', '배차', '시간', '건가요']","['경주', '여행', '버스', '안녕', '경주', '여행', '계획', '중', '번', '번', '번', '버스', '이용', '건데', '배차', '시간', '분', '분', '버스', '플', '정보', '배차', '시간', '건가요']"
경주여행 버스질문,https://kin.naver.com/qna/detail.naver?d1id=12&dirId=121102&docId=148024606&qb=6rK97KO87Jes7ZaJ&enc=utf8,4월둘째주 금요일날 2박3일로 경주여행을 할려고 합니다 서울역에서 6시반에 출발해서 8시 45분에 도착하는데요 도착하자마자 1박2일에 나왔던 경주남산에 바로 등반하고 싶습니다 신경주역에서 어떤 버스를 타야,"['경주', '여행', '버스', '질문']","['월', '둘째', '주', '금요일', '날', '박', '일', '경주', '여행', '서울', '역', '시', '반', '출발', '시', '분', '도착', '도착', '박', '일', '경주', '남산', '등반', '신경', '주역', '버스']","['경주', '여행', '버스', '질문', '월', '둘째', '주', '금요일', '날', '박', '일', '경주', '여행', '서울', '역', '시', '반', '출발', '시', '분', '도착', '도착', '박', '일', '경주', '남산', '등반', '신경', '주역', '버스']"
2박3일 경주여행 일정,https://kin.naver.com/qna/detail.naver?d1id=9&dirId=901&docId=256869722&qb=6rK97KO87Jes7ZaJ&enc=utf8,이번 여름휴가에 경주 여행을 할까 생각중입니다 경주는 97년쯤 수학여행으로 가보고 처음입니다 부부와 6살5살 딸둘 친정부모님  이렇게 갈 예정입니다 아이와 어른 모두 만족할만한 코스좀 추천 부탁드립니다 출발지는 강원도,"['박', '일', '경주', '여행', '일정']","['이번', '여름휴가', '경주', '여행', '생각', '중', '경주', '년', '쯤', '수학여행', '처음', '부부', '살', '살', '딸', '둘', '친정', '부모', '예정', '아이', '어른', '만족', '만', '코스', '추천', '부탁', '출발지', '강원도']","['박', '일', '경주', '여행', '일정', '이번', '여름휴가', '경주', '여행', '생각', '중', '경주', '년', '쯤', '수학여행', '처음', '부부', '살', '살', '딸', '둘', '친정', '부모', '예정', '아이', '어른', '만족', '만', '코스', '추천', '부탁', '출발지', '강원도']"
경주 여행 대중교통으로,https://kin.naver.com/qna/detail.naver?d1id=9&dirId=90111&docId=248852630&qb=6rK97KO87Jes7ZaJ&enc=utf8,5월에 경주여행을 하려합니다 대중교통으로만 다니려하는데 편한 순서좀 알려주세요 출발지는 바람곳 게하 입니다 아침부터 하루만에 다녀오려하는데 괜찮을지 모르겠네요 보문 콜로세움 교촌마을,"['경주', '여행', '대중교통']","['월', '경주', '여행', '대중교통', '데', '순서', '출발지', '바람', '곳', '게', '아침', '하루', '만', '오려', '데', '보문', '콜로세움', '교촌', '마을']","['경주', '여행', '대중교통', '월', '경주', '여행', '대중교통', '데', '순서', '출발지', '바람', '곳', '게', '아침', '하루', '만', '오려', '데', '보문', '콜로세움', '교촌', '마을']"
경주 여행경주 문화재,https://kin.naver.com/qna/detail.naver?d1id=13&dirId=130102&docId=136455661&qb=6rK97KO87Jes7ZaJ&enc=utf8,전 초5 인데여 제가 좀만있음 경주여행에 가거든여 그래서 경주 문화재 유적지같은거 공부좀하려고하는데 자세히나와있는걸 찾기가 쉽지 않네여 좀 도와주세요 1만든이 2만든 날짜 3시대 4종목예국보 제0호 5지정일 7,"['경주', '여행', '경주', '문화재']","['인', '제', '경주', '여행', '가거', '든여', '경주', '문화재', '유적지', '거', '공부', '걸', '날짜', '시대', '종목', '예', '국보', '호', '지정일']","['경주', '여행', '경주', '문화재', '인', '제', '경주', '여행', '가거', '든여', '경주', '문화재', '유적지', '거', '공부', '걸', '날짜', '시대', '종목', '예', '국보', '호', '지정일']"
경주 여행 코스 질문,https://kin.naver.com/qna/detail.naver?d1id=12&dirId=121102&docId=305859205&qb=6rK97KO87Jes7ZaJ&enc=utf8,하루동안 여자친구랑 경주 여행을 하려고 하는데요 차도 없고 교통수단은 불편할것 같은데 최대한 가깝게 코스를 추억의 달동네오정gt캘리포니아비치오후 가장 더운시간gt키덜트 뮤지엄오후gt중양야시장저녁 즐거운 경주 여행,"['경주', '여행', '코스', '질문']","['하루', '동안', '여자', '친구', '경주', '여행', '차', '교통수단', '불편', '것', '코스', '추억', '달동네', '오정', '캘리포니아', '비치', '오후', '시간', '키덜트', '뮤지엄', '오후', '중양', '시장', '저녁', '경주', '여행']","['경주', '여행', '코스', '질문', '하루', '동안', '여자', '친구', '경주', '여행', '차', '교통수단', '불편', '것', '코스', '추억', '달동네', '오정', '캘리포니아', '비치', '오후', '시간', '키덜트', '뮤지엄', '오후', '중양', '시장', '저녁', '경주', '여행']"
경주 여행,https://kin.naver.com/qna/detail.naver?d1id=9&dirId=90111&docId=388821495&qb=6rK97KO87Jes7ZaJ&enc=utf8,당일치기로 경주여행갈건데요 대릉원 천마총 황리단길 동궁과월지 첨성대 이렇게 갈거에요 시외버스터미널도착 뚜벅이로 갈건데 코스를 어떻게하는게 편할까요 이동이 많이 힘들면 자전거 대여도 생각하고있는데 대여하는게,"['경주', '여행']","['당일', '경주', '여행', '건데요', '대릉원', '천마총', '황리', '길', '동궁', '월지', '첨성대', '거', '시외버스', '터미널', '도착', '건데', '코스', '게', '이동', '자전거', '대여', '생각', '대여', '게']","['경주', '여행', '당일', '경주', '여행', '건데요', '대릉원', '천마총', '황리', '길', '동궁', '월지', '첨성대', '거', '시외버스', '터미널', '도착', '건데', '코스', '게', '이동', '자전거', '대여', '생각', '대여', '게']"
경주여행 황리단길 이요,https://kin.naver.com/qna/detail.naver?d1id=9&dirId=90111&docId=483731696&qb=6rK97KO87Jes7ZaJ&enc=utf8,체크인이 3시 던데 경주에는 10시쯤 도착할 것 같아요 그전에 밥먹고 카페 갔다가 산책하고 숙소 가면 될 것 같은데 캐리어를 어디에 맡겨야 좋을지 몰라서요 보관해주는곳이 있을까요 황리단길에 경주가는 즉시 숙소로 가시어 짐을,"['경주', '여행', '황리', '길']","['체크인', '시', '경주', '시', '도착', '것', '전', '밥', '카페', '산책', '숙소', '것', '캐리어', '어디', '보관', '곳', '황리', '길', '경주', '즉시', '숙소', '짐']","['경주', '여행', '황리', '길', '체크인', '시', '경주', '시', '도착', '것', '전', '밥', '카페', '산책', '숙소', '것', '캐리어', '어디', '보관', '곳', '황리', '길', '경주', '즉시', '숙소', '짐']"
경주여행 갈건데 어디갈지 추천좀요,https://kin.naver.com/qna/detail.naver?d1id=9&dirId=90111&docId=467084860&qb=6rK97KO87Jes7ZaJ&enc=utf8,경주 여행을 계획하신다니 기쁘네요 친구들과 함께라면 아래의 장소들을 추천드립니다 불국사 유네스코 세계문화유산으로 지정된 이 멋진 사찰은 한국 사찰 건축의 걸작입니다 석굴암 불국사와 함께 또 다른 유네스코,"['경주', '여행', '건데', '어디', '추천']","['경주', '여행', '계획', '친구', '아래', '장소', '추천', '불국사', '유네스코', '세계', '문화유산', '지정', '사찰', '한국', '사찰', '건축', '걸작', '석굴암', '불국사', '유네스코']","['경주', '여행', '건데', '어디', '추천', '경주', '여행', '계획', '친구', '아래', '장소', '추천', '불국사', '유네스코', '세계', '문화유산', '지정', '사찰', '한국', '사찰', '건축', '걸작', '석굴암', '불국사', '유네스코']"
2박 3일 경주여행 일정 잡아주세요,https://kin.naver.com/qna/detail.naver?d1id=9&dirId=90111&docId=74066126&qb=6rK97KO87Jes7ZaJ&enc=utf8,2박 3일동안 친구들이랑 모여 경주여행하려고 합니다 일정보고 차를 렌터를 할지 아님 택시를 타고다닐지 결정할꺼구요 둘째날에는 경주월드 갈꺼라서 그것까지 포함해서 일정 좀 잡아주세요 아 자전거 하이킹도 하려고,"['박', '일', '경주', '여행', '일정']","['박', '일', '동안', '친구', '경주', '여행', '일정', '차', '렌', '터', '택시', '결정', '꺼', '둘째', '날', '경주', '월드', '꺼', '그것', '포함', '일정', '자전거', '하이킹']","['박', '일', '경주', '여행', '일정', '박', '일', '동안', '친구', '경주', '여행', '일정', '차', '렌', '터', '택시', '결정', '꺼', '둘째', '날', '경주', '월드', '꺼', '그것', '포함', '일정', '자전거', '하이킹']"
경주 여행,https://kin.naver.com/qna/detail.naver?d1id=9&dirId=90111&docId=346848885&qb=6rK97KO87Jes7ZaJ&enc=utf8,제가 내일 경주여행을 당일치기로 가는데 지금 코로나 때문에 어떻게 해야할지 고민이에요 코로나 때문에 고민이신가보네여ㅜㅜ 저도 이번에 친구들이랑 펜션 가려고 했는데 어떻게 할까 많이 고민중입니다 경상도는 아직 확진자가,"['경주', '여행']","['제', '경주', '여행', '당일', '코로나', '때문', '고민', '코로나', '때문', '고민', '저', '이번', '친구', '펜션', '고민', '중', '경상도', '확진']","['경주', '여행', '제', '경주', '여행', '당일', '코로나', '때문', '고민', '코로나', '때문', '고민', '저', '이번', '친구', '펜션', '고민', '중', '경상도', '확진']"
경주여행1박2일코스,https://kin.naver.com/qna/detail.naver?d1id=12&dirId=121102&docId=297319893&qb=6rK97KO87Jes7ZaJ&enc=utf8,4월6일금 조치원에서 경주로 8시경 출발하여 4월7일토 12시경 경주에서 조치원으로 돌아오는 1박2일 경주여행을 대릉원첨성대교촌마을박물관야경안압지첨성대월성석빙고 분황사 등등 즐거운 경주 여행하세요,"['경주', '여행', '박', '일', '코스']","['월', '일', '금', '조치원', '경주로', '시경', '출발', '월', '일', '토', '시', '경주', '조치원', '박', '일', '경주', '여행', '대릉원', '첨성대', '교촌', '마을', '박물관', '야경', '안압', '지첨', '대월', '석빙고', '분황사', '등등', '경주', '여행']","['경주', '여행', '박', '일', '코스', '월', '일', '금', '조치원', '경주로', '시경', '출발', '월', '일', '토', '시', '경주', '조치원', '박', '일', '경주', '여행', '대릉원', '첨성대', '교촌', '마을', '박물관', '야경', '안압', '지첨', '대월', '석빙고', '분황사', '등등', '경주', '여행']"
1박2일 경주여행 추천,https://kin.naver.com/qna/detail.naver?d1id=12&dirId=121102&docId=79497640&qb=6rK97KO87Jes7ZaJ&enc=utf8,주말에 1박 2일 정도 시간내서 친구와 경주여행 생각중인데요 경주는 초등학교 수학여행 이후로 처음이라 어떻게 계획을 짜야 할지 모르겠네요 우선 꼭 들려 보고 싶은 곳은 불국사 첨성대 안압지 천마총 경주타워,"['박', '일', '경주', '여행', '추천']","['주말', '박', '일', '정도', '시간', '내', '친구', '경주', '여행', '생각', '중', '경주', '초등', '학교', '수학여행', '이후', '처음', '계획', '곳', '불국사', '첨성대', '안압지', '천마총', '경주타워']","['박', '일', '경주', '여행', '추천', '주말', '박', '일', '정도', '시간', '내', '친구', '경주', '여행', '생각', '중', '경주', '초등', '학교', '수학여행', '이후', '처음', '계획', '곳', '불국사', '첨성대', '안압지', '천마총', '경주타워']"
경주여행하는데요 숙박때문에요,https://kin.naver.com/qna/detail.naver?d1id=12&dirId=121102&docId=106071153&qb=6rK97KO87Jes7ZaJ&enc=utf8,여인네 4명이 1박2일로 경주여행을 가려고 합니다 주말 토일루요 그런데 정말 암껏두 몰라서요 서울에서 기차를 타면 KTX로 타야할듯한데 한번에 가는게 없는거 같더라구요 그런것도 모르고 기차 비용은 얼마인지 시간은,"['경주', '여행', '숙박', '때문']","['여인네', '명', '박', '일', '경주', '여행', '주말', '토', '서울', '기차', '듯', '번', '게', '거', '것', '기차', '비용', '얼마', '시간']","['경주', '여행', '숙박', '때문', '여인네', '명', '박', '일', '경주', '여행', '주말', '토', '서울', '기차', '듯', '번', '게', '거', '것', '기차', '비용', '얼마', '시간']"
경주경주 여행,https://kin.naver.com/qna/detail.naver?d1id=9&dirId=90109&docId=157764346&qb=6rK97KO87Jes7ZaJ&enc=utf8,경주 여행을 가는데 계획표좀 짜 주세요 첨성대와 불국사도 좋구요 그경주의 에멜레 종이 있는 선덕여왕 드라마 있어요 제가 경주에 갔다와밨는데 천마총이나 계림숲에 가보시는것도 좋아요 좋은 경주여행 대세요 채택 해주세요,"['경주', '경주', '여행']","['경주', '여행', '계획표', '첨성대', '불국사', '경주', '멜레', '종', '선덕여왕', '드라마', '제', '경주', '천마총', '계림', '숲', '것', '경주', '여행', '대세', '채택']","['경주', '경주', '여행', '경주', '여행', '계획표', '첨성대', '불국사', '경주', '멜레', '종', '선덕여왕', '드라마', '제', '경주', '천마총', '계림', '숲', '것', '경주', '여행', '대세', '채택']"
경주여행 민박 편션 추천 좀,https://kin.naver.com/qna/detail.naver?d1id=9&dirId=90111&docId=177039738&qb=6rK97KO87Jes7ZaJ&enc=utf8,가족들과 휴가 겸 경주여행 준비 중입니다 자연경관이 어우러진 가격이 저렴한 민박이나 팬션 추천 좀 부탁드립니다 지난봄 다녀온 경주 초당방 민박을 한번 알아보세요 경주 시내에서 30분정도 거리에 있고요 보문단지에서,"['경주', '여행', '민박', '편', '션', '추천']","['가족', '휴가', '겸', '경주', '여행', '준비', '중', '자연', '경관', '가격', '민박', '팬', '션', '추천', '봄', '경주', '당방', '민박', '경주', '시내', '분', '정도', '거리', '보문', '단지']","['경주', '여행', '민박', '편', '션', '추천', '가족', '휴가', '겸', '경주', '여행', '준비', '중', '자연', '경관', '가격', '민박', '팬', '션', '추천', '봄', '경주', '당방', '민박', '경주', '시내', '분', '정도', '거리', '보문', '단지']"
경주여행 일정 짜주세요,https://kin.naver.com/qna/detail.naver?d1id=9&dirId=90111&docId=75360166&qb=6rK97KO87Jes7ZaJ&enc=utf8,곧 신랑이랑 경주여행을 해보려고 하는데요 경주쪽 사시는 분 있음 일정 추천 좀 부탁드려요 대명콘도에 숙소를 잡을거구요 1박2일로 움직일 예정이랍니다 국립경주박물관첨성대안압지불국사석굴암대릉원천마총 이곳은 꼭,"['경주', '여행', '일정']","['신랑', '경주', '여행', '경주', '쪽', '분', '일정', '추천', '부탁', '대명', '콘도', '숙소', '거', '박', '일', '예정', '국립', '경주', '박물관', '첨성', '대안', '압지', '불국사', '석굴암', '대릉원', '천마총', '이곳']","['경주', '여행', '일정', '신랑', '경주', '여행', '경주', '쪽', '분', '일정', '추천', '부탁', '대명', '콘도', '숙소', '거', '박', '일', '예정', '국립', '경주', '박물관', '첨성', '대안', '압지', '불국사', '석굴암', '대릉원', '천마총', '이곳']"
1박2일 경주여행,https://kin.naver.com/qna/detail.naver?d1id=12&dirId=121102&docId=155459801&qb=6rK97KO87Jes7ZaJ&enc=utf8,안녕하세요 1박 2일로 경주 여행 계획중입니다 낮 12시에 불국사역에 도착 예정이구요 다음날 경주역에서 오후 5시 기차를 타고 돌아올 예정입니다 안압지 야경은 꼭 필수로 보고싶고 불국사와 석굴암도 보고싶어요 자전거 타고 경주,"['박', '일', '경주', '여행']","['안녕', '박', '일', '경주', '여행', '계획', '중', '시', '불국', '사역', '도착', '예정', '다음', '날', '경주', '역', '오후', '시', '기차', '예정', '안압지', '야경', '필수', '불국사', '석굴암', '자전거', '경주']","['박', '일', '경주', '여행', '안녕', '박', '일', '경주', '여행', '계획', '중', '시', '불국', '사역', '도착', '예정', '다음', '날', '경주', '역', '오후', '시', '기차', '예정', '안압지', '야경', '필수', '불국사', '석굴암', '자전거', '경주']"
혼자 경주여행 어때요,https://kin.naver.com/qna/detail.naver?d1id=9&dirId=90111&docId=420114186&qb=6rK97KO87Jes7ZaJ&enc=utf8,저 혼자 경주 당일치기 다녀올려는데 별론가요ㅎㅎ 경주여행 좋은거 같아요 볼거리 먹거리도 많아서 다니기 좋아요 혼자다닌다고 외롭지 않아요 동행자 눈치볼필요도 없고 편할거예요,"['경주', '여행']","['혼자', '경주', '당일', '데', '별론', '가요', '경주', '여행', '거', '볼거리', '먹거리', '동행자', '눈치', '필요', '거']","['경주', '여행', '혼자', '경주', '당일', '데', '별론', '가요', '경주', '여행', '거', '볼거리', '먹거리', '동행자', '눈치', '필요', '거']"
경주여행,https://kin.naver.com/qna/detail.naver?d1id=12&dirId=121102&docId=105686906&qb=6rK97KO87Jes7ZaJ&enc=utf8,남자 3명이서 경주 여행을갈려는데 숙박하는곳하고 추천지 노는곳 등 쫌 알려주세요 ㅠㅠ 가격두  안녕하세요 저는 경주가 고향인 서울에 살고있는 처녀랍니다 ㅋㅋㅋ 서울에서 KTX 타고 오면 대구에서 내려 또 버스나 기차를,"['경주', '여행']","['남자', '명', '경주', '여행', '데', '숙박', '곳', '추천', '곳', '등', '가격', '저', '경주', '고향', '서울', '처녀', '서울', '대구', '버스', '기차']","['경주', '여행', '남자', '명', '경주', '여행', '데', '숙박', '곳', '추천', '곳', '등', '가격', '저', '경주', '고향', '서울', '처녀', '서울', '대구', '버스', '기차']"
경주여행경주숙소 추천해주세요 내공100,https://kin.naver.com/qna/detail.naver?d1id=9&dirId=90111&docId=379234390&qb=6rK97KO87Jes7ZaJ&enc=utf8,경주에 여행지가 많다보니 숙소를 경주에 잡으려고하는데 경주여행지랑 경주숙소 추천해주세요  개별 수영장 개별 바비큐장 개별스파 까지 프라이빗 하게 즐길수있는 오푸스11풀빌라 강추합니다 광고 영상 감상 하시져,"['경주', '여행', '경주', '숙소', '추천', '내공']","['경주', '여행지', '숙소', '경주', '경주', '여행지', '경주', '숙소', '추천', '개별', '수영장', '개별', '바비큐', '장', '개별', '스파', '프라이빗', '수', '오푸스', '풀', '빌라', '강추', '광고', '영상', '감상']","['경주', '여행', '경주', '숙소', '추천', '내공', '경주', '여행지', '숙소', '경주', '경주', '여행지', '경주', '숙소', '추천', '개별', '수영장', '개별', '바비큐', '장', '개별', '스파', '프라이빗', '수', '오푸스', '풀', '빌라', '강추', '광고', '영상', '감상']"
경주여행quot,https://kin.naver.com/qna/detail.naver?d1id=9&dirId=90111&docId=285508160&qb=6rK97KO87Jes7ZaJ&enc=utf8,추석연휴 경주여행을 가려는데요 숙소를 못구해서요 경주에 저렴한 가족4인 지낼수있는 게스트하우스나 아님 찜질방 암튼 추천좀 부탁드립니다 경주는 관광지답게 숙소천국입니다리조트는 저렴하게 할인 자주 하구요,"['경주', '여행']","['추석', '연휴', '경주', '여행', '숙소', '경주', '가족', '인', '수', '게스트', '하우스', '찜질방', '추천', '경주', '관광지', '숙소', '천국', '리조트', '할인']","['경주', '여행', '추석', '연휴', '경주', '여행', '숙소', '경주', '가족', '인', '수', '게스트', '하우스', '찜질방', '추천', '경주', '관광지', '숙소', '천국', '리조트', '할인']"
경주 여행 관련 질문,https://kin.naver.com/qna/detail.naver?d1id=9&dirId=90111&docId=290548473&qb=6rK97KO87Jes7ZaJ&enc=utf8,제가 이번에 가족과 함께 경주로 여행을 가려고 합니다근데 이런 여행코스를 짜는 것이 힘들고 고민되서 이렇게 지식인 여러분께 도움을 구합니다경주여행 추천코스를 추천해주실수 있으십니까 님의경우는 경주여행이 당일인가요,"['경주', '여행', '관련', '질문']","['제', '이번', '가족', '경주', '여행', '여행', '코스', '것', '고민', '지식', '여러분', '도움', '경주', '여행', '추천', '코스', '추천', '수', '님', '경우', '경주', '여행', '당일']","['경주', '여행', '관련', '질문', '제', '이번', '가족', '경주', '여행', '여행', '코스', '것', '고민', '지식', '여러분', '도움', '경주', '여행', '추천', '코스', '추천', '수', '님', '경우', '경주', '여행', '당일']"
일본인 친구 경주 여행,https://kin.naver.com/qna/detail.naver?d1id=9&dirId=90111&docId=462449942&qb=6rK97KO87Jes7ZaJ&enc=utf8,경주여행코스로 경주박물관을 추천드립니다 경주 박물관은 입장료가 무료이며 10시부터 입장하실 수 있어요 식사는 택시로 7분 거리에 경주 황리단길이 있어서 경주십원빵도 즐기실 수 있고 다양한 음식도 드실 수 있답니다,"['일본인', '친구', '경주', '여행']","['경주', '여행', '코스', '경주', '박물관', '추천', '경주', '박물관', '입장료', '무료', '시', '입장', '수', '식사', '택시', '분', '거리', '경주', '황리', '길', '경주', '십', '원', '빵', '수', '음식', '수']","['일본인', '친구', '경주', '여행', '경주', '여행', '코스', '경주', '박물관', '추천', '경주', '박물관', '입장료', '무료', '시', '입장', '수', '식사', '택시', '분', '거리', '경주', '황리', '길', '경주', '십', '원', '빵', '수', '음식', '수']"
경주 여행 숙박 어디로 잡을지 문의좀,https://kin.naver.com/qna/detail.naver?d1id=9&dirId=90111&docId=450526627&qb=6rK97KO87Jes7ZaJ&enc=utf8,경주 여행을 계획하시는 것 같네요 경주는 정말 아름다운 곳이에요 휴가철에 경주 인파가 많이 몰리지는 않지만 여름 휴가 때는 관광객들로 북적이는 편이에요 그래도 한산한 편이라고 볼 수 있어요 그럼 숙박을 어디로 잡아야,"['경주', '여행', '숙박', '어디', '문']","['경주', '여행', '계획', '것', '경주', '곳', '휴가철', '경주', '인파', '여름', '휴가', '때', '관광객', '편', '편', '수', '숙박', '어디']","['경주', '여행', '숙박', '어디', '문', '경주', '여행', '계획', '것', '경주', '곳', '휴가철', '경주', '인파', '여름', '휴가', '때', '관광객', '편', '편', '수', '숙박', '어디']"
경주여행 질문합니다,https://kin.naver.com/qna/detail.naver?d1id=9&dirId=90111&docId=131677364&qb=6rK97KO87Jes7ZaJ&enc=utf8,4자전거 렌탈을해서 경주여행을 할려고 하니 막막하네요 어딜 둘러봐야할지 여행코스좀 추천 부탁드려요 5 ④자전거 렌탈 경주 여행지 추천 gt 네 저가 점번에 서울에서 오신 첨보는 누나를 추천해드렷습니다 첨성대,"['경주', '여행', '질문']","['자전거', '렌탈', '경주', '여행', '어딜', '여행', '코스', '추천', '부탁', '자전거', '렌탈', '경주', '여행지', '추천', '저', '점', '번', '서울', '첨보', '누나', '추천', '첨성대']","['경주', '여행', '질문', '자전거', '렌탈', '경주', '여행', '어딜', '여행', '코스', '추천', '부탁', '자전거', '렌탈', '경주', '여행지', '추천', '저', '점', '번', '서울', '첨보', '누나', '추천', '첨성대']"
경주 여행,https://kin.naver.com/qna/detail.naver?d1id=12&dirId=121102&docId=284223295&qb=6rK97KO87Jes7ZaJ&enc=utf8,친구들6명7명과 경주 여행을 가려고 합니다 교촌마을 콜로세움 황성공원 안압지야경 첨성대야경등 어떤 경주여행을 환영합니다 우선 비용 절감 및 친구들과 걸어면서 추억 만들기에는 시내버스 이용 추천 합니다 1일차,"['경주', '여행']","['친구', '명', '명', '경주', '여행', '교촌', '마을', '콜로세움', '황성', '공원', '안압지', '야경', '첨성대', '야경', '등', '경주', '여행', '환영', '비용', '절감', '친구', '추억', '시내버스', '이용', '추천', '일', '차']","['경주', '여행', '친구', '명', '명', '경주', '여행', '교촌', '마을', '콜로세움', '황성', '공원', '안압지', '야경', '첨성대', '야경', '등', '경주', '여행', '환영', '비용', '절감', '친구', '추억', '시내버스', '이용', '추천', '일', '차']"
경주 여행지 추천,https://kin.naver.com/qna/detail.naver?d1id=9&dirId=90111&docId=318575361&qb=6rK97KO87Jes7ZaJ&enc=utf8,저희 가족이 이번 주멀에 경주 여행을 가는데요 좋은 여행지 추천좀 부탁드려요 뭐 대표적인 곳은 신라 유적이겠지만 저희가 토요일 아침에 김천에서 경주까지 가는데 한 2시간 정도 걸린다 치면 토요일 당일날 할 수 있는 건,"['경주', '여행지', '추천']","['저희', '가족', '이번', '주', '멀', '경주', '여행', '여행지', '추천', '대표', '곳', '신라', '유적', '저희', '토요일', '아침', '김천', '경주', '데', '시간', '정도', '토요일', '당일', '날', '수', '건']","['경주', '여행지', '추천', '저희', '가족', '이번', '주', '멀', '경주', '여행', '여행지', '추천', '대표', '곳', '신라', '유적', '저희', '토요일', '아침', '김천', '경주', '데', '시간', '정도', '토요일', '당일', '날', '수', '건']"
경주여행을 가려고 하는데용,https://kin.naver.com/qna/detail.naver?d1id=9&dirId=90111&docId=325587246&qb=6rK97KO87Jes7ZaJ&enc=utf8,경주여행을 가려고 하는데용 황리단길이랑 교촌마을 대릉원이 같이 모여져있는건가요 경주 맛집있으면 추천해주세요 안녕하세요 ㅎㅎ 경주 맛집이 궁금하시다고요 그런 고민은 이제 안 하셔도 됩니다 경주사람들 이라는,"['경주', '여행', '용']","['경주', '여행', '데', '황리', '길', '교촌', '마을', '대릉원', '건가요', '경주', '맛집', '추천', '경주', '맛집', '고민', '경주', '사람']","['경주', '여행', '용', '경주', '여행', '데', '황리', '길', '교촌', '마을', '대릉원', '건가요', '경주', '맛집', '추천', '경주', '맛집', '고민', '경주', '사람']"
경주여행을 가려고합니다,https://kin.naver.com/qna/detail.naver?d1id=9&dirId=90105&docId=363267995&qb=6rK97KO87Jes7ZaJ&enc=utf8,경주 여행을 가려고하는데요 불국사나 안압지 첨성대와 같은 유적지에 야간개장을 하는지 알고싶습니다 위의 세개의 유적지가 아닌 다른 곳에도 야간 개장을 한다면 더 알려주셔도 좋습니다 야간개장하는 시간과 가격도,"['경주', '여행']","['경주', '여행', '불국사', '안압지', '첨성대', '유적지', '야간', '개장', '위', '개', '유적지', '곳', '야간', '개장', '야간', '개장', '시간', '가격']","['경주', '여행', '경주', '여행', '불국사', '안압지', '첨성대', '유적지', '야간', '개장', '위', '개', '유적지', '곳', '야간', '개장', '야간', '개장', '시간', '가격']"
경주여행에 대해서요  ㅜㅜ,https://kin.naver.com/qna/detail.naver?d1id=9&dirId=90111&docId=109296860&qb=6rK97KO87Jes7ZaJ&enc=utf8,5월 21일이 금요일이자나요 황금연휴라서 서울에서 경주여행하려고해요 1박2일생각하고있는데 어디를 봐야할지 모르겠어요 ㅜㅜ ㄱ 저도 경주사람이긴 한데 경주 외곽지역에서 살다보니깐 경주를 잘 몰라요 그래서 서울친구들한테,"['경주', '여행']","['월', '일', '금요일', '황금연휴', '서울', '경주', '여행', '박', '일', '생각', '어디', 'ㄱ', '저', '경주', '사람', '경주', '외곽', '지역', '경주', '서울', '친구']","['경주', '여행', '월', '일', '금요일', '황금연휴', '서울', '경주', '여행', '박', '일', '생각', '어디', 'ㄱ', '저', '경주', '사람', '경주', '외곽', '지역', '경주', '서울', '친구']"
경주 여행과 강릉 속초 여행 대한민국 국내여행과 의정부,https://kin.naver.com/qna/detail.naver?d1id=9&dirId=901&docId=430731542&qb=6rK97KO87Jes7ZaJ&enc=utf8,경주 여행과 강릉 속초 여행 대한민국 국내여행과 의정부 경주가볼만한곳으로는 첨성대 불국사 동궁과월지 월정교 경주대릉원 경주월드 양동마을 국립경주박물관,"['경주', '여행', '강릉', '속초', '여행', '대한민국', '국내', '여행', '의정부']","['경주', '여행', '강릉', '속초', '여행', '대한민국', '국내', '여행', '의정부', '경주', '만', '곳', '첨성대', '불국사', '동궁', '월지', '월', '정교', '경주', '대릉원', '경주', '월드', '양동', '마을', '국립', '경주', '박물관']","['경주', '여행', '강릉', '속초', '여행', '대한민국', '국내', '여행', '의정부', '경주', '여행', '강릉', '속초', '여행', '대한민국', '국내', '여행', '의정부', '경주', '만', '곳', '첨성대', '불국사', '동궁', '월지', '월', '정교', '경주', '대릉원', '경주', '월드', '양동', '마을', '국립', '경주', '박물관']"
2024년1월13일 경주여행 제발 부 탁드립니다ㅠㅠ,https://kin.naver.com/qna/detail.naver?d1id=6&dirId=6130105&docId=461076805&qb=6rK97KO87Jes7ZaJ&enc=utf8,여자친구가 꽃을 좋아해서요 내공50이요 2024년1월13일 경주여행 제발 부 탁드립니다ㅠㅠ SRT를 오후8시31분까지 여자친구가 꽃을 좋아해서요 내공50이요 라고 말씀하셔서 답변드리려고 합니다 경주 여행 추억 만들기 좋은,"['년', '월', '일', '경주', '여행', '부']","['여자', '친구', '꽃', '내공', '년', '월', '일', '경주', '여행', '부', '오후', '시', '분', '여자', '친구', '꽃', '내공', '이요', '말씀', '답변', '경주', '여행', '추억']","['년', '월', '일', '경주', '여행', '부', '여자', '친구', '꽃', '내공', '년', '월', '일', '경주', '여행', '부', '오후', '시', '분', '여자', '친구', '꽃', '내공', '이요', '말씀', '답변', '경주', '여행', '추억']"
경주여행코스 질문합니다,https://kin.naver.com/qna/detail.naver?d1id=12&dirId=121102&docId=151301942&qb=6rK97KO87Jes7ZaJ&enc=utf8,저희가 2박 3일동안 경주여행을하고싶습니다 서울에서 고속버스터미널을 이용해서 경주터미널로 갈예정이구요 가고싶은곳은 보문관광단지 첨성대 불국사와 석굴암 안압지 이정도이구요 추가로 가고싶은곳도 있는데 코스와 길을,"['경주', '여행', '코스', '질문']","['저희', '박', '일', '동안', '경주', '여행', '서울', '고속버스', '터미널', '이용', '경주', '터미널', '예정', '곳', '보문관광단지', '첨성대', '불국사', '석굴암', '안압지', '정도', '추가', '곳', '코스', '길']","['경주', '여행', '코스', '질문', '저희', '박', '일', '동안', '경주', '여행', '서울', '고속버스', '터미널', '이용', '경주', '터미널', '예정', '곳', '보문관광단지', '첨성대', '불국사', '석굴암', '안압지', '정도', '추가', '곳', '코스', '길']"
경주여행,https://kin.naver.com/qna/detail.naver?d1id=9&dirId=90111&docId=74355824&qb=6rK97KO87Jes7ZaJ&enc=utf8,5월 4일6일까지 2박 3일로 경주여행을 가려는데요 4일저녁에 출발할거니까5일은 온전히 여행하고 6일은 구경하다 그러면 제가 올린 답변이 유용하게 쓰이길 바라며 그만 쓰겠습니다 경주여행 잘 다녀오세요,"['경주', '여행']","['월', '일', '일', '박', '일', '경주', '여행', '일', '저녁', '출발', '거', '일', '여행', '일', '구경', '제', '답변', '유용', '경주', '여행']","['경주', '여행', '월', '일', '일', '박', '일', '경주', '여행', '일', '저녁', '출발', '거', '일', '여행', '일', '구경', '제', '답변', '유용', '경주', '여행']"
경주여행 2박3일 코스 좀 짜주세요,https://kin.naver.com/qna/detail.naver?d1id=12&dirId=12110217&docId=314984288&qb=6rK97KO87Jes7ZaJ&enc=utf8,경주여행 2박3일 코스 좀 짜주세요 1 숙소는 한화리조트 2 이동수단자가용 3 날짜  11251127 일월화 일요일 충주에서 출발 화요일 충주로 도착 숙소 위치 고려해서 경주여행 좀 부탁드립니다,"['경주', '여행', '박', '일', '코스']","['경주', '여행', '박', '일', '코스', '숙소', '한화', '리조트', '이동수', '단자', '용', '날짜', '일', '월화', '일요일', '충주', '출발', '화요일', '충주', '도착', '숙소', '위치', '고려', '경주', '여행']","['경주', '여행', '박', '일', '코스', '경주', '여행', '박', '일', '코스', '숙소', '한화', '리조트', '이동수', '단자', '용', '날짜', '일', '월화', '일요일', '충주', '출발', '화요일', '충주', '도착', '숙소', '위치', '고려', '경주', '여행']"
경주여행으로 기행문 써주세요,https://kin.naver.com/qna/detail.naver?d1id=11&dirId=110201&docId=391926767&qb=6rK97KO87Jes7ZaJ&enc=utf8,주제는 경주여행입니다 학교에서 써오라네요 부탁드립니다 첫날 첫번째에는 석굴암을 갔다 원래 2시도착이었는데 2시40분에 도착했다 걸어서 올라갔는데 사람이 엄청 많았다 석굴암 위에는 공사를하고있었다생각보다 죠금,"['경주', '여행', '기행문']","['주제', '경주', '여행', '학교', '첫날', '번', '석굴암', '시', '도착', '시', '분', '도착', '사람', '석굴암', '위', '공사', '생각', '죠', '금']","['경주', '여행', '기행문', '주제', '경주', '여행', '학교', '첫날', '번', '석굴암', '시', '도착', '시', '분', '도착', '사람', '석굴암', '위', '공사', '생각', '죠', '금']"
경주여행코스좀 짜주세요내공有,https://kin.naver.com/qna/detail.naver?d1id=9&dirId=90111&docId=74414582&qb=6rK97KO87Jes7ZaJ&enc=utf8,그때 경주여행을 좀 가고 싶은데요혼자서 문화재를 위주로 한 경주여행코스를 좀 짜주셨으면 합니다 부탁드려요 경주 문화재를 둘러보실때 크게 4군데로 나눠서 사흘안에 보는게 일반적입니다 1 토함산  불국사 석굴암,"['경주', '여행', '코스', '내공', '有']","['그때', '경주', '여행', '혼자', '문화재', '위주', '경주', '여행', '코스', '경주', '문화재', '때', '군데', '사흘', '안', '게', '일반', '토함산', '불국사', '석굴암']","['경주', '여행', '코스', '내공', '有', '그때', '경주', '여행', '혼자', '문화재', '위주', '경주', '여행', '코스', '경주', '문화재', '때', '군데', '사흘', '안', '게', '일반', '토함산', '불국사', '석굴암']"
경주 여행 코스,https://kin.naver.com/qna/detail.naver?d1id=9&dirId=90105&docId=452586626&qb=6rK97KO87Jes7ZaJ&enc=utf8,정성 스럽게 작성하여 도움될수 있는 수기 답변 드리겠습니다 정성스런 답변 경주 여행 코스를 계획하고 경주 여행을 통해 즐거운 시간과 아름다운 경치를 만끽하시길 바라며 좋은 여행 되시기를 기원합니다 답변에,"['경주', '여행', '코스']","['정성', '작성', '도움', '수', '수기', '답변', '정성', '답변', '경주', '여행', '코스', '계획', '경주', '여행', '시간', '경치', '만끽', '여행', '기원', '답변']","['경주', '여행', '코스', '정성', '작성', '도움', '수', '수기', '답변', '정성', '답변', '경주', '여행', '코스', '계획', '경주', '여행', '시간', '경치', '만끽', '여행', '기원', '답변']"
경주여행 알아 보고있는중인데요,https://kin.naver.com/qna/detail.naver?d1id=9&dirId=90111&docId=291243234&qb=6rK97KO87Jes7ZaJ&enc=utf8,안녕하세요 경주여행 알아보고 있습니다 경주여행 대해 답변좀 부탁드릴게요 경주여행  안녕하세요  경주여행 잘알아보시고 구매하시면 좋으실것 같은데요,"['경주', '여행', '중']","['안녕', '경주', '여행', '경주', '여행', '답변', '부탁', '경주', '여행', '안녕', '경주', '여행', '구매', '것']","['경주', '여행', '중', '안녕', '경주', '여행', '경주', '여행', '답변', '부탁', '경주', '여행', '안녕', '경주', '여행', '구매', '것']"
경주여행 오릉 대릉원,https://kin.naver.com/qna/detail.naver?d1id=9&dirId=90111&docId=409050900&qb=6rK97KO87Jes7ZaJ&enc=utf8,경주여행 전문 인플루언서 쭈니아빠입니다 주말에 한복입고 경주 어릉 대릉원 중에서 한곳 커플사진 찍고 싶다고 하셨는데요 답변을 드리면 주말이라도 충분히 사진찍을 수 있어요  저라면 두곳 모두 가서 찍을 것 같아요,"['경주', '여행', '오릉', '대릉원']","['경주', '여행', '전문', '플', '언서', '쭈니', '아빠', '주말', '한복', '경주', '릉', '대릉원', '중', '곳', '커플', '사진', '답변', '주말', '사진', '수', '저', '곳', '것']","['경주', '여행', '오릉', '대릉원', '경주', '여행', '전문', '플', '언서', '쭈니', '아빠', '주말', '한복', '경주', '릉', '대릉원', '중', '곳', '커플', '사진', '답변', '주말', '사진', '수', '저', '곳', '것']"
경주여행 가는데요,https://kin.naver.com/qna/detail.naver?d1id=9&dirId=90111&docId=401928065&qb=6rK97KO87Jes7ZaJ&enc=utf8,안녕하세요 제가 이번 주에 경주 여행을 가려고 하는데요 아직 계획을 정한게 없거든요 혹시 추천해 주실 것 같은데 없나요 광고 사절입니다 경주 황리단길이요,"['경주', '여행']","['안녕', '제', '이번', '주', '경주', '여행', '계획', '게', '추천', '것', '데', '광고', '사절', '경주', '황리', '길']","['경주', '여행', '안녕', '제', '이번', '주', '경주', '여행', '계획', '게', '추천', '것', '데', '광고', '사절', '경주', '황리', '길']"
경주여행코스 추천해주세요,https://kin.naver.com/qna/detail.naver?d1id=9&dirId=90111&docId=150111892&qb=6rK97KO87Jes7ZaJ&enc=utf8,다음주 43052 2박3일 부모님께서 경주여행 떠나실 예정입니다 출발지는 인천이고 2분이서 여행가시는거라 대중교통으로 다니실 예정입니다 경주 경주근처 부모님께서 광관하실곳 추천해주세요 이왕이면 코스로,"['경주', '여행', '코스', '추천']","['다음', '주', '박', '일', '부모', '경주', '여행', '예정', '출발지', '인천', '분', '여행', '거', '대중교통', '예정', '경주', '경주', '근처', '부모', '광관', '곳', '추천', '코스']","['경주', '여행', '코스', '추천', '다음', '주', '박', '일', '부모', '경주', '여행', '예정', '출발지', '인천', '분', '여행', '거', '대중교통', '예정', '경주', '경주', '근처', '부모', '광관', '곳', '추천', '코스']"
여자 4명 1박 2일 경주 여행 가는,https://kin.naver.com/qna/detail.naver?d1id=9&dirId=9011403&docId=347323802&qb=6rK97KO87Jes7ZaJ&enc=utf8,여자 4명 1박 2일 경주 여행 가는데요  첫날 펜션놀고 둘째날 경주월드 가려고 하는데 교통비나 펜션값 경주월드 다 빼고 먹는데만 얼마나 나올까요  5끼 먹을거 같은데 간식도 먹고 첫날 저녁에는 바베큐,"['여자', '명', '박', '일', '경주', '여행']","['여자', '명', '박', '일', '경주', '여행', '첫날', '펜션', '둘째', '날', '경주', '월드', '교통비', '펜션', '값', '경주', '월드', '데', '끼', '거', '간식', '첫날', '저녁', '바베큐']","['여자', '명', '박', '일', '경주', '여행', '여자', '명', '박', '일', '경주', '여행', '첫날', '펜션', '둘째', '날', '경주', '월드', '교통비', '펜션', '값', '경주', '월드', '데', '끼', '거', '간식', '첫날', '저녁', '바베큐']"
2박3일 경주 여행 팁 좀,https://kin.naver.com/qna/detail.naver?d1id=2&dirId=2011404&docId=385649095&qb=6rK97KO87Jes7ZaJ&enc=utf8,2박3일 경주 여행할려하는데 경주 여행을 어디로 가야할지 2박3일 코스 좀 알려주세요 도와주세요 경주는 코스랄게 없는데 그냥 다 모여있습니다 그래서 코스를 딱 정하지 마시고 2박3일이면 여유로우니까 천천히 다 보고 오세요,"['박', '일', '경주', '여행', '팁']","['박', '일', '경주', '여행', '경주', '여행', '어디', '박', '일', '코스', '경주', '코스', '게', '코스', '박', '일', '여유']","['박', '일', '경주', '여행', '팁', '박', '일', '경주', '여행', '경주', '여행', '어디', '박', '일', '코스', '경주', '코스', '게', '코스', '박', '일', '여유']"
경주여행계획,https://kin.naver.com/qna/detail.naver?d1id=9&dirId=90101&docId=414447609&qb=6rK97KO87Jes7ZaJ&enc=utf8,이걸 기준으로 대구출발에서 경주여행의 시작시점을 계산해야죠 가령 무궁화로 831에 탄다면 10시경부터 경주여행이 시작하고 그 다음 무궁화인 1129꺼를 타면 오후 1시경부터 여행이 시작되는 거죠 물론 그 사이에 KTX랑 SRT는,"['경주', '여행', '계획']","['이걸', '기준', '대구', '출발', '경주', '여행', '시작', '시점', '계산', '무궁화', '시', '경주', '여행', '시작', '다음', '무궁화', '오후', '시', '여행', '시작', '거', '사이']","['경주', '여행', '계획', '이걸', '기준', '대구', '출발', '경주', '여행', '시작', '시점', '계산', '무궁화', '시', '경주', '여행', '시작', '다음', '무궁화', '오후', '시', '여행', '시작', '거', '사이']"
경주여행 질문합니다,https://kin.naver.com/qna/detail.naver?d1id=9&dirId=90111&docId=131681117&qb=6rK97KO87Jes7ZaJ&enc=utf8,4자전거 렌탈을해서 경주여행을 할려고 하니 막막하네요 어딜 둘러봐야할지 여행코스좀 추천 부탁드려요 5그리고 숙박은 렌탈을한곳에서 할 생각이에요 숙박비는 보통 얼마 나오는지 궁금합니다 홀로여행하는거라,"['경주', '여행', '질문']","['자전거', '렌탈', '경주', '여행', '어딜', '여행', '코스', '추천', '부탁', '숙박', '렌탈', '곳', '생각', '숙박비', '보통', '얼마', '여행', '거']","['경주', '여행', '질문', '자전거', '렌탈', '경주', '여행', '어딜', '여행', '코스', '추천', '부탁', '숙박', '렌탈', '곳', '생각', '숙박비', '보통', '얼마', '여행', '거']"
경주여행은 처음인데 시내나 번화가,https://kin.naver.com/qna/detail.naver?d1id=8&dirId=81208&docId=449027564&qb=6rK97KO87Jes7ZaJ&enc=utf8,요즘에는 황리단길이 제일 번화합니다 모텔 숙박하실거면 시외버스 터미널 근처에 가성비 좋고 시설 괜찮은 모텔들 많이 있어요 경주 여행하실 때 참고하시면 좋을 추가적인 정보들 아래 링크로 남겨두었습니다,"['경주', '여행', '처음', '시내', '번화가']","['요즘', '황리', '길', '일', '번', '모텔', '숙박', '거', '시외버스', '터미널', '근처', '성비', '시설', '모텔', '경주', '여행', '때', '참고', '추가', '정보', '아래', '링크']","['경주', '여행', '처음', '시내', '번화가', '요즘', '황리', '길', '일', '번', '모텔', '숙박', '거', '시외버스', '터미널', '근처', '성비', '시설', '모텔', '경주', '여행', '때', '참고', '추가', '정보', '아래', '링크']"
경주 여행 일정 조언,https://kin.naver.com/qna/detail.naver?d1id=9&dirId=90111&docId=452305254&qb=6rK97KO87Jes7ZaJ&enc=utf8,경주 여행 일정에 대해 조언해 드리겠습니다 먼저 KTX 시간표가 제한적이라서 어쩔 수 없이 선택할 수 있는 일정을 조정하는 것이 중요합니다 또한 숙소 예약도 미리 해두시는 것이 좋습니다 즐거운 경주 여행 되시길 바랍니다,"['경주', '여행', '일정', '조언']","['경주', '여행', '일정', '조언', '시간표', '제한', '수', '선택', '수', '일정', '조정', '것', '중요', '숙소', '예약', '것', '경주', '여행']","['경주', '여행', '일정', '조언', '경주', '여행', '일정', '조언', '시간표', '제한', '수', '선택', '수', '일정', '조정', '것', '중요', '숙소', '예약', '것', '경주', '여행']"
장미축제 대신 경주여행 간 남친,https://kin.naver.com/qna/detail.naver?d1id=9&dirId=90111&docId=420159985&qb=6rK97KO87Jes7ZaJ&enc=utf8,남친한테 제가 예전부터 장미축제 가자고 했는데 남친 휴가 때 장미축제 대신 경주여행 갔네요 ㅠㅠ 장미축제 다음달까지 있긴한데 너무 가고 싶어요 남친은 장미축제보다 좋은곳 갔다고 하는데ㅋㅋㅋㅋㅋㅋㅋㅋ 제가 장미축제 근처에,"['장미', '축제', '대신', '경주', '여행', '간', '남친']","['남친', '제', '예전', '장미', '축제', '남친', '휴가', '때', '장미', '축제', '대신', '경주', '여행', '장미', '축제', '다음', '달', '남친', '장미', '축제', '곳', '제', '장미', '축제', '근처']","['장미', '축제', '대신', '경주', '여행', '간', '남친', '남친', '제', '예전', '장미', '축제', '남친', '휴가', '때', '장미', '축제', '대신', '경주', '여행', '장미', '축제', '다음', '달', '남친', '장미', '축제', '곳', '제', '장미', '축제', '근처']"
경주여행할때 자동차 없어도 가능한지요,https://kin.naver.com/qna/detail.naver?d1id=9&dirId=90111&docId=444211140&qb=6rK97KO87Jes7ZaJ&enc=utf8,자동차없이 경주여행 어떤가요 자동차 있는게 좋다 아니다 없는게 좋다 알려주세요 모든곳이 마찬가진데 경주는 교통편도 괜찮아서 저는 굳이 차는 안 타는데 있으면 편하긴 하죠,"['경주', '여행', '때', '자동차', '가능', '지요']","['자동차', '경주', '여행', '가요', '자동차', '게', '게', '곳', '마찬가진데', '경주', '교통편', '저', '차']","['경주', '여행', '때', '자동차', '가능', '지요', '자동차', '경주', '여행', '가요', '자동차', '게', '게', '곳', '마찬가진데', '경주', '교통편', '저', '차']"
경주여행 1박2일 질문합니다,https://kin.naver.com/qna/detail.naver?d1id=9&dirId=901&docId=109756942&qb=6rK97KO87Jes7ZaJ&enc=utf8,친구1명이랑 경주여행 갈꺼거든요저까지 남자2입니다_ 이번주 금요일에가서 토요일에 올라오려합니다 대중교통 가려합니다 경주여행 할수있게 좀 알려주세요  1박할곳은 그냥 돈별로 안들게 근처찜질방에서 1박하려고요 경주는,"['경주', '여행', '박', '일', '질문']","['친구', '명', '경주', '여행', '꺼', '저', '남자', '이번', '주', '금요일', '토요일', '대중교통', '가려', '경주', '여행', '수', '박할', '곳', '돈', '근처', '찜질방', '박', '경주']","['경주', '여행', '박', '일', '질문', '친구', '명', '경주', '여행', '꺼', '저', '남자', '이번', '주', '금요일', '토요일', '대중교통', '가려', '경주', '여행', '수', '박할', '곳', '돈', '근처', '찜질방', '박', '경주']"
제가 아버지와 경주여행을 가는데 갈만,https://kin.naver.com/qna/detail.naver?d1id=9&dirId=90111&docId=363383441&qb=6rK97KO87Jes7ZaJ&enc=utf8,제가 아버지와 경주여행을 가는데 갈만한데가 생각나지가 않네요경주 가볼만한 곳 좀 알려주세요 안녕하세요 경주 최대 규모를 자랑하는 히어로키즈파크 입니다 1200평 이상의 대형 규모에서 자유롭게 아이들이 뛰어 놀 수,"['제', '아버지', '경주', '여행', '갈만']","['제', '아버지', '경주', '여행', '데', '만', '데', '경주', '만', '곳', '경주', '최대', '규모', '자랑', '히어로', '키즈', '파크', '평', '이상', '대형', '규모', '자유', '아이', '수']","['제', '아버지', '경주', '여행', '갈만', '제', '아버지', '경주', '여행', '데', '만', '데', '경주', '만', '곳', '경주', '최대', '규모', '자랑', '히어로', '키즈', '파크', '평', '이상', '대형', '규모', '자유', '아이', '수']"
경주여행시 좋은 민박좀 소개해 주실래요,https://kin.naver.com/qna/detail.naver?d1id=12&dirId=121102&docId=20450614&qb=6rK97KO87Jes7ZaJ&enc=utf8,경주여행시 좋은 민박집 아시면 소개좀 해주실래요 경주여행에서도 외국인을 만날수 있다 경주에 외국인 민박집 물론 내국인도  주인아주머니와 아저씨 두말하면 잔소리 홈페이지도 있어요 민박집 이름은 사랑채,"['경주', '여행', '시', '민박', '소개']","['경주', '여행', '시', '민박', '집', '소개', '경주', '여행', '외국인', '수', '경주', '외국인', '민박', '집', '내국인', '주인', '아주머니', '아저씨', '두말', '잔소리', '홈페이지', '민박', '집', '이름', '사랑', '채']","['경주', '여행', '시', '민박', '소개', '경주', '여행', '시', '민박', '집', '소개', '경주', '여행', '외국인', '수', '경주', '외국인', '민박', '집', '내국인', '주인', '아주머니', '아저씨', '두말', '잔소리', '홈페이지', '민박', '집', '이름', '사랑', '채']"
경주여행 대형가족독채펜션노래방필수 추천좀 해주세요,https://kin.naver.com/qna/detail.naver?d1id=9&dirId=9011403&docId=486197398&qb=6rK97KO87Jes7ZaJ&enc=utf8,가족 인원은 20명추가인원 정도 됩니다 8월달로 정해졌고확실 무엇보다 다들 연세가 있으셔서 방에 노래방이 있어야 됩니다 트로트 하루종일 부르십니다 검색을 해봐도 죄다 풀빌라뿐이라서 추천좀 해주세요 경주에,"['경주', '여행', '대형', '가족', '독채', '펜션', '노래방', '필수', '추천']","['가족', '인원', '명', '추가', '인원', '정도', '월', '달', '무엇', '연세', '방', '노래방', '트로트', '하루', '종일', '검색', '빌라', '추천', '경주']","['경주', '여행', '대형', '가족', '독채', '펜션', '노래방', '필수', '추천', '가족', '인원', '명', '추가', '인원', '정도', '월', '달', '무엇', '연세', '방', '노래방', '트로트', '하루', '종일', '검색', '빌라', '추천', '경주']"
경주여행에대해,https://kin.naver.com/qna/detail.naver?d1id=12&dirId=121102&docId=116958731&qb=6rK97KO87Jes7ZaJ&enc=utf8,지식인보구11질문드려요 여자둘이서 경주여행을 가려고 하는데요 저는 경기도 여주에 살고 친구는 경기도 평택에 삽니다 차는 제가 끌고 갈꺼구요 토요일에출발하여 일요일에 도착할 수있게 1박2일 여행할,"['경주', '여행']","['지식인', '질문', '여자', '둘', '경주', '여행', '저', '경기도', '여주', '친구', '경기도', '평택', '차', '제', '꺼', '토요일', '출발', '일요일', '도착', '수', '박', '일', '여행']","['경주', '여행', '지식인', '질문', '여자', '둘', '경주', '여행', '저', '경기도', '여주', '친구', '경기도', '평택', '차', '제', '꺼', '토요일', '출발', '일요일', '도착', '수', '박', '일', '여행']"
경주게스트하우스 vs 경주여행게스트하우스,https://kin.naver.com/qna/detail.naver?d1id=12&dirId=12110212&docId=200817206&qb=6rK97KO87Jes7ZaJ&enc=utf8,경주 여행 시 게스트 하우스에서 숙박할 예정입니다 혼자 또는 두 명이서 com와 경주 여행 게스트 하우스httpwwwgtguesthousenetweb를 보고 있는 1 경주여행 게스트 하우스가 더 좋습니다 거기에는 침대도 있고 화장실이란,"['경주', '게스트', '하우스', '경주', '여행', '게스트', '하우스']","['경주', '여행', '시', '게스트', '하우스', '숙박', '예정', '명', '경주', '여행', '게스트', '하우스', '경주', '여행', '게스트', '하우스', '거기', '침대', '화장실']","['경주', '게스트', '하우스', '경주', '여행', '게스트', '하우스', '경주', '여행', '시', '게스트', '하우스', '숙박', '예정', '명', '경주', '여행', '게스트', '하우스', '경주', '여행', '게스트', '하우스', '거기', '침대', '화장실']"
남자친구랑 1박2일 경주여행 갈 예정,https://kin.naver.com/qna/detail.naver?d1id=9&dirId=90111&docId=306696886&qb=6rK97KO87Jes7ZaJ&enc=utf8,남자친구랑 1박2일 경주여행 갈 예정인데 코스 좀 알려주세요ㅠㅠ 숙소는 보문관광단지 쪽에 있어요 경주가 고향인 식도락 마니아입니다 포항은 과메기와 고래고기 개복치 대게 돌문어 등이 지역 특산물이고 다른지역에서는 맛볼 수,"['남자', '친구', '박', '일', '경주', '여행', '예정']","['남자', '친구', '박', '일', '경주', '여행', '예정', '코스', '숙소', '보문관광단지', '쪽', '경주', '고향', '식도락', '마니아', '포항', '과메기', '고래', '고기', '개복치', '돌', '문어', '등', '지역', '특산물', '지역', '수']","['남자', '친구', '박', '일', '경주', '여행', '예정', '남자', '친구', '박', '일', '경주', '여행', '예정', '코스', '숙소', '보문관광단지', '쪽', '경주', '고향', '식도락', '마니아', '포항', '과메기', '고래', '고기', '개복치', '돌', '문어', '등', '지역', '특산물', '지역', '수']"
5월초 아이들과 경주여행가는데요펜션,https://kin.naver.com/qna/detail.naver?d1id=9&dirId=90111&docId=342847011&qb=6rK97KO87Jes7ZaJ&enc=utf8,5월초 아이들과 경주여행가는데요펜션은 예약했는데 가족들과 경주에 가볼만한곳좀 알고 싶어요경주여행은 오랜만에 가는거라 정보가 없어서 막막하네요경주에 유적지는 밤에 안압지야경보거 가려고 하구요낮에 가볼만한곳이,"['월', '초', '아이', '경주', '여행', '펜션']","['월', '초', '아이', '경주', '여행', '펜션', '예약', '가족', '경주', '만', '곳', '경주', '여행', '오랜만', '거', '정보', '경주', '유적지', '밤', '안압지', '야경', '보거', '낮', '만', '곳']","['월', '초', '아이', '경주', '여행', '펜션', '월', '초', '아이', '경주', '여행', '펜션', '예약', '가족', '경주', '만', '곳', '경주', '여행', '오랜만', '거', '정보', '경주', '유적지', '밤', '안압지', '야경', '보거', '낮', '만', '곳']"
코로나바이러스 경주 여행,https://kin.naver.com/qna/detail.naver?d1id=9&dirId=90111&docId=347541521&qb=6rK97KO87Jes7ZaJ&enc=utf8,지금 코로나바이러스때문에 떠들썩한 이 시국에 3월초 경주 여행가려는데 가지않는게 좋을까요 마스크 착용하고 다니면 괜찮지 않나요 너무 고민됩니다 네 경주는 조금 안전 합니다 그래도 마스크 착용kf80 손씻기,"['코로나', '바이러스', '경주', '여행']","['코로나', '바이러스', '때문', '시국', '월', '초', '경주', '여행', '게', '착용', '고민', '경주', '안전', '착용', '손']","['코로나', '바이러스', '경주', '여행', '코로나', '바이러스', '때문', '시국', '월', '초', '경주', '여행', '게', '착용', '고민', '경주', '안전', '착용', '손']"
초등학생3학년과 경주여행2박3일 코스,https://kin.naver.com/qna/detail.naver?d1id=9&dirId=90111&docId=387327641&qb=6rK97KO87Jes7ZaJ&enc=utf8,초등학교 3학년과 경주여행 2박3일 갈 예정입니다 김포에서 출발할거고 한화리조트에서 2박 할 예정입니다 코스와 맛집 알려주세요 미리 감사드립니다 경주 보문단지 호텔 라한셀렉트 호텔과 북카페 경주산책,"['초등학생', '학년', '경주', '여행', '박', '일', '코스']","['초등', '학교', '학년', '경주', '여행', '박', '일', '예정', '김포', '출발', '거', '한화', '리조트', '박', '예정', '코스', '맛집', '감사', '경주', '보문', '호텔', '라', '셀렉', '트', '호텔', '북카페', '경주', '산책']","['초등학생', '학년', '경주', '여행', '박', '일', '코스', '초등', '학교', '학년', '경주', '여행', '박', '일', '예정', '김포', '출발', '거', '한화', '리조트', '박', '예정', '코스', '맛집', '감사', '경주', '보문', '호텔', '라', '셀렉', '트', '호텔', '북카페', '경주', '산책']"
12월 경주여행코스,https://kin.naver.com/qna/detail.naver?d1id=9&dirId=90111&docId=432505434&qb=6rK97KO87Jes7ZaJ&enc=utf8,12월 경주여행코스답변드릴게요안녕하세요 특히 겨울에 경주여행코스는 더 신중해야 될 것 같네요 기본적으로 경주여행을 정리하면 크게 5가지 권역으로 참고로 제 블로그를 방문하시면 경주여행 카테고리가 있습니다,"['월', '경주', '여행', '코스']","['월', '경주', '여행', '코스', '답변', '안녕', '겨울', '경주', '여행', '코스', '신중', '것', '기본', '경주', '여행', '정리', '가지', '권역', '참고', '블로그', '방문', '경주', '여행', '카테고리']","['월', '경주', '여행', '코스', '월', '경주', '여행', '코스', '답변', '안녕', '겨울', '경주', '여행', '코스', '신중', '것', '기본', '경주', '여행', '정리', '가지', '권역', '참고', '블로그', '방문', '경주', '여행', '카테고리']"
경주여행,https://kin.naver.com/qna/detail.naver?d1id=9&dirId=90111&docId=443470665&qb=6rK97KO87Jes7ZaJ&enc=utf8,드넓은 호수를 앞에 두고 푸르른 자연이 감싸고 있는 오푸스 풀빌라는 이러한 조화 속에서 여러분을 예술 작품 속 주인공으로 만들어드립니다꽃피고 봄바람 살랑살랑 부는 4월달 경주여행 오푸스에서 즐겨보세요,"['경주', '여행']","['호수', '앞', '자연', '오푸스', '풀', '조화', '속', '여러분', '예술', '작품', '속', '주인공', '봄바람', '부', '월', '달', '경주', '여행', '오푸스']","['경주', '여행', '호수', '앞', '자연', '오푸스', '풀', '조화', '속', '여러분', '예술', '작품', '속', '주인공', '봄바람', '부', '월', '달', '경주', '여행', '오푸스']"
경주여행 갈 곳 추천,https://kin.naver.com/qna/detail.naver?d1id=9&dirId=90111&docId=367769539&qb=6rK97KO87Jes7ZaJ&enc=utf8,이번 코로나가 끝나면 거하게 노려고 경주여행 을 친구랑 갈생각입니다 근데 제가 경주랑 집도멀고 한번도 가본적이 없어 뭐를 해야할지 잘 모르겠더라구요 그래서 혹시나 해서 물어봅니당 참고로 저랑 제친구는 자연관광 같은걸,"['경주', '여행', '곳', '추천']","['이번', '코', '경주', '여행', '친구', '생각', '제', '경주', '집', '번', '가본적', '뭐', '봅', '참고', '저', '제', '친구', '자연', '관광', '걸']","['경주', '여행', '곳', '추천', '이번', '코', '경주', '여행', '친구', '생각', '제', '경주', '집', '번', '가본적', '뭐', '봅', '참고', '저', '제', '친구', '자연', '관광', '걸']"
5월 경주여행,https://kin.naver.com/qna/detail.naver?d1id=9&dirId=90111&docId=432668170&qb=6rK97KO87Jes7ZaJ&enc=utf8,아시는분들은좀 도와주세요ㅠㅠ 5월 경주여행답변드릴게요안녕하세요 저희 가족도 5월1일부터 2박3일 경주여행을 가거든요 잘하면 마주칠 수 제 블로그를 방문하시면 경주여행 카테고리가 있습니다 여행코스 짜실 때 도움이,"['월', '경주', '여행']","['분', '월', '경주', '여행', '답변', '안녕', '저희', '가족', '월', '일', '박', '일', '경주', '여행', '수', '블로그', '방문', '경주', '여행', '카테고리', '여행', '코스', '때', '도움']","['월', '경주', '여행', '분', '월', '경주', '여행', '답변', '안녕', '저희', '가족', '월', '일', '박', '일', '경주', '여행', '수', '블로그', '방문', '경주', '여행', '카테고리', '여행', '코스', '때', '도움']"
경주 여행  힌남노 피해로 지금 가면 안되나요,https://kin.naver.com/qna/detail.naver?d1id=9&dirId=90105&docId=427927696&qb=6rK97KO87Jes7ZaJ&enc=utf8,올 추석 연휴에 경주 여행 계획하고 있었습니다 그런데 며칠 전 태풍 힌남노 때문에 경주도 피해 입은 지역이고 곳곳의 문화재도 파손되고 그랬다는 기사를 보았는데 경기도 권에서 차막힘 감수하고 가보려고 했는데 가면 안 될 정도로,"['경주', '여행', '힌', '남노', '피해']","['추석', '연휴', '경주', '여행', '계획', '며칠', '전', '태풍', '힌', '남노', '때문', '경주', '지역', '곳곳', '문화재', '파손', '기사', '경기도', '권', '차', '감수', '정도']","['경주', '여행', '힌', '남노', '피해', '추석', '연휴', '경주', '여행', '계획', '며칠', '전', '태풍', '힌', '남노', '때문', '경주', '지역', '곳곳', '문화재', '파손', '기사', '경기도', '권', '차', '감수', '정도']"
경주여행 질문,https://kin.naver.com/qna/detail.naver?d1id=9&dirId=90111&docId=316127491&qb=6rK97KO87Jes7ZaJ&enc=utf8,경주여행 질문당일치기 안녕하세요 토요일날 남자친구와 경주여행을 가려 합니다 저희는 보문단지 황리단길 첨성대 대릉원 산림환경 연구원 이렇게 갈 생각입니다 경주역에서 제일 가까운 장소는 어디인가요 그리고 어떤,"['경주', '여행', '질문']","['경주', '여행', '질문', '당일치기', '안녕', '토요일', '날', '남자', '친구', '경주', '여행', '저희', '보문', '황리', '길', '첨성대', '대릉원', '산림', '환경', '연구원', '생각', '경주', '역', '장소', '어디']","['경주', '여행', '질문', '경주', '여행', '질문', '당일치기', '안녕', '토요일', '날', '남자', '친구', '경주', '여행', '저희', '보문', '황리', '길', '첨성대', '대릉원', '산림', '환경', '연구원', '생각', '경주', '역', '장소', '어디']"
할머니 모시고 경주여행,https://kin.naver.com/qna/detail.naver?d1id=12&dirId=121102&docId=286407355&qb=6rK97KO87Jes7ZaJ&enc=utf8,10월 중순 좀 지나서 할머니 모시고 경주 여행을 가려고 합니다 동생이랑 저랑 할머니 셋이서 가는데 차를 경주 여행을 환영합니다 유적지 내는 자전거 전동기구 출입이 되지 않습니다 그리고 휠체어 렌탈 하는집은 잘 없는 것으로,"['할머니', '경주', '여행']","['월', '중순', '할머니', '경주', '여행', '동생', '저', '할머니', '셋', '차', '경주', '여행', '환영', '유적지', '자전거', '전동', '기구', '출입', '휠체어', '렌탈', '집', '것']","['할머니', '경주', '여행', '월', '중순', '할머니', '경주', '여행', '동생', '저', '할머니', '셋', '차', '경주', '여행', '환영', '유적지', '자전거', '전동', '기구', '출입', '휠체어', '렌탈', '집', '것']"
경주 여행 갈려고 하는데 처음 가봐서,https://kin.naver.com/qna/detail.naver?d1id=9&dirId=90111&docId=386280026&qb=6rK97KO87Jes7ZaJ&enc=utf8,경주 여행 갈려고 하는데 처음 가봐서 혹시 대릉원이랑 첨성대랑 이어져있는 건가요 입장표 그거는 대릉원 표만 사면 되나요 첨성대는 대릉원의 도로 반대편에 위치하고 있으며입구 기준으로 약 400m 거리 도보 약 7분 소요,"['경주', '여행']","['경주', '여행', '대릉원', '첨성대', '건가요', '입장표', '그거', '대릉원', '표', '첨성대', '대릉원', '도로', '반대편', '위치', '기준', '거리', '도보', '분', '소요']","['경주', '여행', '경주', '여행', '대릉원', '첨성대', '건가요', '입장표', '그거', '대릉원', '표', '첨성대', '대릉원', '도로', '반대편', '위치', '기준', '거리', '도보', '분', '소요']"
혼자 경주 여행을 가려고 합니다,https://kin.naver.com/qna/detail.naver?d1id=9&dirId=90111&docId=74958276&qb=6rK97KO87Jes7ZaJ&enc=utf8,2박 3일에서 3박 4일 기간으로 혼자 경주 여행을 가볼까 합니다 근데 숙박부터 시작해서 여행코스 버스 차편은 어떻게 되는지 전혀 아는것이 없어서ㅠ 자세한 설명 부탁드려요ㅎㅎ 차분히 경주에 대해서 이것저것 전부 보고 오고,"['경주', '여행']","['박', '일', '박', '일', '기간', '경주', '여행', '숙박', '시작', '여행', '코스', '버스', '차편', '것', '설명', '경주', '이것저것']","['경주', '여행', '박', '일', '박', '일', '기간', '경주', '여행', '숙박', '시작', '여행', '코스', '버스', '차편', '것', '설명', '경주', '이것저것']"
4월1일 경주여행가는데요,https://kin.naver.com/qna/detail.naver?d1id=9&dirId=90111&docId=273826522&qb=6rK97KO87Jes7ZaJ&enc=utf8,내일 경주 여행가는데 자차로 가게되었어요 그런데 마라톤경주가 있어 차량통제를 하네요ㅠㅠ 첫날일정이 대릉원주변 관광지 돌아다니려 했는뎌 주차하기 어렵겠죠 둘째날은 불국사 석굴암 추억의달동네를 가려 했는데 둘째날과,"['월', '일', '경주', '여행']","['내일', '경주', '여행', '자차', '마라톤', '경주', '차량', '통제', '첫날', '일정', '대릉원', '주변', '관광지', '주차', '둘째', '날', '불국사', '석굴암', '추억', '달동네', '둘째', '날']","['월', '일', '경주', '여행', '내일', '경주', '여행', '자차', '마라톤', '경주', '차량', '통제', '첫날', '일정', '대릉원', '주변', '관광지', '주차', '둘째', '날', '불국사', '석굴암', '추억', '달동네', '둘째', '날']"
강원도경주 여행,https://kin.naver.com/qna/detail.naver?d1id=9&dirId=90108&docId=316040445&qb=6rK97KO87Jes7ZaJ&enc=utf8,강릉경주 여행 길 에서 들려서 먹어볼만한 음식이 있을까요 간식이든 식사든 상관없습니다 1 동해고속도로 현재 끝인 근덕IC로 나가면 삼척 근덕면사무소 건너편 안으로 문화제과라는 꽈배기찹쌀도너츠 명가가 있습니다 간식,"['강원도', '경주', '여행']","['강릉', '경주', '여행', '길', '만', '음식', '간식', '식사', '동해', '고속도', '끝', '근덕', '삼척', '근덕면', '사무소', '건너편', '안', '문화', '제과', '꽈배기', '찹쌀', '도너츠', '명가', '간식']","['강원도', '경주', '여행', '강릉', '경주', '여행', '길', '만', '음식', '간식', '식사', '동해', '고속도', '끝', '근덕', '삼척', '근덕면', '사무소', '건너편', '안', '문화', '제과', '꽈배기', '찹쌀', '도너츠', '명가', '간식']"
경주여행 코스 좀 정해주세요 우선,https://kin.naver.com/qna/detail.naver?d1id=12&dirId=121102&docId=308717301&qb=6rK97KO87Jes7ZaJ&enc=utf8,경주여행 코스 좀 정해주세요 우선 경주에 12시나 1시쯤에 도착할 예정이고 1박2일로 갈 생각입니다 가고싶은 곳은 횡리단길대릉원교촌마을첨성대동궁과월지산림환경연구원추억의 달동네입니다 1일차 황리단길,"['경주', '여행', '코스']","['경주', '여행', '코스', '경주', '시', '시', '도착', '예정', '박', '일', '생각', '곳', '횡리', '길', '대릉원', '교촌', '마을', '첨성대', '동궁', '월지', '산림', '환경', '연구원', '추억', '달동네', '일', '차', '황리', '길']","['경주', '여행', '코스', '경주', '여행', '코스', '경주', '시', '시', '도착', '예정', '박', '일', '생각', '곳', '횡리', '길', '대릉원', '교촌', '마을', '첨성대', '동궁', '월지', '산림', '환경', '연구원', '추억', '달동네', '일', '차', '황리', '길']"
당일치기 경주여행,https://kin.naver.com/qna/detail.naver?d1id=8&dirId=81208&docId=330825449&qb=6rK97KO87Jes7ZaJ&enc=utf8,당일치기 경주여행을 할껀데 코스를 어디서 부터 짜야될지를 모르겠어요ㅠㅠ 저희가 갈곳은 일단 경주 월드 경주 주렁주렁 카페아덴을 갈 계획이예요 버스를 타고 갈려고 했는데 주변 사람들이 버스로 갔다 오긴 힘들다고 해서 자차를,"['당일치기', '경주', '여행']","['당일치기', '경주', '여행', '껀', '데', '코스', '어디', '터', '저희', '곳', '경주', '월드', '경주', '카페', '아덴', '계획', '버스', '주변', '사람', '버스', '자차']","['당일치기', '경주', '여행', '당일치기', '경주', '여행', '껀', '데', '코스', '어디', '터', '저희', '곳', '경주', '월드', '경주', '카페', '아덴', '계획', '버스', '주변', '사람', '버스', '자차']"
경주 여행을 가려고 하는데,https://kin.naver.com/qna/detail.naver?d1id=12&dirId=12110212&docId=192917490&qb=6rK97KO87Jes7ZaJ&enc=utf8,경주여행을 3월에 2박 3일로 가려고 하는데 여행루트를 어떻게 짜면 좋은지 질문드려요 일단 신경주에서 내려서 첫날에는 경주역 시내에서 숙박을 하고 둘째날에는 천북남로 허브랜드공룡마을 근처에서 숙박을 할껍니다 숙소 간의,"['경주', '여행']","['경주', '여행', '월', '박', '일', '여행', '루트', '질문', '신경주', '첫날', '경주역', '시내', '숙박', '둘째', '날', '천', '북남', '허브', '랜드', '공룡', '마을', '근처', '숙박', '숙소', '간의']","['경주', '여행', '경주', '여행', '월', '박', '일', '여행', '루트', '질문', '신경주', '첫날', '경주역', '시내', '숙박', '둘째', '날', '천', '북남', '허브', '랜드', '공룡', '마을', '근처', '숙박', '숙소', '간의']"
경주 여행 코스 추천해주세요,https://kin.naver.com/qna/detail.naver?d1id=12&dirId=121102&docId=154245116&qb=6rK97KO87Jes7ZaJ&enc=utf8,7월 혹은 8월에 경주 여행여자 혼자을 가려고 합니다 1박 2일 2박 3일 결정은 못 했구요 게스트하우스는 정했습니다 KTX 타고 갈거구요 서울gt신경주 오전 일찍  신경주gt서울 저녁 늦게 예상하고 있습니당 자전거 타고,"['경주', '여행', '코스', '추천']","['월', '월', '경주', '여행', '여자', '혼자', '박', '일', '박', '일', '결정', '게스트', '하우스', '거', '서울', '신경주', '오전', '신경주', '서울', '저녁', '예상', '자전거']","['경주', '여행', '코스', '추천', '월', '월', '경주', '여행', '여자', '혼자', '박', '일', '박', '일', '결정', '게스트', '하우스', '거', '서울', '신경주', '오전', '신경주', '서울', '저녁', '예상', '자전거']"
경주여행 대중교통이용방법,https://kin.naver.com/qna/detail.naver?d1id=8&dirId=812&docId=163945320&qb=6rK97KO87Jes7ZaJ&enc=utf8,이번에 여자친구랑 경주여행가는데 경주시외버스터미널에서 블루원 가는방법 버스 그 101그거나 다른이용법도ㅎㅎ 그리고 블루원에서 안압지가는법ㅠㅠ 펜션은 마리안느펜션입니다 이렇게 순차적으로방문하는데 교통방법,"['경주', '여행', '대중교통', '이용', '방법']","['이번', '여자', '친구', '경주', '여행', '경주', '시외버스', '터미널', '블루원', '방법', '버스', '그거', '이용법', '블루원', '안압지', '법', '펜션', '마리안느', '펜션', '순차', '방문', '데', '교통', '방법']","['경주', '여행', '대중교통', '이용', '방법', '이번', '여자', '친구', '경주', '여행', '경주', '시외버스', '터미널', '블루원', '방법', '버스', '그거', '이용법', '블루원', '안압지', '법', '펜션', '마리안느', '펜션', '순차', '방문', '데', '교통', '방법']"
차 없이 경주 여행하는 방법,https://kin.naver.com/qna/detail.naver?d1id=9&dirId=90105&docId=342531498&qb=6rK97KO87Jes7ZaJ&enc=utf8,2박 3일로 차 없이 경주 여행을 가는데요 첨성대 석굴암 문무대왕릉 안압지 불국사 이 곳들은 꼭 가고 싶은데  경주 여행 알차게 보낼 수 있는 방법도 알려주세요 엄마랑 같이 갑니다 안녕하세요 경주사람들입니다 우선 첫날에,"['차', '경주', '여행', '방법']","['박', '일', '차', '경주', '여행', '첨성대', '석굴암', '문무대왕', '릉', '안압지', '불국사', '곳', '경주', '여행', '수', '방법', '엄마', '안녕', '경주', '사람', '첫날']","['차', '경주', '여행', '방법', '박', '일', '차', '경주', '여행', '첨성대', '석굴암', '문무대왕', '릉', '안압지', '불국사', '곳', '경주', '여행', '수', '방법', '엄마', '안녕', '경주', '사람', '첫날']"
친구들과 경주여행을 가려고 하는데요,https://kin.naver.com/qna/detail.naver?d1id=9&dirId=90111&docId=74587965&qb=6rK97KO87Jes7ZaJ&enc=utf8,친구들과 경주여행을 가기로 했는데 다들 경주에 가면 자전거를 타라고 하더라구요 지금 봄이니까 벚꽃도 많이 폈다고 자전거 여행을 하래요 그래서 그런데 경주에서 자전거는 어디서 빌리나요 그리고 경주에서,"['친구', '경주', '여행']","['친구', '경주', '여행', '경주', '자전거', '봄', '벚꽃', '자전거', '여행', '경주', '자전거', '어디', '경주']","['친구', '경주', '여행', '친구', '경주', '여행', '경주', '자전거', '봄', '벚꽃', '자전거', '여행', '경주', '자전거', '어디', '경주']"
1박2일 경주여행,https://kin.naver.com/qna/detail.naver?d1id=9&dirId=90111&docId=438822661&qb=6rK97KO87Jes7ZaJ&enc=utf8,1박2일 경주여행답변드릴게요안녕하세요 여행전문 블로거 저희 가족도 5월1일부터 2박3일 경주여행을 준비중인데요 경주여행을 제 블로그를 방문하시면 경주여행 카테고리가 있습니다 여행코스 짜실 때 도움이 될 수,"['박', '일', '경주', '여행']","['박', '일', '경주', '여행', '답변', '안녕', '여행', '전문', '블로거', '저희', '가족', '월', '일', '박', '일', '경주', '여행', '준비', '중', '경주', '여행', '블로그', '방문', '경주', '여행', '카테고리', '여행', '코스', '때', '도움', '수']","['박', '일', '경주', '여행', '박', '일', '경주', '여행', '답변', '안녕', '여행', '전문', '블로거', '저희', '가족', '월', '일', '박', '일', '경주', '여행', '준비', '중', '경주', '여행', '블로그', '방문', '경주', '여행', '카테고리', '여행', '코스', '때', '도움', '수']"
제가 아버지와 경주여행을 가는데 갈만,https://kin.naver.com/qna/detail.naver?d1id=9&dirId=90111&docId=356334645&qb=6rK97KO87Jes7ZaJ&enc=utf8,제가 아버지와 경주여행을 가는데 갈만한데가 생각나지가 않네요경주 가볼만한 곳 좀 알려주세요 안녕하세요 경주에는 성박물관 테디베어박물관 신라 밀레니엄파크 안압지 첨성대 천마총 등등 볼거리가 많지요 채택 부탁드립니다,"['제', '아버지', '경주', '여행', '갈만']","['제', '아버지', '경주', '여행', '데', '만', '데', '경주', '만', '곳', '경주', '성', '박물관', '테', '박물관', '신라', '밀레니엄', '파크', '안압지', '첨성대', '천마총', '등등', '볼거리', '채택', '부탁']","['제', '아버지', '경주', '여행', '갈만', '제', '아버지', '경주', '여행', '데', '만', '데', '경주', '만', '곳', '경주', '성', '박물관', '테', '박물관', '신라', '밀레니엄', '파크', '안압지', '첨성대', '천마총', '등등', '볼거리', '채택', '부탁']"
경주여행지추천,https://kin.naver.com/qna/detail.naver?d1id=9&dirId=90111&docId=398144300&qb=6rK97KO87Jes7ZaJ&enc=utf8,첫날은 엘라포니시 호텔입실해서 지낼예정입니다 경주 여행을 계획 중이시군요 그럼 경주 가볼 만한 곳들 추천해드리겠습니다 첨성대 동궁과 월지 대릉원 서출지 버드파크 민속공예촌,"['경주', '여행지', '추천']","['첫날', '엘라', '포니', '시', '호텔', '입실', '예정', '경주', '여행', '계획', '중', '경주', '만', '곳', '추천', '첨성대', '동궁', '월지', '대릉원', '서출지', '버드', '파크', '민속', '공예', '촌']","['경주', '여행지', '추천', '첫날', '엘라', '포니', '시', '호텔', '입실', '예정', '경주', '여행', '계획', '중', '경주', '만', '곳', '추천', '첨성대', '동궁', '월지', '대릉원', '서출지', '버드', '파크', '민속', '공예', '촌']"
경주 여행 일정버스 짜주세요,https://kin.naver.com/qna/detail.naver?d1id=13&dirId=1303010503&docId=397260507&qb=6rK97KO87Jes7ZaJ&enc=utf8,있습니다 이 또한 유튜브나 다른 방문자님들의 게시글을 보시면 아이곳이구나 싶으실겁니다 아래 홈페이지 링크랑 첨부하니 구경해보시고 바로 예약주세요 wwwopus11cokr 경주여행경주숙소경주여행코스경주키즈풀빌라,"['경주', '여행', '일정', '버스']","['유튜브', '방문자', '게시', '글', '아이', '곳', '겁니다', '아래', '홈페이지', '링크', '첨부', '구경', '예약', '주세요', '경주', '여행', '경주', '숙소', '경주', '여행', '코스', '경주', '키즈', '풀']","['경주', '여행', '일정', '버스', '유튜브', '방문자', '게시', '글', '아이', '곳', '겁니다', '아래', '홈페이지', '링크', '첨부', '구경', '예약', '주세요', '경주', '여행', '경주', '숙소', '경주', '여행', '코스', '경주', '키즈', '풀']"
경주여행코스추천이요,https://kin.naver.com/qna/detail.naver?d1id=9&dirId=90111&docId=462245141&qb=6rK97KO87Jes7ZaJ&enc=utf8,2박3일일정으로 가는데 첫날은 오후23시도착이라 안압지야경도 포함해서 구경하고 둘째날은경주월드가고픈ㄷㅔ 추천좀해주세요 중학생포함된여행입니당 경주여행코스로 경주박물관을 추천드립니다 경주 박물관은 입장료가,"['경주', '여행', '코스', '추천']","['박', '일', '일정', '첫날', '오후', '시', '도착', '안압지', '야경', '포함', '구경', '둘째', '날', '경주', '월드', 'ㄷ', '추천', '중학생', '포함', '여행', '경주', '여행', '코스', '경주', '박물관', '추천', '경주', '박물관', '입장료']","['경주', '여행', '코스', '추천', '박', '일', '일정', '첫날', '오후', '시', '도착', '안압지', '야경', '포함', '구경', '둘째', '날', '경주', '월드', 'ㄷ', '추천', '중학생', '포함', '여행', '경주', '여행', '코스', '경주', '박물관', '추천', '경주', '박물관', '입장료']"
경주여행을 하려고 합니다,https://kin.naver.com/qna/detail.naver?d1id=12&dirId=121102&docId=20187384&qb=6rK97KO87Jes7ZaJ&enc=utf8,부산에서 1박2일 정도로 경주여행을 하려고 합니다 수학여행을 제외하고 한번도 가보지 못한곳이라 많은 곳을 보고 싶어여 쫌 알려주세여 알뜰하게 여행하고 싶거든여 저의 경험에 비추어서 말씀 드리겠습니다 저도 경주를 가끔,"['경주', '여행']","['부산', '박', '일', '정도', '경주', '여행', '수학여행', '제외', '번', '곳', '곳', '알뜰', '여행', '저', '경험', '말씀', '저', '경주']","['경주', '여행', '부산', '박', '일', '정도', '경주', '여행', '수학여행', '제외', '번', '곳', '곳', '알뜰', '여행', '저', '경험', '말씀', '저', '경주']"
경주 여행,https://kin.naver.com/qna/detail.naver?d1id=9&dirId=90111&docId=401423444&qb=6rK97KO87Jes7ZaJ&enc=utf8,1박2일 코스로 경주에 아이 둘 과 함깨가려고하는데 여행코스좀 알려주세여 경주 여행을 계획중이시군요 그럼 경주에서 가볼만한 곳들 추천해드리겠습니다 첨성대 동궁과 월지 대릉원,"['경주', '여행']","['박', '일', '코스', '경주', '아이', '둘', '과', '여행', '코스', '경주', '여행', '계획', '중', '경주', '만', '곳', '추천', '첨성대', '동궁', '월지', '대릉원']","['경주', '여행', '박', '일', '코스', '경주', '아이', '둘', '과', '여행', '코스', '경주', '여행', '계획', '중', '경주', '만', '곳', '추천', '첨성대', '동궁', '월지', '대릉원']"
경주여행3박4일,https://kin.naver.com/qna/detail.naver?d1id=9&dirId=90111&docId=432791332&qb=6rK97KO87Jes7ZaJ&enc=utf8,질문요 경주3박4일로여행계획서좀세워주세요 내공100검 경주여행3박4일답변드릴게요답변 3박4일 경주여행코스 이상입니다 Ps 제 블로그를 방문하시면 경주여행 카테고리가 있습니다 여행코스 짜실 때 도움이 될 수 있을거에요,"['경주', '여행', '박', '일']","['질문', '경주', '박', '일', '여행', '계획서', '내공', '검', '경주', '여행', '박', '일', '답변', '답변', '박', '일', '경주', '여행', '코스', '이상', '블로그', '방문', '경주', '여행', '카테고리', '여행', '코스', '때', '도움', '수', '거']","['경주', '여행', '박', '일', '질문', '경주', '박', '일', '여행', '계획서', '내공', '검', '경주', '여행', '박', '일', '답변', '답변', '박', '일', '경주', '여행', '코스', '이상', '블로그', '방문', '경주', '여행', '카테고리', '여행', '코스', '때', '도움', '수', '거']"
코로나 경주 여행,https://kin.naver.com/qna/detail.naver?d1id=9&dirId=90111&docId=365482509&qb=6rK97KO87Jes7ZaJ&enc=utf8,지금 경주 여행 많이 위험한가요ㅠㅠ 부산 여행보다는 경주가 덜 위험하죠 가고 싶지 않은데 필히 참석을 해야만 해서 괜찮을까요 조심한다면 괜찮을 것 같습니다 혹시 모르면 이동 경로도 파악한 후에 주의해서 가시는 것이 좋을,"['코로나', '경주', '여행']","['경주', '여행', '위험', '부산', '여행', '경주', '위험', '참석', '조심', '것', '이동', '경로', '파악', '후', '주의', '것']","['코로나', '경주', '여행', '경주', '여행', '위험', '부산', '여행', '경주', '위험', '참석', '조심', '것', '이동', '경로', '파악', '후', '주의', '것']"
반려견이랑 갈만한 경주 여행지 추천해주세요,https://kin.naver.com/qna/detail.naver?d1id=9&dirId=90111&docId=484311659&qb=6rK97KO87Jes7ZaJ&enc=utf8,경주에 반려견이랑 같이 갈만한 여행지 있을까요 조용히 쉴 수 있는 곳이나 반려견과 산책하기 좋은 곳 추천받고 싶어요 펜션 말고 호텔도 괜찮아요 경주 반려견 여행으로 갈만한 곳 생각보다 많아요 ㅎㅎ 불국사 교촌마을 화랑의,"['반려', '견이', '갈만', '경주', '여행지', '추천']","['경주', '반려', '견이', '만', '여행지', '수', '곳', '반려', '견과', '산책', '곳', '추천', '펜션', '호텔', '경주', '반려', '견', '여행', '만', '곳', '생각', '불국사', '교촌', '마을', '화랑']","['반려', '견이', '갈만', '경주', '여행지', '추천', '경주', '반려', '견이', '만', '여행지', '수', '곳', '반려', '견과', '산책', '곳', '추천', '펜션', '호텔', '경주', '반려', '견', '여행', '만', '곳', '생각', '불국사', '교촌', '마을', '화랑']"
경주여행을 가려고 하는데 교촌마을을,https://kin.naver.com/qna/detail.naver?d1id=12&dirId=121102&docId=316609564&qb=6rK97KO87Jes7ZaJ&enc=utf8,경주여행을 가려고 하는데 교촌마을을 갈 예정이라 한복체험을 하려고 하거든요 대릉원에 대여집이 많던데 대릉원 쪽에서 대여해서 교촌마을 갈 수 있나요 안녕하세요 macham입니다 경주시 문의해주셨네요,"['경주', '여행', '교촌', '마을']","['경주', '여행', '교촌', '마을', '예정', '한복', '체험', '대릉원', '집', '대릉원', '쪽', '대여', '교촌', '마을', '수', '경주시', '문의']","['경주', '여행', '교촌', '마을', '경주', '여행', '교촌', '마을', '예정', '한복', '체험', '대릉원', '집', '대릉원', '쪽', '대여', '교촌', '마을', '수', '경주시', '문의']"
경주여행 가려고 하는데요,https://kin.naver.com/qna/detail.naver?d1id=9&dirId=90111&docId=273953244&qb=6rK97KO87Jes7ZaJ&enc=utf8,제목그대로 경주 여행을 가려고 합니다 날짜는 42728일 정도로 1박2일을 생각하고 있어요 가고싶은곳은 주상절리랑 보통 경주여행코스로 대릉원첨성대계림숲안압지를 많이 찾는편이고 이동하기도 좋습니다 그리고보문단지와,"['경주', '여행']","['제목', '경주', '여행', '날짜', '일', '정도', '박', '일', '생각', '곳', '주상', '절리', '보통', '경주', '여행', '코스', '대릉원', '첨성대', '계림', '숲', '안', '압지', '편', '이동', '보문', '단지']","['경주', '여행', '제목', '경주', '여행', '날짜', '일', '정도', '박', '일', '생각', '곳', '주상', '절리', '보통', '경주', '여행', '코스', '대릉원', '첨성대', '계림', '숲', '안', '압지', '편', '이동', '보문', '단지']"
경주 여행 1박 2일,https://kin.naver.com/qna/detail.naver?d1id=9&dirId=901&docId=416345348&qb=6rK97KO87Jes7ZaJ&enc=utf8,질문하신 경주 여행 관련 답변 드리도록 하겠습니다 1박 2일간 경주 여행을 다녀오려고 하시는군요 경주 여행지 중 다녀올만한 여행코스 중에서는 1일차  대릉원 첨성대 황리단길 안압지 2일차  불국사 보문관광단지 이외에도,"['경주', '여행', '박', '일']","['질문', '경주', '여행', '관련', '답변', '박', '일', '간', '경주', '여행', '경주', '여행지', '중', '만', '여행', '코스', '중', '일', '차', '대릉원', '첨성대', '황리', '길', '안압지', '일', '차', '불국사', '보문관광단지', '이외']","['경주', '여행', '박', '일', '질문', '경주', '여행', '관련', '답변', '박', '일', '간', '경주', '여행', '경주', '여행지', '중', '만', '여행', '코스', '중', '일', '차', '대릉원', '첨성대', '황리', '길', '안압지', '일', '차', '불국사', '보문관광단지', '이외']"
가족과 경주여행 싸게가는법 알려주세요,https://kin.naver.com/qna/detail.naver?d1id=12&dirId=121102&docId=130652278&qb=6rK97KO87Jes7ZaJ&enc=utf8,아이들이 있어서 경주여행정도가 어떨까 생각하는데요 알아보니까 경주가는 KTX 너무 비싸요 ㅠ ㅠ 가족 수 도 가족들과 경주여행싸게 가는 노하우 있으면 전수해 주세요 가족과 함께 경주여행 뜻깊겠는걸요 근데 경주가,"['가족', '경주', '여행', '법']","['아이', '경주', '여행', '정도', '생각', '경주', '가족', '수', '도', '가족', '경주', '여행', '노하우', '전수', '가족', '경주', '여행', '경주']","['가족', '경주', '여행', '법', '아이', '경주', '여행', '정도', '생각', '경주', '가족', '수', '도', '가족', '경주', '여행', '노하우', '전수', '가족', '경주', '여행', '경주']"
경주 여행,https://kin.naver.com/qna/detail.naver?d1id=9&dirId=90111&docId=386057618&qb=6rK97KO87Jes7ZaJ&enc=utf8,이렇게 경주 여행 가려고 하는데 경주 버스가 일찍 끊기고 배차 간격도 길더라구요 더 효율적인 여행 계획이 있을까요 ㅠㅠ 안녕하세요 경주 최대 규모와 다양한 놀이 시설로 아이들에게 신나는 시간을 선물하는 히어로,"['경주', '여행']","['경주', '여행', '경주', '버스', '배차', '간격', '효율', '여행', '계획', '안녕', '경주', '최대', '규모', '다양', '놀이', '시설', '아이', '시간', '선물', '히어로']","['경주', '여행', '경주', '여행', '경주', '버스', '배차', '간격', '효율', '여행', '계획', '안녕', '경주', '최대', '규모', '다양', '놀이', '시설', '아이', '시간', '선물', '히어로']"
경주여행갑니다ㅎ,https://kin.naver.com/qna/detail.naver?d1id=8&dirId=81208&docId=435585810&qb=6rK97KO87Jes7ZaJ&enc=utf8,관광지 저렴한곳 부탁드립니다 경주여행갑니다ㅎ답변드릴게요1박2일 일정으로 경주여행 가시고 경주월드에서  하루 코스  경주 남산 정복하기 gt 경주 여행코스 반나절 코스  불국사와 석굴암 관람하기 gt 경주여행의,"['경주', '여행']","['관광지', '곳', '경주', '여행', '답변', '박', '일', '일정', '경주', '여행', '경주', '월드', '하루', '코스', '경주', '남산', '정복', '경주', '여행', '코스', '반나절', '코스', '불국사', '석굴암', '관람', '경주', '행의']","['경주', '여행', '관광지', '곳', '경주', '여행', '답변', '박', '일', '일정', '경주', '여행', '경주', '월드', '하루', '코스', '경주', '남산', '정복', '경주', '여행', '코스', '반나절', '코스', '불국사', '석굴암', '관람', '경주', '행의']"
극P 경주여행 계획짜는거 도와주세요,https://kin.naver.com/qna/detail.naver?d1id=9&dirId=90105&docId=457333484&qb=6rK97KO87Jes7ZaJ&enc=utf8,경주 여행지 추천드리겠습니다 https001soundmakerwebcomentry10EC9B94EAB2BDECA3BCEC9D98EC9E90EC97B0EAB3BCEC9B8CED84B0ED8C8CED81AC https001soundmakerwebcomentry10EC9B94EAB2BD,"['극', '경주', '여행', '계획', '거']","['경주', '여행지', '추천']","['극', '경주', '여행', '계획', '거', '경주', '여행지', '추천']"
추석에 경주여행을 가려고 합니다,https://kin.naver.com/qna/detail.naver?d1id=12&dirId=121102&docId=20839171&qb=6rK97KO87Jes7ZaJ&enc=utf8,추석명절연휴에 2박3일로 경주여행을 떠나요 여름 휴가때 시부모님 인사드린다고 못갔거든요ㅠㅠ 그래서 남편이랑 알차게 경주여행보내고 싶은데 둘다 어릴때 이후로 경주에 간적이 없어서요 우선1박은 경주월드 부근에 있는,"['추석', '경주', '여행']","['추석', '명절', '연휴', '박', '일', '경주', '여행', '여름', '휴가', '때', '시부모', '인사', '남편', '경주', '여행', '때', '이후', '경주', '적', '박', '경주', '월드', '부근']","['추석', '경주', '여행', '추석', '명절', '연휴', '박', '일', '경주', '여행', '여름', '휴가', '때', '시부모', '인사', '남편', '경주', '여행', '때', '이후', '경주', '적', '박', '경주', '월드', '부근']"
제가 아버지와 경주여행을 가는데 갈만,https://kin.naver.com/qna/detail.naver?d1id=9&dirId=90111&docId=373727609&qb=6rK97KO87Jes7ZaJ&enc=utf8,제가 아버지와 경주여행을 가는데 갈만한데가 생각나지가 않네요경주 가볼만한 곳 좀 알려주세요 지식인 계급 영웅을 믿어주세요 안녕하세요 가족이랑 살면서 처음으로 제가 성인이 되고 알바비로 다 같이 쉬는 날에 놀러 갔어여 사실,"['제', '아버지', '경주', '여행', '갈만']","['제', '아버지', '경주', '여행', '데', '만', '데', '경주', '만', '곳', '지식', '계급', '영웅', '가족', '처음', '제', '성인', '알바', '비', '날']","['제', '아버지', '경주', '여행', '갈만', '제', '아버지', '경주', '여행', '데', '만', '데', '경주', '만', '곳', '지식', '계급', '영웅', '가족', '처음', '제', '성인', '알바', '비', '날']"
경주 여행 식당 추천,https://kin.naver.com/qna/detail.naver?d1id=9&dirId=90111&docId=391512062&qb=6rK97KO87Jes7ZaJ&enc=utf8,경주 여행 가는데 경주에서 밖에 못 먹는 음식들 추천 부탁드립니다 황남빵같은 간식도 알려주세요 답변 달아주시는 모든 분들에게 1대1 질문걸어서 내공이랑 채택 모두 드리겠습니다 광고충 아웃 물가지미회 경주보리빵 한우물회 등이,"['경주', '여행', '식당', '추천']","['경주', '여행', '경주', '밖', '음식', '추천', '부탁', '황남빵', '간식', '답변', '분', '대', '질문', '내공', '채택', '고충', '아웃', '물가지', '미회', '경주', '보리', '빵', '한우', '물회', '등']","['경주', '여행', '식당', '추천', '경주', '여행', '경주', '밖', '음식', '추천', '부탁', '황남빵', '간식', '답변', '분', '대', '질문', '내공', '채택', '고충', '아웃', '물가지', '미회', '경주', '보리', '빵', '한우', '물회', '등']"
경주 여행 코스 1박2일 짜주세요,https://kin.naver.com/qna/detail.naver?d1id=9&dirId=901&docId=108777876&qb=6rK97KO87Jes7ZaJ&enc=utf8,친구들과 1박2일 경주 여행갑니다 5월1일2일까지 세커플 6명이 이동합니다 자동차로 움직일거구요 숙소는 보문단지 근처 펜션으로 잡았습니다 고등학교때 가본이후로 가본적이 없어서 쭉 돌아보고 싶어요ㅎㅎ 박물관이랑 불국사랑,"['경주', '여행', '코스', '박', '일']","['친구', '박', '일', '경주', '여행', '월', '일', '일', '커플', '명', '이동', '자동차', '거', '숙소', '보문', '근처', '펜션', '고등학교', '때', '가본', '이후', '가본적', '박물관', '불국사']","['경주', '여행', '코스', '박', '일', '친구', '박', '일', '경주', '여행', '월', '일', '일', '커플', '명', '이동', '자동차', '거', '숙소', '보문', '근처', '펜션', '고등학교', '때', '가본', '이후', '가본적', '박물관', '불국사']"
경주여행코스 알아 보고있는중인데요,https://kin.naver.com/qna/detail.naver?d1id=9&dirId=90111&docId=291241483&qb=6rK97KO87Jes7ZaJ&enc=utf8,안녕하세요 경주여행코스 알아보고 있습니다 경주여행코스 대해 답변좀 부탁드릴게요 경주여행코스  안녕하세요  경주여행코스 잘알아보시고 구매하시면 좋으실것 같은데요,"['경주', '여행', '코스', '중']","['안녕', '경주', '여행', '코스', '경주', '여행', '코스', '답변', '부탁', '경주', '여행', '코스', '안녕', '경주', '여행', '코스', '구매', '것']","['경주', '여행', '코스', '중', '안녕', '경주', '여행', '코스', '경주', '여행', '코스', '답변', '부탁', '경주', '여행', '코스', '안녕', '경주', '여행', '코스', '구매', '것']"
경주 여행가려는데 경유 할 만 한 곳 추천,https://kin.naver.com/qna/detail.naver?d1id=9&dirId=90111&docId=370253407&qb=6rK97KO87Jes7ZaJ&enc=utf8,오늘 경주 여행가는데 장거리라 들려서 잘만한 지역 추천좀요 설마 부산에서 장거리라고 하지는 않을테고 수도권 출발이죠 내려가는 고속도로가 다양해서 그런데 경부고속도로를 타겠다면 김천 직지사 중부내륙고속도로를,"['경주', '여행', '경유', '만', '곳', '추천']","['경주', '여행', '장거리', '지역', '추천', '부산', '장거리', '테', '수도', '출발', '고속도로', '다양', '경부고속도로', '김천', '직지사', '중부', '내륙', '고속도로']","['경주', '여행', '경유', '만', '곳', '추천', '경주', '여행', '장거리', '지역', '추천', '부산', '장거리', '테', '수도', '출발', '고속도로', '다양', '경부고속도로', '김천', '직지사', '중부', '내륙', '고속도로']"
경주 여행가려고 하는데 경주시민님들께 질문,https://kin.naver.com/qna/detail.naver?d1id=9&dirId=90105&docId=395692741&qb=6rK97KO87Jes7ZaJ&enc=utf8,첫 경주 여행이어서요 9월 초까지는 파릇파릇합니다 더 늦게가시면 파릇은 아닐겁니다 파릇한 경주의 모습들을 보고싶으시다면 최대한 빨리 다녀오시길 바랍니다 httpslocalncultureorgg4wix https,"['경주', '여행', '경주', '시민', '질문']","['경주', '여행', '월', '초', '겁니다', '경주', '모습']","['경주', '여행', '경주', '시민', '질문', '경주', '여행', '월', '초', '겁니다', '경주', '모습']"
경주 여행,https://kin.naver.com/qna/detail.naver?d1id=9&dirId=90111&docId=74661470&qb=6rK97KO87Jes7ZaJ&enc=utf8,1박 2일로 경주 여행을 하려고 합니다 혼자 갈꺼구요 월드 같은 놀이시설 말고요 버스로 갈겁니다 버스 타는거랑 가는 길볼만한 유적지 그런 것좀청주에서 출발 할 거거든요 안녕하세요  음 우선 이 글을 쓰는 저는,"['경주', '여행']","['박', '일', '경주', '여행', '꺼', '월드', '놀이', '시설', '말', '고요', '버스', '겁니다', '버스', '거', '길', '만', '유적지', '것', '청주', '출발', '거', '글', '저']","['경주', '여행', '박', '일', '경주', '여행', '꺼', '월드', '놀이', '시설', '말', '고요', '버스', '겁니다', '버스', '거', '길', '만', '유적지', '것', '청주', '출발', '거', '글', '저']"
경주여행이여,https://kin.naver.com/qna/detail.naver?d1id=9&dirId=90111&docId=75543349&qb=6rK97KO87Jes7ZaJ&enc=utf8,10월24일부터 경주여행을 준비중입니다어른2명6살4살아이둘 23일저녁에 경주코오롱1박켄싱턴1박대명1박 으로 일정을 잡으려합니다 여러 지식에서 일정을 봐도 도무지 계획이 안서 질문을 드립니다 제가 가지고 있는 내공 팍팍,"['경주', '여행']","['월', '일', '경주', '여행', '준비', '중', '어른', '명', '살', '살', '아이', '둘', '일', '저녁', '경주', '코오롱', '박', '켄싱', '턴', '박', '대명', '박', '일정', '지식', '일정', '계획', '안서', '질문', '제', '내공']","['경주', '여행', '월', '일', '경주', '여행', '준비', '중', '어른', '명', '살', '살', '아이', '둘', '일', '저녁', '경주', '코오롱', '박', '켄싱', '턴', '박', '대명', '박', '일정', '지식', '일정', '계획', '안서', '질문', '제', '내공']"
경주 여행 시 노후경유차 운행 및 단속,https://kin.naver.com/qna/detail.naver?d1id=9&dirId=90111&docId=436102165&qb=6rK97KO87Jes7ZaJ&enc=utf8,올 설날에 경주여행을 가려고 합니다 출발지는 강원도고 경북 경주로 여행을 가려고 하는데 노후경유차 단속이 되는 지 궁금합니다 1 아직 계절관리제를 실시하고 있어서 불가능한 지 아니면 계절관리제를 미실시로 운행가능한 지,"['경주', '여행', '시', '노후', '경유', '차', '운행', '단속']","['설날', '경주', '여행', '출발지', '강원도', '경북', '경주', '여행', '노후', '경유', '차', '단속', '지', '계절', '관리제', '실시', '가능', '지', '계절', '관리제', '미실', '시', '운행', '가능', '지']","['경주', '여행', '시', '노후', '경유', '차', '운행', '단속', '설날', '경주', '여행', '출발지', '강원도', '경북', '경주', '여행', '노후', '경유', '차', '단속', '지', '계절', '관리제', '실시', '가능', '지', '계절', '관리제', '미실', '시', '운행', '가능', '지']"
경주여행 여기는 꼭 가봐야한다는,https://kin.naver.com/qna/detail.naver?d1id=8&dirId=80101&docId=372816156&qb=6rK97KO87Jes7ZaJ&enc=utf8,경주여행 여기는 꼭 가봐야한다는 곳 있을까용 그외도 많음,"['경주', '여행', '여기']","['경주', '여행', '여기', '곳', '외']","['경주', '여행', '여기', '경주', '여행', '여기', '곳', '외']"
6월2021일 경주여행안내좀,https://kin.naver.com/qna/detail.naver?d1id=9&dirId=90111&docId=74576438&qb=6rK97KO87Jes7ZaJ&enc=utf8,1박2일로 경주여행을 가려고합니다 경기도 시흥에서 아침에 5시에 출발하면 9시이전에 도착해서 관광을 하려는데 중학교때 가보고 안가봐서 어디를 어떻게 돌아야 잘 구경했다고 소문날지 일단 자가용으로 이동을 할생각이고요,"['월', '일', '경주', '여행', '안내']","['박', '일', '경주', '여행', '경기도', '시흥', '아침', '시', '출발', '시', '이전', '도착', '관광', '중학교', '때', '어디', '구경', '소문', '자가용', '이동', '생각']","['월', '일', '경주', '여행', '안내', '박', '일', '경주', '여행', '경기도', '시흥', '아침', '시', '출발', '시', '이전', '도착', '관광', '중학교', '때', '어디', '구경', '소문', '자가용', '이동', '생각']"
40만원으로 경주여행 하기,https://kin.naver.com/qna/detail.naver?d1id=9&dirId=90111&docId=392727517&qb=6rK97KO87Jes7ZaJ&enc=utf8,안녕하세요 친구들3명과 8월에 2박 3일로 경주 여행을 갈려고 하는데요 돈 40만원으로 충분할까요 인당 40인가요 3명 총 40인가요 경주로 오고가는 차비는 어디서 출발하는지 모르니 제외한다고 쳐도 렌트 하고 돌아봐도,"['만', '원', '경주', '여행']","['안녕', '친구', '명', '월', '박', '일', '경주', '여행', '돈', '만', '원', '인', '명', '경주', '차비', '어디', '출발', '제외', '렌트']","['만', '원', '경주', '여행', '안녕', '친구', '명', '월', '박', '일', '경주', '여행', '돈', '만', '원', '인', '명', '경주', '차비', '어디', '출발', '제외', '렌트']"
경주여행문의,https://kin.naver.com/qna/detail.naver?d1id=8&dirId=81003&docId=310257435&qb=6rK97KO87Jes7ZaJ&enc=utf8,안녕하세요 이번 추석 연휴를 활용해 2박 3일로 경주 여행을 계획하고 있어요 네식구 이구요 초등 24학년 아들 둘과 함께해요 보문에서 10분거리에 숙소를 2박으로 우선 잡았구요 아이들이 좀 크다보니 어지간한 곳은 시시하다고해서,"['경주', '여행', '문의']","['안녕', '이번', '추석', '연휴', '활용', '박', '일', '경주', '여행', '계획', '식구', '초등', '학년', '아들', '둘', '보문', '분', '거리', '숙소', '박', '아이', '곳', '시시']","['경주', '여행', '문의', '안녕', '이번', '추석', '연휴', '활용', '박', '일', '경주', '여행', '계획', '식구', '초등', '학년', '아들', '둘', '보문', '분', '거리', '숙소', '박', '아이', '곳', '시시']"
경주 여행코스 데이트,https://kin.naver.com/qna/detail.naver?d1id=9&dirId=90111&docId=432530990&qb=6rK97KO87Jes7ZaJ&enc=utf8,경주역에서부터 내릴 예정 경주 여행코스 데이트답변드릴게요안녕하세요 경주여행 전문 블로거 쭈니아빠입니다  우선 데이트 코스로 경주를 잡으신 건 현명한 선택같습니다 ㅎㅎㅎ 질문하신 경주 당일치기 데이트 여행코스를,"['경주', '여행', '코스', '데이트']","['경주역', '예정', '경주', '여행', '코스', '데이트', '답변', '안녕', '경주', '여행', '전문', '블로거', '쭈니', '아빠', '데이트', '코스', '경주', '건', '현명', '선택', '질문', '경주', '당일', '데이트', '여행', '코스']","['경주', '여행', '코스', '데이트', '경주역', '예정', '경주', '여행', '코스', '데이트', '답변', '안녕', '경주', '여행', '전문', '블로거', '쭈니', '아빠', '데이트', '코스', '경주', '건', '현명', '선택', '질문', '경주', '당일', '데이트', '여행', '코스']"
경주여행을가는데 경주가서 꼭들여할곳,https://kin.naver.com/qna/detail.naver?d1id=9&dirId=90111&docId=345049445&qb=6rK97KO87Jes7ZaJ&enc=utf8,경주여행을가는데 경주가서 꼭들여할곳이랑 꼭먹어야할음식 맛집알려주세요_ 경주가 고향인 식도락 마니아입니다 여행에서 가장 중요한 순위는 맛집투어식도락이고인생의 절반이 먹는 것이라고 누구는 말합니다 과메기와,"['경주', '여행', '경주', '곳']","['경주', '여행', '경주', '곳', '음식', '맛집', '경주', '고향', '식도락', '마니아', '여행', '중요', '순위', '맛집', '투어', '식도락', '인생', '절반', '것', '누구', '말', '과메기']","['경주', '여행', '경주', '곳', '경주', '여행', '경주', '곳', '음식', '맛집', '경주', '고향', '식도락', '마니아', '여행', '중요', '순위', '맛집', '투어', '식도락', '인생', '절반', '것', '누구', '말', '과메기']"
경주 여행코스 질문입니다내공100,https://kin.naver.com/qna/detail.naver?d1id=9&dirId=90111&docId=323151278&qb=6rK97KO87Jes7ZaJ&enc=utf8,안녕하세요 이번에 2박3일간 친구와 경주여행을 계획했는데요 황리단길교촌마을한복첨성대대릉원박물관안압지 이런식으로 루트를 결정했는데 너무 적은것같아서 불국사 석굴암 첨성대 양동마을 도 추가하고싶은데,"['경주', '여행', '코스', '질문', '내공']","['안녕', '이번', '박', '일', '간', '친구', '경주', '여행', '계획', '황리', '길', '교촌', '마을', '한복', '첨성대', '대릉원', '박물관', '안', '압지', '식', '루트', '결정', '것', '불국사', '석굴암', '첨성대', '양동', '마을', '도', '추가']","['경주', '여행', '코스', '질문', '내공', '안녕', '이번', '박', '일', '간', '친구', '경주', '여행', '계획', '황리', '길', '교촌', '마을', '한복', '첨성대', '대릉원', '박물관', '안', '압지', '식', '루트', '결정', '것', '불국사', '석굴암', '첨성대', '양동', '마을', '도', '추가']"
경주 여행코스,https://kin.naver.com/qna/detail.naver?d1id=9&dirId=90111&docId=432970185&qb=6rK97KO87Jes7ZaJ&enc=utf8,알려주세요 경주 여행코스답변드릴게요경주여행코스 추천드립니다  하루 코스  경주 남산 정복하기 gt 경주 여행코스 중에서 많은 분들이 반나절 코스  불국사와 석굴암 관람하기 gt 경주여행의 랜드마크죠 불국사와,"['경주', '여행', '코스']","['경주', '여행', '코스', '답변', '경주', '여행', '코스', '추천', '하루', '코스', '경주', '남산', '정복', '경주', '여행', '코스', '중', '분', '반나절', '코스', '불국사', '석굴암', '관람', '경주', '여행', '랜드마크', '죠', '불국사']","['경주', '여행', '코스', '경주', '여행', '코스', '답변', '경주', '여행', '코스', '추천', '하루', '코스', '경주', '남산', '정복', '경주', '여행', '코스', '중', '분', '반나절', '코스', '불국사', '석굴암', '관람', '경주', '여행', '랜드마크', '죠', '불국사']"
경주여행하려고합니다,https://kin.naver.com/qna/detail.naver?d1id=9&dirId=90111&docId=110955661&qb=6rK97KO87Jes7ZaJ&enc=utf8,제가 경주여행을하려고 하는데요 경주에 거주하시거나 경주를 잘 아시는분있으시면 도와주세요 저도그렇고 여자친구도 직장생활을 하고 있어서 퇴근하고갈지 아침에 출발할지 아직 정하진 않았습니다 전 청주에있고 여자친구는,"['경주', '여행']","['제', '경주', '여행', '경주', '거주', '경주', '분', '저', '여자', '친구', '직장', '생활', '퇴근', '아침', '출발', '청주', '여자', '친구']","['경주', '여행', '제', '경주', '여행', '경주', '거주', '경주', '분', '저', '여자', '친구', '직장', '생활', '퇴근', '아침', '출발', '청주', '여자', '친구']"
경주 여행을 갈려고 하눈데 달동네를,https://kin.naver.com/qna/detail.naver?d1id=9&dirId=901&docId=299805151&qb=6rK97KO87Jes7ZaJ&enc=utf8,경주 여행을 갈려고 하눈데 달동네를 갔다가 블루원스카이 글램핑장을 가거든요 중간에 장을 보고 가야하는데 이 될거같습니다 감사합니다 저는 그옆에있는 한국대중음악박물관이라고 합니다 그럼 즐거운 경주여행 되세요,"['경주', '여행', '데', '달', '동네']","['경주', '여행', '데', '달', '동네', '블루원', '스카이', '글램', '핑장', '중간', '장', '거', '감사', '저', '옆', '한국', '대중', '음악', '박물관', '경주', '여행']","['경주', '여행', '데', '달', '동네', '경주', '여행', '데', '달', '동네', '블루원', '스카이', '글램', '핑장', '중간', '장', '거', '감사', '저', '옆', '한국', '대중', '음악', '박물관', '경주', '여행']"
경주여행안압지 성동시장 관련하여,https://kin.naver.com/qna/detail.naver?d1id=12&dirId=121102&docId=306853130&qb=6rK97KO87Jes7ZaJ&enc=utf8,경주여행안압지 성동시장 관련하여 질문드립니다 다음주 월요일에 경주여행을 가려하는데요 경주시외버스터미널에 도착해서 근처 마트에서 장을 본 후 경주월드 근처의 실라마실펜션에 가려고 합니다 펜션에서 놀다가 저녁에,"['경주', '여행', '압지', '성동', '시장', '관련']","['경주', '여행', '압지', '성동', '시장', '관련', '질문', '다음', '주', '월요일', '경주', '여행', '경주', '시외버스', '터미널', '도착', '근처', '마트', '장', '후', '경주', '월드', '근처', '실라', '펜션', '펜션', '저녁']","['경주', '여행', '압지', '성동', '시장', '관련', '경주', '여행', '압지', '성동', '시장', '관련', '질문', '다음', '주', '월요일', '경주', '여행', '경주', '시외버스', '터미널', '도착', '근처', '마트', '장', '후', '경주', '월드', '근처', '실라', '펜션', '펜션', '저녁']"
혼자 경주여행 가는곳,https://kin.naver.com/qna/detail.naver?d1id=9&dirId=90111&docId=359700078&qb=6rK97KO87Jes7ZaJ&enc=utf8,혼자 경주여행 가는데요 황리단길에서 걸어서 30분 안으로 갈수있는 가까운 곳 있을까요 아니면 버스로 30분 안으로욤 부탁드립니당  황리단길과 천마총대릉원이 담벽하나로 연결되어있구요 대릉원 정문건너편이 첨성대,"['경주', '여행', '곳']","['경주', '여행', '황리', '길', '분', '안', '수', '곳', '버스', '분', '안', '욤', '부탁', '드립', '당', '황리', '길', '천마총', '대릉원', '담벽', '하나', '연결', '대릉원', '정문', '건너편', '첨성대']","['경주', '여행', '곳', '경주', '여행', '황리', '길', '분', '안', '수', '곳', '버스', '분', '안', '욤', '부탁', '드립', '당', '황리', '길', '천마총', '대릉원', '담벽', '하나', '연결', '대릉원', '정문', '건너편', '첨성대']"
경주여행코스,https://kin.naver.com/qna/detail.naver?d1id=12&dirId=121102&docId=332576431&qb=6rK97KO87Jes7ZaJ&enc=utf8,지금경주 여행중인데 더워서 갈곳이 없네요 시원한 볼거리 아시는분 추천좀 해주세요현재 용강동에 있어요 안녕하세요 경주 오푸스11풀빌라입니다 이번에 새롭게 인피니티풀과함께 오픈하였으니 많은이용 부탁드립니다,"['경주', '여행', '코스']","['경주', '여행', '중', '곳', '볼거리', '분', '추천', '용강동', '경주', '오푸스', '풀', '빌라', '이번', '인피니티', '풀', '오픈', '이용', '부탁']","['경주', '여행', '코스', '경주', '여행', '중', '곳', '볼거리', '분', '추천', '용강동', '경주', '오푸스', '풀', '빌라', '이번', '인피니티', '풀', '오픈', '이용', '부탁']"
경주 여행 코스,https://kin.naver.com/qna/detail.naver?d1id=9&dirId=90111&docId=389040354&qb=6rK97KO87Jes7ZaJ&enc=utf8,이번에 경주 여행을 가는데 어떻게 이동하는게 제일 시간을 줄일 수 있을까요 참고로 자차 입니다 장소 주소 경리단길 포석로 1080 대릉원 경주시황남동 국립경주박물관 일정로 186 불국사 진현동 151 월정교 경주시 교동 첨성대,"['경주', '여행', '코스']","['이번', '경주', '여행', '이동', '게', '시간', '수', '참고', '자차', '장소', '주소', '경리', '길', '포석', '대릉원', '경주시', '황남동', '국립', '경주', '박물관', '일정', '불국사', '진현동', '월', '정교', '경주시', '교동', '첨성대']","['경주', '여행', '코스', '이번', '경주', '여행', '이동', '게', '시간', '수', '참고', '자차', '장소', '주소', '경리', '길', '포석', '대릉원', '경주시', '황남동', '국립', '경주', '박물관', '일정', '불국사', '진현동', '월', '정교', '경주시', '교동', '첨성대']"
1박 2일 경주 여행코스 부탁드립니다,https://kin.naver.com/qna/detail.naver?d1id=12&dirId=121102&docId=393486549&qb=6rK97KO87Jes7ZaJ&enc=utf8,80세가 넘으신 이모와 엄마를 모시고 경주 여행을 가려고 하는데요 8월 마지막주에 가려고 합니다 아쉽게도 차가 없습니다 그래서 숙소를 황리단길에 잡고 움직일려고 하는데요 참고로 이모께서 무릎 수술을 하셔서8년전쯤 잘,"['박', '일', '경주', '여행', '코스', '부탁']","['세', '이모', '엄마', '경주', '여행', '월', '마지막', '주', '차', '숙소', '황리', '길', '려고', '참고', '이모', '무릎', '수술', '년', '전']","['박', '일', '경주', '여행', '코스', '부탁', '세', '이모', '엄마', '경주', '여행', '월', '마지막', '주', '차', '숙소', '황리', '길', '려고', '참고', '이모', '무릎', '수술', '년', '전']"
경주여행 버스,https://kin.naver.com/qna/detail.naver?d1id=9&dirId=90111&docId=407571000&qb=6rK97KO87Jes7ZaJ&enc=utf8,1경주여행가서 버스로 이동할려고하는데 배차간격이85분 이런데 진짜그정도인가요 2택시로 이동하는거좀 호구인가요 어디서 타시고 가는지는 모르겠지만 경주시내보문관광단지쪽은 버스가 많이 다닙니다 택시는 비추요,"['경주', '여행', '버스']","['경주', '여행가', '버스', '이동', '배차', '간격', '분', '데', '정도', '택시', '이동', '거', '호구', '어디', '경주', '시내', '보문관광단지', '쪽', '버스', '택시']","['경주', '여행', '버스', '경주', '여행가', '버스', '이동', '배차', '간격', '분', '데', '정도', '택시', '이동', '거', '호구', '어디', '경주', '시내', '보문관광단지', '쪽', '버스', '택시']"
가족들과 함께 경주 여행을 가려고 합니다 여행 코스 및,https://kin.naver.com/qna/detail.naver?d1id=9&dirId=90111&docId=251146774&qb=6rK97KO87Jes7ZaJ&enc=utf8,이렇게는 경주여행 코스에 넣고 싶은데 경주 지리를 잘 경주여행코스나 맛집 잘 아시는 분들은 대중교통과 함께 경주여행을 자주 내려가는데요 질문자님의 답변에 조금 더 도움이 될 것 같은데요 다음주면 경주여행하기,"['가족', '경주', '여행', '여행', '코스']","['경주', '여행', '코스', '경주', '지리', '경주', '여행', '코스', '맛집', '분', '대중교통', '경주', '여행', '문자', '답변', '도움', '것', '다음', '경주', '여행']","['가족', '경주', '여행', '여행', '코스', '경주', '여행', '코스', '경주', '지리', '경주', '여행', '코스', '맛집', '분', '대중교통', '경주', '여행', '문자', '답변', '도움', '것', '다음', '경주', '여행']"
경주여행,https://kin.naver.com/qna/detail.naver?d1id=12&dirId=1211&docId=21191605&qb=6rK97KO87Jes7ZaJ&enc=utf8,경주 여행지 좀 추천해주세요 친구가 보문단지도 가보래서 거기도 가보려고 해요 그리고 추천해주신 여행지를 1 경주 여행지 추천과 여행지 가는 방법 위치 지도 올려주시면 완전 감사 2 펜션 추천 영화관과 가까운 곳이면,"['경주', '여행']","['경주', '여행지', '추천', '친구', '보문', '거기', '추천', '여행지', '경주', '여행지', '추천', '여행지', '방법', '위치', '지도', '완전', '감사', '펜션', '추천', '영화관', '곳']","['경주', '여행', '경주', '여행지', '추천', '친구', '보문', '거기', '추천', '여행지', '경주', '여행지', '추천', '여행지', '방법', '위치', '지도', '완전', '감사', '펜션', '추천', '영화관', '곳']"
혼자 경주여행 일정 추천 부탁드립니다,https://kin.naver.com/qna/detail.naver?d1id=12&dirId=121102&docId=137403882&qb=6rK97KO87Jes7ZaJ&enc=utf8,101102 혼자 경주 여행을 가려고 합니다 남 25세 서울에서 8시 KTX 경주여행이라 가을날 정말 멋지죠 경주여행 관련해서 좀더많은 경주맛집 저도 경주여행 관련해서 도움받았던곳 소개해드릴게요  경주여행맛집 및,"['경주', '여행', '일정', '추천', '부탁']","['혼자', '경주', '여행', '남', '세', '서울', '시', '경주', '여행', '가을', '날', '경주', '여행', '관련', '경주', '맛집', '저', '경주', '여행', '관련', '도움', '곳', '소개', '경주', '여행', '맛집']","['경주', '여행', '일정', '추천', '부탁', '혼자', '경주', '여행', '남', '세', '서울', '시', '경주', '여행', '가을', '날', '경주', '여행', '관련', '경주', '맛집', '저', '경주', '여행', '관련', '도움', '곳', '소개', '경주', '여행', '맛집']"
경주여행코스,https://kin.naver.com/qna/detail.naver?d1id=9&dirId=90111&docId=346373210&qb=6rK97KO87Jes7ZaJ&enc=utf8,경주여행 가려는데 이렇게 다니려면 어떤게 최적인지 짜주세요 ㅠㅠ 신경주역 출발 차 빌려서 이동할거예요 경주가 고향인 식도락 마니아입니다 여행에서 가장 중요한 순위는 맛집투어식도락이고인생의 절반이 먹는 것이라고,"['경주', '여행', '코스']","['경주', '여행', '게', '최적', '신경', '주역', '출발', '차', '이동', '거', '경주', '고향', '식도락', '마니아', '여행', '중요', '순위', '맛집', '투어', '식도락', '인생', '절반', '것']","['경주', '여행', '코스', '경주', '여행', '게', '최적', '신경', '주역', '출발', '차', '이동', '거', '경주', '고향', '식도락', '마니아', '여행', '중요', '순위', '맛집', '투어', '식도락', '인생', '절반', '것']"
2박3일 경주여행,https://kin.naver.com/qna/detail.naver?d1id=9&dirId=90111&docId=363354547&qb=6rK97KO87Jes7ZaJ&enc=utf8,친구랑 같이 경주여행갈건데 경주사시는 분들이나 가보신분들  저희가 버스를 타고 이동할건데 위치상으로나 시간상으로나 괜찮은지 좀 봐주세요 고쳐야할 점이 있거나 추천해주고 싶은 여행지가 있다면 알려주셔도 좋아요,"['박', '일', '경주', '여행']","['친구', '경주', '여행', '건데', '경주', '분', '가보', '신분', '저희', '버스', '이동', '건데', '위치', '시간', '점', '추천', '여행지']","['박', '일', '경주', '여행', '친구', '경주', '여행', '건데', '경주', '분', '가보', '신분', '저희', '버스', '이동', '건데', '위치', '시간', '점', '추천', '여행지']"
당일치기 경주여행,https://kin.naver.com/qna/detail.naver?d1id=9&dirId=901&docId=161049182&qb=6rK97KO87Jes7ZaJ&enc=utf8,내일 당일치기로 경주여행을 가려고 합니다 경주는 어릴때 경주문화엑스포에 한번가본거 외엔 한번도 가본적이 없어서 어디를 가봐야할지 교통편은 자차이용할거구요아침910시사이 경주 도착할거같은데 여행코스를 어떻게,"['당일치기', '경주', '여행']","['당일치기', '경주', '여행', '경주', '때', '경주', '문화엑스포', '번', '거', '외', '번', '가본적', '어디', '교통편', '자차', '이용', '거', '아침', '시', '사이', '경주', '도착', '거', '여행', '코스']","['당일치기', '경주', '여행', '당일치기', '경주', '여행', '경주', '때', '경주', '문화엑스포', '번', '거', '외', '번', '가본적', '어디', '교통편', '자차', '이용', '거', '아침', '시', '사이', '경주', '도착', '거', '여행', '코스']"
경주여행 질문이요,https://kin.naver.com/qna/detail.naver?d1id=12&dirId=121102&docId=21113842&qb=6rK97KO87Jes7ZaJ&enc=utf8,경주여행을 계획중입니다 지금까지 두번 가보았습니다만 단체로 가는게 아니라 이번에는 혼자 가볼 생각입니다 가보니까 경주가 좋더군요 제가 역사를 좋아해서 그런지 자세히 보고 느낄게 많은 곳이라 느꼈습니다 아무래도,"['경주', '여행', '질문']","['경주', '여행', '계획', '중', '지금', '번', '단체', '게', '이번', '생각', '경주', '제', '역사', '게', '곳']","['경주', '여행', '질문', '경주', '여행', '계획', '중', '지금', '번', '단체', '게', '이번', '생각', '경주', '제', '역사', '게', '곳']"
경주여행 질문좀요,https://kin.naver.com/qna/detail.naver?d1id=9&dirId=9&docId=201179894&qb=6rK97KO87Jes7ZaJ&enc=utf8,당일치기로 혼자 경주여행을 다녀오려고 하는데요 갈때 케이티엑스타고 일곱시사십분에 서경주역도착해서 구경하다가 올땐 시외버스터미널에서 다섯시십분 버스를 탈 예정이에요 시간이 많지 않은만큼 관광지를,"['경주', '여행', '질문']","['당일', '경주', '여행', '때', '케이티엑스', '일곱', '시', '사', '십', '분', '서경', '주역', '도착', '구경', '땐', '시외버스', '터미널', '다섯', '시', '십', '분', '버스', '예정', '시간', '만큼', '관광지']","['경주', '여행', '질문', '당일', '경주', '여행', '때', '케이티엑스', '일곱', '시', '사', '십', '분', '서경', '주역', '도착', '구경', '땐', '시외버스', '터미널', '다섯', '시', '십', '분', '버스', '예정', '시간', '만큼', '관광지']"
경주 여행코스좀 짜주세요,https://kin.naver.com/qna/detail.naver?d1id=9&dirId=90111&docId=74683563&qb=6rK97KO87Jes7ZaJ&enc=utf8,군대 가기 전에 아르바이트 해서 모은돈으로 경주여행을 떠날가 생각중입니다 여기는 경기도 여주구여 도움주세요 경주 여행코스좀 알려주세요 좋은 답변 부탁드리구요좋은 하루 되세요 여주에서 차를가지고 온다면,"['경주', '여행', '코스']","['군대', '전', '아르바이트', '돈', '경주', '여행', '생각', '중', '여기', '경기도', '여주', '구여', '도움', '주세요', '경주', '여행', '코스', '답변', '부탁', '하루', '여주', '차']","['경주', '여행', '코스', '군대', '전', '아르바이트', '돈', '경주', '여행', '생각', '중', '여기', '경기도', '여주', '구여', '도움', '주세요', '경주', '여행', '코스', '답변', '부탁', '하루', '여주', '차']"
