title,link,description
전주 가볼만한곳 추천 받아요,https://kin.naver.com/qna/detail.naver?d1id=9&dirId=901&docId=486096029&qb=7KCE7KO87Jes7ZaJ&enc=utf8,추억의 7080 다양한체험 7080감성 추억여행 테마박물관 유익한시간 2 전북 전북투어패스 통합이용권 전북핫플 여러여행지 다양한체험 카페이용추가 전주여행필수 편안하고 즐거운 날이 되시길 바라겠습니다 감사합니다
전주여행갈려고하는데요,https://kin.naver.com/qna/detail.naver?d1id=9&dirId=90110&docId=472294467&qb=7KCE7KO87Jes7ZaJ&enc=utf8,전주여행을 갈려고하는데요아는사람과 갈려고하는데 호텔은 좋은가격에 정했고 음2박3일여행인데 얼마정도갖고가면좋을까요그리고 맛집같은거 카페같은거 추천해주세요 안녕하세요 전주 여행 계획 중이시네요 한옥마을 근처
전주 1박 2일 여행 관련 질문,https://kin.naver.com/qna/detail.naver?d1id=9&dirId=90110&docId=483471047&qb=7KCE7KO87Jes7ZaJ&enc=utf8,전주 여행을 계획하고 계시다니 정말 좋은 선택을 하셨네요 전주는 한옥마을과 함께 멋진 자연경관 맛있는 음식이 가득한 동네이니 정말 즐거운 시간을 보낼 수 있을 거예요 우선 한옥마을 근처에서 가볼 수 있는 장소로는
중2 여학생 친구와 전주여행,https://kin.naver.com/qna/detail.naver?d1id=9&dirId=90110&docId=480969931&qb=7KCE7KO87Jes7ZaJ&enc=utf8,안녕하세요중 215살여학생입니다친한친구와 둘이서 전주 여행을 가기로 했는데 어디로 가야할지를 몰라서 너무 막막합니다ㅜ저희 둘다 일본 애니를 너무 좋아하는데전주에 오타쿠들이 갈만할 곳 있을까요제발 알려주세요ㅜㅜ
부모닝 모시고 전주여행,https://kin.naver.com/qna/detail.naver?d1id=9&dirId=90110&docId=480179536&qb=7KCE7KO87Jes7ZaJ&enc=utf8,부모님 모시고 전주여행가려는데 명소 식당 추천부탁드립니다  전주는 한옥마을로 유명한 완산구가 있으며 덕진구 또한 멋진 추억을 가진 장소가 많이
2박3일 전주여행,https://kin.naver.com/qna/detail.naver?d1id=9&dirId=90110&docId=475523884&qb=7KCE7KO87Jes7ZaJ&enc=utf8,이번주 토월 2박3일 여자친구와 전주여행을 가는데 여행경로 좀 알려주세요 토요일엔 비가 온다고 하는데 실내데이트 가능한곳도 알려주시면 감사하겠습니다 ㅎㅎ 숙소는 전주한옥마을 근처에 잡았습니다 토 한옥마을 구경 후
전주 1박2일 여행,https://kin.naver.com/qna/detail.naver?d1id=12&dirId=121305&docId=483476433&qb=7KCE7KO87Jes7ZaJ&enc=utf8,저녁엔 전주천 산책길 따라 걷거나 한옥마을 근처에서 야경 즐기시는 것도 너무 좋답니다  혹시 일정이나 관심 있는 테마사진 카페 체험 등 더 알려주시면 맞춤 추천도 해드릴 수 있어요 즐거운 전주 여행 되시길 바랄게요 quot quot
전주 여행코스 추천이요,https://kin.naver.com/qna/detail.naver?d1id=9&dirId=90110&docId=442151278&qb=7KCE7KO87Jes7ZaJ&enc=utf8,영화제 기간 일정으로 2박3일 전주여행 좀 가볼까 해서요 여행코스 추천 좀 해주세요 어차피 주목적은 전주국제영화제니까 많은 곳을 둘러보지는 못할거에요 그냥 전주하면 꼭 가볼만한 곳 알짜배기만 추천해주세욜 전주
전주 여행,https://kin.naver.com/qna/detail.naver?d1id=9&dirId=90110&docId=472340028&qb=7KCE7KO87Jes7ZaJ&enc=utf8,전주로 커플여행 가려고 하는데 추천 좀 해주세요 숙소는 잡았고 놀거리랑 맛집 등등 추천 해주시면 감사하겠습니다 한옥마을은 갈겁니다 답변이 도움되셨으면 좋겠습니다 한옥마을 전주한옥마을 전주 맛집 전주 놀거리 전주 여행 추천
추석 전주여행,https://kin.naver.com/qna/detail.naver?d1id=9&dirId=90110&docId=474841714&qb=7KCE7KO87Jes7ZaJ&enc=utf8,1618일 전주로 여행 가려고 하는데 그때 한옥마을같은 관광지들은 문 닫을까요 추석당일은 문을 닫습니다 전주에도 이벤트가 진행중입니다 827 화  1013 일 한국관광공사에서 숙박세일 페스타 이벤트가 진행중입니다 3만원
전주 여행 전연령 렌트카 추천,https://kin.naver.com/qna/detail.naver?d1id=8&dirId=8110203&docId=477031265&qb=7KCE7KO87Jes7ZaJ&enc=utf8,이번에 전주 여행 2박3일로 가는 저는 21살 만으로 만 19세입니다 전주 전연령 자동차 추천좀 부탁드리겠습니다 그리고 가격도 2일 렌트하면 총 어느정도 나올까요 전주에서 21세 이상 렌트 가능한 자동차를 찾아보세요 가격은
전주포항 여행,https://kin.naver.com/qna/detail.naver?d1id=9&dirId=90110&docId=480520103&qb=7KCE7KO87Jes7ZaJ&enc=utf8,전주에서 포항까지 여행 기차가 나을까요 버스가 나을까요 안녕하세요 전주에서 포항까지 여행을 할 때 기차와 버스 각각 장단점이 있으므로 어떤 방법이 더 나은지 결정하는 데 있어 몇 가지 요소를 고려할 필요가 있습니다 1
전주펜션 한옥으로 된곳이요,https://kin.naver.com/qna/detail.naver?d1id=9&dirId=9011403&docId=474260729&qb=7KCE7KO87Jes7ZaJ&enc=utf8,이번에 남자친구랑 같이 2박3일 전주여행 가기로해서 얼른 전주펜션 알아봐야하는데 한옥마을 근처나 한옥느낌 나는 전주펜션 쪽으로 갈만한데 없을까요 내부는 정감있는 분위기면 다 좋을 것 같아요ㅋㅋ 빠른답변 꼭 부탁드랴용ㅠ
전주 여행,https://kin.naver.com/qna/detail.naver?d1id=9&dirId=90110&docId=480354904&qb=7KCE7KO87Jes7ZaJ&enc=utf8,주세요  전주는 한옥마을로 유명한 완산구가 있으며 덕진구 또한 멋진 추억을 가진 장소가 많이 있습니다 완산구 덕진구에 대해서 여행지를
전주 뚜벅이 여행,https://kin.naver.com/qna/detail.naver?d1id=9&dirId=90110&docId=483457492&qb=7KCE7KO87Jes7ZaJ&enc=utf8,5월달에 엄마랑 전주로 뚜벅이 여행 계획중인데 답변 부탁 드려요 1 기차랑 고속버스 중에 어떤걸 타는게 좋을까요 2 전주에 도착해서 관광 할때 이용할 수 있는 교통수단은 어떤게 있을까요 3숙소 추천도 부탁드려요 서울
전주 당일치기 여행요,https://kin.naver.com/qna/detail.naver?d1id=9&dirId=90110&docId=480835916&qb=7KCE7KO87Jes7ZaJ&enc=utf8,어렵네요 전주 당일치기 여행을 계획 중이시군요 전주역에서 한옥마을까지 가는 방법과 당일치기 코스를 알려드릴게요 전주역에서 한옥마을까지 가는 방법으로는 택시와 버스가 있어요 전주역에서 한옥마을까지 택시를
전주여행 2박3일 경비,https://kin.naver.com/qna/detail.naver?d1id=9&dirId=90109&docId=471097881&qb=7KCE7KO87Jes7ZaJ&enc=utf8,보통 전주여행 2박3일 경비가 얼마정도 드나요 숙소는 1박에 13만원인데를 가려고 하는데 비싼건가요 질문에 도움이 되는 답변이 되셨길 바래요 2박3일 전주여행 예산 30만원 내외 숙소 13만원은 적당합니다
1박2일 전주 커플여행,https://kin.naver.com/qna/detail.naver?d1id=9&dirId=90110&docId=461495433&qb=7KCE7KO87Jes7ZaJ&enc=utf8,전주 여행에 대해 도움을 드릴게요 1 남자친구의 차를 이용할지 KTX를 이용할지에 대해서는 여러 가지 요소를 고려해보셔야 합니다 만약 교통체증이 예상되는 날짜라면 KTX를 이용하는 것이 편할 수 있습니다 또한 남자친구의
남해전주 여행,https://kin.naver.com/qna/detail.naver?d1id=9&dirId=90110&docId=461982007&qb=7KCE7KO87Jes7ZaJ&enc=utf8,남해전주 여행 가려는데 여행지와 맛집 추천좀 해주세요 보리암다랭이굴독일마을전주 한옥마을빼고 두세개씩5명이서 갈곳맛집 빨리추천해주세요 앞에 말했던곳은 갈꺼라서 추천안해주셔도 됩니다 전주여행 전주맛집
전주여행 갈곳 추천,https://kin.naver.com/qna/detail.naver?d1id=12&dirId=121305&docId=484366658&qb=7KCE7KO87Jes7ZaJ&enc=utf8,전주여행 전주맛집 국내여행 전주달봉이 달봉티비 전주여행코스 전주가볼만한곳 여수여행 여수가볼만한곳 제주도여행 제주도가볼만한곳 여행 전문 인플루언서 전주달봉이입니다 전주여행코스는 한옥마을에서부터
전주여행 1박2일 코스질문요,https://kin.naver.com/qna/detail.naver?d1id=9&dirId=90110&docId=464365893&qb=7KCE7KO87Jes7ZaJ&enc=utf8,코스한번짜주실분 전라도쪽은 저도여행을간적이없어서ㅠ 전주여행 전주맛집 국내여행 전주달봉이 달봉티비 전주여행코스 전주가볼만한곳 여수여행 여수가볼만한곳 제주도여행 제주도가볼만한곳 여행 전문 인플루언서
전주여행 3일,https://kin.naver.com/qna/detail.naver?d1id=9&dirId=90110&docId=461053318&qb=7KCE7KO87Jes7ZaJ&enc=utf8,전주여행 3일 간다면 여행 총 비용이 얼마 나올까요 전주 여행의 총 비용은 여러 요소에 따라 달라지지만 일반적으로 다음과 같은 항목들이 포함됩니다 1 교통비 전주까지 이동하기 위한 교통비용이 있을 것입니다 이는 여행하는
전주여행코스,https://kin.naver.com/qna/detail.naver?d1id=9&dirId=90110&docId=485639059&qb=7KCE7KO87Jes7ZaJ&enc=utf8,전주여행 전주맛집 국내여행 전주달봉이 달봉티비 전주여행코스 전주가볼만한곳 여수여행 여수가볼만한곳 제주도여행 제주도가볼만한곳 여행 전문 인플루언서 전주달봉이입니다 전주여행코스는 한옥마을에서부터 시작을
전주 당일치기 혼자 여행 코스 추천,https://kin.naver.com/qna/detail.naver?d1id=9&dirId=90110&docId=483615087&qb=7KCE7KO87Jes7ZaJ&enc=utf8,박물관미술관지역 공간을 스토리로 엮어 안내하는 해설형 문화 코스  노쇼 방지를 위해 5천원 예약금만 결제하고 현장에서 5천천 원 상당 음료 기프티콘으로 환급  선착순 마감이라 전주 여행 계획 있으신 분들은
전주여행 차가 필요한가요,https://kin.naver.com/qna/detail.naver?d1id=9&dirId=90110&docId=482799629&qb=7KCE7KO87Jes7ZaJ&enc=utf8,안녕하세요 1박2일 전주여행 계획중입니다 서울에서 전주까지는 기차를타고갈건데 전주내에서 렌트를 해야할지 궁금합니다 참고로 전주한옥마을 포함해서 유명 관광지만 돌아볼계획입니다 전주여행 전주맛집 국내여행
전주여행,https://kin.naver.com/qna/detail.naver?d1id=9&dirId=90110&docId=473332244&qb=7KCE7KO87Jes7ZaJ&enc=utf8,전주여행 전주맛집 국내여행 전주달봉이 달봉티비 전주여행코스 전주가볼만한곳 여수여행 여수가볼만한곳 제주도여행 제주도가볼만한곳 여행 전문 인플루언서 전주달봉이입니다 전주는 대중교통이나 택시 이용하시는걸
전주 완주 여행,https://kin.naver.com/qna/detail.naver?d1id=9&dirId=90110&docId=456754318&qb=7KCE7KO87Jes7ZaJ&enc=utf8,전주여행 전주맛집 국내여행 전주달봉이 달봉티비 전주여행코스 전주가볼만한곳 여수여행 여수가볼만한곳 제주도여행 제주도가볼만한곳 여행 전문 인플루언서 전주달봉이입니다 완주 어느쪽을 여행하느냐에 따라
전주 3박4일 여행,https://kin.naver.com/qna/detail.naver?d1id=9&dirId=90110&docId=459258161&qb=7KCE7KO87Jes7ZaJ&enc=utf8,부탁드립니다 ㅜㅜ 전주여행 전주맛집 국내여행 전주달봉이 달봉티비 전주여행코스 전주가볼만한곳 여수여행 여수가볼만한곳 제주도여행 제주도가볼만한곳 여행 전문 인플루언서 전주달봉이입니다 전주여행코스는
전주여행코스좀짜주세요ㅜㅜ,https://kin.naver.com/qna/detail.naver?d1id=12&dirId=121305&docId=465655085&qb=7KCE7KO87Jes7ZaJ&enc=utf8,전주여행코스를 짜드릴 수 있습니다 전주는 역사적인 유적지와 전통문화가 빛나는 곳으로 유명한데요 먼저 전주한옥마을을 방문하시면 한옥의 아름다움을 느낄 수 있습니다 여행의 시작지라고 할 수 있는 전주한옥마을에서
전주여행 대중교통이랑 렌트카중 어떤게 좋을까요,https://kin.naver.com/qna/detail.naver?d1id=9&dirId=90110&docId=477694429&qb=7KCE7KO87Jes7ZaJ&enc=utf8,전주여행때 움직이기 차가 편할지 대중교통이 편할지 알려주세요 교통 상황이 어떤지 궁금합니다 전주여행 전주맛집 국내여행 전주달봉이 달봉티비 전주여행코스 전주가볼만한곳 여수여행 여수가볼만한곳 제주도여행
전주 여행,https://kin.naver.com/qna/detail.naver?d1id=12&dirId=121305&docId=457210792&qb=7KCE7KO87Jes7ZaJ&enc=utf8,전주 여행을 가시려하는군요 그렇다면 전주에서 연인들이 제일 많이 찾는 곳들 추천해드리겠습니다 전주한옥마을 전주동물원 한국도로공사수목원 전주향교 덕진공원
전주여행 관련,https://kin.naver.com/qna/detail.naver?d1id=9&dirId=90110&docId=469137468&qb=7KCE7KO87Jes7ZaJ&enc=utf8,전주여행 전주맛집 국내여행 전주달봉이 달봉티비 전주여행코스 전주가볼만한곳 여수여행 여수가볼만한곳 제주도여행 제주도가볼만한곳 여행 전문 인플루언서 전주달봉이입니다 주말인지 평일인지에 따라다릅니다
전주 여행 가려고 하는데 1박2일vs2박3일,https://kin.naver.com/qna/detail.naver?d1id=9&dirId=901&docId=465668786&qb=7KCE7KO87Jes7ZaJ&enc=utf8,어떤게 적당할지 추천 좀 해주세요 전주여행 전주맛집 국내여행 전주달봉이 달봉티비 전주여행코스 전주가볼만한곳 여수여행 여수가볼만한곳 제주도여행 제주도가볼만한곳 여행 전문 인플루언서 전주달봉이입니다
전주 여행,https://kin.naver.com/qna/detail.naver?d1id=9&dirId=90110&docId=449461461&qb=7KCE7KO87Jes7ZaJ&enc=utf8,이번주에 전주 여행 1박 2일로 처음 가는데 가볼데 추천 좀 해주세요 걷기 좋은데 위주로요 걷는 거 좋아해요 트레킹 좋아해요 전주여행을 계획중이시군요 전주에는 다양한 볼거리들과
전주 2박3일 3명 여행 1인 경비,https://kin.naver.com/qna/detail.naver?d1id=12&dirId=121305&docId=480452158&qb=7KCE7KO87Jes7ZaJ&enc=utf8,식비랑 교통비 감이 안잡혀서요 술은 마실건데 많이 안마셔서 술값으로는 한번마실 때 만원씩 쓸거같아요 전주여행 전주맛집 국내여행 전주달봉이 달봉티비 전주여행코스 전주가볼만한곳 여수여행 여수가볼만한곳
전주 2박3일여행 비용,https://kin.naver.com/qna/detail.naver?d1id=9&dirId=90110&docId=441096616&qb=7KCE7KO87Jes7ZaJ&enc=utf8,전주여행 전주맛집 국내여행 전주달봉이 달봉티비 전주여행코스 전주가볼만한곳 여수여행 여수가볼만한곳 제주도여행 제주도가볼만한곳 여행 전문 인플루언서 전주달봉이입니다 한옥마을은 입장료는 따로없습니다 기본
친구랑 전주여행,https://kin.naver.com/qna/detail.naver?d1id=12&dirId=121305&docId=452584751&qb=7KCE7KO87Jes7ZaJ&enc=utf8,친구랑 첫 전주여행을 가보려고 합니다 가볼만한곳호텔맛집 추천해주세요 호텔은 시설이 괜찮고 깨끗했으면 좋겠어요 한옥이어도 괜찮아요 침대가 있는곳이면 더 좋겠어요 맛집은 양식중식일식 상관없습니다 비용도 1인당
2박3일 전주 크리스마스 여행,https://kin.naver.com/qna/detail.naver?d1id=9&dirId=90110&docId=459344814&qb=7KCE7KO87Jes7ZaJ&enc=utf8,전주여행 전주맛집 국내여행 전주달봉이 달봉티비 전주여행코스 전주가볼만한곳 여수여행 여수가볼만한곳 제주도여행 제주도가볼만한곳 여행 전문 인플루언서 전주달봉이입니다 전주여행코스는 한옥마을에서부터 시작을
1박2일 전주여행,https://kin.naver.com/qna/detail.naver?d1id=12&dirId=121305&docId=407203201&qb=7KCE7KO87Jes7ZaJ&enc=utf8,질문하신 전주 여행일정 관련 답변 드리도록 하겠습니다 여행가실 때 계획짜기 너무 귀찮죠ㅠㅠ 제가 전주에서 즐길 수 있는 1박 2일 여행을 준비해 보았어요 아래 일정을 참고해 보시고 즐거운 여행되시길 바라요 1일차
초등 6학년 210명 전주 일대 1박2일 수학여행 코스,https://kin.naver.com/qna/detail.naver?d1id=9&dirId=90110&docId=466708706&qb=7KCE7KO87Jes7ZaJ&enc=utf8,전주 관광에 달인이신 전주달봉이님께서 코스 추천을 해 주시면 대단히 감사드리겠습니다 전주여행 전주맛집 국내여행 전주달봉이 달봉티비 전주여행코스 전주가볼만한곳 여수여행 여수가볼만한곳 제주도여행
1박2일 전주 혼자 여행 코스,https://kin.naver.com/qna/detail.naver?d1id=9&dirId=90110&docId=432699551&qb=7KCE7KO87Jes7ZaJ&enc=utf8,질문하신 전주 여행정보 정리해봤습니다 참고해주세요 ㅎ 전주에서 가볼만한 곳 덕진공원추천 덕진공원이 전주터미널에서 가장 가까운 곳이에요 산책하기에 좋은 호수공원이에요 덕진공원을 생략하고 곧바로 남부시장과
전주여행 갈곳 전시회 추천,https://kin.naver.com/qna/detail.naver?d1id=9&dirId=90110&docId=438462586&qb=7KCE7KO87Jes7ZaJ&enc=utf8,제가 이번달 말에 남자친구랑 전주여행을 가는데요 전주한옥마을만 가기엔 그래서 갈만한 곳 공방 전시회같은거 있음 추천부탁드려요ㅠㅠ 안녕하세요 질문하신 전주여행 관련 답변 드리도록 하겠습니다 전주로 놀러가시나 봅니다
전주여행 코스 추천,https://kin.naver.com/qna/detail.naver?d1id=12&dirId=121305&docId=261431923&qb=7KCE7KO87Jes7ZaJ&enc=utf8,안녕하세요 여자친구랑 전주여행을 갈예정인데 숙소를 전주 더클래식호텔로 잡고 1박2일 일정으로 여행을 가게되었습니다 근데 금요일 오후 5시쯤 전주에 도착예정이고 자가차가 없어 이동수단을 대중교통과 택시로 할예정입니다
전주 여행,https://kin.naver.com/qna/detail.naver?d1id=12&dirId=121305&docId=454611584&qb=7KCE7KO87Jes7ZaJ&enc=utf8,각각 거리가 가까운지 알고싶어요 추석에 여행예정입니다 그외 갈만한곳 추천해주세요 전주여행 전주맛집 국내여행 전주달봉이 달봉티비 전주여행코스 전주가볼만한곳 여수여행 여수가볼만한곳 제주도여행
전주여행 갈만한곳있을까요,https://kin.naver.com/qna/detail.naver?d1id=9&dirId=90110&docId=467434913&qb=7KCE7KO87Jes7ZaJ&enc=utf8,전주여행 전주맛집 국내여행 전주달봉이 달봉티비 전주여행코스 전주가볼만한곳 여수여행 여수가볼만한곳 제주도여행 제주도가볼만한곳 여행 전문 인플루언서 전주달봉이입니다 전주여행코스는 한옥마을에서부터
전주 여행코스,https://kin.naver.com/qna/detail.naver?d1id=9&dirId=90110&docId=402381652&qb=7KCE7KO87Jes7ZaJ&enc=utf8,전주여행일정에 질문자님께서 봐둔 곳 모두 반양하기에 시간상 무리가 있을 거 같아 꼭 가고 싶은 곳을 넣어 일정을 만들어 보았습니다 1일차 가운데집점심  전주한지박물관관광  전주수목원관광  오목대관광  교동다윈
전주여행 추천 부탁 드립니다,https://kin.naver.com/qna/detail.naver?d1id=12&dirId=121305&docId=438620129&qb=7KCE7KO87Jes7ZaJ&enc=utf8,2월 1213일에 전주 여행 할려구 합니다 1박2일 가볼만한곳이랑 맛집 추천 부탁드립니다 감사합니다 전주맛집 여행 전주달봉이 달봉티비 전주여행코스 전주가볼만한곳 여행 인플루언서 전주달봉이입니다 전주여행
강아지와함께 전주여행 가능한곳ㅜ,https://kin.naver.com/qna/detail.naver?d1id=9&dirId=90110&docId=454069765&qb=7KCE7KO87Jes7ZaJ&enc=utf8,전주여행갈껀데요ㅜ 강아지 같이 동반할꺼라서요ㅜ 혹시 강아지같이 갈수있는곳좀 알려주세요 맛집이랑 관광징ᆢㄷ 반려동물 1등 여행앱 반려생활입니다   하늘이 맑은 가을에 전주 여행을 떠나시는군요 강아지랑 함께 더 좋은 추억
광주에서 전주 2박3일 여행,https://kin.naver.com/qna/detail.naver?d1id=9&dirId=90110&docId=441966752&qb=7KCE7KO87Jes7ZaJ&enc=utf8,감사하겠습니다 전주여행 전주맛집 국내여행 전주달봉이 달봉티비 전주여행코스 전주가볼만한곳 여수여행 여수가볼만한곳 제주도여행 제주도가볼만한곳 여행 전문 인플루언서 전주달봉이입니다 버스터미널에서 내리셔서
전주여행코스 좀 짜주세요,https://kin.naver.com/qna/detail.naver?d1id=9&dirId=90110&docId=407277228&qb=7KCE7KO87Jes7ZaJ&enc=utf8,질문하신 전주 여행일정 관련 답변 드리도록 하겠습니다 친정 어머니와 딸과 다 함께 하는 여행 듣기만 해도 설레네요 아래 세 분께서 모두 즐길 수 있는 여행 일정을 준비해 보았어요 참고해 보시고 여행에 도움 되셨으면
추천해주세요 전주 당일치기 여행,https://kin.naver.com/qna/detail.naver?d1id=9&dirId=90110&docId=441175638&qb=7KCE7KO87Jes7ZaJ&enc=utf8,추천해주세요 전주 당일치기 여행 전주여행 전주맛집 국내여행 전주달봉이 달봉티비 전주여행코스 전주가볼만한곳 여수여행 여수가볼만한곳 제주도여행 제주도가볼만한곳 여행 전문 인플루언서 전주달봉이입니다
전주여행팀조뮤ㅠ,https://kin.naver.com/qna/detail.naver?d1id=6&dirId=60203&docId=465427767&qb=7KCE7KO87Jes7ZaJ&enc=utf8,전주여행1박2일가는데가기좋은곳이랑맛집좀알려주세요 안녕하세요 서울지방변호사회 소속으로 지식iN 법률상담을 진행하고 있는 김선용 변호사입니다 알아보는것이 어려우시다면 인스타그램에 전주라고 검색 하셔서
전주 한옥마을 여행준비중입니다,https://kin.naver.com/qna/detail.naver?d1id=9&dirId=90110&docId=475632922&qb=7KCE7KO87Jes7ZaJ&enc=utf8,대여는 천차만별입니다 기본 금액은 10000원 부터시작합니다 시간과 한복에따라서 가격이다릅니다 전주여행 전주맛집 국내여행 전주달봉이 달봉티비 전주여행코스 전주가볼만한곳 여수여행 여수가볼만한곳 제주도여행
고등학교친구들과 전주여행 당일치기,https://kin.naver.com/qna/detail.naver?d1id=9&dirId=90110&docId=466553507&qb=7KCE7KO87Jes7ZaJ&enc=utf8,지금 고등학교3학년 친구들과 함께 4월달에 전주여행을 당일치기로 갈 예정인데 부모님께 뭐라고 말씀드리면 허락을 받을수 있을까요ㅠㅠ 고등학교 시절 친구들과의 소중한 추억을 만들기 위해 전주 여행을 다녀오기로 했습니다 전주는
전주로 휴가갈건데 여행코스 추천해주세요,https://kin.naver.com/qna/detail.naver?d1id=8&dirId=8110301&docId=450793606&qb=7KCE7KO87Jes7ZaJ&enc=utf8,위의 일정은 참고용으로 제시한 것이며 여행 일정에 따라 조정할 수 있습니다 또한 음식점의 웨이팅 시간은 방문 시간과 요일에 따라 달라질 수 있으니 참고해주세요 즐거운 전주 여행 되시길 바랍니다
여자2명이서2박3일로 전주여행질문,https://kin.naver.com/qna/detail.naver?d1id=9&dirId=901&docId=228331353&qb=7KCE7KO87Jes7ZaJ&enc=utf8,2박 3일로 전주를 여행하신다면 다음과 같은 일정을 추천해드립니다 Day 1  전주한옥마을 전통 한옥 건물과 전통 문화를 경험할 수 있는 곳입니다  전주향교 조선시대 교육기관인 향교를 볼 수 있습니다  전주남부시장 전주의
전주 여행코스 짜주세요 많이 급합니다,https://kin.naver.com/qna/detail.naver?d1id=12&dirId=121305&docId=430866279&qb=7KCE7KO87Jes7ZaJ&enc=utf8,안녕하세요가족여행으로 전주에 놀러가려는데요 당장 이번주 금요일에 가는데 어딜갈지 몰라서 숙소는 라한호텔로 잡았고 한옥마을 쪽을 가고 싶은데 별로 걷지 않으면서 카페투어는 아닌 여행코스 짜주실 수 있나요 호캉스로
전주 1박2일 여행,https://kin.naver.com/qna/detail.naver?d1id=9&dirId=90110&docId=444409591&qb=7KCE7KO87Jes7ZaJ&enc=utf8,대둔산 케이블카 주말에 사람많겠죠ㅠ 괜찮은 코스 추천해주세요 전주여행 전주맛집 국내여행 전주달봉이 달봉티비 전주여행코스 전주가볼만한곳 여수여행 여수가볼만한곳 제주도여행 제주도가볼만한곳 여행 전문
전주 여행코스,https://kin.naver.com/qna/detail.naver?d1id=12&dirId=121305&docId=432706708&qb=7KCE7KO87Jes7ZaJ&enc=utf8,이미 전주여행을 마치고 복귀하셨을 것 같네요  저희도 지난주에 당일코스로 전주에 다녀왔는데요 주말이라서 그런지 차들도 많고 관광지에는 사람들도 많아서 생각처럼 많이 둘러보지 못해서 아쉽더라고요 최소한 1박2일
전주 한옥마을 당일치기 여행 질문,https://kin.naver.com/qna/detail.naver?d1id=9&dirId=90110&docId=439825862&qb=7KCE7KO87Jes7ZaJ&enc=utf8,전주여수제주도맛집 여행 전주달봉이 달봉티비 전주여행코스 전주가볼만한곳 여수여행 여수가볼만한곳 제주도여행 제주도가볼만한곳 여행 전문 인플루언서 전주달봉이입니다 1 70008000원 2 흐노니 마시랑게 전망 달곰 3
전주 혼자2박3일여행,https://kin.naver.com/qna/detail.naver?d1id=9&dirId=90110&docId=224588034&qb=7KCE7KO87Jes7ZaJ&enc=utf8,아무래도 사람이 많으면 맛집같은곳에서 혼자못먹을것같아서 5월 중순은 전주 여행을 즐기기 좋은 계절입니다 하지만 현재는 코로나19로 인해 여행객이 줄어들고 있으므로 사람이 많지 않을 것으로 예상됩니다 전주는 맛집이
전주 여행,https://kin.naver.com/qna/detail.naver?d1id=9&dirId=90110&docId=436440960&qb=7KCE7KO87Jes7ZaJ&enc=utf8,제가 이번달 16일에 친구 3명하고 전주로 여행을 가는데 궁금한 게 많아서요 하나하나 답장해주시면 감사하겟습니다 1 여수에서 전주 KTX 왕복 기차표값이 얼마인가요 2 중2들이 전주가서 놀 게 뭐가 잇을까요 3
전주여행갈껀데 월요일 휴무가 많나요,https://kin.naver.com/qna/detail.naver?d1id=12&dirId=121305&docId=467372054&qb=7KCE7KO87Jes7ZaJ&enc=utf8,전주여행 전주맛집 국내여행 전주달봉이 달봉티비 전주여행코스 전주가볼만한곳 여수여행 여수가볼만한곳 제주도여행 제주도가볼만한곳 여행 전문 인플루언서 전주달봉이입니다 걱정안하셔도되셔요 대부분 오픈합니다
내일 전주 당일치기 부모님과 여행을,https://kin.naver.com/qna/detail.naver?d1id=12&dirId=121305&docId=451191859&qb=7KCE7KO87Jes7ZaJ&enc=utf8,전주여행 전주맛집 국내여행 전주달봉이 달봉티비 전주여행코스 전주가볼만한곳 여수여행 여수가볼만한곳 제주도여행 제주도가볼만한곳 여행 전문 인플루언서 전주달봉이입니다 바다는 군산 새만금 돌아보시면
전주여행 갈만한곳숙소한옥마을게스트하우스,https://kin.naver.com/qna/detail.naver?d1id=9&dirId=90110&docId=230766988&qb=7KCE7KO87Jes7ZaJ&enc=utf8,안녕하세요 가족들과 함께 전주여행을 가려고 합니다 한옥마을로 유명한 전주여행을 꼭 한번 해보고 싶어했었는데 이번을 기회로 꼭 다녀와보려구요 전라도 음식이 맛있다고 전주에 가면 전라도의 대표음식도 먹어볼뿐만 아니라 맛집도
전주 여행 코스 추천 좀,https://kin.naver.com/qna/detail.naver?d1id=9&dirId=90110&docId=430018803&qb=7KCE7KO87Jes7ZaJ&enc=utf8,전주 여행 코스 추천 좀 전주여수맛집 전주여행 여수여행 전주달봉이 달봉티비 전주여행코스 전주가볼만한곳 여수여행 여수가볼만한곳 여행 인플루언서 전주달봉이입니다 전주여행코스는 대부분 한옥마을에서 시작을 합니다
전주여행 볼거리,https://kin.naver.com/qna/detail.naver?d1id=9&dirId=90110&docId=429817174&qb=7KCE7KO87Jes7ZaJ&enc=utf8,이번주 전주여행 가는데 볼거리 맛집 등 알려주세요 전주에서 가볼만한 곳들 추천해드리겠습니다 전주한옥마을 전주동물원 한국도로공사수목원 덕진공원 전주난장
전주에 여행가는데 오션뷰 카페 추천해주세요,https://kin.naver.com/qna/detail.naver?d1id=12&dirId=121305&docId=468083904&qb=7KCE7KO87Jes7ZaJ&enc=utf8,전주여행 전주맛집 국내여행 전주달봉이 달봉티비 전주여행코스 전주가볼만한곳 여수여행 여수가볼만한곳 제주도여행 제주도가볼만한곳 여행 전문 인플루언서 전주달봉이입니다 아쉽게도 전주이는 바다가없어서
전주 가족 여행 코스 문의 드려요,https://kin.naver.com/qna/detail.naver?d1id=9&dirId=90110&docId=482953663&qb=7KCE7KO87Jes7ZaJ&enc=utf8,전주여행 전주맛집 국내여행 전주달봉이 달봉티비 전주여행코스 전주가볼만한곳 여수여행 여수가볼만한곳 제주도여행 제주도가볼만한곳 여행 전문 인플루언서 전주달봉이입니다 전주여행코스는 한옥마을에서부터
전주 여행 코스 및 일정 추천 부탁드려요토요일 하루,https://kin.naver.com/qna/detail.naver?d1id=9&dirId=90110&docId=443982849&qb=7KCE7KO87Jes7ZaJ&enc=utf8,일정이 괜찮은지 수정이 필요한 부분이 있는지 인근 맛집 등은 또 있는지 등등 의견 부탁 드립니다 전주여행 전주맛집 국내여행 전주달봉이 달봉티비 전주여행코스 전주가볼만한곳 여수여행 여수가볼만한곳 제주도여행
전주 여행가려는데,https://kin.naver.com/qna/detail.naver?d1id=9&dirId=90110&docId=432785295&qb=7KCE7KO87Jes7ZaJ&enc=utf8,전주한옥마을 근처에서 숙박하며 여행한다면 어디어디 가고 어떤 맛집이 좋은지 버스나 택시타고 조금만 나가도 되는 가볼만한 곳이 어딘지 등등 추천해주세요 2 그외에 다른곳 어디
전주 여행 코스,https://kin.naver.com/qna/detail.naver?d1id=12&dirId=121305&docId=452031214&qb=7KCE7KO87Jes7ZaJ&enc=utf8,아침으로 전주 현대옥 본점 가서 먹고 점심으로는 전주 비빔소리를 가려고 하는데 현대옥과 비빔소리 중간에 어디 구경할 곳이나 갈만한 곳 없을까요 전주여행 전주맛집 국내여행 전주달봉이 달봉티비 전주여행코스
전라도 전주여행,https://kin.naver.com/qna/detail.naver?d1id=9&dirId=90110&docId=428170195&qb=7KCE7KO87Jes7ZaJ&enc=utf8,전주에 여행을 가려고하는데 한번도안가봐서요 1박2일이나 2박3일 있을예정인데 가볼만한곳 추천받아용 체험도좋구용 전주에서 가볼만한 곳들 추천해드리겠습니다 전주한옥마을
전주 여행,https://kin.naver.com/qna/detail.naver?d1id=9&dirId=90104&docId=402165747&qb=7KCE7KO87Jes7ZaJ&enc=utf8,참고로 저희는 뚜벅이 입니댜 전주 여행을 계획중이시군요 그럼 전주에서 가볼만한곳들 추천해드리겠습니다 한국도로공사수목원 전주동물원 자만마을 벽화갤러리 국립전주박물관
전주 여행 코스 추천,https://kin.naver.com/qna/detail.naver?d1id=9&dirId=90110&docId=430028571&qb=7KCE7KO87Jes7ZaJ&enc=utf8,전주 여행 코스 추천 안녕하세요 전주맛집 전주블로그 전주달봉이입니다  대부분 1박2일 코스로들 전주를 놀러오십니다 한옥마을 경기전 남부시장야시장 벽화마을 전동성당향교오목대 이렇게들 많이들 둘러보시고요 더 추가로
전주 여행 코스 동선 좀 짜주세요,https://kin.naver.com/qna/detail.naver?d1id=12&dirId=121305&docId=458306197&qb=7KCE7KO87Jes7ZaJ&enc=utf8,숙소는 완산구 서신동입니다 전주여행 전주맛집 국내여행 전주달봉이 달봉티비 전주여행코스 전주가볼만한곳 여수여행 여수가볼만한곳 제주도여행 제주도가볼만한곳 여행 전문 인플루언서 전주달봉이입니다 1 한옥마을
전주여행,https://kin.naver.com/qna/detail.naver?d1id=12&dirId=121305&docId=459792395&qb=7KCE7KO87Jes7ZaJ&enc=utf8,크리스마스에 단둘이서 당일치기로 전주여행 하기로했습니다 고등학생인데요 어느정도 들고가는게맞고 전주는 할게 뭐뭐 있을까요 제대로 답변해주세요 ㅠㅡㅠ 대학로와 투어공연하는 연극 추천해 드릴께요
제가 전주여행을 갔는데여,https://kin.naver.com/qna/detail.naver?d1id=8&dirId=80101&docId=457532341&qb=7KCE7KO87Jes7ZaJ&enc=utf8,제가 왜그런진 모르겠지만 그냥 전라도 사투리 듣기 싫더라구요억양이 쎄서그런감 좀 듣기가 거북했는데 전주여행갔었는데 무슨일인진모르겠지만 사람들 전라도 사투리 1도 안쓰던데요 쫌 의외였어요 전라북도 전주시 아닌가요
전주 1박2일 여행코스 추천 및 조언해주세요,https://kin.naver.com/qna/detail.naver?d1id=12&dirId=121305&docId=467438359&qb=7KCE7KO87Jes7ZaJ&enc=utf8,가고싶은곳  전주한옥마을  경기전  전주난장  전주국립박물관  전주동물원 이동수단  자동차 전주여행 전주맛집 국내여행 전주달봉이 달봉티비 전주여행코스 전주가볼만한곳 여수여행 여수가볼만한곳 제주도여행
뚜벅이 여행으로 전주 가려는데 한옥마을 근처 짐,https://kin.naver.com/qna/detail.naver?d1id=9&dirId=90110&docId=428889568&qb=7KCE7KO87Jes7ZaJ&enc=utf8,이용하시면 원하는 장소에서 장소로 짐 운송이 가능합니다 가격도 저렴하고 앱을 통해 실시간으로 주문 및 현황 확인까지 가능해 여행 중 편리하게 이용이 가능하니 전주 뚜벅이여행 시 참고해보세요 즐거운 전주여행 되시길 바랄게요
전주 여행 일정,https://kin.naver.com/qna/detail.naver?d1id=9&dirId=90104&docId=394529795&qb=7KCE7KO87Jes7ZaJ&enc=utf8,이번에 전주로 여행을 가는데 소요시간을 알고싶어요 한옥마을 gt 초코파이 체험장gt수목원 gt 드림랜드 순으로 가는데 이동시간이 얼마나 걸릴까요자세하게 부탁드릴게요 우선 전주한옥마을내에 초코파이체험장이 있으니까요 이걸
이번에 태교여행으로 2박3일 놀러가려고 하는데 강아지,https://kin.naver.com/qna/detail.naver?d1id=9&dirId=90110&docId=440802188&qb=7KCE7KO87Jes7ZaJ&enc=utf8,전주여행 전주맛집 국내여행 전주달봉이 달봉티비 전주여행코스 전주가볼만한곳 여수여행 여수가볼만한곳 제주도여행 제주도가볼만한곳 여행 전문 인플루언서 전주달봉이입니다 전주여행 숙소잡기가 힘드시다면 바닷가가
전주여행 추천해주세요,https://kin.naver.com/qna/detail.naver?d1id=9&dirId=90110&docId=272473514&qb=7KCE7KO87Jes7ZaJ&enc=utf8,전주여행 추천해주세요 전주식 가맥문화의 전일슈퍼등의 전주만의 술 문화 외에도 에피큐어 평점 AA를 받은 전주식 한정식의 최고봉 수구정 전라회관 궁 전주비빔밥의 최고봉 고궁 성미당 토종 명품닭을 사용한 닭요리의
1박2일 전주 혼자 여행 코스,https://kin.naver.com/qna/detail.naver?d1id=9&dirId=901&docId=224123446&qb=7KCE7KO87Jes7ZaJ&enc=utf8,질문하신 전주 여행정보 정리해봤습니다 참고해주세요 ㅎ 전주에서 가볼만한 곳 덕진공원추천 덕진공원이 전주터미널에서 가장 가까운 곳이에요 산책하기에 좋은 호수공원이에요 덕진공원을 생략하고 곧바로 남부시장과
전주 여행 갈려고 하는데,https://kin.naver.com/qna/detail.naver?d1id=9&dirId=90110&docId=485524293&qb=7KCE7KO87Jes7ZaJ&enc=utf8,전주여행 전주맛집 국내여행 전주달봉이 달봉티비 전주여행코스 전주가볼만한곳 여수여행 여수가볼만한곳 제주도여행 제주도가볼만한곳 여행 전문 인플루언서 전주달봉이입니다 전주여행코스는 한옥마을에서부터 시작을
2박3일 전주여행,https://kin.naver.com/qna/detail.naver?d1id=9&dirId=90110&docId=472470179&qb=7KCE7KO87Jes7ZaJ&enc=utf8,부모님과 전주여행 가려고하는데 정보가 하나도 없어서요ㅠㅠ 숙소는 어디가좋은지 관광지는 어디가있는지 추천부탁드려요 전주여행 전주맛집 국내여행 전주달봉이 달봉티비 전주여행코스 전주가볼만한곳 여수여행
전주 여행코스,https://kin.naver.com/qna/detail.naver?d1id=9&dirId=90110&docId=223302720&qb=7KCE7KO87Jes7ZaJ&enc=utf8,이미 전주여행을 마치고 복귀하셨을 것 같네요  저희도 지난주에 당일코스로 전주에 다녀왔는데요 주말이라서 그런지 차들도 많고 관광지에는 사람들도 많아서 생각처럼 많이 둘러보지 못해서 아쉽더라고요 최소한 1박2일
전주 당일치기 여행을 가려고 하는데 질문이 있습니다,https://kin.naver.com/qna/detail.naver?d1id=9&dirId=90110&docId=474638285&qb=7KCE7KO87Jes7ZaJ&enc=utf8,전주여행 전주맛집 국내여행 전주달봉이 달봉티비 전주여행코스 전주가볼만한곳 여수여행 여수가볼만한곳 제주도여행 제주도가볼만한곳 여행 전문 인플루언서 전주달봉이입니다 기지제 산책 저녁에도 많이들 하셔서
전주 1박2일 여행가는데 코스추천부탁드려요,https://kin.naver.com/qna/detail.naver?d1id=9&dirId=90110&docId=420277757&qb=7KCE7KO87Jes7ZaJ&enc=utf8,남자친구와 생일여행으로 전주여행을가는데 전주는 처음이라 좋은 코스있으면 추천좀 부탁드립니다 숙소는 전주 한옥마을 도보 10거리에 잡았고 자차 있어서 이동은 문제없습니다 맛집도 추천 부탁드려요 안녕하세요 AI
전주 한옥마을에 남자 혼자 여행을 갈 예정입니다,https://kin.naver.com/qna/detail.naver?d1id=9&dirId=90110&docId=441064844&qb=7KCE7KO87Jes7ZaJ&enc=utf8,욕조는 저도 굉장히 무리한 질문인것 같지만 혹시나해서 ㅎㅎ 전주여행 전주맛집 국내여행 전주달봉이 달봉티비 전주여행코스 전주가볼만한곳 여수여행 여수가볼만한곳 제주도여행 제주도가볼만한곳 여행 전문 인플루언서
전주 여행가는데 렌트를 하는게 좋을까,https://kin.naver.com/qna/detail.naver?d1id=9&dirId=90110&docId=431515138&qb=7KCE7KO87Jes7ZaJ&enc=utf8,전주 여행가는데 렌트를 하는게 좋을까요 안녕하세요 천만 반려인과 함께하는 애견 동반 여행 플랫폼 하트독 입니다 전주는 작은 도시라서 택시로 이동을해도 크게 불편함이 없습니다 답변이 도움이 되셨다면 채택도 부탁드립니다
전주 여행코스 질문드려요,https://kin.naver.com/qna/detail.naver?d1id=12&dirId=121305&docId=149726141&qb=7KCE7KO87Jes7ZaJ&enc=utf8,이상은 제가 전주여행 문의하는 분들께 통상 안내해 드리는 정보입니다 질문하신 분께 간단히 요약해 드리면 먼저 위 사이트 들어가셔서 방 예약하시고 오전에
전주 여행 및 코스 질문 내공있어요100,https://kin.naver.com/qna/detail.naver?d1id=12&dirId=121305&docId=279859546&qb=7KCE7KO87Jes7ZaJ&enc=utf8,부산에서 전주여행을 가려고 합니다  자차 여행이 아닌 버스위주로 가려고 합니다  그리고 전주만 가는것이아니라 전주갔다가 전주에서 가깝거나 버스로 12시간 정도 갈수있는 다른 지역도 여행 가고 싶은데  여행 많이 다니시는분들
전주 여행코스 추천좀요,https://kin.naver.com/qna/detail.naver?d1id=9&dirId=90110&docId=414983842&qb=7KCE7KO87Jes7ZaJ&enc=utf8,전주 여행코스 추천하세염 전주동물원 걍기전 전주한옥마을 덕진연못으로 가보세요
전주여행 코스 좀 알려주세요,https://kin.naver.com/qna/detail.naver?d1id=9&dirId=90110&docId=387443906&qb=7KCE7KO87Jes7ZaJ&enc=utf8,안녕하세요 전주로 당일치기 여행할껀데 코스 좀 짜주세요ㅠ 전주동물원 전주한옥마을 전주수목원 팔복예술공장 전주드림랜드 당일치기로 갈껀데 코스좀알려주세요 자가용으로 이동하신다면 아래와 같은 코스가 시간을 아낄 수
1박2일 전주 여행코스,https://kin.naver.com/qna/detail.naver?d1id=12&dirId=121305&docId=419637302&qb=7KCE7KO87Jes7ZaJ&enc=utf8,질문하신 전주 여행 코스 관련 답변드리겠습니다 가족 분들과 함께하는 전주 여행을 계획 중이시군요 전주의 추천 명소와 맛집들을 포함해서 여다에서 맞춤형 1박 2일 전주 여행 코스를 준비했어요 아래 첨부된 일정을
당일치기 전주여행코스,https://kin.naver.com/qna/detail.naver?d1id=9&dirId=90110&docId=276243421&qb=7KCE7KO87Jes7ZaJ&enc=utf8,처음으로 전주여행을 가는거라서 아는 것이 많이 없어요 일단 전주 한옥마을에서 한복을 빌려서 한옥마을 전동성당이랑 경기전 그리고 자만벽화마을 까지 가기로 정했는데 또 다른 놀러갈 곳을 찾진 못했어요 전주에 한옥마을과
초등 아이랑 전주여행 코스 맛집 추천 부탁합니다,https://kin.naver.com/qna/detail.naver?d1id=12&dirId=121305&docId=436324017&qb=7KCE7KO87Jes7ZaJ&enc=utf8,아이와 전주 여행을 계획하고 계시군요 전주에서 아이와 함께 가볼만한 곳 몇군데를 추천드려보도록 하겠습니다  1 전주 한옥마을 이미 계획에 넣어두신 장소인 전주 한옥마을이예요 한복도 입고 한옥마을을 거닐며 사진도
급합니다ㅠㅠ 전주 여행코스,https://kin.naver.com/qna/detail.naver?d1id=12&dirId=121305&docId=230653752&qb=7KCE7KO87Jes7ZaJ&enc=utf8,전주여행코스 추천드립니다  안녕하세요 여행전문블로거 쭈니아빠입니다 방학을 맞아서 친구분들과 전주여행을 준비하고 계시네요 전주는 한옥마을을 중심으로 가볼만한 곳이 많죠 ㅎ 터미널에서 버스를 타고 한옥마을에
전주여행 순서좀 알려주세요,https://kin.naver.com/qna/detail.naver?d1id=12&dirId=121305&docId=223850942&qb=7KCE7KO87Jes7ZaJ&enc=utf8,전주여행을 하려고 하는데요 덕진공원 전주동물원 한옥마을 남부시장을 가려고 합니다 전주시외버스공용터미널에서 가까운 순서가 어떻게 될까요 그리고 근처에 가까운 바닷가는 어디 인가요 또 이 외에 구경할 좋은 곳도
전주 여행 비용,https://kin.naver.com/qna/detail.naver?d1id=9&dirId=90110&docId=389274491&qb=7KCE7KO87Jes7ZaJ&enc=utf8,안녕하세요 전주로 여행가려는 학생입니다 수원살고 있고요 2박3일3박으로 34명이서 가려하는데 비용이 어느정도 나올까요 수원에서 전주까지는 자가용으로도 2시간 정도 걸리는 코스인데요 대중교통으로 간다라면 조금 더
전주 여행 음식점,https://kin.naver.com/qna/detail.naver?d1id=12&dirId=121305&docId=312190870&qb=7KCE7KO87Jes7ZaJ&enc=utf8,25일날 전주여행을 가는데 전주동물원이랑 레일바이크아중저수지오목대주변에 맛집이나 음식 먹을만한거 있으면 추천해주세여내공100드려여추가로 터미널쪽에도 알려주시면 고맙습니다 답변  한옥마을에 에루화 떡갈비
전주 1박2일 차없이 여행가려고 해요,https://kin.naver.com/qna/detail.naver?d1id=12&dirId=121305&docId=447009525&qb=7KCE7KO87Jes7ZaJ&enc=utf8,답변 미리 감사해요 전주여행 전주맛집 국내여행 전주달봉이 달봉티비 전주여행코스 전주가볼만한곳 여수여행 여수가볼만한곳 제주도여행 제주도가볼만한곳 여행 전문 인플루언서 전주달봉이입니다 전주한옥마을에 모주체험
전주 여행 가려 합니다,https://kin.naver.com/qna/detail.naver?d1id=12&dirId=121305&docId=77622541&qb=7KCE7KO87Jes7ZaJ&enc=utf8,금요일 저녁에서 토요일까지 1박 2일로 전주 여행을 가려고 합니다 1 한옥마을에서 터미널 역 둘중에 어느 쪽이 더 가까운가요 2 시외버스터미널과 역은 얼마나 먼가요 3 한옥마을 근처 찜질방에서 묵을 계획인데 어떤 곳이
전주 1박2일 여행코스,https://kin.naver.com/qna/detail.naver?d1id=9&dirId=901&docId=224946421&qb=7KCE7KO87Jes7ZaJ&enc=utf8,질문하신 내용을 토대로 1박2일 일정으로 전주 여행코스를 정리했습니다 참고해주세요 ㅎ 1일차 오후 전주 한옥마을 및 주변 1일차 저녁 전주 남부시장 야시장 한옥마을 야경즐기기 2일차 오전 덕진공원 2일차 오후 전주동물원
전주여행코스,https://kin.naver.com/qna/detail.naver?d1id=12&dirId=121305&docId=307214130&qb=7KCE7KO87Jes7ZaJ&enc=utf8,전주여행코스 전주맛집 자세한 정보는 httpsblognavercomsjh920519 전주캐릭터 전주여행할땐 전주달봉이입니다 전주숙박할인이나 좀더 궁금사항있으시면 네임카드 블로그 질문게시판에 남겨주세요 _ 전주한옥마을맛집
전주 1박2일 여행 질문,https://kin.naver.com/qna/detail.naver?d1id=12&dirId=121305&docId=288104678&qb=7KCE7KO87Jes7ZaJ&enc=utf8,좀더 궁금사항있으시면 네임카드 블로그 질문게시판에 남겨주세요 _ 감사합니다 전주한옥마을 전주맛집 전주여행 전주숙박할인 전주한옥마을숙박 전주여행정보는 네임카드 타고오세요 _
주주주 진주광주전주 여행은 어떤게 추천될까요,https://kin.naver.com/qna/detail.naver?d1id=8&dirId=814&docId=436986190&qb=7KCE7KO87Jes7ZaJ&enc=utf8,주주주 진주광주전주 여행은 어떤게 추천될까요 전주맛집 여행 전주달봉이 달봉티비 전주여행코스 전주가볼만한곳 여행 인플루언서 달봉이입니다 여행 계획을 짜고 계신가요 먹거리와 볼거리가 많은 관광도시 전주 전주여행에
전주여행 객리단길,https://kin.naver.com/qna/detail.naver?d1id=8&dirId=80208&docId=417277575&qb=7KCE7KO87Jes7ZaJ&enc=utf8,조금 거리가 있지만 전주는 택시로 1만원 안쪽으로 어디든 갈 수 있어요 여행 오셨으면 택시도 그리 부담은 안 될 거예요 전북대 앞에 길손네 맛있습니다 닭볶음탕 맛있어요 전주 삼천남 초등학교 근처에 막걸리 골목 있는데요
전주 여행 코스,https://kin.naver.com/qna/detail.naver?d1id=9&dirId=90110&docId=223156829&qb=7KCE7KO87Jes7ZaJ&enc=utf8,전주여행을 준비하고 계시는군요 아무래도 전주여행의 중심은 한옥마을이죠 지난주말 전주를 다녀왔는데요 저라면 한옥마을에서 숙소를 정할 것 같아요 다양한 컨셉의 숙소를 고를 수 있고요 한옥마을의 밤문화도 좋거든요
전주여행이여 급해여,https://kin.naver.com/qna/detail.naver?d1id=12&dirId=121305&docId=224488366&qb=7KCE7KO87Jes7ZaJ&enc=utf8,제가 알고 있는 전주 여행코스를 다 정리했봤습니다 참고해주세요 즐거운 여행되시고요 ㅎㅎㅎ 전주에서 가볼만한 곳 덕진공원추천 덕진공원이 전주터미널에서 가까운 곳이죠 날씨가 화창하다면 공원부터 둘러보면 좋을 것
전주 하루 여행 코스100,https://kin.naver.com/qna/detail.naver?d1id=9&dirId=90105&docId=306010926&qb=7KCE7KO87Jes7ZaJ&enc=utf8,전주여행코스 전주맛집 자세한 정보는 httpsblognavercomsjh920519 전주캐릭터 전주여행할땐 전주달봉이입니다 전주숙박할인이나 좀더 궁금사항있으시면 네임카드 블로그 질문게시판에 남겨주세요 _ 전주한옥마을맛집 전주맛집
전주 먹거리여행,https://kin.naver.com/qna/detail.naver?d1id=12&dirId=121305&docId=188097553&qb=7KCE7KO87Jes7ZaJ&enc=utf8,ㅎㅎ 전주여행 당일치기 광주에서 오시면 고속버스를 타고 전주 고속버스 터미널로 오시겠네요 내리시면 택시를 타세요 아무래도 버스비보다 조금 더 들지만 시간은 단축 택시비는 4000원정도 예상하시면 될듯 합니다
전주여행 숙박,https://kin.naver.com/qna/detail.naver?d1id=9&dirId=90114&docId=218906626&qb=7KCE7KO87Jes7ZaJ&enc=utf8,1박2일코스에는 한옥마을 및 주변연계코스네요 전주 여행코스 덕진공원동물원시나브로길한글테마거리아중저수지 수변테마광장완산공원다가공원 치명자성지한국도로공사수목원도보여행 둘레길
전주여행 좋아하시는분들 일정좀 짜주세요1박2일로,https://kin.naver.com/qna/detail.naver?d1id=9&dirId=90110&docId=407809617&qb=7KCE7KO87Jes7ZaJ&enc=utf8,전주여행 집에서 오전 9시 출발해서 11시 30분 도착 부터 시작입니다 30대 후반 부부 차량소유 경비 상관없습니다 잘부탁드립니다 11시 30분 전주에서 여수로 갈건데 혹시 여수쪽까지 잘아시면 추가로 작성부탁드려요
전주 1박2일 여행코스,https://kin.naver.com/qna/detail.naver?d1id=9&dirId=90110&docId=282564034&qb=7KCE7KO87Jes7ZaJ&enc=utf8,전주 사시는 분들이나 전주여행 다녀오신분들 싸게 다닐수있게 코스좀 짜주세요 내공 100겁니다 전주하면 전통적 명주인 이강주가 있구요 전주식 막걸리집의 원조 용진집 전주식 가맥문화의 전일슈퍼등의 전주만의 술 문화
전주여행정보,https://kin.naver.com/qna/detail.naver?d1id=13&dirId=1306&docId=224167489&qb=7KCE7KO87Jes7ZaJ&enc=utf8,전주여행을 가는데 박물관이나 명소 추천해주세요 경기전제외 모르겠습니다 없습니다는 답변안하시기 바랍니다 내공냠냠신고 안녕하세요 여행전문 블로거 쭈니아빠입니다  확실히 5월은 여행하기 좋은 계절인 것 같습니다 요즘
제주도에서 전주여행,https://kin.naver.com/qna/detail.naver?d1id=9&dirId=90110&docId=479993246&qb=7KCE7KO87Jes7ZaJ&enc=utf8,2박3일 경비 얼마나 들까요 제주에서 출발하고 돌아와요 전주여행 전주맛집 국내여행 전주달봉이 달봉티비 전주여행코스 전주가볼만한곳 여수여행 여수가볼만한곳 제주도여행 제주도가볼만한곳 여행 전문 인플루언서
전주여행코스알려주세요,https://kin.naver.com/qna/detail.naver?d1id=8&dirId=81202&docId=415060622&qb=7KCE7KO87Jes7ZaJ&enc=utf8,인천사는사람인데 내일처음으로 전주여행가는데 전주가면 꼭먹어야될음식이랑 여행코스 좀알려주세요부탁드려요 안녕하세요 처음으로 가는 전주여행이면 한옥마을 추천드립니다 1 한옥마을 한복체험 및 길거리 음식  식당을
전주여행코스좀 추천해주세요,https://kin.naver.com/qna/detail.naver?d1id=12&dirId=121305&docId=224606260&qb=7KCE7KO87Jes7ZaJ&enc=utf8,여자친구와 토요일저녁에 가서 자고 12시쯤부터는 돌아다니려는데 전주여행코스와 대충예상금액도좀부탁드립니당 지저분한모텔말고 여행지가까운모텔도좀추천해주세용 안녕하세요 여행전문블로거 쭈니아빠입니다  여자친구분과
전주 여행코스 추천받습니다,https://kin.naver.com/qna/detail.naver?d1id=12&dirId=121305&docId=467718602&qb=7KCE7KO87Jes7ZaJ&enc=utf8,뭔가 박물관 관람이나 자연 경치 구경 산타기 등등은 별루에여 추천 부탁드립니다 전주 여행 코스 추천해드릴게요 전주는 전통음식과 문화가 풍부한 곳으로 유명한데 여러 즐길거리가 많아서 즐거운 여행을 즐길 수 있을 거예요 1
1박2일 전주여행 코스 추천 부탁드립니다,https://kin.naver.com/qna/detail.naver?d1id=9&dirId=90110&docId=225837297&qb=7KCE7KO87Jes7ZaJ&enc=utf8,1박2일 전주여행 코스 추천드립니다 안녕하세요 여행전문블로거 쭈니아빠입니다 7월에 전주로 1박2일 일정으로 친구분과 여행을 준비하고 계시군요 질문하신 게스트하우스 부분은 답변이 어렵지만 여행코스를 답변드리겠습니다
전주여행좀도와줍쇼,https://kin.naver.com/qna/detail.naver?d1id=9&dirId=90110&docId=112968363&qb=7KCE7KO87Jes7ZaJ&enc=utf8,다음주 토요일에 전주로 여행을 갈려고 하는데요 전주 도착시간은 9시고요 당일치기를 해야해용 ㅜㅜ 돌아올 시간은 기차시간을 감안해서 6시 30분차를 탈려하거든요 근뎀 저희가 전주에 한옥마을하고덕진공원을 갈려고 해요 그러면
전주 1박2일 여행 질문이요,https://kin.naver.com/qna/detail.naver?d1id=12&dirId=121305&docId=295860517&qb=7KCE7KO87Jes7ZaJ&enc=utf8,근데 전주 여행 정보를 아무리 찾아봐도 코스 짜기가 쉽지가 않더라구요 흑흑 ㅠㅠ 1박 2일 코스로 어떻게 짜면 좋을까요 1일차 2일차 이렇게 추천해주시면 좋을거같애요  여자친구가 한복을 너무나도 좋아하는데 한복입구
전주 1박2일 여행코스 및 숙소,https://kin.naver.com/qna/detail.naver?d1id=9&dirId=90110&docId=304610284&qb=7KCE7KO87Jes7ZaJ&enc=utf8,풍남호텔관계자 카톡 sjh920519 한옥마을 여행코스는 낮에는 한옥마을 벽화마을 전동성당 경기전 향교 둘러보시면되고 저녁에는 남부시장 야시장 오목대 둘러보시면되세요  전주여행코스 전주맛집 자세한 정보는 httpsblog
전주 혼자 여행,https://kin.naver.com/qna/detail.naver?d1id=12&dirId=121305&docId=461192785&qb=7KCE7KO87Jes7ZaJ&enc=utf8,전주여행 전주맛집 국내여행 전주달봉이 달봉티비 전주여행코스 전주가볼만한곳 여수여행 여수가볼만한곳 제주도여행 제주도가볼만한곳 여행 전문 인플루언서 전주달봉이입니다 전주여행코스는 한옥마을에서부터
11월 11일부터 13일까지 전주여행,https://kin.naver.com/qna/detail.naver?d1id=12&dirId=121305&docId=457106525&qb=7KCE7KO87Jes7ZaJ&enc=utf8,11월 11일부터 13일까지 2박3일로 전주로 남자친구와 3주년을 기념을 해서 여행을 준비하고 있습니다 코스나 장소를 추천해주세요 카테고리는 체험 사진찍기 좋은 장소 맛집 카페 야경명소 이렇게 추천해주시면 정말 감사할 것
전주 여행ㅠ,https://kin.naver.com/qna/detail.naver?d1id=9&dirId=90110&docId=224619772&qb=7KCE7KO87Jes7ZaJ&enc=utf8,전주여행을 가는데 숙소는 시외터미널 근처이구 제가 동물원을 좋아해서 동물원이랑 한옥마을 근처 유적지를 갈 생각입니다 1박2일로요 ㅎㅎ 견적 코스 좀 알려주세요 ㅠㅠ 안녕하세요 여행전문블로거 쭈니아빠입니다  전주로
전주 뚜벅이 여행코스,https://kin.naver.com/qna/detail.naver?d1id=9&dirId=90110&docId=420048107&qb=7KCE7KO87Jes7ZaJ&enc=utf8,버스도타고 애매한 거리는 택시 탈 생각이에용 안녕하세요 전주여행계획중이시군요 우선 전주여행에서는 한옥마을 구경이 있으며 한옥마을 내에 경기전 전주난장 등이 있고 택시로 510분거리 내로 전주동물원과
전주여행,https://kin.naver.com/qna/detail.naver?d1id=9&dirId=90110&docId=214472741&qb=7KCE7KO87Jes7ZaJ&enc=utf8,안녕하세요 답변드릴게요 광주에서 전주로 당일치기 여행을 하실 요량이시라면 전주한옥마을과 자만 벽화마을을 여행하시면 좋을것 같습니다 일단 차비부터 말씀드릴게요 전주에서 광주까지 편도 6600원 왕복 13200원 여자친구분과
전주 한옥마을 구경,https://kin.naver.com/qna/detail.naver?d1id=9&dirId=90110&docId=485524900&qb=7KCE7KO87Jes7ZaJ&enc=utf8,혼자서 평일에 전주 여행 갈 생각인데 전주 한옥마을 만 구경하면 시간은 얼마나 걸리나요 전주 한옥마을만 구경하실 경우 약 23시간 정도 소요될 것으로 보입니다 산책하며 다양한 한옥과 상점들을 구경하시면 충분한 시간이 될
전주에서 gt 대구 부산 여행,https://kin.naver.com/qna/detail.naver?d1id=9&dirId=90111&docId=481486917&qb=7KCE7KO87Jes7ZaJ&enc=utf8,전주에서 여행 가는데 대구를 가는게 나을까요 부산을 가는게 나을까요 1박2일입니다ㅜ 전주에서의 1박 2일 여행을 계획하신다면 대구와 부산 각각의 매력이 있습니다 두 도시 모두 독특한 문화와 관광 명소를 가지고 있지만 여행
전주 2박 3일 여행,https://kin.naver.com/qna/detail.naver?d1id=12&dirId=121305&docId=293016595&qb=7KCE7KO87Jes7ZaJ&enc=utf8,전주여행 코스나 맛집 숙박 이런거 알려주시면 더 좋구요 차가없어서 대중교통을 이용하려고 해요 안녕하세요 _ 달봉TV 전주달봉이와해봉이입니다 전주같은경우는 한옥마을에서 한복대여하여 경기전 전동성단 벽화마을 등에서
전주 여행 코스 추천,https://kin.naver.com/qna/detail.naver?d1id=9&dirId=90111&docId=460522466&qb=7KCE7KO87Jes7ZaJ&enc=utf8,전주 여행 코스 추천 전주 왕의 지밀 한옥 호텔을 가는데 4시가 체크인이여서 45시쯤 도착하면 그 시간에 호텔 근처에서 할 것 추천해주세요 말씀하신 질문 내용에 답변드려요 전주 한옥 호텔 주변 관광지 탐방
전주여행 1박2일 비용,https://kin.naver.com/qna/detail.naver?d1id=9&dirId=90110&docId=471145062&qb=7KCE7KO87Jes7ZaJ&enc=utf8,전주여행 1박 2일로 가면 숙박비 제외 일인당 대략 얼마 필요하나요 숙박비 교통비 제외 하고 10만원이면 가능할까요 질문에 도움이 되는 답변이 되셨길 바래요 10만원으로는 조금 부족할 수 있어요
부여 전주 여행 볼거리 먹거리,https://kin.naver.com/qna/detail.naver?d1id=9&dirId=90110&docId=273143929&qb=7KCE7KO87Jes7ZaJ&enc=utf8,닭내장탕백반등 전주의 맛 여행제대로 된 식도락이 조합 된 여행의 경우 만족도는 어떤 여행전문가가 조합한 일정보다 비교할 수 없을 정도로 큽니다 맛집이라는 의미는 적어도 일반인들이 법접하기 힘든 제대로 긴 시간을
내일 전주로 여행을 가려하는데 전주,https://kin.naver.com/qna/detail.naver?d1id=9&dirId=901&docId=303428328&qb=7KCE7KO87Jes7ZaJ&enc=utf8,자세한 정보는 httpsblognavercomsjh920519 전주캐릭터 전주여행할땐 전주달봉이입니다 전주숙박할인이나 좀더 궁금사항있으시면 네임카드 블로그 질문게시판에 남겨주세요 _ 전주한옥마을 전주맛집 전주여행 전주숙박할인
전주2박3일여행,https://kin.naver.com/qna/detail.naver?d1id=9&dirId=901&docId=225417088&qb=7KCE7KO87Jes7ZaJ&enc=utf8,담달중순쯤 전주로 남자친구랑2박3일여행가려는데 숙박이랑 여행할곳 추천이요 2박3일 전주여행코스 추천드립니다 안녕하세요 여행전문블로거 쭈니아빠입니다 요즘 전주가 국내여행지로 인기가 많은 것 같습니다 아마도 한옥마을을
전주여행을 6월중순경 예정인데 한번도,https://kin.naver.com/qna/detail.naver?d1id=12&dirId=121305&docId=302323634&qb=7KCE7KO87Jes7ZaJ&enc=utf8,전주여행을 6월중순경 예정인데 한번도 여행을해본적이없고 전주가본적이없어서 추천코스부탁드려요 명물도좋구요 1박 2일 계획입니다 주말에 오시나 주중에 오시나에 따라 달라질수있습니다 대략 코스는 전주경기전
전주 1박 2일 여행코스 추천,https://kin.naver.com/qna/detail.naver?d1id=9&dirId=90110&docId=391540073&qb=7KCE7KO87Jes7ZaJ&enc=utf8,안녕하세요 내일부터 1박2일 전주 여행가는데 초5아이랑 초3 아이가 놀 수 있는 코스좀 알려주세요 전주 여행 몇번 가본 사람으로써 개인적으로 전주한옥마을이랑 전주 동물원 강추드립니다 그외에도 가시는 위치의 놀거리
당일치기 전주 여행 코스 부탁 드립니다,https://kin.naver.com/qna/detail.naver?d1id=9&dirId=90110&docId=223659788&qb=7KCE7KO87Jes7ZaJ&enc=utf8,부모님을 모시고 전주여행을 준비하고 계시군요 정말 멋진 생각이세요 30일은 날씨가 참 좋을 것 같아요 ㅎㅎㅎ 전주여행의 중심은 한옥마을이죠 그곳을 중심으로 여행동선을 짜시면 큰 부담없이 즐거운 추억을 만드실 수 있을 것
5명이서 전주 1박 2일 여행을 갈건,https://kin.naver.com/qna/detail.naver?d1id=12&dirId=121305&docId=306142540&qb=7KCE7KO87Jes7ZaJ&enc=utf8,전주여행코스 전주맛집 자세한 정보는 httpsblognavercomsjh920519 전주캐릭터 전주여행할땐 전주달봉이입니다 전주숙박할인이나 좀더 궁금사항있으시면 네임카드 블로그 질문게시판에 남겨주세요 _ 전주한옥마을맛집
전주 여행코스질문,https://kin.naver.com/qna/detail.naver?d1id=9&dirId=90110&docId=378096174&qb=7KCE7KO87Jes7ZaJ&enc=utf8,질문하신 전주여행코스 관련 답변 드리도록 하겠습니다 전주는 일단 볼 거리 자체가 많고 명소도 많이 있습니다 전주한옥마을 부터 시작해서 한옥마을 바로 옆에 있는 전동성당도 볼 거리 중에 하나입니다 전주 경기전도 역사의
전주 대전 여행,https://kin.naver.com/qna/detail.naver?d1id=12&dirId=121305&docId=454541348&qb=7KCE7KO87Jes7ZaJ&enc=utf8,전주여행 전주맛집 국내여행 전주달봉이 달봉티비 전주여행코스 전주가볼만한곳 여수여행 여수가볼만한곳 제주도여행 제주도가볼만한곳 여행 전문 인플루언서 전주달봉이입니다 전주여행코스는 한옥마을에서부터 시작을
전주로 혼자 여행갈 생각인데,https://kin.naver.com/qna/detail.naver?d1id=9&dirId=9011404&docId=478846393&qb=7KCE7KO87Jes7ZaJ&enc=utf8,수 있으며 조식으로는 우유와 켈로그가 준비되어 있어요 다만 전주 한옥마을과 도보로 멀다는 점이 단점이에요 이외에도 다양한 게스트하우스가 있으니 취향에 맞게 선택하시어 편안하고 즐거운 전주 여행이 되시길 바라요
전주 여행루트 질문드립니다,https://kin.naver.com/qna/detail.naver?d1id=9&dirId=90110&docId=306199235&qb=7KCE7KO87Jes7ZaJ&enc=utf8,해산물 외에도 많은 음식이 나오고 혹시나 사장님께 해산물들어간거 말고 다른걸로좀 대체해주실수있냐고 여쭤보면 1 2가지는 대체해주실수도있으세요  전주여행코스 전주맛집 자세한 정보는 httpsblognavercomsjh920519
뚜벅이 전주 여행 스케줄부탁이요,https://kin.naver.com/qna/detail.naver?d1id=12&dirId=1213050212&docId=175322394&qb=7KCE7KO87Jes7ZaJ&enc=utf8,칠월에 아이와 함께 전주여행을 하려고 합니다  헌데 전주를 가본적이 없어서 지도도 다운받아보고 했는데도 도통 감이 안와서요 먹거리도 많고 볼거리도 많은데 딸랑 1박2일 코스로 가는거라서요 전주에는 토요일 4시도착이고요
완도에서 전주 여행 왕복 교통코스,https://kin.naver.com/qna/detail.naver?d1id=9&dirId=90110&docId=412316546&qb=7KCE7KO87Jes7ZaJ&enc=utf8,10월쯤에 완도에서 전주로 여행 다녀오려고 하는데요 완도전주 전주완도 이렇게 갈때랑 올 때 교통 코스 추천해주세요 버스도 좋고 KTX도 좋아요 2박3일이라 시간도 넉넉히 잡아도 좋을 것 같아요 추천 부탁드립니다 기차로는
전주 여행 질문이요,https://kin.naver.com/qna/detail.naver?d1id=9&dirId=90105&docId=260793874&qb=7KCE7KO87Jes7ZaJ&enc=utf8,저가 월화 남자친구랑 전주 여행을 다녀올건데요 숙박이랑 버스표는 해결했는데 전주에대해 잘 몰라서 여쭈어 보려고 지식인 남깁니다 아마 전주 도착시간은 오전1112시 사이일것 같아요 제가 궁금한점은 1평일인데 남부시장
전주에서 도서관 여행 어떤 도서관이 추천되나요,https://kin.naver.com/qna/detail.naver?d1id=12&dirId=121305&docId=486095865&qb=7KCE7KO87Jes7ZaJ&enc=utf8,완산도서관  여행 정보와 지역 자료의 중심 특징 전주시의 대표 도서관 중 하나로 지역학 자료실이 따로 있어 전북과 전주에 대한 여행서 역사서 지도 통계자료 등이 매우 잘 갖춰져 있습니다 추천 이유 여행자가 현지 정보를
딸과 전주여행,https://kin.naver.com/qna/detail.naver?d1id=9&dirId=90110&docId=421641495&qb=7KCE7KO87Jes7ZaJ&enc=utf8,2박 3일정도 딸초딩과 전주갈까 하는데요 하루는 임실갔다오고요치즈테마파크 숙소랑 코스 추천 부탁드려요 전주여행에 빠질수 없는곳이 한옥마을 아닐까 싶습니다 도움이
전주 여행갈려는데요  모텔숙소 어디로 잡는게 좋을까요,https://kin.naver.com/qna/detail.naver?d1id=12&dirId=121305&docId=459956673&qb=7KCE7KO87Jes7ZaJ&enc=utf8,숙소는 ㅠ 전주여행 전주맛집 국내여행 전주달봉이 달봉티비 전주여행코스 전주가볼만한곳 여수여행 여수가볼만한곳 제주도여행 제주도가볼만한곳 여행 전문 인플루언서 전주달봉이입니다 모텔촌은 아중리나 중화산동
친구랑 전주 1박2일 여행,https://kin.naver.com/qna/detail.naver?d1id=9&dirId=90110&docId=437672755&qb=7KCE7KO87Jes7ZaJ&enc=utf8,전주맛집 여행 전주달봉이 달봉티비 전주여행코스 전주가볼만한곳 여행 인플루언서 전주달봉이입니다 전주한옥마을과 가까운면서도 갠찮은호텔은 라한호텔이 있습니다  전주한옥마을 여행에 도움되실 관광명소들
여행장소 추천해주세요 창원gt여수gt전주로 이동해요,https://kin.naver.com/qna/detail.naver?d1id=12&dirId=121305&docId=460993807&qb=7KCE7KO87Jes7ZaJ&enc=utf8,달봉티비 전주여행코스 전주가볼만한곳 여수여행 여수가볼만한곳 제주도여행 제주도가볼만한곳 여행 전문 인플루언서 전주달봉이입니다 여수여행코스는 오동도 돌산공원하멜등대여수해상케이블카아르떼뮤지엄
전주 여행코스,https://kin.naver.com/qna/detail.naver?d1id=12&dirId=121305&docId=274824214&qb=7KCE7KO87Jes7ZaJ&enc=utf8,저는 고1 여고생입니다ㅎㅎ 제가 친구들이랑 전주로 1박 2일 여행을 갈건데요 여자들이 좋아할만한 곳으로 여행코스 짜주세요 친구들끼리 오면 정말 재미있겠네요 여학생들이라고 하니 한복체험은 무조건 추천합니다 경기전
전주여행 전주 풀빌라,https://kin.naver.com/qna/detail.naver?d1id=9&dirId=90110&docId=354645154&qb=7KCE7KO87Jes7ZaJ&enc=utf8,안녕하세요 군대가기전에 친구들이랑 우정여행으로 전주를갈건데 전주에 처음가봐서 ㅠㅠ 전주한옥마을하고 또 가볼만한곳이 어디있응까요 그리고 전주에 있는 풀빌라 좀 가르쳐주세요 ㅠㅠ 전주 풀빌라 쳐도 네이버에
창원에서 전주여행,https://kin.naver.com/qna/detail.naver?d1id=9&dirId=901&docId=235789363&qb=7KCE7KO87Jes7ZaJ&enc=utf8,창원에서 전주까지 1박2일 여행 갈려고하는데요 창원에서 전주 올라가면서 중간중간에 들려서 여행할만한 곳이있나요 좀 알려두세요 진주에서 진주성과 진주비빔밥전주비빔밥하고는 많이 달라요 맛있음을 드시고 산청ic에서 내리면
전주 여행 문의드려요,https://kin.naver.com/qna/detail.naver?d1id=9&dirId=90110&docId=402952714&qb=7KCE7KO87Jes7ZaJ&enc=utf8,10월 말에 가족끼리 전주여행을 가게되어 가볼만한곳 문의드려요 저녁 7시쯤 도착해서 다음날 돌아오는 일정입니다 대중교통x 자차로 돌아다닐 예정입니다 다리가 불편한 어르신이 계셔서 엘레베이터나 에스컬레이터 없이
10월 1일 ㅡ 3일 전주여행,https://kin.naver.com/qna/detail.naver?d1id=12&dirId=121305&docId=455325882&qb=7KCE7KO87Jes7ZaJ&enc=utf8,아래 전주 여행지 랭킹에서 확인할 수 있듯 1일차는 전주 한옥마을과 부근에 위치한 전주 경기전 전주 향교 오목대 청연루 전동성당 풍남문 자만벽화마을 국립 무형 유산원 등을 추천드립니다 2일차 전주 남부시장 객리단길
전주여행 급해여,https://kin.naver.com/qna/detail.naver?d1id=12&dirId=121305&docId=224561088&qb=7KCE7KO87Jes7ZaJ&enc=utf8,안녕하세여이번에 혼자 전주여행을 떠나려고합니당 ㅎㅎ 꼭가봐야할곳이 전동성당전주동물원남부시장경기전완산공원덕진공원전주동물원경기전벽화마을 정도 볼건데 어디부터 가야하는지좀차례대로 알려주세여 ㅎㅎ 그리구
전주 1박 2일 여행코스,https://kin.naver.com/qna/detail.naver?d1id=12&dirId=121305&docId=294414342&qb=7KCE7KO87Jes7ZaJ&enc=utf8,친구랑 처음 가는 전주 여행입니다 수요일 혹은 목요일아침에가서 목요일 혹은 금요일 저녁에 올라올계획이에요 근데전혀아는게없고 어케가야 좋을지 모르겠어요 1일차 2일차로 나누어서 추천 좀 해주세요 성당은 낮밤중에
전주 여행코스,https://kin.naver.com/qna/detail.naver?d1id=12&dirId=1213050212&docId=163022936&qb=7KCE7KO87Jes7ZaJ&enc=utf8,배낭여행인데 전주에서 놀다가 군산으로 넘어가야 되거든요 도움 부탁드려요 시외버스터미널에서 나오면 택시 승강장이 바로 앞에 있어요 거기에서 택시 타고 객사 쪽으로 가세요 택시비는 많이 잡아서 오천원 내외로
당일치기로 전주여행,https://kin.naver.com/qna/detail.naver?d1id=12&dirId=121305&docId=295980770&qb=7KCE7KO87Jes7ZaJ&enc=utf8,당일치기로 전주여행 가려는데 전주한옥마을 근처로 볼거리랑 맛집이랑해서 일정 짜주세요 안녕하세요 _ 달봉티비 전주캐릭터 달봉이와해봉이입니다 전주 코스는 아주간단합니다 한옥마을경기전전동성당벽화마을 저녁에는
전주 당일치기 여행,https://kin.naver.com/qna/detail.naver?d1id=12&dirId=1213050212&docId=197290803&qb=7KCE7KO87Jes7ZaJ&enc=utf8,여자친구랑 당일치기로 전주여행가려고 하는데요 대전에서 오전 8시쯤 출발해서 오후 5시쯤 버스타고 대전오려고요 전주에서 볼만한 곳이나 먹어야할만한 데이트 코스 추천좀 해주세요 학생이라 교통비포함 1인 5만원정도로
전주 여행가는데 잘 곳이 없어요,https://kin.naver.com/qna/detail.naver?d1id=12&dirId=121305&docId=218819087&qb=7KCE7KO87Jes7ZaJ&enc=utf8,1박2일코스에는 한옥마을 및 주변연계코스네요 2전주여행지 덕진공원동물원시나브로길한글테마거리아중저수지 수변테마광장완산공원다가공원 치명자성지한국도로공사수목원도보여행 둘레길
전주 근교 여행,https://kin.naver.com/qna/detail.naver?d1id=9&dirId=90110&docId=481348005&qb=7KCE7KO87Jes7ZaJ&enc=utf8,전주에 사는 학생인데 친구들이랑 당일치기로 여행을 가려고 합니다 고속버스나 기차 타고 갈 생각이고 왕복 두시간 반 이내로 다녀올 수 있는 지역 추천 부탁드립니다 주변 추천지 입니다 1전라북도 전주한옥마을 변산반도 새만금
전주 2박3일 가족 여행코스,https://kin.naver.com/qna/detail.naver?d1id=12&dirId=121305&docId=305435890&qb=7KCE7KO87Jes7ZaJ&enc=utf8,전주한옥마을 숙소를 기준으로 2박3일 여행코스 볼거리 추천부탁드립니다 답변  한옥마을 벽화마을 오목대 전동성당 경기전 남부시장야시장 아중저수지 전주동물원 덕진공원이 있습니다  전주여행코스 전주맛집 자세한
전주여행 2박3일 여행 숙소 추천이요,https://kin.naver.com/qna/detail.naver?d1id=12&dirId=121305&docId=275675068&qb=7KCE7KO87Jes7ZaJ&enc=utf8,받으시려면 연락주세요 카톡 sjh920519 여러분의 소통으로 먹고사는 달봉이의5882여행맛집정보 전주여행 전주맛집 전주관광 네임카드 타고들어오시면 전주여행에 대한 자세한 정보가있어요  httpblognavercomsjh920519220989933142
전주 군산 당일여행,https://kin.naver.com/qna/detail.naver?d1id=9&dirId=90110&docId=444994317&qb=7KCE7KO87Jes7ZaJ&enc=utf8,점심 저녁 맛집추천도요 전주여행 전주맛집 국내여행 전주달봉이 달봉티비 전주여행코스 전주가볼만한곳 여수여행 여수가볼만한곳 제주도여행 제주도가볼만한곳 여행 전문 인플루언서 전주달봉이입니다 전주여행코스는
전주 여행 추천해주세요,https://kin.naver.com/qna/detail.naver?d1id=12&dirId=121305&docId=293517794&qb=7KCE7KO87Jes7ZaJ&enc=utf8,추천드립니다  전주숙박할인이나 좀더 궁금사항있으시면 네임카드 블로그 질문게시판에 남겨주세요 _ 감사합니다 전주한옥마을 전주맛집 전주여행 전주숙박할인 전주한옥마을숙박 전주여행정보는 네임카드 타고오세요 _
전주 뚜벅이 여행코스,https://kin.naver.com/qna/detail.naver?d1id=9&dirId=90110&docId=473556720&qb=7KCE7KO87Jes7ZaJ&enc=utf8,남친이랑 2박 3일로 전주 여행가는데 뚜벅이에요 숙소는 전주 한옥마을 내에 있는 곳인데 이틀동안 여행 코스 추천이나 맛집 추천 부탁드려요 광고 싫어요ㅠ 답변에 도움이 되셨으면 좋겠어요 한옥마을 즐기고 한옥카페 전통시장
전주 뚜벅이 대중교통 여행 1박 2일 코스 어떻게 짜면,https://kin.naver.com/qna/detail.naver?d1id=9&dirId=901&docId=419417393&qb=7KCE7KO87Jes7ZaJ&enc=utf8,질문하신 전주 여행 코스 관련 답변드리겠습니다 전주로의 커플 여행을 계획 중이시군요 전주의 추천 명소와 맛집들을 포함해 여다에서 맞춤형 1박 2일 전주 여행 일정을 준비했어요 아래 첨부된 일정을 확인해 보시고 즐거운
전주 여행 코스 및 교통 질문 드립니다,https://kin.naver.com/qna/detail.naver?d1id=9&dirId=90110&docId=164371425&qb=7KCE7KO87Jes7ZaJ&enc=utf8,전주 여행을 가려고 하는데요 1박 2일 생각하고 있어요 혼자 여행 예정이구요 평일에 갈거여서 복잡하진 않을거 같은데 몇가지 질문 드리고 싶어서요 1 교통편 서울 태릉쪽에 살고 있는데요 교통은 대중교통 이용해서 가도
전주 2박3일 여행 코스,https://kin.naver.com/qna/detail.naver?d1id=9&dirId=90110&docId=277349222&qb=7KCE7KO87Jes7ZaJ&enc=utf8,6월 연휴때 전주 여행을 가려고 하는데요 저랑 사촌 한명이랑 이모 할머니 엄마 이렇게 가는데 여행 코스를 어떻게 짜야할지 모르겠어요 숙소는 한옥마을족에 잡았고 체크인은 3시에 해요 3시쯤에 도착할거 같은데 어디어디를 가면
전주 여행 진짜 추천좀,https://kin.naver.com/qna/detail.naver?d1id=9&dirId=90110&docId=432319159&qb=7KCE7KO87Jes7ZaJ&enc=utf8,제가 여행용으로 전주 가볼만한 장소랑 맛집카페를 지도에 표기해두었습니다 계속 업데이트를 하고 있습니다 전라도 여행 지도라서 전주뿐만 아니라 다른 도시도 함께 볼 수 있으니 참고하세요 httpssangseekcommaps
전주 1박 2일 여행코스,https://kin.naver.com/qna/detail.naver?d1id=12&dirId=121305&docId=285781220&qb=7KCE7KO87Jes7ZaJ&enc=utf8,전주한옥마을 전주맛집 전주여행 전주숙박 한옥마을숙박 안녕하세요 전주여행코스는 한옥마을벽화마을 전동성당 남부시장야시장 덕진공원 아중저수지 둘러보시면될꺼같습니다 감사합니다 전주여행정보는 네임카드
전주 여행,https://kin.naver.com/qna/detail.naver?d1id=9&dirId=90110&docId=362584960&qb=7KCE7KO87Jes7ZaJ&enc=utf8,안녕하세요 3박4일동안 전주로 여행 가려고 하는데 전주 한옥마을 말고 가볼만한 곳이나 맛집좀 많이많이 추천해 주세요 여행 동반자나 이용 교통편에 따라 달라질수 있습니다 전주한옥마을 외에 어린 아이들이 있다면 전주동물원도
전주 당일치기 여행,https://kin.naver.com/qna/detail.naver?d1id=9&dirId=901&docId=296135071&qb=7KCE7KO87Jes7ZaJ&enc=utf8,전주숙박할인이나 좀더 궁금사항있으시면 네임카드 블로그 질문게시판에 남겨주세요 _ 감사합니다 전주한옥마을 전주맛집 전주여행 전주숙박할인 전주한옥마을숙박 전주여행정보는 네임카드 타고오세요 _
군산 전주 1박2일 여행코스,https://kin.naver.com/qna/detail.naver?d1id=12&dirId=121305&docId=295347803&qb=7KCE7KO87Jes7ZaJ&enc=utf8,등이있습니다  전주숙박할인이나 좀더 궁금사항있으시면 네임카드 블로그 질문게시판에 남겨주세요 _ 감사합니다 전주한옥마을 전주맛집 전주여행 전주숙박할인 전주한옥마을숙박 전주여행정보는 네임카드 타고오세요 _
내공100전주3박4일 여행 동선순서대로 정리좀해주세요,https://kin.naver.com/qna/detail.naver?d1id=12&dirId=121305&docId=461321847&qb=7KCE7KO87Jes7ZaJ&enc=utf8,시간이 된다면 벽화마을 어린이창의 체험관 전주자연생태박물관 전주영화의거리를 순서대로 방문합니다 이렇게 동선을 정리하면 가장 짧은 동선으로 전주 여행을 즐길 수 있습니다 순서를 섞어서 재정리해도 상관 없습니다
전주 혼자서 여행갈만한 곳,https://kin.naver.com/qna/detail.naver?d1id=12&dirId=121305&docId=301993919&qb=7KCE7KO87Jes7ZaJ&enc=utf8,주말에 놀러오신다면 한옥마을  벽화마을 오목대 남부시장야시장청년몰 돌아보시면 됩니다  전주캐릭터 전주여행할땐 전주달봉이입니다 httpsblognavercomsjh920519 전주숙박할인이나 좀더 궁금사항있으시면 네임카드
전주 당일치기여행,https://kin.naver.com/qna/detail.naver?d1id=9&dirId=90110&docId=133114428&qb=7KCE7KO87Jes7ZaJ&enc=utf8,한옥미을은야경이이쁘데서ㅠㅠ 음야경보고 싶으시면 객사 시내쪽돌고 한옥마을쪽오셔도 되요거리가 가까워서상관없을거 같아요 걸어서 객사에서 한옥마을이 걸어서 10분안팎 생각하시면 되거든요 전주 여행 잘하세요
전주여행코스,https://kin.naver.com/qna/detail.naver?d1id=11&dirId=1117&docId=266691670&qb=7KCE7KO87Jes7ZaJ&enc=utf8,1월달 쯤에 가족과 함께 전주로 2박3일 여행을 가는데 어디를 가면 좋을까요 맛집도 알려주시면 감사합니다 안녕하세요 전주토박이입니다ㅎㅎ 뻥튀기된 인터넷기사들만 보고가시면 실망 많이해요 일단 첫날 낮에는 1한옥마을가시고
전주 한옥마을 여행,https://kin.naver.com/qna/detail.naver?d1id=9&dirId=90110&docId=212595765&qb=7KCE7KO87Jes7ZaJ&enc=utf8,추천으로 전주여행 갔을때 소양고택이란 한옥 고택스테이를 체험하고 왔는데요 조식도 너무 맛있고 대접받는 느낌에 정갈하고 고풍스러워요 겉에는 전통한옥인데 내부 시설도 화장실도 그렇고 현대식 호텔같고요 부모님이랑
전주 여행코스,https://kin.naver.com/qna/detail.naver?d1id=12&dirId=121305&docId=156897601&qb=7KCE7KO87Jes7ZaJ&enc=utf8,1박 2일로 전주 여행을 가려고 합니다 대전에서 오전에 전주로 출발해서 점심쯤에 전주 시외버스터미널에 도착 예정이구요 숙소는 시외버스터미널 근처 모텔에서 묵을 예정입니다 시외버스터미널에서 출발해서 다시 시외버스터미널로
전주 여행 코스 추천 부탁드립니다,https://kin.naver.com/qna/detail.naver?d1id=12&dirId=121305&docId=333212786&qb=7KCE7KO87Jes7ZaJ&enc=utf8,첫날 오후 늦게 도착하다보니 계획을 짜는데 어려움이 있어서 전주여행 코스를 추천해주시면 감사하겠습니다 안녕하세요 전주에서 거주중인 성칼남입니다 토요일 저녁에 늦게 오시는군요 먼저 숙소를 잡으세요 위치는 가까운
전주한옥마을 1박2일 여행 가려고합니,https://kin.naver.com/qna/detail.naver?d1id=12&dirId=121305&docId=303890713&qb=7KCE7KO87Jes7ZaJ&enc=utf8,전주여행은 한옥마을 경기전 전동성당 벽화마을 둘러보시고 저녁에는 오목대야경  남부시장 야시장 가시면됩니다  식사는 객리단길이 아주핫합니다  분위기있는 레스토랑들이많구요 객리단길 맛집 이용하시면됩니다
전주한옥마을 당일치기여행가려고하는데요,https://kin.naver.com/qna/detail.naver?d1id=9&dirId=90110&docId=214851137&qb=7KCE7KO87Jes7ZaJ&enc=utf8,전주여행이 어느순간 먹거리로 변했고 지금의 한옥마을도 제 생각에 구경하는것보다 먹거리들이 너무나 우후죽순으로 생겨나고 있습니다 한옥마을 초창기인 2000년대 초반에는 공방이나 예술가들 전통찻집이 몇군데가 있어서
전주 여행 추천부탁드려요,https://kin.naver.com/qna/detail.naver?d1id=9&dirId=90110&docId=272803265&qb=7KCE7KO87Jes7ZaJ&enc=utf8,전주 여행 추천부탁드려요 전주하면 전통적 명주인 이강주가 있구요 전주식 막걸리집의 원조 용진집 전주식 가맥문화의 전일슈퍼등의 전주만의 술 문화 외에도 에피큐어 평점 AA를 받은 전주식 한정식의 최고봉 수구정
엄마랑 전주여행,https://kin.naver.com/qna/detail.naver?d1id=9&dirId=90111&docId=295370977&qb=7KCE7KO87Jes7ZaJ&enc=utf8,엄마하고 딸하고 전주여행을 가고싶어욤 전주가 볼거 먹을것도 많아보이더라구여ㅎ 질문 몇개 드릴게요 전주 한옥마을이 지금 가면 사람많을까요평일 전주한옥마을을 다 돌면 몇시간정도 걸리나요 전주한옥마을 갔다가 완주에
전주여행 추천부탁드립니다,https://kin.naver.com/qna/detail.naver?d1id=9&dirId=90110&docId=272803315&qb=7KCE7KO87Jes7ZaJ&enc=utf8,전주여행 추천부탁드립니다 전주하면 전통적 명주인 이강주가 있구요 전주식 막걸리집의 원조 용진집 전주식 가맥문화의 전일슈퍼등의 전주만의 술 문화 외에도 에피큐어 평점 AA를 받은 전주식 한정식의 최고봉 수구정
전주여행,https://kin.naver.com/qna/detail.naver?d1id=9&dirId=90110&docId=72658858&qb=7KCE7KO87Jes7ZaJ&enc=utf8,무관심 한것 같아서 써봤는데제가 처음 써보는 글이라 너무 두서없이 횡설수설 했네요  쓸 글이 너무 많은데 원하시면 다음에 글 올려 드리겠습니다 전주 여행 오시는 분들 오실때 그냥 오시지 마시고 약간의 공부 아셨죠 그럼 이만
청주에서 전주 여행가기,https://kin.naver.com/qna/detail.naver?d1id=9&dirId=90110&docId=273830557&qb=7KCE7KO87Jes7ZaJ&enc=utf8,청주에 사는 친구들과 3명이서 전주로 여행가게 되어 질문 드립니다 기한은 2박 3일 4월 7일  10일 전주로 버스로 가려면 얼마나 걸리나요 제가 듣기로 전주에 한옥마을과 먹거리 장터를 한 곳 정해서 하루를 보내는 게 좋다는데
전주여행코스,https://kin.naver.com/qna/detail.naver?d1id=12&dirId=121305&docId=217367639&qb=7KCE7KO87Jes7ZaJ&enc=utf8,전주시외버스터미널에서내려서 전주송정원이랑한옥마을이랑 천주교 정동성당을 갈껀데 어디를먼저가고어떻게 여행코스를 정해야될까요그리고 교통수단는 멀타야되나요 님 시외 버스 터미널에서 한옥마을로 오시면
전주여행,https://kin.naver.com/qna/detail.naver?d1id=9&dirId=90110&docId=274654353&qb=7KCE7KO87Jes7ZaJ&enc=utf8,차타구 전주여행을 가려구 하는데요 혹시 전주갔다가 서울로 돌아오는길에 꼭 가볼만한 곳이 있을까요 추천해주세요 이것만 읽으면 전주관광 끝입니다   태어날때부터 전주사는 26살 전주달봉이 입니다 일단 전주 관광명소는
전주 단체 여행 맛집 숙박 술집 추천해주세요,https://kin.naver.com/qna/detail.naver?d1id=12&dirId=121305&docId=295981955&qb=7KCE7KO87Jes7ZaJ&enc=utf8,술집은 저희호텔앞 객리단길주위에 술집들이 아주많습니다  전주숙박할인이나 좀더 궁금사항있으시면 네임카드 블로그 질문게시판에 남겨주세요 _ 전주한옥마을 전주맛집 전주여행 전주숙박할인 전주한옥마을숙박
전주여행코스 좀 봐주세요,https://kin.naver.com/qna/detail.naver?d1id=12&dirId=1213050117&docId=160615400&qb=7KCE7KO87Jes7ZaJ&enc=utf8,11월초에 전주여행을 계획하고있는데요 기차로 저녁 9시 30분쯤 도착합니다 저녁먹고 좀 돌아다니다가 모텔 잡아서 자려고하는데요 어디가 좋을까요 덕진공원근처 생각하고 있는데근처에 맛집있을까요 구경거리라던지
전라도 2박3일 여행코스 전주위주,https://kin.naver.com/qna/detail.naver?d1id=9&dirId=90110&docId=281136878&qb=7KCE7KO87Jes7ZaJ&enc=utf8,5882 전주여행 전주맛집 전주관광 전주한옥마을 전주정보입니다  차가 있으시다면 가실수있는곳이 광범위하네요 ㅎㅎㅎ 일단 한옥마을 경기전 전동성당 향교 오목대 벽화마을 남부시장야시작 덕진공원 동물원 아중저수지
전주2박3일여행,https://kin.naver.com/qna/detail.naver?d1id=9&dirId=90110&docId=209246556&qb=7KCE7KO87Jes7ZaJ&enc=utf8,4게스트하우스보다는 모텔을 가려고하는데요 괜찮은 모텔있으면 추천좀 부탁드립니다 5전주여행하면서 먹거리가 정말 많이 올라오는데요 전주에서만 파는 술이랑 어울리는 안주 추천부탁드립니다 6렌트카를 빌릴때
전주 여행가는데 숙박추천해주세요,https://kin.naver.com/qna/detail.naver?d1id=9&dirId=90110&docId=343470019&qb=7KCE7KO87Jes7ZaJ&enc=utf8,저포함 친구 4명이 전주 여행가는데 취사가능하고 쾌적하며 가격이 괜찮은 숙박추천해주세요 안녕하세요 요청하신 조건으로 전주 숙박 추천드립니다 저도 전주 여행을 준비하면서 알아봤던 펜션들이에요
2박 3일 전주여행,https://kin.naver.com/qna/detail.naver?d1id=9&dirId=90110&docId=267919527&qb=7KCE7KO87Jes7ZaJ&enc=utf8,2박 3일로 커플끼리 전주여행갈려고합니다 1비용은 얼마나 들까요 아직 전주 한옥마을가는거 밖에 안정했는데 대충이라도 2추천 여행지있으면 알려주세요 1 인당 15정도봅니다ㅎㅎ 이건 계획에따라 차이가많이나니까
친구들이랑 전주여행,https://kin.naver.com/qna/detail.naver?d1id=9&dirId=9011401&docId=475877696&qb=7KCE7KO87Jes7ZaJ&enc=utf8,제가 이번에 숙소를 호텔 아라리라는 곳을 예약했는데 만18세가 될지 안될지 잘 모르겠어요 만18세 미성년으로 숙박불가 입니다 예약을 헀다면 전화해서 미성년이라고 말하고숙박 가능한가 문의해 보는게 좋겠네요 그냥 말없이
전주여행,https://kin.naver.com/qna/detail.naver?d1id=12&dirId=1213050104&docId=185285647&qb=7KCE7KO87Jes7ZaJ&enc=utf8,12월에 전주여행가려고 하는데요 그 시장에 유명한 피순대 만두집 다우랑 케이크뷔페 80feet 떡갈비 막걸리타운 먹으러 갈거구요 하루안에 다 먹을거에요 부산에서 출발해서 12시쯤 전주도착할것같고 노선 좀 설명해주세요
전주여행,https://kin.naver.com/qna/detail.naver?d1id=9&dirId=90110&docId=275049941&qb=7KCE7KO87Jes7ZaJ&enc=utf8,U20월드컵 보러 전주에1박2일여행가는대 머하는게 좋을까요 축구보는거 말고 머가좋을까요 이것만 읽으면 전주관광 끝입니다   태어날때부터 전주사는 26살 전주달봉이 입니다 일단 전주 관광명소는 한옥마을경기전
5월6일에 1박으로 전주로 여행을 가,https://kin.naver.com/qna/detail.naver?d1id=12&dirId=121305&docId=299677412&qb=7KCE7KO87Jes7ZaJ&enc=utf8,comsjh920519 전주숙박할인이나 좀더 궁금사항있으시면 네임카드 블로그 질문게시판에 남겨주세요 _ 전주한옥마을 전주맛집 전주여행 전주숙박할인 전주한옥마을숙박 전주여행할땐 전주달봉이를 찾아주세요 네임카드
부모님과 전주여행,https://kin.naver.com/qna/detail.naver?d1id=9&dirId=90110&docId=215433393&qb=7KCE7KO87Jes7ZaJ&enc=utf8,이번에 부모님과 1박2일로 전주여행을 갈려고 하는데요 궁금한점이 있어요 첫번째는 어느 숙소가 좋을까요 그담은 여행코스좀 알려주세요 유명 맛집두요 좋은데 여행을 계획하시는 군요 좋지요 전주 경험상 전주에 가셔서 숙박을
전주 근처 가족여행 추천해주세요 1,https://kin.naver.com/qna/detail.naver?d1id=9&dirId=90110&docId=441699749&qb=7KCE7KO87Jes7ZaJ&enc=utf8,여수여행 여수맛집 국내여행 전주달봉이 달봉티비 전주여행코스 전주가볼만한곳 여수여행 여수가볼만한곳 제주도여행 제주도가볼만한곳 여행 전문 인플루언서 전주달봉이입니다 여수를 추천드립니다  여수여행코스는
전주 여행코스,https://kin.naver.com/qna/detail.naver?d1id=9&dirId=90110&docId=148361717&qb=7KCE7KO87Jes7ZaJ&enc=utf8,4월 14일토요일부터 1박2일로 남자친구와 1주년 여행을 다녀오려고하는데 전주에서 가볼만한 여행코스좀 추천해주세요 그리고 한옥마을에 들려서 한옥에서 숙박을 하고 싶은데 남녀혼숙 가능한 한옥숙박시설좀 알려주세요 전주는
혼자 전주 1박 2일 여행가려는데요,https://kin.naver.com/qna/detail.naver?d1id=12&dirId=121305&docId=295664224&qb=7KCE7KO87Jes7ZaJ&enc=utf8,한옥마을경기전전동성당벽화마을 저녁에는 오목대 남부시장야시장 전주숙박할인이나 좀더 궁금사항있으시면 네임카드 블로그 질문게시판에 남겨주세요 _ 전주한옥마을 전주맛집 전주여행 전주숙박할인 전주한옥마을숙박
전주 여행 질문이요,https://kin.naver.com/qna/detail.naver?d1id=12&dirId=121305&docId=300738875&qb=7KCE7KO87Jes7ZaJ&enc=utf8,안녕하세요 이번에 여자친구랑 2박3일 전주여행가려구하는데 여행코스추천좀 해주세요 아그리구 쏘카해서 차타고다니려구하는데 별로필요없나요 여행지가 다 주변에있어서 걸어다닐수 있다구해서요 안녕하세요 언제 여행을
당일치기 전주여행,https://kin.naver.com/qna/detail.naver?d1id=8&dirId=8&docId=220949929&qb=7KCE7KO87Jes7ZaJ&enc=utf8,당일치기로 전주여행을 가는데 전주하면 비빔밥이랑 전주 한옥마을이 유명한대 그외 유명한게 머가 있나요 꼭 추천해줄만한곳 추천해주세요 전주 비빔밥은 전주사는 사람들은 잘먹지 않아요 비빔밥 드신다면 비빔밥 종류에 따라
전주 2박 3일 여행 코스 어떻게 짜야될지 봐주세요ㅜ,https://kin.naver.com/qna/detail.naver?d1id=9&dirId=90109&docId=443698645&qb=7KCE7KO87Jes7ZaJ&enc=utf8,한옥마을 전동성당 오목대 덕진공원 경기전 한국도로공사 수목원 완산공원 꽃동산 요렇게 봤는데 첫째날은 주로 관광 위주 둘째날엔 널널하게 휴식 코스로 짜보려구요 어떻게 짜면 효율적인지 도와주세요ㅜㅜ 전주여행
전주여행 계획입니다 토요일은 7시11,https://kin.naver.com/qna/detail.naver?d1id=12&dirId=121305&docId=299666015&qb=7KCE7KO87Jes7ZaJ&enc=utf8,전주여행 계획입니다 토요일은오후 7시11분 전주역 도착이고 일요일은 오전10시까지 이리오너라에 도착 월요일은 집돌아가는 버스시간이오후 67시쯤됩니다 코스를 짜봤는데 어떤지 알려주세요  일요일에 시간이많이비게되면
전주 여행내공 10,https://kin.naver.com/qna/detail.naver?d1id=9&dirId=90110&docId=74026844&qb=7KCE7KO87Jes7ZaJ&enc=utf8,전주에 갈 일이 생겼는데요 이왕 가는 김에 관광을 좀 하고 오려고 합니다 전주에서 여자 혼자 반나절 정도 관광하면 아마 정확할 겁니다 택시 요금은 대략 4000원 정도 나오겠네요 좀 머네ㅋ 좋은 여행 되시길 바랍니다
전주 당일치기 여행 질문이요,https://kin.naver.com/qna/detail.naver?d1id=9&dirId=90110&docId=177797494&qb=7KCE7KO87Jes7ZaJ&enc=utf8,한옥마을 을 중점으로 부탁드립니다 전주 여행을 다녀오신 분이나 전주에 살고 계신분들에 상세한 답변 부탁드립니다 이동시에는 자가용으로 이동할거고요 경비는 딱히 상관없습니다 전 전주에 살고 있진 않지만 도움이 될까
전주한옥마을 커플여행,https://kin.naver.com/qna/detail.naver?d1id=12&dirId=121305&docId=292880729&qb=7KCE7KO87Jes7ZaJ&enc=utf8,전주숙박할인이나 좀더 궁금사항있으시면 네임카드 블로그 질문게시판에 남겨주세요 _ 감사합니다 전주한옥마을 전주맛집 전주여행 전주숙박할인 전주한옥마을숙박 전주여행정보는 네임카드 타고오세요 _
군대가기전전주 여행가는데,https://kin.naver.com/qna/detail.naver?d1id=9&dirId=90110&docId=150945452&qb=7KCE7KO87Jes7ZaJ&enc=utf8,안녕하세요  저는 21살 서울 남자입니다 ㅎ 제가 친구랑 군대를같은날에가거든요 그래서 군대가기전 마지막 여행을떠나고자 전주에가려고합니다 ㅎㅎ 제가 초등학생3학년 까지는 전주에살았거든요 살앗던곳은 전주 효자동입니다 ㅎㅎ
엄마랑 1박2일 전주여행코스,https://kin.naver.com/qna/detail.naver?d1id=9&dirId=90110&docId=214481137&qb=7KCE7KO87Jes7ZaJ&enc=utf8,엄마랑 다음주에 전주여행을 가는데 코스좀짜주세요  단먹는거위주로인 코스는 사절 안녕하세요 답변드릴게요 전주 한옥마을  자만 벽화마을  남부시장  덕진공원등을 여행하시면 좋을듯 합니다 전주한옥마을은 낮에 볼거리도
1박2일전주여행 코스내공,https://kin.naver.com/qna/detail.naver?d1id=12&dirId=121305&docId=287690718&qb=7KCE7KO87Jes7ZaJ&enc=utf8,1박2일로 전주여행을 가고자합니다 숙소에 차를 주차해놓고 한옥마을로 가서 돌아볼예정인데 코스가 어찌되는지 참 찾기가 힘드네요 대충 코스좀 짜주세요 한옥마을 도보로 걸어 당길수있는곳이면 더 좋겠습니다 너무
당일치기 전주 여행,https://kin.naver.com/qna/detail.naver?d1id=12&dirId=1213050212&docId=241351824&qb=7KCE7KO87Jes7ZaJ&enc=utf8,kr 전주 관광지도 다운로드 페이지 링크 httptourjeonjugokrindex9iscontentUid9be517a74f72e96b014f82e46ac60c47 아래는 제가 말씀 드린 곳과 기타 몇 곳을 표기한 이미지이니 참고하세요클릭해서 원본으로 보세요 여행 중에 궁금하시거나
전주여행 일정 세울때요,https://kin.naver.com/qna/detail.naver?d1id=5&dirId=51003&docId=268214852&qb=7KCE7KO87Jes7ZaJ&enc=utf8,친구들이랑 전주여행을 계획중입니다 일단 전주여행 가보면 첫번째로 가보고 싶은게 한옥마을이라 한옥마을은 전주여행코스 일정에 넣었는데 다음 일정에서 막히네요  아 그리고 1박2일정도 생각중이라 숙소도 고민이에요
당일치기로 전주여행을 하려고하는데요,https://kin.naver.com/qna/detail.naver?d1id=9&dirId=90110&docId=299767759&qb=7KCE7KO87Jes7ZaJ&enc=utf8,당일치기로 전주여행을 하려고하는데요 전주 완산꽃동산 갈려면 대중교통이 복잡한가요 안녕하세요 _ 달봉티비 전주캐릭터 달봉이와해봉이입니다 대중교통보다는 택시를 이용하시는게 편하세요  httpsblognavercomsjh920519
내공최대 전주곡성 담양 여행 좀 알려주세요,https://kin.naver.com/qna/detail.naver?d1id=12&dirId=121305&docId=308969393&qb=7KCE7KO87Jes7ZaJ&enc=utf8,부산에서 자가용으로 출발해서 곡성 담양 전주 여행을 계획중이에요 전라도이니만큼 맛기행음식  자연 위주의 관광을 원합니다 현재까지 알아본 바로는 곡성  담양  전주 곡성 담양 관광 후 담양에서 하루를 보내고 두번째
전주 혼자 여행가는데 숙박,https://kin.naver.com/qna/detail.naver?d1id=9&dirId=90110&docId=218203222&qb=7KCE7KO87Jes7ZaJ&enc=utf8,담주 월 화 전주 여행을 1박2일로 가는데 아직 숙박을 못정했습니다 ㅠ 아무래도 혼자 가는거다보니 부담이되는데 한옥마을 게스트하우스나 그 근처 혼자묵기 좋은 숙소 추천 부탁드려요 아무래도 신시가지쪽은 좀 시끄러울거같아서
당일치기로 전주에 여행을 갈려고 합니다  도와주세요,https://kin.naver.com/qna/detail.naver?d1id=12&dirId=121305&docId=285770542&qb=7KCE7KO87Jes7ZaJ&enc=utf8,전주한옥마을 전주맛집 전주여행 전주숙박 한옥마을숙박 일단 주말에 오시기때문에 낮에는 한옥마을전동성당경기전벽화마을향교 둘러보시면될꺼같구요  한복은 한복남 괜찮으세요 인생샷 찍을곳은 경기전 향교 풍남문
커플 전주여행 사진찍기 좋은 곳,https://kin.naver.com/qna/detail.naver?d1id=12&dirId=121305&docId=337396221&qb=7KCE7KO87Jes7ZaJ&enc=utf8,10월 중순에 전주쪽으로 여행가는데요 혹시 커플사진 찍기 좋을 만 한 곳 있을까요 분위기 좋은 곳 맛집 추천좀 해주세용 ㅠ 자가용이동할거라 전주근처나 전라도여도 알려주시면 감사합니다 전주하면 대표적인 곳인
전주여행을 가려고 합니다,https://kin.naver.com/qna/detail.naver?d1id=12&dirId=121305&docId=224123887&qb=7KCE7KO87Jes7ZaJ&enc=utf8,제가 다녀본 전주 여행정보 정리해봤습니다 참고해주세요 ㅎ 전주에서 가볼만한 곳 덕진공원추천 덕진공원이 전주터미널에서 가장 가까운 곳이에요 산책하기에 좋은 호수공원이에요 덕진공원을 생략하고 곧바로 남부시장과
친구들과 전주여행 코스좀 추천해주세요,https://kin.naver.com/qna/detail.naver?d1id=12&dirId=121305&docId=277246234&qb=7KCE7KO87Jes7ZaJ&enc=utf8,여름방학때 1박2일로 6명이서 전주여행을 가고 싶은데 전주 여행 코스좀 추천해주세요 가볼만한곳체험맛집 숙박 등등 전주하면 전통적 명주인 이강주가 있구요 전주식 막걸리집의 원조 용진집 전주식 가맥문화의 전일슈퍼
전주여행,https://kin.naver.com/qna/detail.naver?d1id=9&dirId=90110&docId=204847335&qb=7KCE7KO87Jes7ZaJ&enc=utf8,객사에서 내려 사람들에게 물어 위의 관광지를 둘러보시면 되고 택시타시면 전동성당부터 둘러보시면 됩니다 먹거리 또한 근처에 다수 존재하니 사람들이나 검색을 통해 찾아가시면 좋을듯합니다 즐거운 전주여행 되시길 바랄게요
전주 애견동반 여행코스 추천 부탁드릴게요,https://kin.naver.com/qna/detail.naver?d1id=9&dirId=90110&docId=374542355&qb=7KCE7KO87Jes7ZaJ&enc=utf8,12월에 2박3일로 엄마랑 강아지데리구 전주여행 가게되었는데요 숙소는 전주한옥마을쪽으로 2박으로 잡았는데 2박3일동안 전주한옥마을근처로 애견동반에서 가볼만한 곳 있으면 추천드려요 애견동반 식당도 아시면 같이 추천
전주 여행코스,https://kin.naver.com/qna/detail.naver?d1id=12&dirId=121305&docId=287349129&qb=7KCE7KO87Jes7ZaJ&enc=utf8,전주한옥마을 전주맛집 전주여행 전주숙박할인 전주한옥마을숙박 전주여행정보는 네임카드 타고오세요 _ 좀더 궁금사항있으시면 네임카드 블로그 질문게시판에 남겨주세요 _
군산전주 여행,https://kin.naver.com/qna/detail.naver?d1id=9&dirId=90110&docId=336593231&qb=7KCE7KO87Jes7ZaJ&enc=utf8,10월 초주말에 군산전주 당일치기 여행 예정인데 두군대를 가는게 좋을까요 한곳만 가는게 좋을까요 이동수단은 대중교통이용 입니다 출발지가 서울이라고 가정하면 편도 3시간 정도의 거리이기에 당일치기로는 전주가 적당하지
전주당일치기 여행코스 부탁드려용,https://kin.naver.com/qna/detail.naver?d1id=12&dirId=121305&docId=288586061&qb=7KCE7KO87Jes7ZaJ&enc=utf8,걸어서 모두 5분거리에잇어요  좀더 궁금사항있으시면 네임카드 블로그 질문게시판에 남겨주세요 _ 감사합니다 전주한옥마을 전주맛집 전주여행 전주숙박할인 전주한옥마을숙박 전주여행정보는 네임카드 타고오세요 _
전주 여행,https://kin.naver.com/qna/detail.naver?d1id=9&dirId=90110&docId=275192621&qb=7KCE7KO87Jes7ZaJ&enc=utf8,이번에 여친과 전주여행을 가게되닜는데 시내근처 게스트하우스 맛집 추천 부탁드릴게요 그리고 전북대앞이 핫플이라고 지인에게 들었는데 맞다면 거기도 추천 부탁드릴게요 일단 게스트하우스는 한옥마을 근처에 많으시구요
회사 야유회 1박2일전주여행코스추천,https://kin.naver.com/qna/detail.naver?d1id=9&dirId=901&docId=274269849&qb=7KCE7KO87Jes7ZaJ&enc=utf8,안녕하세요 회사에서 1박2일로 전주로 여행을 가게되었는데요 산 둘레길과 전주한옥마을을 도는 코스를 짜고싶은데 아시는분 추천 좀 부탁드릴게요 시간은 대략 오후 2시부터 6시정도 걷고 쉬고할생각입니다 또 주변 먹을만한 맛집도
전주에 렌트해서 여행가려고 하는데 초,https://kin.naver.com/qna/detail.naver?d1id=12&dirId=121305&docId=300355497&qb=7KCE7KO87Jes7ZaJ&enc=utf8,그리고 주차할공간도없습니다  무조건 택시 이용하세요 ㅎㅎ httpsblognavercomsjh920519 전주숙박할인이나 좀더 궁금사항있으시면 네임카드 블로그 질문게시판에 남겨주세요 _ 전주한옥마을 전주맛집 전주여행
차타고 전주여행,https://kin.naver.com/qna/detail.naver?d1id=9&dirId=90110&docId=451170703&qb=7KCE7KO87Jes7ZaJ&enc=utf8,전주여행을 계획중이시군요 전주에는 다양한 볼거리들과 먹거리들이 많이 모여있죠 그러다보니 어떻게 숙소를 잡을거고 식사 및 간식은 얼마나 드실지를 생각을 했을때 비용은 다를겁니다
전주여행영화제내공100감사,https://kin.naver.com/qna/detail.naver?d1id=9&dirId=90110&docId=73483298&qb=7KCE7KO87Jes7ZaJ&enc=utf8,전주여행을 가는데요 전주도 처음이고 영화제도 처음이라 전주나 전주 영화제에 잘 아시는분 답변부탁드립니다 음 우선 여행 기한 및 시간은 5월 2일토요일 오후 늦게 출발  5월 3일일요일 오후 늦게 도착 입니다 1박 2일
전주 여행을 가려고 하는데 도와주세요,https://kin.naver.com/qna/detail.naver?d1id=12&dirId=121305&docId=101952140&qb=7KCE7KO87Jes7ZaJ&enc=utf8,그런데 친구가 집에 놀러오기로 했는데 같이 전주여행을 가기로 했어요 그래서 이것저것 알아보고 있는데 교통편이나 코스 등등 정하기가 애매하더라구요 좀 도와주세요 친구랑은 전주역에서 만나기로 했구요 제가 자격증시험
전주여행1박2일,https://kin.naver.com/qna/detail.naver?d1id=9&dirId=90110&docId=203937666&qb=7KCE7KO87Jes7ZaJ&enc=utf8,여자친구랑 전주여행갈껀데 전주에한번도 안가봐서 아무것도 모르는데 전주엔 뭐가 유명하고 그냥 전주에 도착하면 택시나 버스 타면 가깝게 다돌아다닐수있나요 맛집이랑 길거리 먹방 그런것도 하고싶은데 좀알려주세요 어디어디
전주 1박2일 여행코스,https://kin.naver.com/qna/detail.naver?d1id=9&dirId=90110&docId=280719545&qb=7KCE7KO87Jes7ZaJ&enc=utf8,이번에 남자친구랑 2년을 맞아서 1박2일로 전주여행을 가려고 합니다 저번에 한번갓다와서 알긴아는데요 기차타고 전주를 갈건데요 혹시 1박2일 동안 다닐 곳 또는 여행코스좀 알려주세요 ㅠㅠㅜ 안녕하십니까 달봉TV 전주달봉이의
전주여행 시외버스터미널 가볼만한곳,https://kin.naver.com/qna/detail.naver?d1id=8&dirId=81202&docId=236482681&qb=7KCE7KO87Jes7ZaJ&enc=utf8,친구들이랑 전주여행을 가기로 했는데요 도착시간이 달라서 터미널에서 2시간정도 기다려야되거든요 혹시 전주시외버스 터미널 근처에 가볼만한곳 있나요 전주한옥마을이랑 벽화마을 빼구요 전주한옥마을에 잠깐 갔다 오세요
전주 여행 질문입니다,https://kin.naver.com/qna/detail.naver?d1id=9&dirId=90110&docId=404373752&qb=7KCE7KO87Jes7ZaJ&enc=utf8,1박2일로 전주 여행을 가려고하는데 차 없이 여행하기 괜찮을까요 전주터미널에 내려서 이동하려고합니다 한옥마을 제외하고 괜찮은 장소 추천해주세요 혼자여행갑니다 택시 타세요 httpstermsnaver
전주한옥마을숙박 주말여행,https://kin.naver.com/qna/detail.naver?d1id=9&dirId=90206&docId=278094945&qb=7KCE7KO87Jes7ZaJ&enc=utf8,게스트하우스 이용한 덕분에 츄러스도 무료로 먹고 츄남이라는 좋은 카페도 알게 되었네요 전주 한옥마을 여행 계획 세우시는 분들은 저처럼 모란 amp 츄남 코스로 엮어서 다녀오셔도 좋을 것 같습니다  아주 알찬 전주 여행이 될 거예요
청소년 전주여행,https://kin.naver.com/qna/detail.naver?d1id=9&dirId=901&docId=262774818&qb=7KCE7KO87Jes7ZaJ&enc=utf8,이번 겨울방학때 친구랑 같이 전주여행을 가려고하는 고2학생입니다 하나부터 열까지 꼼꼼하게 알려드릴 분 없나요 안녕하세요  여행을 너무 좋아해서 한달에 한번은 꼭 가는 1인 입니다 어느쪽에 좀 흥미가 있으신지도 말씀해
2박3일 전주 혼자여행,https://kin.naver.com/qna/detail.naver?d1id=12&dirId=121305&docId=395666977&qb=7KCE7KO87Jes7ZaJ&enc=utf8,전주 여행을 여쭈시네요 도움 받은 책 소개하고 가요 저도 사용하다보니 많이 필요하더라구요 그래서 이 제품을 사용하고 있는데 너무 만족하고 있어요 제 생각에는 이 제품이 좋은 것 같아요 이러이러한 장점들이 커서 많은
전주2박3일여행일정및코스,https://kin.naver.com/qna/detail.naver?d1id=12&dirId=1213050212&docId=202219841&qb=7KCE7KO87Jes7ZaJ&enc=utf8,통상 전주 여행은 하루정도면 충분합니다 하루동안 구경하면 더 이상 할게 없습니다 전동성당경기전한옥마을객사시내너댓 시간이면 구경 끝납니다 3시에 도착해서 저녁먹고 한옥마을 게스트 하우스에서 잠자면 끝입니다 그
전주 여행,https://kin.naver.com/qna/detail.naver?d1id=12&dirId=121305&docId=121993854&qb=7KCE7KO87Jes7ZaJ&enc=utf8,아 그리고 전주여행할때 꼭가야되는 중요한 관광명소좀 가르쳐주세요 전주에사는 저는 또마하우스라는 모텔을 처음알았는데 님의 말씀을 듣고 검색을 해보니 한번 묵어볼만한 모텔같군요전주사는 제가 전주의 모텔을
전주여행질문,https://kin.naver.com/qna/detail.naver?d1id=9&dirId=90110&docId=267139867&qb=7KCE7KO87Jes7ZaJ&enc=utf8,전주여행을 가족과 가려고하는데요 전주의 번화가어딘가요 한옥마을 외에 가볼만한곳은요저녁애 번화가근처에서 치킨먹고 숙소에서 자려고하는대 숙소는 어디서 잡으면좋을까요 안녕하세요 전주토박이입니다ㅎㅎ 뻥튀기된
미성년자 혼자 전주 1박2일 여행,https://kin.naver.com/qna/detail.naver?d1id=9&dirId=90110&docId=426246140&qb=7KCE7KO87Jes7ZaJ&enc=utf8,제가 10월 가을 중으로 혼자 1박2일로 전주 여행을 갔다 오려고 하는데 부모님 동의 O 미성년자 혼자 숙박할 수 있는 곳이 있을까요 웬만하면 덕진구로 뭐 혼자 가는거라 술담 그런 거 전혀 대본 적도 없고 기분전환 할 겸 가는 건데
전주여행 동물원  덕진공원 한옥마을,https://kin.naver.com/qna/detail.naver?d1id=12&dirId=121305&docId=130661954&qb=7KCE7KO87Jes7ZaJ&enc=utf8,옛촌이 있습니다 TV에 나왔던 곳은 삼천동인듯한데 먹을 것은 서신동이 더 맛있겠지싶네요 저는 술을 안좋아해서 북대에서 서신동이 더 가깝습니다 택시비는 5천원정도 막히는 시간대라면 변동있슴돠 전주여행 재미있게 하세요
전주여행시,https://kin.naver.com/qna/detail.naver?d1id=9&dirId=90110&docId=115259017&qb=7KCE7KO87Jes7ZaJ&enc=utf8,비롯해 비빔밥 콩나물해장국 한정식등 유명맛집이 몰려 있습니다 숙박은 한옥체험관이나 찜질방을 이용해도 되고 모텔은 주변에 많습니다 이밖에도 덕진공원의 연꽃과 음악분수도 볼만 합니다 즐겁고 행복한 전주여행 다녀 오세요
전주 한옥마을 여행 루트,https://kin.naver.com/qna/detail.naver?d1id=9&dirId=90105&docId=276024099&qb=7KCE7KO87Jes7ZaJ&enc=utf8,어떻게 루트를 짜야할까요 여러분의 소통으로 먹고사는 달봉이의5882여행맛집정보 전주여행 전주맛집 전주관광 네임카드 타고들어오시면 전주여행에 대한 자세한 정보가있어요  httpblognavercomsjh920519220989933142
전주여행코스,https://kin.naver.com/qna/detail.naver?d1id=12&dirId=121305&docId=281730839&qb=7KCE7KO87Jes7ZaJ&enc=utf8,근처 숙박업소도 같이추천해주시면 감사합니다  안녕하세요 달봉TV 전주달봉이의5882 전주여행 전주맛집 전주정보 전주한옥마을 9월2일 같은경우는 토요일이기때문에 오후에는 한옥마을 전동성당 경기전 향교 오목대 벽화마을
전주여행 코스 추천,https://kin.naver.com/qna/detail.naver?d1id=12&dirId=1213050104&docId=211643234&qb=7KCE7KO87Jes7ZaJ&enc=utf8,12월 쯤으로 해서 커플 여행으로 대전에서 전주 여행 가려 합니다 전주는 처음 가보는 거라 1박 2일 코스 추천과 2박 3일 코스 추천 부탁드립니다먹거리도 함께 비용도 어느 정도 나올지도 부탁드립니다 대전복합터미널 4번
전주 여행,https://kin.naver.com/qna/detail.naver?d1id=12&dirId=121305&docId=465053809&qb=7KCE7KO87Jes7ZaJ&enc=utf8,전주 여행이 별로였다는 것이 안타깝네요 전주는 전통과 역사가 고스란히 느ꁼ기 좋은 곳으로 많은 이들이 그 매력에 빠져들게 됩니다 그러나 취향에 따라 다르게 느끼실 수도 있습니다 전주에서의 즐길 거리 중에는 한옥
전주여행을 가려고 하는데요,https://kin.naver.com/qna/detail.naver?d1id=9&dirId=90110&docId=214872279&qb=7KCE7KO87Jes7ZaJ&enc=utf8,안녕하세요 이번달 말에 남자친구랑 1박 2일로 전주여행을 가려고 하는데요 질문할게요 1 저희가 사는 지역은 광주광역시거든용 차를 갖고가게 되면 교통비톨게비가 얼마나 드나요 2 전주에 있는 관광지에 갈 때 주차할
전주 2박3일여행 일정 게스트하우스 도와주세요,https://kin.naver.com/qna/detail.naver?d1id=12&dirId=1213050203&docId=295389519&qb=7KCE7KO87Jes7ZaJ&enc=utf8,이용하면 되용 ㅎㅎ 전주숙박할인이나 좀더 궁금사항있으시면 네임카드 블로그 질문게시판에 남겨주세요 _ 감사합니다 전주한옥마을 전주맛집 전주여행 전주숙박할인 전주한옥마을숙박 전주여행정보는 네임카드 타고오세요 _
전주 2박3일 여행 스케줄 질문,https://kin.naver.com/qna/detail.naver?d1id=12&dirId=121305&docId=299937467&qb=7KCE7KO87Jes7ZaJ&enc=utf8,httpsblognavercomsjh920519 전주숙박할인이나 좀더 궁금사항있으시면 네임카드 블로그 질문게시판에 남겨주세요 _ 전주한옥마을 전주맛집 전주여행 전주숙박할인 전주한옥마을숙박 전주여행할땐
전주여행,https://kin.naver.com/qna/detail.naver?d1id=9&dirId=90110&docId=114812183&qb=7KCE7KO87Jes7ZaJ&enc=utf8,안녕하세요 1415 전주에 여행을 가려고 합니다 전주에 터미널에 1시쯤 도착해서 한옥마을이랑 동울원 덕진공원을 돌아본후 숙박시설에서 자고 일어나서 전주역으로 가려고 합니다 어떤 경로가 좋을까요 제 생각에는 터미널 한옥마을
군산  전주 먹거리 여행,https://kin.naver.com/qna/detail.naver?d1id=12&dirId=121305&docId=287911995&qb=7KCE7KO87Jes7ZaJ&enc=utf8,벽화마을 이있어용  숙박같은경우는 인원수와 오시는날짜 네임카드 블로그 질문게시판에 남겨주세요 _ 감사합니다 전주한옥마을 전주맛집 전주여행 전주숙박할인 전주한옥마을숙박 전주여행정보는 네임카드 타고오세요 _
전주여행 코스부탁드려요,https://kin.naver.com/qna/detail.naver?d1id=9&dirId=90110&docId=371533642&qb=7KCE7KO87Jes7ZaJ&enc=utf8,당일치기로 여행계획중입니다 전주한옥마을 거기서 한복입고 사진찍고 둘러보고 할생각입니다 도보로 이동생각중이구요 근처에 한정식같은 맛집 추천부탁드립니다 한복입고 돌아다니면서 구경하기 좋은곳 추천부탁드립니다
전주 1박2일 여행 질문이요,https://kin.naver.com/qna/detail.naver?d1id=9&dirId=90110&docId=207420071&qb=7KCE7KO87Jes7ZaJ&enc=utf8,금요일 밤에 출발하게 되면 토요일부터 전주 여행을 하게되겠죠 토요일 오전부터 일요일 오전까지 놀고 오후에는 집으로 가야하기에 그 시간동안 어디어디 가면 좋을지 코스좀 정해주셨으면 합니다 되도록이면 간략하게
친구와 둘이 전주 여행을 가려합니다,https://kin.naver.com/qna/detail.naver?d1id=12&dirId=121305&docId=267474535&qb=7KCE7KO87Jes7ZaJ&enc=utf8,그리고 막걸리먹으러가셔도 한끼충분 안주엄청나온답니다ㅋㅋ한끼굶고가세요진심 이상 전주사람이본 전주입니다ㅎㅎ도움되셨길 처음써보는 답변이라 쓰는 요령이부족했지만 좋은여행 되시길 바랍니다
전주 2박3일 여행 코스 부탁드립니다 ㅠㅠ,https://kin.naver.com/qna/detail.naver?d1id=9&dirId=90110&docId=274413709&qb=7KCE7KO87Jes7ZaJ&enc=utf8,이번에 5월 22일 부터 24일 까지 전주 여행을 가려고 합니다 여자친구랑 가려고 하는데요 어떻게 가야 좋을지 아무리 생각을 해도 답이 나오지 않더라구요 길거리 음식 좋아하고요 사진찍는것도 좋아하고요 관광지있으면 더 좋고요
전주 여행코스 or 전주술집 괜찮은곳요,https://kin.naver.com/qna/detail.naver?d1id=7&dirId=70601&docId=266913688&qb=7KCE7KO87Jes7ZaJ&enc=utf8,전주여행코스 웬만큼은 알아봣는데여 저녁에 전주술집에서 한잔 할려고 하는데  괜찮은곳 좀 추천바랍니다 막걸리야 거기서 거지지만안주가 좀 푸짐하고 맛있는곳 있음 알려주세요감사합니다 참고로숙소는 아중로인데 그 일대
전주 여행1박2일,https://kin.naver.com/qna/detail.naver?d1id=12&dirId=121305&docId=120643554&qb=7KCE7KO87Jes7ZaJ&enc=utf8,안녕하세요 12월초에 애인이랑 1박2일로 전주로 여행을 갈려고 하는데 전주쪽으로는 여행한번 제대로 가본적이 없어서추천좀 대구에서 출발이고 대중교통이 아니라 차를 몰고 갈 예정입니다 1질문 첫날은 야경이랑 경치좋은
여자친구랑 전주여행,https://kin.naver.com/qna/detail.naver?d1id=9&dirId=90110&docId=477866865&qb=7KCE7KO87Jes7ZaJ&enc=utf8,여자친구랑 전주를 갈 예정인데 한옥에서 잘까요 호텔에서 잘까요 그 지역마다 유명한게 있자나요 예를 들어 서울은 롯데타워남산타워등 이런식으로요 전주가면 한옥에서 많이들
전주 여행,https://kin.naver.com/qna/detail.naver?d1id=9&dirId=90110&docId=287989160&qb=7KCE7KO87Jes7ZaJ&enc=utf8,요즘 객리단길에 많ㅇ ㅣ생겼습니다  좀더 궁금사항있으시면 네임카드 블로그 질문게시판에 남겨주세요 _ 감사합니다 전주한옥마을 전주맛집 전주여행 전주숙박할인 전주한옥마을숙박 전주여행정보는 네임카드 타고오세요 _
전주 여행 가려고 하는데요,https://kin.naver.com/qna/detail.naver?d1id=12&dirId=1213050212&docId=315147816&qb=7KCE7KO87Jes7ZaJ&enc=utf8,전주에 여행을 가고 싶습니다 근데 전라도에는 사기꾼이랑 범죄자가 많다는 말을 들어서 좀 가기 무섭습니다 처음에는 잘해주다가 나중에 뒤통수쳐서 속옷까지 다 뺏어먹는 인간들이라고 전국적으로 전라도 인간들이 소문이 나서요
급해요ㅜㅠㅠ 전주여행,https://kin.naver.com/qna/detail.naver?d1id=9&dirId=90110&docId=271459085&qb=7KCE7KO87Jes7ZaJ&enc=utf8,내일 칭구랑 전주여행가는데 사복입고 갈지 교복입고 갈지 너무 고민돼요  교복이요 주말에 가셔도 교복입고 한번 다녀오세용 날씨가 너무 춥겠지만 제 개인적인 생각으로는 교복입고가서 사진 많이찍고 학창시절 좋은 사진 많이
1박당일치기 전주여행 추천지좀 부탁합니다,https://kin.naver.com/qna/detail.naver?d1id=12&dirId=121305&docId=195153360&qb=7KCE7KO87Jes7ZaJ&enc=utf8,D 전주외곽완주  상관 편백나무숲공기마을 소양 오스갤러리몽펠리에 송광사 우선순위대로 써봤습니다 보통 1일로 전주여행 오시면 A에서 끝나시더라구요 전주에 둘러볼 곳 많으니 오래 묵으시며 좋은 여행하시기 바랍니다
친구들이랑 전주여행,https://kin.naver.com/qna/detail.naver?d1id=12&dirId=121305&docId=462654537&qb=7KCE7KO87Jes7ZaJ&enc=utf8,안녕하세용 저희는 중3 학생들 이고 이번에 처음으로 넷이서 여행을 가는데 전주를 가게 되었어용 동탄역에서 srt 또는 ktx를 타고 전주를 가보려 하는데 당일치기라 짧은 시간 동안 재밌는 경험을 하고 샆은데 혹시 전주 유명한 명소가
전주여행 2박3일 코스문의좀부탁드릴게요 ㅎ,https://kin.naver.com/qna/detail.naver?d1id=9&dirId=90110&docId=185362211&qb=7KCE7KO87Jes7ZaJ&enc=utf8,안녕하세요 요번에는 전주로 2박 3일 여행가려하는데요 ㅎ 아직 대학생이라 차가 없어서 대중교통을 이용하려구해요 ㅎ 전주에는 어떤게 유명하고 또 한 사진찍어도 이쁘게 찍히는 곳도 궁금하구요 담양죽녹원 거기도 가보고싶구요
전주 여행 질문,https://kin.naver.com/qna/detail.naver?d1id=9&dirId=90110&docId=225445222&qb=7KCE7KO87Jes7ZaJ&enc=utf8,제가 전주 여행을 하려고 하는데 인천 주안에서 출발해서 버스나 기차 타고 가면 비용이 얼마 정도 드나요그리고 여행지도관광안내소나와 있으면 올려주세요또 여행지 먹거리나 볼거리도요 기차타고 가실거라면 주안에서
전주 여행코스 추천,https://kin.naver.com/qna/detail.naver?d1id=12&dirId=121305&docId=306442676&qb=7KCE7KO87Jes7ZaJ&enc=utf8,구경하시면되세요  전주여행코스 전주맛집 자세한 정보는 httpsblognavercomsjh920519 전주캐릭터 전주여행할땐 전주달봉이입니다 전주숙박할인이나 좀더 궁금사항있으시면 네임카드 블로그 질문게시판에 남겨주세요
전주 여수여행코스좀,https://kin.naver.com/qna/detail.naver?d1id=9&dirId=901&docId=229906685&qb=7KCE7KO87Jes7ZaJ&enc=utf8,저는 작년 이맘때쯤 전주여행다녀왔는데 정말 좋더라구요 맛있는것도 많고 제가 전주여행갈때 추천받았던 1박2일전주여행코스 알려드릴게요 남문시장경기전전동성당한옥마을오목대벽화마을 이 순서대로 가면 경로도
광명에서 전주여행 여수여행,https://kin.naver.com/qna/detail.naver?d1id=9&dirId=90110&docId=169994470&qb=7KCE7KO87Jes7ZaJ&enc=utf8,광명에서 전주와 여수를 가려하는데 전주 여수 중 어딜 먼저 가야 할까요 목요일밤에 가서 일요일밤으로 일정은 가셔서 ktx를 타시던지 아니면 버스정류장으로 가셔서 버스를 타고 올라가시면 될듯합니다 그럼 즐거운 여행 되세요
창원에서 전주여행,https://kin.naver.com/qna/detail.naver?d1id=9&dirId=901&docId=246166266&qb=7KCE7KO87Jes7ZaJ&enc=utf8,창원에서 전주여행경비는 대략 1인당 10만원정도면 될것 같습니다 시외구간약 5시간  14400원 lt이건 소요시간이 잘못된것 같아요_ 시외 창원종합버스터미널  전주시외버스공용터미널 출발
전주여행갈때 버스가좋나요 자가용이좋나요,https://kin.naver.com/qna/detail.naver?d1id=9&dirId=90110&docId=203781940&qb=7KCE7KO87Jes7ZaJ&enc=utf8,제가 1박2일 전주여행을 가게됬는데 전주안에서 대중교통이 편하면 차를 꼭 끌고 갈 필요는 없을거같은데괜히 전주에 길거리음식 파는데 많구 조그만한 맛집들 많을텐데 주차할데가 없을까바요ㅠㅜ 주로 걸어다니는게 많은 전주에서
대구gt전주 여행,https://kin.naver.com/qna/detail.naver?d1id=12&dirId=121305&docId=205044773&qb=7KCE7KO87Jes7ZaJ&enc=utf8,안녕하세요 전주사는 청년입니다 전주로 여행오신다니 반갑습니다 환영하구요 ㅎㅎㅎ 일단 대구에서 오시는거면 터미널에서 내리셔서 근처에 택시가 주욱 서있습니다 택시타고 quot전동성당 가주세요quot 하시면 됩니다 요금은 5천원
전주여행가려고하는데 1박2일할거에요 좋은장소없나요,https://kin.naver.com/qna/detail.naver?d1id=9&dirId=90110&docId=246255429&qb=7KCE7KO87Jes7ZaJ&enc=utf8,전주여행가려고하는데 1박2일할거에요 좋은장소없나요엄마랑저랑둘이갈거에요 안녕하세요 곧 날씨도 풀리고 여행가기 딱 좋은 것 같아요 더군다나 어머님과 가신다니 정말 부럽네요  좋은 추억 많이 만드셨으면 좋겠습니다
전주여행 한복 대여,https://kin.naver.com/qna/detail.naver?d1id=9&dirId=90110&docId=280686499&qb=7KCE7KO87Jes7ZaJ&enc=utf8,8월 중순에 친구들과 전주 여행을 가려고 하는데요 전주 여행에서 한복을 대여해서 입고 싶은데 찾아보니까 이렇게 위아래 다 화려한 어우동 같은 한복밖에 안 나오더라고요 제가 원하는 한복은 차분하고 전통에 가까운
전주여행코스 골라주세요,https://kin.naver.com/qna/detail.naver?d1id=9&dirId=90110&docId=263984158&qb=7KCE7KO87Jes7ZaJ&enc=utf8,처음 가는 거다보니깐 잘 모르겠네요ㅠ_ㅠ한옥마을 외에 전주여행코스 정해주세요 기간은 1박2일정도 생각중인데 숙소도 좀 고민인데요 리조트나 호텔로 갈까 펜션으로 갈까 생각 중이거든요 모텔예약 이런 쪽 말고
내일로 전주여행 질문이요,https://kin.naver.com/qna/detail.naver?d1id=12&dirId=1213050203&docId=203046754&qb=7KCE7KO87Jes7ZaJ&enc=utf8,내일로 전주 여행 하려고 하는데 코스 짜는 것 좀 도와주세요ㅠㅠ 열두시 쯤 전주역 도착해서 저녁 7시까지는 다시 전주역에 도착해야 해요 한옥마을 자만 벽화마을 남부시장 청년몰 전주동물원 오목대 보려고 하는데 다 보는건
전주 여행 추천이요,https://kin.naver.com/qna/detail.naver?d1id=9&dirId=90110&docId=244199376&qb=7KCE7KO87Jes7ZaJ&enc=utf8,아이들과 구경할 수 있는 곳으로요 전주여행코스로는 덕진공원 한옥마을ㅡ남부시장ㅡ오목대근처에 벽화마을이 있습니다 덕진공원은 밤에가면 좋은데 겨울에는 비추입니다 너무춥기만해요 ㅋㅋ 날씨가선선할때 덕진공원은
전주 여행 방법 고민되네요,https://kin.naver.com/qna/detail.naver?d1id=9&dirId=90110&docId=359385345&qb=7KCE7KO87Jes7ZaJ&enc=utf8,토일 1박 2일로 전주 한옥마을 여행 계획하고 있는데요 서울에서 출발합니다 자차로 이용하느냐 기차를 타고 택시 또는 버스도보로 하느냐 중 고민하고있습니다 어떤 방법이 좋을까요 전주한옥마을에 방문하셔서 한옥마을
부산에서 전주여행,https://kin.naver.com/qna/detail.naver?d1id=9&dirId=90110&docId=206990814&qb=7KCE7KO87Jes7ZaJ&enc=utf8,부산에서 출발해서 당일치기 전주여행코스쫌요ㅜ 부산에서 전주 교통편은 아시죠 당일치기라면 한옥마을권내를 오시는것이라 판단됩니다 전주에 오시면 택시를 타시고 풍남문광장에서 내리세요 그러면 바로 풍남문 전동성당
내공100전주여행코스,https://kin.naver.com/qna/detail.naver?d1id=9&dirId=90110&docId=280659260&qb=7KCE7KO87Jes7ZaJ&enc=utf8,전주여행코스좀 짤려고하는데 이번주일요일날 가는대요 점심에 삼백집에서 국밥먹고 이후부터 어떻게 짜야될지 몰르겠네요ㅠ 추천좀해주세요 안녕하세요 _ 달봉TV 달봉이의5882오빠빨리여행맛집정보입니다 한옥마을에오셧으면
전라도여행전주순천여수 여행코스좀 도와주세요 ㅠㅠ,https://kin.naver.com/qna/detail.naver?d1id=12&dirId=1212&docId=300382217&qb=7KCE7KO87Jes7ZaJ&enc=utf8,httpsblognavercomsjh920519 전주숙박할인이나 좀더 궁금사항있으시면 네임카드 블로그 질문게시판에 남겨주세요 _ 전주한옥마을 전주맛집 전주여행 전주숙박할인 전주한옥마을숙박 전주여행할땐 전주달봉이를 찾아주세요
전주여행에 관하여,https://kin.naver.com/qna/detail.naver?d1id=12&dirId=1213050219&docId=169436572&qb=7KCE7KO87Jes7ZaJ&enc=utf8,전주 여행을 가려고 합니다 당일 치기로 다녀오려고 하는데요 전주에 남부시장 벽화마을 한옥마을 경기전 성당 중에 제일 가볼 만한 곳이 어디인지 궁금합니다 혹시나 여기 말고 더 좋은 곳이 있으면 추천부탁드릴께요 고속버스
전주 1박 2일 여행 코스,https://kin.naver.com/qna/detail.naver?d1id=12&dirId=121305&docId=298823988&qb=7KCE7KO87Jes7ZaJ&enc=utf8,ㅎㅎ 힘들것네 부산 까지 3시간 30걸리자나요 전주여행 뭐 별거없죠 딱 내리면 1시쯤이니까 한옥마을가세요 뭐 한복을 대여하시든말든 마음대로고 한사람당 만원인가 했던것 같네요 그리고 돌아다니다 보면 그 근처에 전동성당
전주 곡성 1박2일 수학여행,https://kin.naver.com/qna/detail.naver?d1id=9&dirId=90110&docId=276737746&qb=7KCE7KO87Jes7ZaJ&enc=utf8,전주 같은경우는  아침식사도 가능한 풍남관광호텔 추천드립니다  전주에서 수학여행을 많이받고있습니다  현재 5월달에도 많은 수학여행팀이 왔구요 6 전주여행관련 자세한사항은 네임카드타고오세용 정보보시고
전주1박2일여행,https://kin.naver.com/qna/detail.naver?d1id=12&dirId=121305&docId=279835914&qb=7KCE7KO87Jes7ZaJ&enc=utf8,여름휴가때 신랑이랑 1박2일로 전주여행을 가고싶은데요처음 가보는 지역이라 전혀 정보가 없어요ㅜ 한옥마을 야시장 막걸리거리를 가고싶은데 코스 좀 짜주실분 계신가요이외에도 추천해 주실만한 관광지도 부탁드립니다
전주 여행 추천지요,https://kin.naver.com/qna/detail.naver?d1id=12&dirId=121305&docId=309236884&qb=7KCE7KO87Jes7ZaJ&enc=utf8,이번 추석에 부모님과 가족들과 전주여행을 하려고 하는데요 부모님과 가볼만한곳 있을까요 우선 전주한옥마을은 가려고 하는데 그 외 가볼만한곳 추천 부탁 드릴게요 주변 맛집도 알려주시면 감사하겠습니다 가족분들과
전주여행 문의,https://kin.naver.com/qna/detail.naver?d1id=9&dirId=90110&docId=223294905&qb=7KCE7KO87Jes7ZaJ&enc=utf8,전주로 어머님과 함께 여행을 준비하고 계시는군요 아무쪼록 즐거운 추억 많이 만드세요  질문하신 전주고속버스터미널에서 전주한옥마을 가는 방법입니다 경로  전주고속버스터미널  전주 한옥마을 교통편  버스 시간
내공50 전주 1박2일 여행코스,https://kin.naver.com/qna/detail.naver?d1id=9&dirId=901&docId=295412092&qb=7KCE7KO87Jes7ZaJ&enc=utf8,이용하면 되용 ㅎㅎ 전주숙박할인이나 좀더 궁금사항있으시면 네임카드 블로그 질문게시판에 남겨주세요 _ 감사합니다 전주한옥마을 전주맛집 전주여행 전주숙박할인 전주한옥마을숙박 전주여행정보는 네임카드 타고오세요 _
전주 먹방 찍으러 가는데요 여행코스 좀요,https://kin.naver.com/qna/detail.naver?d1id=12&dirId=1213050212&docId=193124220&qb=7KCE7KO87Jes7ZaJ&enc=utf8,막걸리골목도있고 사람들 모두 친절해요 제 블로그에 얼마전에 전주 여행 갔다온거 있는데 한번 구경오세요 그리구 더 자세한거 물어보실려면 댓글이나 쪽지 주세요 httpblognavercomsong0young
전주여행 꼭 가야할 곳,https://kin.naver.com/qna/detail.naver?d1id=9&dirId=90110&docId=279588450&qb=7KCE7KO87Jes7ZaJ&enc=utf8,이번 휴가때 전주여행을 가려고 합니다 전주가 음식이 맛있기로 유명한 것을 알고 있는데요 관광객도 많고 좋은 명소가 많다고 들었는데요 전주여행을 가면 꼭 가야할 곳이 어디인지 궁금합니다 친구들이랑 같이 가는데 좋은 추억을
전주 여행,https://kin.naver.com/qna/detail.naver?d1id=9&dirId=90110&docId=74966860&qb=7KCE7KO87Jes7ZaJ&enc=utf8,중순 이후로는 덕진공원에 연꽃을 보러 가시는 분들이 많답니다 우선 버스편을 위주로 말씀드렸지만 네 분이서 오시는거면 버스보다는 택시를 이용하시는 편이 비용면에서 절약될 듯 합니다 전주에서 즐거운 여행되시길 바랍니다
울산 전주 여행,https://kin.naver.com/qna/detail.naver?d1id=8&dirId=8020109&docId=245817669&qb=7KCE7KO87Jes7ZaJ&enc=utf8,울산에서 전주로 여행가는데 ktx랑 무궁화호 예약 안 하면 못가나요 ㅠㅠ 좋은 자리 아니어도 그냥 앉아서만 갈 수 있다면 울산에서 전주로 가는 기차편은 직행도 환승도 없어요 고속버스를 이용하는 방법밖에는
전주 가족여행으로 좋은데 추천해주세요,https://kin.naver.com/qna/detail.naver?d1id=9&dirId=90105&docId=473380939&qb=7KCE7KO87Jes7ZaJ&enc=utf8,역사 박물관 은 빼고요재밌다면 가능 전주여행 전주맛집 국내여행 전주달봉이 달봉티비 전주여행코스 전주가볼만한곳 여수여행 여수가볼만한곳 제주도여행 제주도가볼만한곳 여행 전문 인플루언서 전주달봉이입니다
전주 여행 가보려고 하는데,https://kin.naver.com/qna/detail.naver?d1id=12&dirId=121305&docId=300871043&qb=7KCE7KO87Jes7ZaJ&enc=utf8,전주 여행 가보려고 하는데요 볼거리 먹거리 추천 좀 해주세여 단 너무 흔한건 빼고요 ps초코파이 사갈건데 사갈만한가요 전주 여행 먹거리 관련해서 질문해주셨네요 제 개인적인 경험을 바탕으로 말씀드릴게요 초코파이는
전주여행 2박3일 코스조언부탁드립니다,https://kin.naver.com/qna/detail.naver?d1id=12&dirId=1213050212&docId=198265621&qb=7KCE7KO87Jes7ZaJ&enc=utf8,2박3일동안 어떻게 전주여행을해야 잘했단 소리를 들을지 마이산을 코스에 끼면 2박3일정도도 괜찮다는 댓글을 봤는데 저는 차도없고 뚜벅이여행자입니다 지도로보니 마이산은 꽤 거리가 있던데 전주에서 왔다갔다 할 수 있는
겨울 전주 여행,https://kin.naver.com/qna/detail.naver?d1id=9&dirId=90110&docId=403031807&qb=7KCE7KO87Jes7ZaJ&enc=utf8,겨울 전주 여행가려고 하는데 전주동물원 겨울에도 동물들 많이 나와 있나요 12월초에 예정입니다 그리고 한옥마을 말고 다른 가볼만한곳 있을까요 자동차로 움직인다면 고군산 군도를 추천 합니다
전주 여행사,https://kin.naver.com/qna/detail.naver?d1id=9&dirId=90110&docId=480796071&qb=7KCE7KO87Jes7ZaJ&enc=utf8,이외에도 전주 여행스케치 여행사에서는 전세버스 관광버스 대여 및 대절이 가능해요 안전을 최우선시 하며 친절한 기사님들이 계세요 전주시는 전통문화를 체험할 수 있는 수학여행 프로그램을 추진해요 한옥마을
내공전라도 전주 여행,https://kin.naver.com/qna/detail.naver?d1id=9&dirId=90110&docId=124130751&qb=7KCE7KO87Jes7ZaJ&enc=utf8,제가 친구들이랑 여름에 돈모아서 전주에 2박3일정도 여행을 갈려하는대요 3명이서 가는대 자금은 1인당 1520정도 가지고 가서 맛있는 음식 찾아 다닐려고 하거든요 ㅎ 전라도 전주를 기준으로 맛집여행 코스좀 추천해주세요
전주 여행,https://kin.naver.com/qna/detail.naver?d1id=9&dirId=90114&docId=269449330&qb=7KCE7KO87Jes7ZaJ&enc=utf8,제가 남자친구와 같이 전주에 2박 3일로 가려고 하는데 제가 18살 남자친구가 19살이에요 아직 미성년자라서 호텔 못잡겠죠 당일치기로 여행가면 저랑 제남자친구가 둘다 체력이 안좋아서 쉬엄쉬엄
전주 여행을 가려고 하는데요,https://kin.naver.com/qna/detail.naver?d1id=9&dirId=90105&docId=74480964&qb=7KCE7KO87Jes7ZaJ&enc=utf8,전주여행을 가려고 하는데요 몇가지만 대답해주세요ㅠ 전주고속버스터미널에 도착하면 2시쯤 될 것 같은데 1 그 주변에 맛집은 없나요 그 근처에서 꼭 점심을 먹어야 하거든요콩나물국밥집 제외하고 좀 알려주세요 2 그
전주여행,https://kin.naver.com/qna/detail.naver?d1id=9&dirId=90110&docId=117659144&qb=7KCE7KO87Jes7ZaJ&enc=utf8,친구랑 둘이 전주 여행을 갈껀데요 역에 도착해서 전주 향교랑 한옥마을 덕진공원을 둘러 볼꺼에요 어떤 경로로 가면 될까요 버스로 이동할려고 하는데 몇번 타면되요 깨끗하고 가겨 저렴한 모텔 추천좀 해주세요 오래된 도시다 보니
제주광주전주 2박3일 여행 경비,https://kin.naver.com/qna/detail.naver?d1id=9&dirId=90110&docId=479993178&qb=7KCE7KO87Jes7ZaJ&enc=utf8,광주와 전주를 여행하는 2박 3일 여행 경비를 계산해 드릴게요 항공요금 광주제주 항공편은 대한항공과 아시아나항공을 이용할 수 있으며 편도 항공권은 각각 19600원 15769원으로 확인돼요 왕복 항공권은 44800원 33
전주와 여수중 어디가 1박 2일여행으로 괜찮을까요,https://kin.naver.com/qna/detail.naver?d1id=9&dirId=90110&docId=455140427&qb=7KCE7KO87Jes7ZaJ&enc=utf8,야경 1박 2일 여행으로 생각하고 있다보니 야경은 꼭 찍어야 한다 생각합니다 야경으로 좋은 곳이 있나 궁금합니다 여수여행 여수맛집 국내여행 전주달봉이 달봉티비 전주여행코스 전주가볼만한곳 여수여행 여수가볼만한곳
전주 여행을 하려고 하는데,https://kin.naver.com/qna/detail.naver?d1id=9&dirId=9&docId=75388157&qb=7KCE7KO87Jes7ZaJ&enc=utf8,친구와 함께 전주 여행을 해서 방학숙제로 내려고 하는데 어디를 여행하는게 안전하나여 답변 부탁드립니다 일단 전주에 오시는걸 환영합니다 ㅎㅎ 전주는 그다지 위험한 동네는 아니랍니다 초6학년이면 성인과 다르게
전주로 여행,https://kin.naver.com/qna/detail.naver?d1id=9&dirId=90110&docId=453142986&qb=7KCE7KO87Jes7ZaJ&enc=utf8,안녕하세요 이번에 퇴사 후 전주로 여행을 가게 되었습니다 2박 3일이구요 금요일에 출발해서 일요일까지 숙소 예약했는데 차량은 월요일까지 렌트했습니다 혹시 모텔같은 곳에 자도 괜찮으니 그 사이에 다른 지역 놀만한 곳 있을까요
전주 여행,https://kin.naver.com/qna/detail.naver?d1id=9&dirId=90110&docId=193741789&qb=7KCE7KO87Jes7ZaJ&enc=utf8,안녕하세요 전주여행이처음이라 길을잘몰라서 엄마랑함께전주여행을가려고 계획중입니다 금요일포항에서5시30분차를타고출발하려고하는데요 도착하면넉넉잡아9쯤되지안을까싶어요아닌가ㅠ 찜질방에서자고토요일날
내공추가 100 전주 여행 숙박,https://kin.naver.com/qna/detail.naver?d1id=12&dirId=121305&docId=155137277&qb=7KCE7KO87Jes7ZaJ&enc=utf8,7월 2930 해서 전주여행을 다녀오려고 합니다 여자친구와 급하게 정한거라 숙박이 제일 걱정되는데요 인터넷으로 게스트하우스 민박을 좀 보니 성수기라그런지 방이 없는거 같더군요 이외에 잘만한 곳이 있을까요 어느
전주여행 ㅠㅠ 어떻하나요ㅠㅠ,https://kin.naver.com/qna/detail.naver?d1id=12&dirId=121305&docId=280166203&qb=7KCE7KO87Jes7ZaJ&enc=utf8,제발 답변부탁드려요ㅠㅠㅠㅠㅠㅠㅠ 살려주세요ㅠㅠㅠㅠㅠㅠㅠㅠ 안녕하세요  달봉TV 전주달봉이의5882 오빠빨리 여행맛집정보입니다  1한복대여같은경우는 한옥마을 내부에 아주많구요 위메프나 쿠팡통해서 대여하시면
전주여행을 1박2일정도 하고 싶어요 도보로 78시간,https://kin.naver.com/qna/detail.naver?d1id=9&dirId=901&docId=74362984&qb=7KCE7KO87Jes7ZaJ&enc=utf8,전주여행 계획중입니다 전주여행 사이트도 보고 맛집은 다 찾아 봤는데요 걸어서 여행하려고 하니까 거리와 시간을 가늠할 수가 없습니다한옥마을을 한바퀴도는데 얼마나 걸리나요 또 경기전이나 덕진공원같은 곳들은 가까이
통영해남남해전주 여행가려하는데요,https://kin.naver.com/qna/detail.naver?d1id=9&dirId=90110&docId=196564119&qb=7KCE7KO87Jes7ZaJ&enc=utf8,서울에서 통영남해해남전주로 2박3일 여행가려고하는데요 어느순으로 돌아야 최적일까요 그쪽에 갈만한 명소도 알려주세용 단순히 가시려는 곳만 들리셨다라는 의미만 부여하는 여행이라면 네곳을 2박3일동안 충분히 가실 수
전주로 2박3일 여행 갈까 하는데요,https://kin.naver.com/qna/detail.naver?d1id=9&dirId=901&docId=74442417&qb=7KCE7KO87Jes7ZaJ&enc=utf8,돈 저렴하게 들고 딴지역 안나가는 전주 여행 2박 3일 풀코스로 소개좀 해주세요 헉 전주는 볼때가 없는데요 오시면 실망합니다 다 한두시간거리로 가야 볼때가 좀있습니다 대신 음식은 좋습니다 제가 전주사는데
전주 여행,https://kin.naver.com/qna/detail.naver?d1id=9&dirId=90110&docId=127168135&qb=7KCE7KO87Jes7ZaJ&enc=utf8,전주에 가볼만한곳을 추천해주세요 유명한곳은 물론이고 숨어있는 여행지를 원합니다 전주 시민들도 잘 모를만한 여행지 사진첨부도 해주시면 감사할게요 국제슬로시티로 지정된 전주한옥마을은 성균관스캔들약속등 수많은
부산에서 전주여행 렌트,https://kin.naver.com/qna/detail.naver?d1id=9&dirId=90110&docId=406720465&qb=7KCE7KO87Jes7ZaJ&enc=utf8,안녕하세요 부산에서 렌트해서 전주로 여행 갈려고 하는데 기름값 대충 얼마정도 나올까요 왕복 기준으로 차종에 연비에 따라서 달라질듯 합니다 제너시스 기준 왕복 10만원정도 나왔습니다
7월 전주 여행,https://kin.naver.com/qna/detail.naver?d1id=9&dirId=90110&docId=467764506&qb=7KCE7KO87Jes7ZaJ&enc=utf8,7월 전주 여행은 여름 휴가철이기도 하고 여러 축제가 열리는 시기이기 때문에 사람이 많을 수 있습니다 특히 주말에는 더욱 붐볼 수 있습니다 따라서 여유롭게 즐기고 싶다면 주중이나 축제가 열리지 않는 날을 선택하는 것이 좋을
전주 여행,https://kin.naver.com/qna/detail.naver?d1id=9&dirId=90110&docId=255915895&qb=7KCE7KO87Jes7ZaJ&enc=utf8,2박3일로 전주여행을 가볼려고합니다 여기는 꼭 가봐라 하는곳 있음 알려주세요 참 저희는 먹는거 좋아합니다 ㅎ 전주 한옥마을에서 7월 16일 현대판 과거시험이 열리는데 포스터랑 정보글 올려드릴께요 속보
전주 담양 1박 2일 여행을 하려고 합니다,https://kin.naver.com/qna/detail.naver?d1id=9&dirId=90110&docId=236617000&qb=7KCE7KO87Jes7ZaJ&enc=utf8,전주 담양 정도 다녀올 생각인데 다음날 서울행을 생각해서 담양을 먼저 둘러보고 전주에서 자고 전주 여행후 복귀하는게 좋은지 아니면 전주먼저 다음날 담양을 다녀올지 고민입니다 전주는 먹거리는 많지만 생각보다 볼거리가
전주 맛집,https://kin.naver.com/qna/detail.naver?d1id=9&dirId=90110&docId=482876802&qb=7KCE7KO87Jes7ZaJ&enc=utf8,남자친구랑 전주 여행갈건데 찐망집 소개해주세용 안녕하세요 전주 커플여행 중 찐맛집 찾고 계신 질문자님 남자친구랑 전주 가시면 맛집 투어 빠질 수 없죠 저도 커플 여행 때 전주 다녀왔었는데 음식 하나하나가 다 맛있어서 또
전주여행 일정 봐주세요,https://kin.naver.com/qna/detail.naver?d1id=12&dirId=1213050203&docId=204870666&qb=7KCE7KO87Jes7ZaJ&enc=utf8,1박 2일로 전주여행 예정중입니다 전주를 잘 아시는 지식인 분들 일정 확인 부탁드립니다 첫째날 일  200 숙소 체크인 gt 교동석갈비 gt 한옥마을 gt 경기전 gt 전주객사영화의거리 gt 풍남문 gt 전동성당 gt 남부시장청년몰 피순대
11월 6일7일에 전주 한옥마을로 여행가는데,https://kin.naver.com/qna/detail.naver?d1id=9&dirId=90110&docId=403704413&qb=7KCE7KO87Jes7ZaJ&enc=utf8,질문하신 전주 여행일정 관련 답변 드리도록 하겠습니다 1박2일 여행일정을 짜보았는데 최대한 한옥마을 부근으로 준비했습니다 아래 일정을 확인해보시고 즐거운 여행되세요 1일차 전라회관점심  광커피로스터리
혼자 당일로 전주 여행 떠나는데요,https://kin.naver.com/qna/detail.naver?d1id=9&dirId=90110&docId=209369822&qb=7KCE7KO87Jes7ZaJ&enc=utf8,안녕하세요  전주여행에 대한건 제가 늘상 애용하는 곳에 잘 나와있더군요 제가 전주여행에 관련해서 잘 정리 되어 있는곳 알려드리겠습니다 제가 권유해드리는건 전주여행정보는 여기가 제일이기 때문이에요 제가 지금까지
부산에서 전주여행하려고 합니다,https://kin.naver.com/qna/detail.naver?d1id=9&dirId=90110&docId=110138150&qb=7KCE7KO87Jes7ZaJ&enc=utf8,야경이 더 멋있는듯 덕진공원에서 5분거리에 전북대 있고 또 대학로가 있습니다 레스피아 라는 찜질방 있으니깐 거기서 하루 묵으시면 될듯 그리고 술박물관은 저도 처음 들어보네요 아무쪼록 즐거운 전주 여행 하세요
20241120 전주 여행에서 본 아이돌 누구일까요,https://kin.naver.com/qna/detail.naver?d1id=3&dirId=3021401&docId=480569454&qb=7KCE7KO87Jes7ZaJ&enc=utf8,전주에서 열린 행사나 공연 정보 아이돌 그룹의 활동 내역 등을 검색해 봤지만 일치하는 정보를 찾지 못했어요 혹시 전주 외 다른 지역의 정보나 아이돌 그룹 관련 정보를 더 얻고 싶으시다면 제가 알고 있는 다른 방법들을
전주 벚꽃,https://kin.naver.com/qna/detail.naver?d1id=9&dirId=90110&docId=467308812&qb=7KCE7KO87Jes7ZaJ&enc=utf8,4월 5일쯤 전주 여행가는데 그때쯤이면 꽃이 다 졌을 까요 중간에 비온다는 얘기도 있던데ㅠㅠ 애인이랑 꽃 보고싶어서요 안녕하세요 애인과 함께하는 전주 벚꽃 여행을 계획하고 계시군요 따뜻한 봄날 사랑하는 사람과 함께하는
전주 여행을 가려고 하는데요 무박 2일 코스로요,https://kin.naver.com/qna/detail.naver?d1id=9&dirId=90110&docId=164035240&qb=7KCE7KO87Jes7ZaJ&enc=utf8,베테랑 칼국수칼국수  전주에서 가장 오래된 칼국수집으로 여행객들과 전주시민들의 오래된 단골 가게입니다 다음으로 전주의 명동이라 할 수 있는 객사라는 곳입니다 객사 Mick Joness Pizza피자 한국의 멋이 길들여져 있는
전주 해외 수학여행,https://kin.naver.com/qna/detail.naver?d1id=11&dirId=11050403&docId=461300980&qb=7KCE7KO87Jes7ZaJ&enc=utf8,전주 해외 수학여행 전주에 있는 고등학교 중에서 2021년도 이후에 해외 수학여행 간 학교 있나요 공학이든 여고든 남고든 알려주세요 라고 말씀하셔서 답변드리려고 합니다 있음 여러 학교 있음
1박2일 전주 여행코스 조언이요,https://kin.naver.com/qna/detail.naver?d1id=9&dirId=901&docId=199701529&qb=7KCE7KO87Jes7ZaJ&enc=utf8,21일에 출발 하며 전주에 정오쯤에 도착할 예정입니다 전주 여행은 처음이라 숙소는 코아리베라에 정했구여 꼭 가고보싶은건 전주동물원입니다 무리한일정보단 조금 여유로운 일정으로 했으면 합니다 많은분의 좋은 의견
1박2일 군산전주 여행,https://kin.naver.com/qna/detail.naver?d1id=9&dirId=90110&docId=190636922&qb=7KCE7KO87Jes7ZaJ&enc=utf8,여행코스는 미리 알아봐두신 것 같으니 군산 전주간 교통편을 말씀드리자면 군산과 전주는 1520분마다 시외버스가 계속 있습니다 심야 막차가 11시 40분엔가 있습니다 숙소는 제가 군산이 집이라 잘은 모르겠습니다만 모텔이
전주 여행코스,https://kin.naver.com/qna/detail.naver?d1id=9&dirId=90110&docId=271714731&qb=7KCE7KO87Jes7ZaJ&enc=utf8,누나가 전주살다와서 물어보니 한옥마을 전북대 빼곤 볼거없다고 하더군요ㅜㅜ 잘좀 부탁드리겠습니다 전주는 가시는 길을 꼼꼼하게 공부하고 가시면 정말 좋은 여행이 될 것 같습니다 알차고 재미있는 여행이 되시기를 바랍니다
회사 야유회 1박2일 전주여행코스 추천,https://kin.naver.com/qna/detail.naver?d1id=9&dirId=90110&docId=365227655&qb=7KCE7KO87Jes7ZaJ&enc=utf8,회사에서 1박2일로 전주로 여행을 가게 되었는데 산둘레길과 전주한옥마을을 돌아보는 코스를짜고 싶은데 아시는 분 추천 부탁드립니다시간은 대개 오후 2시에서 6시정도 걸어서쉴 거예요또 주변의 맛집도 추천해주세요
전주 당일치기 여행 일정 부탁해요,https://kin.naver.com/qna/detail.naver?d1id=12&dirId=121305&docId=291693866&qb=7KCE7KO87Jes7ZaJ&enc=utf8,안녕하세요 겨울 전주여행을 갑니다 처음이라 궁금한점 좀 알려주세요 토요일 서울에서 아침7시쯤 출발하면 전주10시정도 도착해서 전주에서 저녁식사 89시정도 하고 서울로 올라올 예정입니다 전주 오전10시부터 저녁식사때까지
전주한옥마을 가족여행,https://kin.naver.com/qna/detail.naver?d1id=9&dirId=90110&docId=277716732&qb=7KCE7KO87Jes7ZaJ&enc=utf8,안녕하세요  전주여행플래너 전주달봉이입니다 달봉이의5882전주맛집 전주여행 전주정보 전주관광 일단 전주여행관광지는 제 네임카드 타고오시면 완벽하게 정리되어있구요  숙박관련은 풍남관광호텔 추천드리구요 카톡
2박3일 뚜벅이 여행 전주여수 어디가 더 좋나용,https://kin.naver.com/qna/detail.naver?d1id=9&dirId=901&docId=418875123&qb=7KCE7KO87Jes7ZaJ&enc=utf8,그리고 뚜벅이 여행입니다ㅠ 여수가 2박3일 여행하시기에는 전주보다 나으실거 같습니다 포장마차와 함께 운치있게 밤바다를 즐기시는것도 좋고 여수교동시장들러 갓잡아올리 싱싱한
전주 여행 코스좀 짜주세요,https://kin.naver.com/qna/detail.naver?d1id=12&dirId=121305&docId=295728322&qb=7KCE7KO87Jes7ZaJ&enc=utf8,좀더 궁금사항있으시면 네임카드 블로그 질문게시판에 남겨주세요 _ 전주한옥마을 전주맛집 전주여행 전주숙박할인 전주한옥마을숙박 전주여행정보는 네임카드 타고오세요 _ 유튜브 달봉티비최신곡모음듣기 구독부탁드립니다
전주여행질문전주분들 부탁드려요,https://kin.naver.com/qna/detail.naver?d1id=9&dirId=90110&docId=213023028&qb=7KCE7KO87Jes7ZaJ&enc=utf8,15년 1월1일 신정연휴때 가족들과함께 전주여행가보려하는데요 코스는 한옥마을이랑 오목대 남부시장정도로 정해뒀는데신정연휴라 쉬는 가게들이 많을까요ㅠㅠ 가는김에 다 구경하고 오면 좋을텐데 가게마다 다르겠지만
담양amp전주여행계획중인대요 볼거리맛집,https://kin.naver.com/qna/detail.naver?d1id=9&dirId=90110&docId=188435391&qb=7KCE7KO87Jes7ZaJ&enc=utf8,서울에서출발하는거고요 그쪽지역관련정보가많이부족해서 볼거리와 맛집 숙박관련정보얻고자 글남깁니다 좋은정보 많이 알려주시면 감사하겠습니다 담양여행과 전주여행을 할예정 이시군요 담양과 전주는 볼거리가 많은
전주2박3일 고모와여행,https://kin.naver.com/qna/detail.naver?d1id=8&dirId=806&docId=277307119&qb=7KCE7KO87Jes7ZaJ&enc=utf8,쫌 멀리떨어져있습니다  자세한 사항은 제 네임카드 타고오시면 전주관광 이거하나면끝 블로그 보시면 되실꺼같아요  httpblognavercomsjh920519 달봉이의5882전주여행맛집정보 카톡 sjh920519 정보보시고 채택부탁드립니다
전주로 여행을 갈건데,https://kin.naver.com/qna/detail.naver?d1id=13&dirId=1306&docId=228922726&qb=7KCE7KO87Jes7ZaJ&enc=utf8,한옥마을에 뭐가 유명하고 등등 많이 알려주세요 전주여행 코스 추천드립니다 안녕하세요 여행전문블로거 쭈니아빠입니다 여름 휴가철에 전주로 여행을 준비하시는 것 같습니다 숙소는 전주한옥마을 주변으로 다양한 형태의
전주1박2일 여행코스 추천좀요,https://kin.naver.com/qna/detail.naver?d1id=9&dirId=901&docId=198853204&qb=7KCE7KO87Jes7ZaJ&enc=utf8,전주여행 가려고하는데요 ㅎㅎ 1박2일로요 친구랑 둘이서 가기로했어요 여행다니는걸좋아해서요 ㅎㅎ 이번에 전주로가기로했는데요 전주 여행코스좀 알고싶어서요 ㅎㅎ 그리고 주위에서 전주 한정식 꼭먹어보라는데 전주 한정식
혼자 부산에서 전주여행하려고 합니다,https://kin.naver.com/qna/detail.naver?d1id=9&dirId=90110&docId=110137717&qb=7KCE7KO87Jes7ZaJ&enc=utf8,부산에서 전주여행하려고 합니다 1박2일정도로 잡고 있는데 제가 알아보니깐 성당이랑 한옥마을 그리고 동물원이랑 공원 이렇게 중요한곳들이 있던데어디로 어떻게 돌면 시간이 좋을지 도와주세요 제가 짜려고 하니깐 계속
군산  전주 먹거리 여행,https://kin.naver.com/qna/detail.naver?d1id=12&dirId=121301&docId=287970398&qb=7KCE7KO87Jes7ZaJ&enc=utf8,좀더 궁금사항있으시면 네임카드 블로그 질문게시판에 남겨주세요 _ 감사합니다 전주한옥마을 전주맛집 전주여행 전주숙박할인 전주한옥마을숙박 전주여행정보는 네임카드 타고오세요 _
전주 여행을 하려고 하는데 나쁜 일 안 생길까요,https://kin.naver.com/qna/detail.naver?d1id=12&dirId=121305&docId=220156803&qb=7KCE7KO87Jes7ZaJ&enc=utf8,대학도 옛 직장도 부산처가도 부산 색 다르고 잘 모르고 이색적인 나들이를 해 보려 하는 데 그래서 도시도 부산처럼 그리 크지 않고 요란하지도 않고 소박하면서 한국적인 맛 멋이 있는 전주를 여행해 볼려고 하는데 대충 주워듣고
전주여행가이드부탁드려요,https://kin.naver.com/qna/detail.naver?d1id=12&dirId=121305&docId=106818666&qb=7KCE7KO87Jes7ZaJ&enc=utf8,에서 설명드린것처럼 한옥마을 주변으로 한정하시는게 여행의 효율면에서 좋을 것이라 판단됩니다 그러나 1박이 가능하시다면 반드시 꼭 전주 막걸리촌을 가보시기 바랍니다 막걸리촌은 삼천동 서신동에 있습니다 8
전주 여행,https://kin.naver.com/qna/detail.naver?d1id=9&dirId=901&docId=281418698&qb=7KCE7KO87Jes7ZaJ&enc=utf8,친구들이랑 전주로 1박2일로 여행을 가려고 했지만 부모님이 안된다고 하셔서ㅠㅠ 당일치기로 가려는데요 전주 당일치기로 여행가도 충분하나요 안녕하세요  전주 당일 치기로 충분해요 구경 하는거 반나절만 해도 ㅎ 저도 전주
전주 1박2일 숙박및 여행코스,https://kin.naver.com/qna/detail.naver?d1id=12&dirId=121305&docId=200023478&qb=7KCE7KO87Jes7ZaJ&enc=utf8,1920 광주에서 대중교통을이용해출발을합니다 숙박장소추천아고 전주동물원을거치는여행코스점 알려주세요 전주 여행코스라고 하면  대표적으로 한옥마을 그리고 옆에 자만벽화마을 있구용 덕진공원 덕진동물원 ㅎㅎ 요렇게
전주에서 자전거여행,https://kin.naver.com/qna/detail.naver?d1id=13&dirId=1306&docId=116276268&qb=7KCE7KO87Jes7ZaJ&enc=utf8,짧은 시간으로 친구1명과 같이 자전거를 타고 여행 갈곳 없을 까요 답변 부탁해요 재대로 된 답변이면 내공 20겁니다 내공 냠냠 은 신고 갑니다 전주 자전거 여행 지도 자전거 여행 코스1 전주 여행 코스2
전주여행 코스와 숙박가능한곳,https://kin.naver.com/qna/detail.naver?d1id=12&dirId=121305&docId=282922610&qb=7KCE7KO87Jes7ZaJ&enc=utf8,안녕하세요 달봉TV 전주달봉이의5882 전주여행 전주맛집 전주정보 전주한옥마을 요즘은 모텔이 시설이더 좋습니다  젊은 연인이시면 모텔 추천드리구요 호텔을 원하시면 풍남관광호텔 추천드려요  네임카드 타고오시면 전주
아빠 자동차로 전주여행,https://kin.naver.com/qna/detail.naver?d1id=8&dirId=81103&docId=287863758&qb=7KCE7KO87Jes7ZaJ&enc=utf8,사용하시면 안전하게 오실수있으세요  좀더 궁금사항있으시면 네임카드 블로그 질문게시판에 남겨주세요 _ 감사합니다 전주한옥마을 전주맛집 전주여행 전주숙박할인 전주한옥마을숙박 전주여행정보는 네임카드 타고오세요 _
2박3일 전주여행코스 좀 봐주세요  부탁드립니다,https://kin.naver.com/qna/detail.naver?d1id=9&dirId=90110&docId=201719989&qb=7KCE7KO87Jes7ZaJ&enc=utf8,싶은데 전주에서 창원으로 내려오는 길에 갈만한 해수욕장 있을까요 질문이 많아서 죄송합니다 ㅜㅜ 여행은 하고싶은데 아는 정보가 없어서 지식인의 도움을 구합니다 아시는분있으시면 자세히 답변 꼭 부탁드리겠습니다  1 전주
전주 여행 한옥마을 덕진공원 등,https://kin.naver.com/qna/detail.naver?d1id=12&dirId=121305&docId=129539586&qb=7KCE7KO87Jes7ZaJ&enc=utf8,꼭 위의 예상처럼 코스를 안짜도 되니 전주를 여행하신분 혹은 전주에 사시는 분들의 도움을 구하고자합니다 부탁드립니다 좋은 추억 남기고 싶네요 ㅎ 아 밥은 어디서 해결해야 할까요ㅇㅅㅇ 아마 두끼를 먹을 것같으니 둘다
전주여행 하려고 하는데 맛집 추천좀 부탁드려요,https://kin.naver.com/qna/detail.naver?d1id=9&dirId=90110&docId=154028310&qb=7KCE7KO87Jes7ZaJ&enc=utf8,다음주에 전주로 1박 2일 여행을 하려고 합니다 좀 더울거 같애서 그게 무서워요 ㅠㅜ 질문 1 제가 전주 갔다가 부산으로 친구를 만나서 또 2박을 할거라서짐이 많아서 케리어를 가져가려고 하는데요 제가 숙박을 찜질방이나
전주 여행 코스 추천부탁드립니다,https://kin.naver.com/qna/detail.naver?d1id=9&dirId=90110&docId=139755509&qb=7KCE7KO87Jes7ZaJ&enc=utf8,한옥마을 주변으로 경기전 전동성당 향교 술박물관등이 밀집돼 있고 명품음식 전주비빔밥 콩나물국밥집 찜질방 게스트하우스등도 다 근처에 있습니다 관광안내소에서 무료로 나눠 주는 여행지도 한장 얻어서 슬슬 걸어 다니면
전주 여행,https://kin.naver.com/qna/detail.naver?d1id=12&dirId=121305&docId=124620125&qb=7KCE7KO87Jes7ZaJ&enc=utf8,전주에 여행을 가려고 합니다 대전에서 출발 할꺼고요 어떻게 어떤식으로 돌아봐야하는지 좀 알려주세요 한옥마을 그곳이 성균관스켄들 찍은곳인가요 맛집도 좀 알려주시면 좋겠습니다 차를 가지고 갈건대 주차라던지
전주 여행,https://kin.naver.com/qna/detail.naver?d1id=12&dirId=12130501&docId=20160066&qb=7KCE7KO87Jes7ZaJ&enc=utf8,다음주에 부산에서 전주로 비빔밥원정을 갈껀데여 일반적으로 유명한집말구여전주사는 사람들 사이에 소문난 그리구 전주에와서 여긴 꼭 가봐야된다라고 할만한 곳도 태어나서부터 쭈욱 여기서 살고있는 전주토박이입니다
전주여행 코스,https://kin.naver.com/qna/detail.naver?d1id=9&dirId=90110&docId=274110667&qb=7KCE7KO87Jes7ZaJ&enc=utf8,닭내장탕백반등 전주의 맛 여행제대로 된 식도락이 조합 된 여행의 경우 만족도는 어떤 여행전문가가 조합한 일정보다 비교할 수 없을 정도로 큽니다 맛집이라는 의미는 적어도 일반인들이 법접하기 힘든 제대로 긴
전주 여행을 1박2일 혹은 2박 3일의 일정으로 가려고,https://kin.naver.com/qna/detail.naver?d1id=9&dirId=901&docId=75151870&qb=7KCE7KO87Jes7ZaJ&enc=utf8,제가 역사적인 문화재 중심으로 여행을 할 생각인데 어디서 부터 어디까지는 도보로 볼 수 있고 어디부터는 길찾기가 어렵기 때문에 차를 이용하는 편이 좋으며 저렴한 맛집은 어디 있는지와 같은 전주 여행에 유용한 정보를
전주여행 1박2일로 갈건데 코스좀짜주세요,https://kin.naver.com/qna/detail.naver?d1id=9&dirId=90110&docId=206426084&qb=7KCE7KO87Jes7ZaJ&enc=utf8,친구들이랑 전주여행 1박2일로 갈건데 코스를 아직 못정했어요 한옥마을을 꼭 넣어서 전주맛집 탐방하는 것처럼 코스를 짜볼까하는데 어떤 루트가 있을까요ㅎㅎㅎ 저도 올초에 친구들이랑 님이 말한것처럼 다녀왓어요
전주여행가려고하는데 질문이요,https://kin.naver.com/qna/detail.naver?d1id=9&dirId=90110&docId=217922703&qb=7KCE7KO87Jes7ZaJ&enc=utf8,이번주에 그냥 갑자기 기분이 우울하기도해서 혼자 여행가려고하거든요 그래서 전주여행을 생각중인데 1박2일로 어떤가요 제가 지금 전주랑 순천중에 고민인데 사람들이 전주여행갔다온 후기를 보면 거의 당일치기로도 괜찮다고해서
전주여행 코스좀 추천부탁해염ㅎㅎㅎ,https://kin.naver.com/qna/detail.naver?d1id=9&dirId=90110&docId=212676496&qb=7KCE7KO87Jes7ZaJ&enc=utf8,친구들이랑 전주 1박2일 여행 계획하고있는데요 전주에 맛집도 많고 좋은데 많다고해서요 전주 여행 숙소랑 맛집 추천좀 해주세요 그리고 어떻게 쭉 잘돌수있을지 코스 추천부탁해염 ㅎㅎㅎ 전주여행할때 전주한옥마을은 워낙
광주에서 전주까지전주 여행코스좀 부탁해요,https://kin.naver.com/qna/detail.naver?d1id=9&dirId=90110&docId=110838738&qb=7KCE7KO87Jes7ZaJ&enc=utf8,오랜만에 엄마랑 같이 여행을 하고 싶은 당일로 갔다올거라서 광주에서 가장 가깝지만 가보지 못한 전주를 여행해보려고 해요 광주에서만 살아서 전주는 전혀 모르는데 한옥 마을이 유명하다고 들어서요 유명한 성당도 있던데
전주 여행을 가려는데요,https://kin.naver.com/qna/detail.naver?d1id=12&dirId=1213050117&docId=283034238&qb=7KCE7KO87Jes7ZaJ&enc=utf8,거리는 택시요금 걸리는 시간 기준으로 알려주시면 감사하겠습니다 안녕하세요 달봉TV 전주달봉이의5882 전주여행 전주맛집 전주정보 전주한옥마을 1전주역에서 한옥마을까지 거리는 택시타시면 5천 6천 생각하시면되세요 2
국립전주박물관 괜찮나요,https://kin.naver.com/qna/detail.naver?d1id=9&dirId=90105&docId=480903639&qb=7KCE7KO87Jes7ZaJ&enc=utf8,전주여행 가는 데 가볼만 하나요  국립전주박물관은 전주 여행에서 꼭 가볼 만한 문화유산과 전시물이 있습니다
전주로 여행가는데,https://kin.naver.com/qna/detail.naver?d1id=9&dirId=90107&docId=436078667&qb=7KCE7KO87Jes7ZaJ&enc=utf8,전주로 여행가는데 서울에서 쓰던 티머니 교통카드를 전주에서 버스탈 때 사용할 수 있나요 네네 사용하실 수 있습니다 전주 한옥마을의 여행이 궁금하시다면 밑의 링크를 참고해주세여
전주여행 관련 문의드립니다,https://kin.naver.com/qna/detail.naver?d1id=9&dirId=90110&docId=125488599&qb=7KCE7KO87Jes7ZaJ&enc=utf8,유명한 콩나물국밥집과 비빔밥 식당도 거의 한옥마을을 중심으로 있답니다 막걸리 골목만 택시로 왕복하는 것이 좋겠습니다 더 자세한 내용은 아래사이트에서 참고하십시요 즐겁고 행복한 전주여행 하시구요
포항에서 군산 전주여행조언 부탁합니다,https://kin.naver.com/qna/detail.naver?d1id=12&dirId=121305&docId=119802659&qb=7KCE7KO87Jes7ZaJ&enc=utf8,저렴한 가격에 전주 음식이 이런거구나하며 느낄실수 있을꺼예요 그런데 그곳들 장사가 무지 잘되거든요 가기전에 예약하고 가시면 아무래도 편하시겠죠 이상 30대 입맛이었구요 아무쪼록 즐거운 여행되세요
전주 여행코스,https://kin.naver.com/qna/detail.naver?d1id=12&dirId=121305&docId=183949042&qb=7KCE7KO87Jes7ZaJ&enc=utf8,제가 전주로 당일치기를 하려는데 전주터미널에내려서 한옥마을이랑 무슨 그리고 관광지에서 다음관광지 가는법까지 자세히좀 부탁드립니다 전주는 예쁘답니다 전주 가볼만한곳 풍년제과 한옥마을 반지마을 경기전 왱이
전주 여행2박3일 코스좀 짜주세요,https://kin.naver.com/qna/detail.naver?d1id=9&dirId=9&docId=197630997&qb=7KCE7KO87Jes7ZaJ&enc=utf8,한시쯤 전주도착이고 이박삼일 서울 출발은5시쯤이에요 안녕하세요 전주로 여행을 오시는군영1 저도 얼마전에 남자친구랑 전주 여행을 다녀왔는데요 한옥마을도 좋고 동물원 벽화마을 다 좋았어요 먹거리는 한옥마을 안에 있는
전주 여행시 차없이도 돌아다니기 좋나요,https://kin.naver.com/qna/detail.naver?d1id=9&dirId=90110&docId=341244076&qb=7KCE7KO87Jes7ZaJ&enc=utf8,전주 여행시 차없이도 돌아다니기 좋나요 여자 4명이서 움직일건데 운전을못해서요ㅠㅠ 내일로 기차여행으로 전라도쪽 갔다오면서 전주도 하루 들렀었는데 딱히 차가 없어서 불편한적은 없었네요 차 없어도 괜찮습니다
전주 여행 코스 좀 짜주세요,https://kin.naver.com/qna/detail.naver?d1id=9&dirId=90110&docId=139565894&qb=7KCE7KO87Jes7ZaJ&enc=utf8,주말에 전주로 난생 처음으로 여행을 가볼까 합니다 여행 코스 좀 짜주세요 한옥마을 경기전 전동성당 등등 볼것은 많은거 같은데 어떻게 하면 시간 절약하면서 돌아 볼수 있을지 PLEASE HELP ME 말씀하신 한옥마을경기전
우한폐렴 전주 여행,https://kin.naver.com/qna/detail.naver?d1id=12&dirId=121305&docId=345740828&qb=7KCE7KO87Jes7ZaJ&enc=utf8,전주여행 목금으로 갈라고 호텔예약까지 다 해놨는데 안가야될까요ㅠㅠ 사람 붐비는 곳 피하라고 해서 걱정되긴 하는데 또 안가기는 싫고 ㅠㅠ 가지 말아야 할까요 아직 예정된 여행을 취소할 정도로 심각한 상황은 아닙니다 정
전주 여행 동선 좀 짜주세요 전주에 사시는 분이,https://kin.naver.com/qna/detail.naver?d1id=9&dirId=90110&docId=436204856&qb=7KCE7KO87Jes7ZaJ&enc=utf8,전주 터미널에 내려서 뚜벅이로 여행할 것입니당 갈 곳은 전주 한옥마을 전주 팔복예술공장 전주 전동성당 전주난장 전통술박물관 벽화마을 경기전 오목대 전주향교 전라감영 미스터리 대저택 전주수목원 전주 천변 공영자전거 청연루
친구들과 9월에 전주여행을 하려합니다,https://kin.naver.com/qna/detail.naver?d1id=9&dirId=9&docId=204993163&qb=7KCE7KO87Jes7ZaJ&enc=utf8,9월에 3명이서 전주여행 하려고 하는데 모텔이 좋을까요 게스트하우스가 좋을까요 안녕하세요전주에 살고있는 학생인데요ㅎ 두명이면 몰라도 3명이 전주여행 하려면 모텔보단 게스트하우스가 좋지않을까요 모텔을가면 세명이서
전주여행 일정 조언 및 추천대해 알려주세요,https://kin.naver.com/qna/detail.naver?d1id=8&dirId=81204&docId=467675616&qb=7KCE7KO87Jes7ZaJ&enc=utf8,이동수단  자동차 출발 7시출발 일정  1박2일 가고싶은곳다갈라고 하는거 아님  풍남문  한옥마을  경기전  전동성당  남부시장  전라감영  동물원  국립박물관  술박물관  부채박물관  공예품전시관 전주여행 일정을
전주 여행 코스,https://kin.naver.com/qna/detail.naver?d1id=9&dirId=90110&docId=221476055&qb=7KCE7KO87Jes7ZaJ&enc=utf8,전주 여행을 하려고 합니다 여행 코스를 잡았는데 어떻게 가야 빠르고 간편하게 갈수 있는지 대중교통 중심으로 안내 부탁드립니다 고속버스 터미널 도착 한국도로공사 수목원 전주 국립박물관 전당성당 경기전 한옥마을 남부시장
전주사시는 분들 여행갈려고하는데 질문이 있습니다,https://kin.naver.com/qna/detail.naver?d1id=9&dirId=90110&docId=225344273&qb=7KCE7KO87Jes7ZaJ&enc=utf8,전주 여행코스에 대한 의견드립니다  안녕하세요 여행전문 블로거 쭈니아빠입니다 질문자님처럼 단순 관광목적이 아니라 천천히 음미할 수 있는 코스를 찾으신다면 전주에 대한 역사적인 이해를 하면서 사적지를 중심으로
인천에서 전주여행,https://kin.naver.com/qna/detail.naver?d1id=12&dirId=121305&docId=285295073&qb=7KCE7KO87Jes7ZaJ&enc=utf8,인천에서 전주 여행을 하고자 합니다 일정은 2박3일을 예정으로 하는데 전주에서 2박을 하기보다는 인천에서 내려가는길에 어디를 들려서 1박하고 또 전주를 들려서 1박을 하려 하는데 일정을 어떻게 잡아야 할지 몰라 문의
제가 전주 당일치기 여행을 가는데 한,https://kin.naver.com/qna/detail.naver?d1id=9&dirId=90110&docId=446274662&qb=7KCE7KO87Jes7ZaJ&enc=utf8,제가 전주 당일치기 여행을 가는데 한옥마을이나 객리단길 근방 맛집 좀 알려주세요 저렴한 곳으로요 학생인데 생각이 잘 안납니다ㅠ 전주 당일치기 여행을 가신다니 축하합니다 전주는 맛있는 음식으로 유명한
전주 여행가는데,https://kin.naver.com/qna/detail.naver?d1id=9&dirId=90110&docId=448485218&qb=7KCE7KO87Jes7ZaJ&enc=utf8,여자친구랑 가는데 숙소 이쁜데나 괜찮은데 있을까요 추천 좀 해주세요 ㅎㅎ 전주 여행을 계획하고 계시다니 좋은데요 전주는 한국의 전통문화가 잘 보존되어 있는 곳으로 유명합니다 전주에서 머무를 숙소로는 다음과 같은 곳을
전주 여행에 대해서 질문해요,https://kin.naver.com/qna/detail.naver?d1id=12&dirId=1213050212&docId=268702225&qb=7KCE7KO87Jes7ZaJ&enc=utf8,전주로 여행가려고 하는데요 그냥 계획없이 설렁설렁 사진찍고 돌아 다닐려고 하는데 첫째날 한옥마을 싹 돌고 둘째날 전주동물원만 갔다가 낮에 돌아올건데 괜찮을까요 안녕하세요  네 괜찮습니다 하루는 전주 한옥 마을 다 돌아
전주 여행코스,https://kin.naver.com/qna/detail.naver?d1id=9&dirId=90110&docId=230653869&qb=7KCE7KO87Jes7ZaJ&enc=utf8,안녕하세요 이번주 주말에 전주로 1박2일로 여행을가려고해요 대구에서 전주로 아침일찍 차타고가려고하는데 제가알아본게 전동성당한옥마을남부시장덕진공원이거든요 ㅜ 근데여기만으로 조금 부족한거같아서요 전주에
전주 여행가려는데 필수코스 좀 알려주세요,https://kin.naver.com/qna/detail.naver?d1id=9&dirId=90110&docId=190821958&qb=7KCE7KO87Jes7ZaJ&enc=utf8,전주여행 필수코스 부탁드려요 먹거리 구경거리 숙박까지 ㅜㅜ 전주여행갔을때 코스로 돈적이 없어서ㅜㅜ 전주 한옥마을 한 번 가보세요 아마 전주가신다고 하면 다 추천하는 코스일거에요 그리고 한옥마을 나오시면 큰가마 라고
전주 1박2일 여행코스,https://kin.naver.com/qna/detail.naver?d1id=12&dirId=121305&docId=200652970&qb=7KCE7KO87Jes7ZaJ&enc=utf8,이번에 전주여행가는데 숙소를 물고기세미리amp보리떡 게스트하우스로 잡았어요 아무래도 도착해서 계속 돌아다니다가 숙소엔 밤에갈거같은데 알찬 여행루트와ㅜㅜ숙소로 가는법좀 알려주세요ㅜㅜ 안녕하세요전북대에 있는
전주여행 유명한 곳으로 추천해주세요1,https://kin.naver.com/qna/detail.naver?d1id=9&dirId=90110&docId=209021858&qb=7KCE7KO87Jes7ZaJ&enc=utf8,전주여행 친구들이랑 2박 3일 갈 계획인데요 전주에서 유명한 곳으로 몇 군데 추천해주세요 전주여행 많이 가시는 분들에게 유명한 맛집 볼거리로 추천해주셨으면 좋겠어요 ㅋㅋㅋ 전주여행 가려고 하시는군요  전주에 정말
2박 3일 전주여행,https://kin.naver.com/qna/detail.naver?d1id=12&dirId=121305&docId=288458492&qb=7KCE7KO87Jes7ZaJ&enc=utf8,숙박할인이나 좀더 궁금사항있으시면 네임카드 블로그 질문게시판에 남겨주세요 _ 감사합니다 전주한옥마을 전주맛집 전주여행 전주숙박할인 전주한옥마을숙박 전주여행정보는 네임카드 타고오세요 _
전주게스트하우스예약가격할인추천,https://kin.naver.com/qna/detail.naver?d1id=9&dirId=9011404&docId=263205897&qb=7KCE7KO87Jes7ZaJ&enc=utf8,조만간 친구랑 전주여행 가려고하는데요 괜찮은 전주게스트하우스 추천 좀 해주세요 전주게스트하우스가격 할인 받는방법은 없을까요 학생이다보니 최대한 저렴하게 다녀오려고하거든요 전주게스트하우스 저렴한곳 예약
급합니다전주 여행코스 질문드려요,https://kin.naver.com/qna/detail.naver?d1id=12&dirId=1213050212&docId=190654150&qb=7KCE7KO87Jes7ZaJ&enc=utf8,11일에 전주로 여행을 떠나려고 하는데 전주는 처음이라 코스를 어떻게 짜야할지 난감해서요 ㅠㅠ 부천에서 버스로 출발해서 1박2일로 계획을 잡았고 숙소는 한옥마을 내에 예약했습니다 덕진공원 전주동물원을 포함한 코스를
전주여행 전세버스 어디서 알아볼까요,https://kin.naver.com/qna/detail.naver?d1id=8&dirId=812&docId=275311888&qb=7KCE7KO87Jes7ZaJ&enc=utf8,안녕하세요 전세버스에 대한 질문인데 제가 전세버스에 대해 지식이 없어 도움 얻고자 지식인에 질문올려요 제가 지인과 함께 전주여행을 가려는데 전세버스를 대절하려고 해요 전주여행을 위한 전세버스 어디서 알아보는게 좋을까요
평택전주 여행을 좀 할까 하는데요내공 20겁니다,https://kin.naver.com/qna/detail.naver?d1id=9&dirId=901&docId=74420511&qb=7KCE7KO87Jes7ZaJ&enc=utf8,24일 저녁 6시 쯤에 평택역에서 통일호를 타고 1박 2일이나 2박 3일로 다녀올까 하는데요 평택역 기차 시간표랑 예매방법 그리고 전주쪽 1박2일이나 2박3일 차 안타는 여행 코스좀 알려 주세요 5월 24일 평택에서
전주 오원집에 애견동반이 가능할까요,https://kin.naver.com/qna/detail.naver?d1id=9&dirId=90110&docId=480354297&qb=7KCE7KO87Jes7ZaJ&enc=utf8,전주에 여행을 왔는데 애견 동반입니다 야식 먹으러 가려고 하는데 오봉집이 애견동반 가능할까요 안녕하세요 반려동물 1등 여행앱 반려생활입니다 전주로 우리 아이들과 여행을 준비하고 계시군요 문의주신 오원집은 애견동반이
전주여행 5인숙박,https://kin.naver.com/qna/detail.naver?d1id=12&dirId=1213050212&docId=218900503&qb=7KCE7KO87Jes7ZaJ&enc=utf8,제가다음주에 친구들 4명이랑 전주여행을 가는데요 전부남자 나도남자 숙박할곳은 많은데 저희가 숙박시설 이용을해본적이 없으니까 가격을잘 알수가없잖아요 민박집도괜찮고 모텔도괜찮고 그냥 찜질방이랑 호텔빼고는
전주 1박2일 여행 코스amp대중교통편 좀 부탁드려요,https://kin.naver.com/qna/detail.naver?d1id=12&dirId=1213050212&docId=179081070&qb=7KCE7KO87Jes7ZaJ&enc=utf8,제가 못봐서ㅠㅠ 전주에 사시는분들이나 대중교통을 이용해서 전주 여행을 하셨던 분들 계시면 도움좀 부탁드립니다 한옥마을이랑 전동성당은 뭐필수 코스이니 말안해도 추천해주시겠죠ㅋㅋ 그외에도 괜찮은곳 있음
전주 한옥 마을 여행 가는 법,https://kin.naver.com/qna/detail.naver?d1id=9&dirId=90110&docId=349652041&qb=7KCE7KO87Jes7ZaJ&enc=utf8,안녕하세요 제가 코로나도 다 사라지고 짐작 잡아 가을 초때나 혼자 전주 여행을 가려고 하는데요 광주 사람이어서 광주 종합터미널 유스퀘어 에서 버스 타고 1시간 30분 달려 전주시 에서 내릴 건데 내리자 마자 바로 거기서 한옥 마을로
전주 여행,https://kin.naver.com/qna/detail.naver?d1id=9&dirId=90110&docId=74030237&qb=7KCE7KO87Jes7ZaJ&enc=utf8,전주에 출장을 가게 됐는데 현지에서 낮 2시에서 5시까지 3시간 정도 아무 할 일 없이 전북대 근처에서 보내야 되는데 그리하여 휴가때 혼불의 고향인 남원시 서도면에 들러서 남도여행을 하는 것도 좋은 시간이 될 것입니다
전주여행 코스좀 알려주실분,https://kin.naver.com/qna/detail.naver?d1id=12&dirId=1213050212&docId=209908243&qb=7KCE7KO87Jes7ZaJ&enc=utf8,전주 1박2일 커플여행을 갈려고 하는데요 경기도 커플이라 거의 서울아니면 경기도에서 놀다가 오랜만에 전주 여행을 가볼까 하는데요 가볼곳 이라든가 가야할곳 또한 숙박업소나 맛집등 추천좀 해주세요 전주하면 한옥마을과
전주 1박2일 여행코스 추천해주세요,https://kin.naver.com/qna/detail.naver?d1id=9&dirId=90110&docId=467383382&qb=7KCE7KO87Jes7ZaJ&enc=utf8,전주여행 전주맛집 국내여행 전주달봉이 달봉티비 전주여행코스 전주가볼만한곳 여수여행 여수가볼만한곳 제주도여행 제주도가볼만한곳 여행 전문 인플루언서 전주달봉이입니다 전주여행코스는 한옥마을에서부터
전주 1박 2일 여행 비용,https://kin.naver.com/qna/detail.naver?d1id=12&dirId=121305&docId=305665866&qb=7KCE7KO87Jes7ZaJ&enc=utf8,7월 마지막 주말에 애인이랑 전주 여행을 가기로 했는데 숙소와 교통편은 이미 예약을 마친 상태입니다 여유분 조금과 식비 계산해서 각 10만원 선으로 챙겨갈까 싶은데 적당할까요 토요일 아침 일찍 출발해서 토요일 점심까지 먹고
차없이 전주 여행 충분할까요,https://kin.naver.com/qna/detail.naver?d1id=9&dirId=90110&docId=246003215&qb=7KCE7KO87Jes7ZaJ&enc=utf8,그리고 전주 내에서 대중교통 이용해서 볼만한 전주 여행 코스도 알려주시면 감사하겠습니다 날씨 좋을때 가시고 전주만 보실거면 차 없이 다니시는게 더 편하실거에요 택시타셔도 만원 나오기 힘들구요 전주한옥마을경기전
전주 1박2일 여행코스,https://kin.naver.com/qna/detail.naver?d1id=12&dirId=121305&docId=284644587&qb=7KCE7KO87Jes7ZaJ&enc=utf8,남자친구랑 1박2일로 전주 여행을 다녀오려고 하는데 한번도 안가봐서 아는게 1도 없어요 남양주에서 차타고 가는데 맛집이랑 여행코스 좀 알려주세ㄴ요ㅠㅜㅠ 그리고 아직 방을 못잡았는데 위치를 어디에 잡는게 좋은가요 전주하면
전주여행 계획,https://kin.naver.com/qna/detail.naver?d1id=9&dirId=90110&docId=401288663&qb=7KCE7KO87Jes7ZaJ&enc=utf8,여자친구랑 전주한옥마을 처음 가보는데 전주한옥마을 코스나 가볼만한 곳 밥 맛있는데 정도 알려주실수있나요 ㅠㅠ 당일치기에요 당일치기이면 한옥마을 한바퀴돌면 끝입니다 크기도 크고 볼 것도 많고 사진찍다보면 하루
고1 남자 혼자 전주한옥마을 가는거 위험한가요,https://kin.naver.com/qna/detail.naver?d1id=8&dirId=80101&docId=485723136&qb=7KCE7KO87Jes7ZaJ&enc=utf8,전주여행 전주맛집 국내여행 전주달봉이 달봉티비 전주여행코스 전주가볼만한곳 여수여행 여수가볼만한곳 제주도여행 제주도가볼만한곳 여행 전문 인플루언서 전주달봉이입니다 네 괜찮습니다 전주여행코스는
전주여행일정 내공100,https://kin.naver.com/qna/detail.naver?d1id=9&dirId=9011401&docId=457002524&qb=7KCE7KO87Jes7ZaJ&enc=utf8,1021 토 저녁 8시에 인천에서출발 11시쯤 도착인데 술한잔하고 호텔갈곳추천부탁드리고 1222 일 한복입고 한옥마을갈건데 그외 추천좀해주세요 전주여행 전주맛집 국내여행 전주달봉이 달봉티비 전주여행코스 전주가볼만한곳
친구랑 같이 전주여행을 계획중인데,https://kin.naver.com/qna/detail.naver?d1id=12&dirId=121305&docId=470763011&qb=7KCE7KO87Jes7ZaJ&enc=utf8,친구랑 같이 전주여행을 계획중인데 전주 한옥마을 근처에 맛있다거나 전주만의 대표적인 곳 이라거나 그런 밥집 있을까요 6월 15일에 가기로 결정 해놔서 그 전까지는 알고 싶어요 질문글에 제 답변이 도움이 되었으면 좋겠네요 전주
전주여행 추천이요,https://kin.naver.com/qna/detail.naver?d1id=9&dirId=90110&docId=269900739&qb=7KCE7KO87Jes7ZaJ&enc=utf8,내일 엄마랑 오빠랑 전주로 당일치기 해서 여행을 갔다오려하는데요 혹시 맛집이나 구경거리 추천 해주실곳이 있으신가요 참고로 엄마가 몸이 불편하셔서 일반휠체어를 갖고 가야해서 돌담이나 계단이 많으면 안돼서요ㅜㅜ
전주 여행 코스1,https://kin.naver.com/qna/detail.naver?d1id=9&dirId=90110&docId=362743146&qb=7KCE7KO87Jes7ZaJ&enc=utf8,님들용 전주 여행 코스 좀요 많이요 알려주세요 답변해주세요 답변용 제발용 급해용 급해용 전주는 대표적으로 낮에는 한옥마을 벽화마을 저녁에는 객리단길 아중지 야경 정도 들러보시면 될듯 합니다 그래도 시간은 빠듯합니다
1박2일 전주여행,https://kin.naver.com/qna/detail.naver?d1id=9&dirId=90110&docId=207582134&qb=7KCE7KO87Jes7ZaJ&enc=utf8,1박2일로 전주여행을 가려고하는대 차가없어서 버스나 대중교통이용하려고하고 갈곳은 정햇는대 어느순서가 빠르고 유용한지 알려주세요 이왕이면 가는길이나 방법두 ㅎ 일단 갈곳은 한옥마을 덕진공원 남부시장 벽화마을 전동성당
전주여행,https://kin.naver.com/qna/detail.naver?d1id=12&dirId=121305&docId=216485024&qb=7KCE7KO87Jes7ZaJ&enc=utf8,한옥마을에서 육교 하나만 건너시면 벽화마을입니다 또한 전주 시내는 한옥마을 지구와 같이 있습니다 지도 첨부해 드릴게요 한옥마을에서 시내까지 걸어서 5분정도 걸립니다 재미있는 여행되세요
전주 1박2일 여행코스,https://kin.naver.com/qna/detail.naver?d1id=9&dirId=90110&docId=271999452&qb=7KCE7KO87Jes7ZaJ&enc=utf8,3월에 가족끼리 전주여행 가려고합니다 토일 잡고있구요 토요일 2시 출발입니다 도착시간이 대략 4시쯤입니다 저녁밤에 활동을할듯합니다 잘부탁드립니다 잠자리도 추천해주시면 감사하겠습니다 일단 도착해서 한옥마을을갑니다
전주 여행,https://kin.naver.com/qna/detail.naver?d1id=9&dirId=90110&docId=329272158&qb=7KCE7KO87Jes7ZaJ&enc=utf8,1박2일에서 2박3일정도로 전주 여행을 떠나려고 합니다 기간은 얼마가 좋으며 어딜 봐야할까요 감사합니다 1박2일추천드려요 숙박은한옥게스트하우스가평이좋구요 전주한옥마을정말빼놓을수없겠죠 볼거리 먹을거리 모두갖췄어요
혼자하는 전주여행을 즐겁게하는 방법,https://kin.naver.com/qna/detail.naver?d1id=9&dirId=901&docId=74512482&qb=7KCE7KO87Jes7ZaJ&enc=utf8,9월 중순경에 나홀로 dslr을 들고 전주 여행을 할까 합니다 1박 2일아침출발 다음날 오후 도착 전주하면 비빔밥이 유명해서 먹고 싶은데 차마 혼자서 먹고 오지는 못하겠고 나홀로 사진찍기 좋은 곳과 전주에 갔다면 한번쯤은 꼭
아이와전주여행,https://kin.naver.com/qna/detail.naver?d1id=9&dirId=90110&docId=274507109&qb=7KCE7KO87Jes7ZaJ&enc=utf8,여긴대전입니다4살아이와둘이기차타고전주전북대뮤지컬보러가려는데일찍가서좀둘러보려고여전주역근처나전 감사합니다  이것만 읽으면 전주관광 끝입니다   태어날때부터 전주사는 26살 전주달봉이 입니다 일단 전주
청소년 전주 여행 숙박,https://kin.naver.com/qna/detail.naver?d1id=9&dirId=90110&docId=362290083&qb=7KCE7KO87Jes7ZaJ&enc=utf8,이제 고등학교 올라가는 17세 여학생인데요 제가 쌍둥이인데둘다 여자에요 이제 졸업한기념으로 고등학교들어가기전에 둘이서 전주여행을 1박 2일로 가려고하는데 알아보니까 숙박시설에서 청소년은 어른없이는 숙박을
전주 여행코스랑숙소 추천 해주세여,https://kin.naver.com/qna/detail.naver?d1id=9&dirId=90110&docId=270246638&qb=7KCE7KO87Jes7ZaJ&enc=utf8,전주 여행코스랑숙소 추천 해주세여 키워드위주로 추천해드릴께요 자세한 내용은 키워드별로 검색해보시고 컨텐츠를 직접 확인해보시는게 좋을것같습니다 남부시장명동성당한옥마을경기전오목대벽화마을전주동물원 그리고
전주 여행코스 질문이요,https://kin.naver.com/qna/detail.naver?d1id=12&dirId=121305&docId=194645588&qb=7KCE7KO87Jes7ZaJ&enc=utf8,보통 1일로 전주여행 오시면 A에서 끝나시더라구요 전주에 둘러볼 곳 많으니 오래 묵으시며 좋은 여행하시기 바랍니다  전주는 작은 도시라 끝에서끝까지 차시간이 별로 안걸려요 어디가 가까운지 어떤동선으로 가야 좋은지가
전주여행 펜션 추천,https://kin.naver.com/qna/detail.naver?d1id=12&dirId=121305&docId=215896772&qb=7KCE7KO87Jes7ZaJ&enc=utf8,전주펜션 이번2월말쯤에 두커플이놀러갈계획인데 바베큐도되고 이쁜펜션추천해주세요 기왕이면 쾌적한 여행 되기실 바라겠습니다 ㅎㅎ 밑에 사진이랑 링크 첨부해 두겠습니다  오푸스 야외 및 인피니티풀 버블타임 http
전주여행질문,https://kin.naver.com/qna/detail.naver?d1id=12&dirId=121305&docId=285701838&qb=7KCE7KO87Jes7ZaJ&enc=utf8,그냥 산동네 마을에 벽화들을 그려논곳이기에 따로 입장을 막고 있지는않으세요  365일 아무떄나 입장가능하세요 감사합니다 전주한옥마을 전주맛집 전주여행 전주숙박 한옥마을숙박 전주여행정보는 네임카드 타고오세요 _
전주 여행코스 추천,https://kin.naver.com/qna/detail.naver?d1id=12&dirId=121305&docId=316298914&qb=7KCE7KO87Jes7ZaJ&enc=utf8,고1 중1 딸둘 4명이 전주 여행을 하려고 합니다 예전에 전주 한옥 마을에 가봤는데 아이들이 어려서 기억을 못해 다시 가려고 합니다 1박2일 제대로 관광할수 있는 코스 알려 주세요 참고로 출발지는 화성시
전주여행 1박2일코스먹을거리,https://kin.naver.com/qna/detail.naver?d1id=9&dirId=90110&docId=205409183&qb=7KCE7KO87Jes7ZaJ&enc=utf8,전주에는 맛있는 음식이 많다고 해서 주말을 이용해서 한번 가보려고 하는데 전주여행에 대해 궁금합니다 먹을거리와 코스를 짜야하는데 전주여행 1박2일동안 갈 수있는 코스와 먹을거리 부탁드려요 숙소는 한옥마을 근처로
전주여행 계획중인데요,https://kin.naver.com/qna/detail.naver?d1id=8&dirId=815&docId=450722044&qb=7KCE7KO87Jes7ZaJ&enc=utf8,전주여행 계획 중이신다고요 어떤 날짜가 좋을지 고민하시는 거군요 날씨 때문에 고민이신다니 정말 이해가 가요 하지만 걱정 마세요 저는 여기 있어서 여러분에게 도움을 줄 수 있을 거예요 함께 답을 찾아볼까요 1 날씨 정보
담양 전주 여행 질문 있습니다,https://kin.naver.com/qna/detail.naver?d1id=9&dirId=90110&docId=204524569&qb=7KCE7KO87Jes7ZaJ&enc=utf8,이번에 총 3박4일의 일정으로 전라도 쪽으로 여행을 가려고 합니다 모든 곳을 다 둘러볼 수는 없으니 담양 광주 전주 세곳을 집중적으로 가보려고 합니다 1 차가 없어서 모든 곳을 대중교통 혹은 택시를 이용해야 하는데 갈만한
전주 여행 도와주세요 내공 30,https://kin.naver.com/qna/detail.naver?d1id=9&dirId=90110&docId=145178024&qb=7KCE7KO87Jes7ZaJ&enc=utf8,내일로 계획을 짜던중에 전주에서 교통정보 때문에 질문드려요ㅠㅠ 객사 출발은 전주역에서 하고 숙박은 전주시 평화동에서 할 예정이예요ㅠㅠ 식사 출발은 전주역에서 하고 숙박은 전주시 평화동에서 할 예정이예요ㅠㅠ 식사
전주여행가서 숙소를 시내쪽으로 하려고 하는데 그쪽에,https://kin.naver.com/qna/detail.naver?d1id=12&dirId=121305&docId=131405286&qb=7KCE7KO87Jes7ZaJ&enc=utf8,안녕하세요 글남겨봅니다 전주여행오신다니 일단 반갑습니다 아시다시피 전주에는 모텔밀집지역이 상당히 많이 있는데요 현재 질문주신 부분을 생각해보면 가격과 거리상 가까운곳을 원하시네요 한옥마을과 객사쪽을
전주 여행 하려는데요 가 볼만한 곳들은 알겠는데 그,https://kin.naver.com/qna/detail.naver?d1id=12&dirId=121305&docId=110706874&qb=7KCE7KO87Jes7ZaJ&enc=utf8,안녕하세요 이번토요일에 1박2일로 전주 여행 가려는데요 유명한 지명들은 대략 검색으로 알겠는데요 어디어디 위치해 있는지 이게 머리속에 안그려지네요 ㅎㅎ 대략적인 루트 좀 부탁드려요 일단 머 한옥마을전동성당 경기전
전주 맛여행,https://kin.naver.com/qna/detail.naver?d1id=9&dirId=90110&docId=150117527&qb=7KCE7KO87Jes7ZaJ&enc=utf8,전주 맛투어떠나려고 하는데요 전주에 외할머니솜씨라고 까페같은거 좋다고 하던데 어디있는지 알려주세요 저도 전주 여행가보고 싶어요 전주는 한번도 안가봐서
전주 한옥마을에서 전통문화 체험을 할 수 있는 곳,https://kin.naver.com/qna/detail.naver?d1id=9&dirId=90105&docId=485846918&qb=7KCE7KO87Jes7ZaJ&enc=utf8,전주여행 전주맛집 국내여행 전주달봉이 달봉티비 전주여행코스 전주가볼만한곳 여수여행 여수가볼만한곳 제주도여행 제주도가볼만한곳 여행 전문 인플루언서 전주달봉이입니다 전주여행코스는 한옥마을에서부터 시작을
전주 여행,https://kin.naver.com/qna/detail.naver?d1id=9&dirId=90110&docId=280855483&qb=7KCE7KO87Jes7ZaJ&enc=utf8,안녕하십니까 달봉TV 전주달봉이의 5882 전주여행 전주맛집 전주관광 전주정보입니다  택시같은경우는 최대 4인까지 탈수있기떄문에  택시 2대를 타셔야합니다 ㅠㅠ 그래서 택시비가 더 나갈꺼에요  그런대 송천동에서
전주여행 질문,https://kin.naver.com/qna/detail.naver?d1id=12&dirId=1213050212&docId=275299803&qb=7KCE7KO87Jes7ZaJ&enc=utf8,전주한옥마을에서 한복대여해서 스냅촬영후에 임실치즈테마파크 구경하고 6시나 7시쯤 전주에서 돌아오는게 다시 전주로오시면 전주 남부시장 야시장도 꼮 들러보시는게 좋을꺼같습니다  추천드려요 감사합니다 전주
전주 여행가려는데요,https://kin.naver.com/qna/detail.naver?d1id=9&dirId=90110&docId=217972645&qb=7KCE7KO87Jes7ZaJ&enc=utf8,위주로 여행계획이시라면 숙소는 풍남관광호텔 or 전주 영화호텔 or 터미널근처 화이트호텔 정도 추천해드릴수있쑵니다 가격은 2인기준 조식포함 7마눤  말잘해야 깍아줌 공손하게 깍듯하게 원래 주말에 할인안돼는데 설끼어서
중1 전주여행,https://kin.naver.com/qna/detail.naver?d1id=9&dirId=90110&docId=433821763&qb=7KCE7KO87Jes7ZaJ&enc=utf8,친구랑 단둘이서 여행가고싶은데 1 1박2일은 위험하고 무리일까요 2돈을 얼마들까요 3만약1박2일하면 좋은 1박2일 위험할거 없을거같은데 저는 남자라 그런가 저는 시내버스를 이용했었고 전주한옥마을이랑 시장에서
전주  여행 코스좀알려주세요,https://kin.naver.com/qna/detail.naver?d1id=12&dirId=1213050228&docId=190794661&qb=7KCE7KO87Jes7ZaJ&enc=utf8,버스타고 전주역에서내려서 머부터하면좋을까요많이좀알려주세요ㅜㅜ도와주세요 전주 여행하면 첫번째로 생각나는곳이 한옥마을 이겠죠 ㅎㅎ 다양한 체험거리 먹을거리가 있으니깐요 그리고 시간이나시면 수목원 한바퀴
전주 한옥마을 여행코스좀용,https://kin.naver.com/qna/detail.naver?d1id=9&dirId=90110&docId=280799824&qb=7KCE7KO87Jes7ZaJ&enc=utf8,안녕하십니까 달봉TV 전주달봉이의 5882 전주여행 전주맛집 전주관광 전주한옥마을 전주정보입니다  제가 완벽하게 말씀드릴꼐요  좋은추억 만드신다고하셧으니 ㅎㅎㅎ 일단은 막걸리집가서 2인상을 시키시고요  그러면 안주랑
전주 여행을 처음가는데 전북도립미술관,https://kin.naver.com/qna/detail.naver?d1id=9&dirId=90110&docId=411631922&qb=7KCE7KO87Jes7ZaJ&enc=utf8,전주 여행을 처음가는데 전북도립미술관을 가는게 좋을까요 아니면 수목원을 가야할까요 가보신분들 골라주세용ㅠ 나라면 수목원 갑니다
전주여행코스도와주세요,https://kin.naver.com/qna/detail.naver?d1id=12&dirId=1213050212&docId=193229616&qb=7KCE7KO87Jes7ZaJ&enc=utf8,친구와 전주당일여행을을하려는데 스케줄짜기가너무어려워서요ㅠㅠ풍년제과 전동성당 전주한옥마을 전주시내 이런코스로 돌려고하는데 대구에서기차타고가서 전주에내려어떤순서로 여행하면좋을지 순서와
전주에서 여행,https://kin.naver.com/qna/detail.naver?d1id=9&dirId=901&docId=460318768&qb=7KCE7KO87Jes7ZaJ&enc=utf8,전주에서 기차나 고속버스 타고 2시간 이하로 갈 수 있고 친구들끼리 여행가는데 여행가기 좋은 지역 알려주세요 그리고 그 지역에 예쁜 관광지나 카페 많이 알려주세요고딩이라 가격도 별로 안들고 이동할때도
전주여행가서 기념품으로 먹을 거를 사,https://kin.naver.com/qna/detail.naver?d1id=9&dirId=90110&docId=318752073&qb=7KCE7KO87Jes7ZaJ&enc=utf8,전주여행가서 기념품으로 먹을 거를 사려고 하는데 전주에서 유명한 거 있나요 초코파이 말구요 간단한 간식으론 모정꽈배기도 괜찮아요 모주도 나름 괜찮고 전북 지역 술도 좋아하셨어요 하이트 소주
여친과 당일치기 전주여행,https://kin.naver.com/qna/detail.naver?d1id=9&dirId=90110&docId=214041141&qb=7KCE7KO87Jes7ZaJ&enc=utf8,안녕하세요 1월달에 여친이랑 당일치기로 전주여행 가려고해요 전주를 안가봐서 가면 어케 다녀야하는지 몰라서 지식인에 도움을 구해요ㅠㅠ 데이트 하면서 사진 많이 찍을 수 있고 길거리음식 많이 먹을 수 있는 데이트코스로
안녕하세요 5월 말쯤 전주 여행 계획,https://kin.naver.com/qna/detail.naver?d1id=8&dirId=8020113&docId=326241758&qb=7KCE7KO87Jes7ZaJ&enc=utf8,안녕하세요 5월 말쯤 전주 여행 계획중입니다 유명한 맛집도 좋지만 현지인들이 가는 검증된 맛집이나 술집 추천 부탁드려요 참고로 한식이나 일식 특히 해산물 좋아합니다 육류는 사시미나 육회 좋아하구요 유명하더라도 후회없는
전주여행일정및숙박장소,https://kin.naver.com/qna/detail.naver?d1id=9&dirId=90110&docId=74110712&qb=7KCE7KO87Jes7ZaJ&enc=utf8,담주에 1박2일이나 2박 3일로 전주 주변으로 여행을 갈 생각입니다 그래서 여행 일정을 짜고 있는데 일정을 어떻게 잡아야 할 지 그리고 숙소는 어디에 잡아야 이동하기 편할지 모르겠어서 도움을 청합니다 1 가보려고 하는 장소
전주여행 할건데 현지인이 아는 맛집추천좀요,https://kin.naver.com/qna/detail.naver?d1id=9&dirId=90110&docId=203789877&qb=7KCE7KO87Jes7ZaJ&enc=utf8,전주여행을 갈건데 인터넷에서 봤던 전주맛집도 갈거지만 홍보가 많이 된곳 말고 현지인들만 아는 맛집도 가보고 싶어서요 혹시 전주사시는 분들 여기가 정말 전주 맛집이다 하는곳 추천해주세요 전주여행이라하면 맛있는게 많은
부산에서 전라도담양전주 여행을 가는데 교통편좀,https://kin.naver.com/qna/detail.naver?d1id=9&dirId=90110&docId=208777742&qb=7KCE7KO87Jes7ZaJ&enc=utf8,부산사람인데 1박 2일로 전라도로 여행을 가게 됬습니다 담양이랑 전주를 들릴려구 하는데요 부산담양전주 또는 부산전주담양 을 이동하는 대중교통편좀 알려주세요 기차나 버스로 부탁드릴게요 대중교통으로 1박 2일에 두 곳을
전주 여행 볼것들 어떤게 있을까요,https://kin.naver.com/qna/detail.naver?d1id=9&dirId=90110&docId=337563093&qb=7KCE7KO87Jes7ZaJ&enc=utf8,전주여행 볼것들 추천 해주세요 전주비빔밥에 올라가있는 계란노른자요 ㅎㅎ
금요일에 전주 날씨,https://kin.naver.com/qna/detail.naver?d1id=12&dirId=121305&docId=481394538&qb=7KCE7KO87Jes7ZaJ&enc=utf8,이번주 금요일에 전주에 눈 많이 오나요전주 여행가려고했는데 괜찮을까요 이번 주 금요일 전주에 눈 소식이 있어 여행에 영향 있을 수 있습니다
전주쪽 여행 관련,https://kin.naver.com/qna/detail.naver?d1id=9&dirId=90110&docId=475190321&qb=7KCE7KO87Jes7ZaJ&enc=utf8,전주에서 3박 4일 동안 여행을 계획하신다면 전주와 함께 방문하기 좋은 지역으로는 다음과 같은 곳들이 있습니다 군산 전주에서 차로 약 1시간 거리에 위치한 군산은 아름다운 해안선과 역사적인 건축물들이 많습니다 군산
전주 여행 추천,https://kin.naver.com/qna/detail.naver?d1id=9&dirId=90110&docId=213031069&qb=7KCE7KO87Jes7ZaJ&enc=utf8,친구5명이서 전주갈려고하는데한옥마을쪽 게스트하우스나펜션추천해주세요가격도요그리고 놀곳도 오실경우엔 전주 근교의 소양 오스갤러리 갤러리카페가 좋아요 여기 완전 명소라서 꼭 가보시면 좋아요 사실 전주는
전주 한옥마을에서 꼭 방문해야 할 명소들은 어디인가요,https://kin.naver.com/qna/detail.naver?d1id=12&dirId=121305&docId=485846910&qb=7KCE7KO87Jes7ZaJ&enc=utf8,전주여행 전주맛집 국내여행 전주달봉이 달봉티비 전주여행코스 전주가볼만한곳 여수여행 여수가볼만한곳 제주도여행 제주도가볼만한곳 여행 전문 인플루언서 전주달봉이입니다 전주여행코스는 한옥마을에서부터 시작을
수원 대전 전주 혼자 여행하기 좋은 곳 어디인가요,https://kin.naver.com/qna/detail.naver?d1id=9&dirId=901&docId=479024245&qb=7KCE7KO87Jes7ZaJ&enc=utf8,1월에 1박 2일로 혼자 여행갈건데 수원 대전 전주 중에 어느 지역이 가장 놀기 좋을까요 겨울이라 푸릇푸릇한 감성도 없어서 좀 고민되네요ㅜㅜ 맛집 감성 카페 소품샵 전시회 산책 위주 여행 좋아합니당 12월에 성심당만 후딱
전주 1박2일 여행 자차 vs ktx or 기차,https://kin.naver.com/qna/detail.naver?d1id=9&dirId=90110&docId=467633902&qb=7KCE7KO87Jes7ZaJ&enc=utf8,천안gt전주 1박2일 천안에서 전주로 여행을 간다면 자차와 KTX 또는 기차 중에서 선택할 수 있습니다 자차를 이용하는 경우 편의성과 유동성이 높아서 여행 일정을 자유롭게 조절할 수 있습니다 또한 주변 관광지나 식사 장소
급 전주여행 도와주세요 교통편,https://kin.naver.com/qna/detail.naver?d1id=9&dirId=90110&docId=117049304&qb=7KCE7KO87Jes7ZaJ&enc=utf8,제가 내일 바로 전주로 떠나려 합니다 친구도 볼겸 여행도 할겸해서요 혼자가는거라 자가용 보단 버스를 타고 가려고 하는데요 교통편이 제일 걱정이 됩니다 제가 짜본 코스는 이러 이러한데 대중교통이용시 버스노선을 잘 모르겠네요
이번달에 전주 여행 가려고 하는데요,https://kin.naver.com/qna/detail.naver?d1id=9&dirId=901&docId=275619857&qb=7KCE7KO87Jes7ZaJ&enc=utf8,ㅎ 영화의 거리랑 벽화마을 한옥마을 전주성당 객리단길 이랑 전주 맛집정보 관광정보  페이스북 wwwfacebookcomsjh0519 팔로우 하신후 보세요 comsjh920519 이웃하신후 보세요  태어날때부터 전주사는 26살 호텔리어 전주달
전주 여행 자차 vs 기차택시,https://kin.naver.com/qna/detail.naver?d1id=8&dirId=812&docId=457061970&qb=7KCE7KO87Jes7ZaJ&enc=utf8,태우고 전주로 가서 이동 시 계속 자차 이용 집에 돌아갈 땐 대전 사람 전주역에서 기차 천안 사람들 자차로 귀가 방법 2 각자 전주역으로 모여서 이동 시 택시 이용 귀가 시에도 택시 이용 주차나 전주 시내 이동 다 고려해서 뭐가
전주내일 옷차림을 어떻게 입어야 하나요,https://kin.naver.com/qna/detail.naver?d1id=9&dirId=90110&docId=484786898&qb=7KCE7KO87Jes7ZaJ&enc=utf8,내일 전주여행을 가는데 전주 날씨가 최고기온 20도 최저기온 8도라고 하더라고요 근데 그럼 이 날씨에는 어떤 옷을 입어야 적당한지 잘 모르겠어요도와주세요 전주 내일 최고 20도 최저 8도면 일교차가 꽤 크네요 얇은 긴팔 티셔츠에
전주여행 2박3일 대중교통이용 추천해주세요,https://kin.naver.com/qna/detail.naver?d1id=9&dirId=90110&docId=241627509&qb=7KCE7KO87Jes7ZaJ&enc=utf8,kr 전주 관광지도 다운로드 페이지 링크 httptourjeonjugokrindex9iscontentUid9be517a74f72e96b014f82e46ac60c47 아래는 제가 말씀 드린 곳과 기타 몇 곳을 표기한 이미지이니 참고하세요클릭해서 원본으로 보세요 여행 중에 궁금하시거나
부산전주쪽지방 큰도시면라이더 샵 추천받습니다,https://kin.naver.com/qna/detail.naver?d1id=5&dirId=509&docId=483568416&qb=7KCE7KO87Jes7ZaJ&enc=utf8,5월1일날쯤에 부산이나 전주 여행을 가기로했는데 제가 지금 가면라이더에 빠져있어서 부산 혹은 큰 도시지방에있는 가면라이더 파는 곳 있으면 알려주세요 써주시면 감사하겠습니당 가면라이더에 빠지셨군요 부산과 전주에 있는
전주 여행,https://kin.naver.com/qna/detail.naver?d1id=9&dirId=90110&docId=385416888&qb=7KCE7KO87Jes7ZaJ&enc=utf8,안녕하세요 전주여행을 가려고 하는데요 지도가 필요해서요 필요한 지도는 한옥 마을 지도전주 난장지도전주 자만 벽화마을 지도인데요 네이버로 찾아봐도 글시가 잘 안보여서 그럽니다 화질 좋은 지도 부탁
전주한옥마을 1박2일 여행 계획 부탁드립니다,https://kin.naver.com/qna/detail.naver?d1id=12&dirId=121305&docId=290612150&qb=7KCE7KO87Jes7ZaJ&enc=utf8,주변 볼거리랑 맛집 추천 좀 부탁드리겠습니다 한복대여점도 추천 부탁드릴게요 제가 다녀온 전주여행 플래너였는데 보시고 참고해주세요 한옥마을은 하루 잡고 가시는게 좋으시고 경기전과 전동성당은 꼭 보고 가세요 한옥마을
강아지랑 여행 경주 전주 중에 어디가 나을까요,https://kin.naver.com/qna/detail.naver?d1id=9&dirId=90111&docId=476446729&qb=7KCE7KO87Jes7ZaJ&enc=utf8,강아지랑 여행 경주 전주 중에 어디가 나을까요 강아지랑 여행을 하는 경우에는 경주보다는 전주가 더 좋다고 봅니다
전주에서 바다로 여행,https://kin.naver.com/qna/detail.naver?d1id=12&dirId=121305&docId=438526719&qb=7KCE7KO87Jes7ZaJ&enc=utf8,바다를 가려고 하는데 이쁘고 가깝고 차를 타고 가는게 아니라 대중교통 시외버스를 타고 갈건데 대중교통 이용도 괜찮은데 알려주세요 전주맛집 여행 전주달봉이 달봉티비 전주여행코스 전주가볼만한곳 여행 인플루언서
전주여행코스 1박2일 괜찮나요,https://kin.naver.com/qna/detail.naver?d1id=9&dirId=9&docId=226884452&qb=7KCE7KO87Jes7ZaJ&enc=utf8,안녕하세요 친구랑 전주여행가려고 코스 짜고 있어요 전주여행코스 1박2일 괜찮나요 전주여행코스 저렴하고 알차게 짜는 방법 알려주세요 d안녕하세요 저도 전주여행 한다고 얼마전에 전주여행코스 짰어요 전주여행코스로 1박2일
담양 전주 여행코스 질문,https://kin.naver.com/qna/detail.naver?d1id=12&dirId=121210&docId=225027258&qb=7KCE7KO87Jes7ZaJ&enc=utf8,그런 마음가짐으로 출발하고 여행을 해야 실망이 적고 불편하지 않을 것입니다 여러가지로 불편한 사항이 많을 것입니다 전북에서 제일 사람이 몰리는 관광지는 전주이며 전남에서는 담양이 그렇습니다 곡성장미축제기차마을도
전주 한옥마을에서 꼭 방문해야 할 관광지 추천 목록은,https://kin.naver.com/qna/detail.naver?d1id=12&dirId=121305&docId=485694433&qb=7KCE7KO87Jes7ZaJ&enc=utf8,전주여행 전주맛집 국내여행 전주달봉이 달봉티비 전주여행코스 전주가볼만한곳 여수여행 여수가볼만한곳 제주도여행 제주도가볼만한곳 여행 전문 인플루언서 전주달봉이입니다 전주여행코스는 한옥마을에서부터 시작을
전주여행 1박2일 코스 짜주세요,https://kin.naver.com/qna/detail.naver?d1id=9&dirId=90110&docId=455785558&qb=7KCE7KO87Jes7ZaJ&enc=utf8,촬영  전주한옥마을 구경 및 전통음식 맛보기  전주한옥마을 야간관람 2일차  전주한옥마을에서 아침 산책 후 전주한옥마을 일대 관광  전동성당 전주향교 전주향교문화관 등 방문  전주한옥마을에서 전통시장 둘러보기
전주 여행당일치기,https://kin.naver.com/qna/detail.naver?d1id=9&dirId=90110&docId=328691447&qb=7KCE7KO87Jes7ZaJ&enc=utf8,여자친구와 전주여행을 가려고합니다 당일치기로 아침에가서 저녁에 올려고하는데 저희가 전주를 처음가봐서 잘몰라요 차를 끌고 갈껀데 전주한옥마을을 가려고합니다 꼭먹어야되는 음식이나 이동 동선이나 알아두면 좋은
전주에 여행가는데 전주는 비빔밥이 유명하잖아요 전주에,https://kin.naver.com/qna/detail.naver?d1id=8&dirId=80208&docId=480225036&qb=7KCE7KO87Jes7ZaJ&enc=utf8,전주에 여행가는데 전주는 비빔밥이 유명하잖아요 전주에서 전주비빔밥을 먹으려고하는데 전주에 있는 전주비빔밥 맛집을 추천해주세요 전주비빔밥 맛집은 많으니 검색해보시면 좋을 것 같아요
전주에 절 있나요,https://kin.naver.com/qna/detail.naver?d1id=12&dirId=121305&docId=449054432&qb=7KCE7KO87Jes7ZaJ&enc=utf8,안녕하세요 전주 여행왔는데요 팔찌 같은 것도 살 수 있는 큰 절 같은 곳 전주에 있나요  아님 전주에서 가까운 곳이라도 좋아요 네 전주에는 많은 절들이 있습니다 가장 유명한 절은 전주한옥마을 내에 위치한 조계사입니다
전주에 거주하시는 분들께 질문합니다전주여행문의,https://kin.naver.com/qna/detail.naver?d1id=12&dirId=1213050212&docId=197246644&qb=7KCE7KO87Jes7ZaJ&enc=utf8,6월6일8일까지 친구와 전주여행을 계획하고있습니다 그런데 소문을 듣자하니 지난주5월36일 황금연휴때 사람이 너무많아서 일단 패스트푸드점은 물론 길거리음식점까지 사람들이 줄을 서서 어딜가든 지체했다고 하더군요 심지어
전주여행 버스파업때문에 질문드립니다ㅜㅜ,https://kin.naver.com/qna/detail.naver?d1id=9&dirId=90110&docId=124102923&qb=7KCE7KO87Jes7ZaJ&enc=utf8,안녕하세요 2월 둘째주 내일로 기차여행을 하게될 여자입니다 제일 첫번째 목적지는 전주 알아보니 지금 전주에서 버스파업을 하고있다고 하더라구요ㅜ 택시를타고이동하자니 내일로여행하는 입장에서 만만치않은 요금으로
순천 VS 전주 여행 추천,https://kin.naver.com/qna/detail.naver?d1id=9&dirId=90110&docId=233835749&qb=7KCE7KO87Jes7ZaJ&enc=utf8,20대 두 자매가 추석기간동안 2박3일간 기차타고 여행을 가려고 하는데 전주가 좋을까요 순천이 좋을까요ㅜㅜ 여행지 추천해주세요 아니면 둘다갈까요 여행가보신분 여행지 맛집 숙박 등 추천 부탁드려요 내공드립니다 순천
1박2일 전주여행,https://kin.naver.com/qna/detail.naver?d1id=9&dirId=901&docId=200503897&qb=7KCE7KO87Jes7ZaJ&enc=utf8,싶어서 전주로 여행지를 결정했어요 제가 좀 길치긴 한데 그래도 낯을 특별히 가리는 성격은 아니라서 혼자서 물어물어 잘 다닐 수 있을 거같은데 숙박이랑 주변 관광지 추천좀해주시면 조금 더 알찬 여행이될거같아요
전주여행추천,https://kin.naver.com/qna/detail.naver?d1id=12&dirId=121305&docId=224409499&qb=7KCE7KO87Jes7ZaJ&enc=utf8,안녕하세여 이번에 첫여행을 전주로가려고하는데여 ㅎㅎ 통영에삽니다 버스타고가려는데 꼭가볼곳은 덕진공원한옥마을전주시장그청년몰있는곳전주성당유명하다고하더라구여 ㅎㅎ 전주동물원 까지 ㅎㅎ 이외에 유명하거나
올해추석 전주여행,https://kin.naver.com/qna/detail.naver?d1id=12&dirId=121305&docId=334958670&qb=7KCE7KO87Jes7ZaJ&enc=utf8,한옥마을 여행에숙소 아직 안정하셨다면 야시장과 가까운 숙소를 추천드립니다 야시장과 약 400미터 정도 거리에 숙소가 있습니다 주차도 가능하고 한옥마을 야시장 전주시내객리단길 모두 도보로 이동 가능합니다 숙소에
전주 여행 동선,https://kin.naver.com/qna/detail.naver?d1id=9&dirId=90110&docId=388184483&qb=7KCE7KO87Jes7ZaJ&enc=utf8,제가 전주 여행을 가서 객리단길한옥마을객사 이렇게 가서 놀건데 어디부터 가야 짧은 동선으로 이동 할 수 있을까요 내공200 객리단길과 객사는 도보 7분 거리입니다 먼저 한옥마을 들르셨다가 객사 객리단길 가시는게 짧을 거
고2 둘이서 당일치기 전주여행,https://kin.naver.com/qna/detail.naver?d1id=9&dirId=901&docId=428673352&qb=7KCE7KO87Jes7ZaJ&enc=utf8,고2고 친구 한 명과 함께 부산에서 당일치기로 전주 한옥마을 가보려고 하는데 부모님 반대가 심하시네요ㅠ 밤 8시 안으로 돌아올건데 그게 그렇게 걱정될 일인가요 요즘 세상이 험하니까요
서울전주 여행 계획,https://kin.naver.com/qna/detail.naver?d1id=12&dirId=121305&docId=393339339&qb=7KCE7KO87Jes7ZaJ&enc=utf8,저는 서울에 사고 제 친구는 전주에 삽니다 그런데 다음 주 화요일에 만나는데 약간 서울이랑 전주 중간 사이에서 만나서 놀만한 곳이 있을까요 근데 둘 다 서울에서 전주까지 갈 수도 있고 전주에서 서울까지도 갈 수는 있어요 그래도
전주경주 여행코스,https://kin.naver.com/qna/detail.naver?d1id=9&dirId=901&docId=474983238&qb=7KCE7KO87Jes7ZaJ&enc=utf8,올 가을에 일주일정도 여행을 가려고 해요 서울에서 경주랑 전주에 다녀오려고 하는데요 경주 전주에서 방문해봐야할 관광지 혹은 맛집 가성비 좋은 게스트하우스도 추천부탁드립니다 전주 경주 관광에 대해 궁금하시다면
전주 1박 2일 여행코스,https://kin.naver.com/qna/detail.naver?d1id=12&dirId=121305&docId=296808975&qb=7KCE7KO87Jes7ZaJ&enc=utf8,여행 고수분들 알찬코스로 부탁드려요ㅜㅜ 지식인 정책상 상호를 남기지 못합니다 1박2일 전주 여행지 추천과 1박2일 전주 여행 코스 추천은 전주 가볼만한곳 검색 후 빅데이터에 의해서 이번주 TOP 순위와 정보와 후기 확인이
이번 전주 여행으로 깊은 감명을 받았,https://kin.naver.com/qna/detail.naver?d1id=12&dirId=121305&docId=389430006&qb=7KCE7KO87Jes7ZaJ&enc=utf8,이번 전주 여행으로 깊은 감명을 받았습니다 리모델링 정말 대단하더군요 다름이 아니오라 실제로 리모델링을 했던 업체를 찾습니다 본인 소유의 오래된 구옥 한옥이 있는데 바로 옆이 공원이라 리모델링 하여 카페 혹은 운치있는
전주여행 한옥마을,https://kin.naver.com/qna/detail.naver?d1id=12&dirId=121305&docId=203888362&qb=7KCE7KO87Jes7ZaJ&enc=utf8,여행이처음이나 잘모르겠어요ㅜㅜ 전주에사는 사람인데요 어짜피 한옥마을 갈꺼면 quot한옥 전통수제 떡갈비 quot 집을추천해요 한옥마을 내에있는 떡갈비는 비싸고 맛도 그저그래요 주말엔 줄도계속서야하고 저도 비추에요
전주가족여행을 가려고 하는데요,https://kin.naver.com/qna/detail.naver?d1id=9&dirId=90110&docId=424724393&qb=7KCE7KO87Jes7ZaJ&enc=utf8,가족이랑 3박4일 전주여행을 갑니다 이미 숙소예약은 끝낸 상태고요 어디를 갔다오면 잘 놀고 왔다 할수 있을지 알려주세요 잔잔하게 조용한 곳 사람 많은 곳도 추천 부탁드립니당 코스로 짜주시면 정말 감사하구요 첫날
전주여행추천,https://kin.naver.com/qna/detail.naver?d1id=9&dirId=90110&docId=199407212&qb=7KCE7KO87Jes7ZaJ&enc=utf8,다음주 토요일쯤 전주여행을 당일치기로 가는데요한옥마을이랑벽화마을들렷다 전북대 가려고 하는데 먹거리나 볼거리추천좀요 내공 30 욕설 ㄴㄴ 한옥마을 가느라 전주 첨 왔는데 쌍욕하고 돌아갑니다 왠만해선 댓글 안다는 사람인데
전주 여행 pcr검사,https://kin.naver.com/qna/detail.naver?d1id=12&dirId=121305&docId=410305377&qb=7KCE7KO87Jes7ZaJ&enc=utf8,2월 초에 3일동안 전주로 여행갈 예정인데 수도권 지역에서 pcr 검사 받은거 가지고 전주로 가면 인정안해주나요 오미크론 우세 지역이어서 너무 복잡해지네요 pcr 검사 음성결과서는 전국 어디서든 인정됩니다
전주 여행가는데 20대들끼리 재밌게 놀수있는곳 있나요,https://kin.naver.com/qna/detail.naver?d1id=12&dirId=121305&docId=382723951&qb=7KCE7KO87Jes7ZaJ&enc=utf8,전주에 방탈출카페처럼 재밌게 놀수있는곳 있나요 이미지나 하단의 제품상세보기 및 상품평 보기를 클릭하시면 펜션 상세정보와 리뷰 확인하실수 있어요 이미지가 안보이는 경우 제품상세보기 및 상품평 보기를 클릭하세요
8월 전주여행 추천,https://kin.naver.com/qna/detail.naver?d1id=9&dirId=90110&docId=424225436&qb=7KCE7KO87Jes7ZaJ&enc=utf8,8월 3박 4일 딸이랑 여행이예요 하루는 임실치즈테마파크가고 나머지 코스 부탁드려요 숙소는 한옥마을안이예요 내공 많이드릴께요 안녕하세요 전주에서 렌트카를 하세요 그리고 마이산 구경하고 전주 시내 덕진공원 연꽃 보기 좋아요
전주여행 빠른답변요,https://kin.naver.com/qna/detail.naver?d1id=9&dirId=90110&docId=114822466&qb=7KCE7KO87Jes7ZaJ&enc=utf8,쐴겸 전주로 갈려고 합니다 서울에서 출발하는데요 어떻게 이동을 해야하는지 궁금해서요 전주를 잘 한옥마을 전주시 덕진구 덕진동에 있는 비밤밥 먹기 ㅠㅠ 센트럴 시티에서 전주행 고속버스를 타고 오세요
전주 당일치기 여행 코스,https://kin.naver.com/qna/detail.naver?d1id=9&dirId=90110&docId=410564969&qb=7KCE7KO87Jes7ZaJ&enc=utf8,안녕하세요 이번주에 전주로 당일치기 여행을 가려하는데요 전주에 있을 시간이 6시간밖에 없어요ㅠㅠ 그래서 한옥마을 주변에서 있으려고하는데 시간낭비 없이 꽉꽉 채울수 있는 코스 좀 알려주실수
전주시민여러분전주여행 도움좀 주세요_,https://kin.naver.com/qna/detail.naver?d1id=12&dirId=1213050212&docId=201607509&qb=7KCE7KO87Jes7ZaJ&enc=utf8,안녕하세요 제가 이번에 처음으로 나홀로 전주여행을 계획하고 있는데요 당일치기로 다녀오려 하니 여러가지 신경쓰이고 복잡하더라구요ㅜㅜ 우선 전주역은 am1052분 도착해서 pm634분 기차를타고 집으로 돌아올거에요 질문몇개
여름전주여행 어디로 떠날까요,https://kin.naver.com/qna/detail.naver?d1id=12&dirId=1213050212&docId=233621642&qb=7KCE7KO87Jes7ZaJ&enc=utf8,그래서 오늘 친구들이랑 이야기하다가 늦여름이라도 여행가자고 말이 됐는데 여름전주여행 어디로 떠날만한데 없을까요 6명이서 가요 전주 소담소담 펜션을 소개합니다 전주시내에 위치해있긴하지만 산으로 둘러쌓여 있어
금요일 전주에서 여수 무궁화호타고 당일치기 여행,https://kin.naver.com/qna/detail.naver?d1id=9&dirId=90110&docId=438159804&qb=7KCE7KO87Jes7ZaJ&enc=utf8,부탁드립니다 내공 있는거 다 털어드림적은금액 절대 아닙니다 코스 진짜 마음에 들면 계좌로 담배값이라도 보내드릴게요 계좌연락은 댓글 채택후 따로 연락 드리겠습니다 전주맛집 여행 전주달봉이 달봉티비 전주여행코스
전주 여행코스 추천 부탁,https://kin.naver.com/qna/detail.naver?d1id=12&dirId=121305&docId=317380934&qb=7KCE7KO87Jes7ZaJ&enc=utf8,전주 1박 2일 우정여행 코스 추천 부탁드려요 제가 2930일 전주로 친구들과 여행을 가기로 했거든요 그런데 제가 아는 곳은 벽화마을이랑 남부시장 한옥마을 뿐이라 숙소는 남부시장에서 도보로 5분인 거리구요
전주분들전주 맛집 추천해주세용,https://kin.naver.com/qna/detail.naver?d1id=8&dirId=80208&docId=484050856&qb=7KCE7KO87Jes7ZaJ&enc=utf8,부모님과 전주 여행을 가려고하는데 진짜 찐 맛집좀 추천해주세요 일단 아래에 리스트 작성했는데 다 맛보장하는 곳 맞을까용 이중에서 추천 부탁드려요 ㅠㅠ 1 또순이네 2 길거리야 3 자매갈비전골 4 베테랑칼국수ㆍ콩국수
전주군산여행코스,https://kin.naver.com/qna/detail.naver?d1id=9&dirId=90110&docId=223495016&qb=7KCE7KO87Jes7ZaJ&enc=utf8,ㅎㅎㅎ 전주객사 전주동물원선택가족여행코스 어린 아이들을 동반한 여행이라면 추천드려요 가격도 착하고 호기심을 자극하는 동물들을 볼 수 있거든요 그래서 한번쯤 구경하면 좋은 곳 가족여행코스로 적당하죠
전주여행갈려구하는데 가볼만한곳 어디있,https://kin.naver.com/qna/detail.naver?d1id=12&dirId=121305&docId=342910737&qb=7KCE7KO87Jes7ZaJ&enc=utf8,전주여행갈려구하는데 가볼만한곳 어디있나요알려주삼 안녕하세요 지어져 있고요전북대박물관도 관람해 보세요 전북대상권안에는 오래된 맛집과 프렌차이즈본점 다양한 주점이 있습니다 양도 많고 저렴하지요 청양농장 김치찜
전주 여행 코스,https://kin.naver.com/qna/detail.naver?d1id=9&dirId=90110&docId=151286949&qb=7KCE7KO87Jes7ZaJ&enc=utf8,가려고 찾아놓은 곳 나열할테니 전주 지리 잘 아시는 분 동선 파악해서 코스 좀 짜주세요 호남각 길거리야 가족회관 성미당도 전주에선 무척 유명한 곳입니다 가족회관은 풍년제과와 직선으로 100미터 정도 거리입니다 제 생각엔
목포에서 당일치기로 전주여행코스먹거리등등,https://kin.naver.com/qna/detail.naver?d1id=9&dirId=90110&docId=206280796&qb=7KCE7KO87Jes7ZaJ&enc=utf8,이번에 당일치기로해서 목포에서 전주로 기차타고 여행가려하는데 코스를모르겠네요 전동성당  한옥마을 등등수제초코파이 전주역도착해서 한번에 효율적으로 갈수있게 코스좀 알기쉽게 써주세요 먹거리등등 1 목포에서
